"key","scientificName","decimalLatitude","decimalLongitude","issues","datasetKey","publishingOrgKey","installationKey","hostingOrganizationKey","publishingCountry","protocol","lastCrawled","lastParsed","crawlId","basisOfRecord","individualCount","occurrenceStatus","taxonKey","kingdomKey","phylumKey","classKey","orderKey","familyKey","genusKey","speciesKey","acceptedTaxonKey","acceptedScientificName","kingdom","phylum","order","family","genus","species","genericName","specificEpithet","taxonRank","taxonomicStatus","coordinateUncertaintyInMeters","depth","depthAccuracy","continent","stateProvince","year","month","day","eventDate","startDayOfYear","endDayOfYear","modified","lastInterpreted","license","isSequenced","identifier","facts","relations","institutionKey","collectionKey","isInCluster","datasetName","identifiedBy","preparations","nucleotideSequence","geodeticDatum","class","countryCode","recordedByIDs","identifiedByIDs","gbifRegion","country","publishedByGbifRegion","rightsHolder","identifier.1","habitat","institutionID","verbatimEventDate","http...unknown.org.crawl_attempt","locality","fieldNumber","gbifID","language","collectionCode","occurrenceID","type","disposition","catalogNumber","institutionCode","ownerInstitutionCode","occurrenceRemarks","collectionID","name","elevation","elevationAccuracy","recordedBy","municipality","http...unknown.org.localId","fieldNotes","identificationRemarks","recordNumber","reproductiveCondition","dateIdentified","projectId","identificationQualifier","networkKeys","datasetID","otherCatalogNumbers","taxonID","identificationID","dynamicProperties","http...unknown.org.griddedDataset","previousIdentifications","county","locationID","georeferencedBy","verbatimCoordinateSystem","verbatimIdentification","acceptedNameUsageID","bibliographicCitation","verbatimElevation","references","http...unknown.org.declaredCount","verbatimLocality"
"3855061609","Ferula loscosii Willk.",37.8,-3.68,"cdc,osiic","6a7575fa-ae03-4ba3-b322-2da15b5033e2","d68c4230-a271-11d8-a9b3-b8a03c50a862","2a3f6a56-7591-4f05-8c4c-a1bb77aa4ea6","6c4a0bb0-2a4d-11d8-aa2d-b8a03c50a862","ES","EML","2026-04-17T19:28:29.248+00:00","2026-04-24T04:40:01.782+00:00",394,"PRESERVED_SPECIMEN",2,"PRESENT",6027025,6,7707728,220,1351,6720,3034682,6027025,6027025,"Ferula loscosii Willk.","Plantae","Tracheophyta","Apiales","Apiaceae","Ferula","Ferula loscosii","Ferula","loscosii","SPECIES","ACCEPTED",707,0,0,"EUROPE","Jaén",2021,6,1,"2021-06-01",152,152,"2022-06-24T10:36:01.000+00:00","2026-04-24T04:40:01.782+00:00","http://creativecommons.org/licenses/by-nc/4.0/legalcode",FALSE,"A82DD47A-CB88-49B2-A7CD-209B1B2D4EE9","none","none","a46ced27-ecc3-43df-981f-d6de329f50b4","82d87a2a-f701-46ca-a1c0-292e83fc790a",FALSE,"Herbario de la Universidad de Granada: Colección GDA-Fanerogamia","Fuentes , J.","Pliego","none","WGS84","Magnoliopsida","ES","none","none","EUROPE","Spain","EUROPE","Herbarium University of Granada, Spain","A82DD47A-CB88-49B2-A7CD-209B1B2D4EE9","taludes margosos","https://www.gbif.org/grscicoll/institution/a46ced27-ecc3-43df-981f-d6de329f50b4","01/06/2021","400","carretera A-6001 hacia Mancha Real, entre Casa Toledano y cordel de Torremocha","J. Fuentes","3855061609","es","GDA-Fanero","A82DD47A-CB88-49B2-A7CD-209B1B2D4EE9","PhysicalObject","in collection","68973-1","GDA","GDA","Nota: Población de unos 20 individuos, también se han observado pequeños grupos y ejemplares aislados en zonas aledañas","https://www.gbif.org/grscicoll/collection/82d87a2a-f701-46ca-a1c0-292e83fc790a","Ferula loscosii Willk.",NA,NA,NA,NA,NA,NA,NA,NA,NA,NA,NA,NA,NA,NA,NA,NA,NA,NA,NA,NA,NA,NA,NA,NA,NA,NA,NA,NA,NA,NA,NA
"3855053912","Ferula loscosii Willk.",37.61,-4.15,"cdc,gass84,osiic","6a7575fa-ae03-4ba3-b322-2da15b5033e2","d68c4230-a271-11d8-a9b3-b8a03c50a862","2a3f6a56-7591-4f05-8c4c-a1bb77aa4ea6","6c4a0bb0-2a4d-11d8-aa2d-b8a03c50a862","ES","EML","2026-04-17T19:28:29.248+00:00","2026-04-24T04:39:44.892+00:00",394,"PRESERVED_SPECIMEN",2,"PRESENT",6027025,6,7707728,220,1351,6720,3034682,6027025,6027025,"Ferula loscosii Willk.","Plantae","Tracheophyta","Apiales","Apiaceae","Ferula","Ferula loscosii","Ferula","loscosii","SPECIES","ACCEPTED",707,0,0,"EUROPE","Jaén",2020,5,20,"2020-05-20",141,141,"2022-06-24T10:36:01.000+00:00","2026-04-24T04:39:44.892+00:00","http://creativecommons.org/licenses/by-nc/4.0/legalcode",FALSE,"AE536B26-7B1B-4F8F-8783-E6935AFFCD40","none","none","a46ced27-ecc3-43df-981f-d6de329f50b4","82d87a2a-f701-46ca-a1c0-292e83fc790a",FALSE,"Herbario de la Universidad de Granada: Colección GDA-Fanerogamia","Salazar, C. & Cruz, J.","Pliego","none","WGS84","Magnoliopsida","ES","none","none","EUROPE","Spain","EUROPE","Herbarium University of Granada, Spain","AE536B26-7B1B-4F8F-8783-E6935AFFCD40",NA,"https://www.gbif.org/grscicoll/institution/a46ced27-ecc3-43df-981f-d6de329f50b4","20/05/2020","400","Cortijo del Chinche",NA,"3855053912","es","GDA-Fanero","AE536B26-7B1B-4F8F-8783-E6935AFFCD40","PhysicalObject","in collection","66806-1","GDA","GDA","Nota: FLOR","https://www.gbif.org/grscicoll/collection/82d87a2a-f701-46ca-a1c0-292e83fc790a","Ferula loscosii Willk.",450,0,"C. Salazar & J. Cruz","Alcaudete",NA,NA,NA,NA,NA,NA,NA,NA,NA,NA,NA,NA,NA,NA,NA,NA,NA,NA,NA,NA,NA,NA,NA,NA,NA,NA,NA
"3855034753","Ferula loscosii Willk.",37.59,-3.16,"cdc,gass84,osiic","6a7575fa-ae03-4ba3-b322-2da15b5033e2","d68c4230-a271-11d8-a9b3-b8a03c50a862","2a3f6a56-7591-4f05-8c4c-a1bb77aa4ea6","6c4a0bb0-2a4d-11d8-aa2d-b8a03c50a862","ES","EML","2026-04-17T19:28:29.248+00:00","2026-04-24T04:39:42.047+00:00",394,"PRESERVED_SPECIMEN",1,"PRESENT",6027025,6,7707728,220,1351,6720,3034682,6027025,6027025,"Ferula loscosii Willk.","Plantae","Tracheophyta","Apiales","Apiaceae","Ferula","Ferula loscosii","Ferula","loscosii","SPECIES","ACCEPTED",707,0,0,"EUROPE","Granada",2020,6,2,"2020-06-02",154,154,"2022-06-24T10:36:01.000+00:00","2026-04-24T04:39:42.047+00:00","http://creativecommons.org/licenses/by-nc/4.0/legalcode",FALSE,"B74AA56B-702B-4601-9763-683FFA7D53C7","none","none","a46ced27-ecc3-43df-981f-d6de329f50b4","82d87a2a-f701-46ca-a1c0-292e83fc790a",FALSE,"Herbario de la Universidad de Granada: Colección GDA-Fanerogamia","Fuentes, J.","Pliego","none","WGS84","Magnoliopsida","ES","none","none","EUROPE","Spain","EUROPE","Herbarium University of Granada, Spain","B74AA56B-702B-4601-9763-683FFA7D53C7","claros de espartal o espartales que hacen de linderos entre el cultivo de almendral, en sustratos calizos y margo-calizos","https://www.gbif.org/grscicoll/institution/a46ced27-ecc3-43df-981f-d6de329f50b4","02/06/2020","400","entre El Monte y Los Toriles",NA,"3855034753","es","GDA-Fanero","B74AA56B-702B-4601-9763-683FFA7D53C7","PhysicalObject","in collection","68020-1","GDA","GDA","Nota: Escasa, no más de 50 individuos, muchos de ellos dispersos.","https://www.gbif.org/grscicoll/collection/82d87a2a-f701-46ca-a1c0-292e83fc790a","Ferula loscosii Willk.",1012,0,"J. Fuentes","Alamedilla",NA,NA,NA,NA,NA,NA,NA,NA,NA,NA,NA,NA,NA,NA,NA,NA,NA,NA,NA,NA,NA,NA,NA,NA,NA,NA,NA
"3855067204","Ferula loscosii Willk.",37.61,-4.15,"cdc,gass84,osiic","6a7575fa-ae03-4ba3-b322-2da15b5033e2","d68c4230-a271-11d8-a9b3-b8a03c50a862","2a3f6a56-7591-4f05-8c4c-a1bb77aa4ea6","6c4a0bb0-2a4d-11d8-aa2d-b8a03c50a862","ES","EML","2026-04-17T19:28:29.248+00:00","2026-04-24T04:39:18.785+00:00",394,"PRESERVED_SPECIMEN",2,"PRESENT",6027025,6,7707728,220,1351,6720,3034682,6027025,6027025,"Ferula loscosii Willk.","Plantae","Tracheophyta","Apiales","Apiaceae","Ferula","Ferula loscosii","Ferula","loscosii","SPECIES","ACCEPTED",707,0,0,"EUROPE","Jaén",2020,6,18,"2020-06-18",170,170,"2022-06-24T10:36:01.000+00:00","2026-04-24T04:39:18.785+00:00","http://creativecommons.org/licenses/by-nc/4.0/legalcode",FALSE,"C47944F0-BC3C-4C84-8B96-FDC73C97DFD2","none","none","a46ced27-ecc3-43df-981f-d6de329f50b4","82d87a2a-f701-46ca-a1c0-292e83fc790a",FALSE,"Herbario de la Universidad de Granada: Colección GDA-Fanerogamia","Salazar, C. & Cruz, J.","Pliego","none","WGS84","Magnoliopsida","ES","none","none","EUROPE","Spain","EUROPE","Herbarium University of Granada, Spain","C47944F0-BC3C-4C84-8B96-FDC73C97DFD2",NA,"https://www.gbif.org/grscicoll/institution/a46ced27-ecc3-43df-981f-d6de329f50b4","18/06/2020","400","Cortijo del Chinche",NA,"3855067204","es","GDA-Fanero","C47944F0-BC3C-4C84-8B96-FDC73C97DFD2","PhysicalObject","in collection","66806-2","GDA","GDA","Nota: FRUTO","https://www.gbif.org/grscicoll/collection/82d87a2a-f701-46ca-a1c0-292e83fc790a","Ferula loscosii Willk.",450,0,"C. Salazar & J. Cruz","Alcaudete",NA,NA,NA,NA,NA,NA,NA,NA,NA,NA,NA,NA,NA,NA,NA,NA,NA,NA,NA,NA,NA,NA,NA,NA,NA,NA,NA
"2521356253","Ferula loscosii Willk.",41.3922,-0.07361,"gass84,rdativ,inmano","838475f4-f762-11e1-a439-00145eb45e9a","6f3ccc65-0a54-4e65-ae7e-13b92d618e7c","2a3f6a56-7591-4f05-8c4c-a1bb77aa4ea6","6c4a0bb0-2a4d-11d8-aa2d-b8a03c50a862","ES","EML","2026-05-14T18:31:27.870+00:00","2026-05-19T13:30:15.119+00:00",396,"PRESERVED_SPECIMEN",NA,"PRESENT",6027025,6,7707728,220,1351,6720,3034682,6027025,6027025,"Ferula loscosii Willk.","Plantae","Tracheophyta","Apiales","Apiaceae","Ferula","Ferula loscosii","Ferula","loscosii","SPECIES","ACCEPTED",1,NA,NA,"EUROPE","Zaragoza",2018,7,5,"2018-07-05",186,186,"2022-03-31T00:00:00.000+00:00","2026-05-19T13:30:15.119+00:00","http://creativecommons.org/licenses/by-nc/4.0/legalcode",FALSE,"7E9D4F01-FC63-492A-91CB-7056795289CE","none","none",NA,NA,TRUE,"Institut Botànic de Barcelona (CSIC-CMCNB) – BC",NA,"Herbarium specimen","none","WGS84","Magnoliopsida","ES","none","none","EUROPE","Spain","EUROPE",NA,"7E9D4F01-FC63-492A-91CB-7056795289CE","Pastures xèriques, ambients d'algepsars","6f3ccc65-0a54-4e65-ae7e-13b92d618e7c","05/07/2018","410","Bujaraloz; Bujaraloz, plana de la Barreras, junt a la Canyada Reial de Casp","11101","2521356253",NA,"BC","7E9D4F01-FC63-492A-91CB-7056795289CE",NA,NA,"BC-975729","BC",NA,"DNA extraction Marcin Piwczynski 30/03/2022. RAD-seq. genomic data of Ferula. Nicolaus Copernicus University (Poland)",NA,"Ferula loscosii Willk.",360,0,"R. Senar",NA,"BC","HERBARI Romà Senar Lluch","Last label",NA,NA,NA,NA,NA,NA,NA,NA,NA,NA,NA,NA,NA,NA,NA,NA,NA,NA,NA,NA,NA,NA,NA,NA
"2558259646","Ferula loscosii Willk.",41.39,-0.07,"cdc,gass84,colmafu,inmafu","834a4794-f762-11e1-a439-00145eb45e9a","8209258a-80e8-4094-aba2-a3febe5ed45b","2a3f6a56-7591-4f05-8c4c-a1bb77aa4ea6","6c4a0bb0-2a4d-11d8-aa2d-b8a03c50a862","ES","EML","2026-04-18T01:37:24.691+00:00","2026-04-24T10:27:09.523+00:00",375,"PRESERVED_SPECIMEN",NA,"PRESENT",6027025,6,7707728,220,1351,6720,3034682,6027025,6027025,"Ferula loscosii Willk.","Plantae","Tracheophyta","Apiales","Apiaceae","Ferula","Ferula loscosii","Ferula","loscosii","SPECIES","ACCEPTED",1,NA,NA,"EUROPE","Zaragoza",2018,7,5,"2018-07-05",186,186,"2025-11-03T14:20:45.000+00:00","2026-04-24T10:27:09.523+00:00","http://creativecommons.org/licenses/by-nc/4.0/legalcode",FALSE,"3F45F7A7-CD88-49BC-B081-348183556D75","none","none","c645b060-c130-45ee-97ab-b9fc94393523","6ceb64b5-0201-4a27-bcdb-8d62035e35d5",TRUE,"Colección de plantas vasculares del herbario de la Universitat de València (VAL)",NA,"Pliego","none","WGS84","Magnoliopsida","ES","none","none","EUROPE","Spain","EUROPE",NA,"3F45F7A7-CD88-49BC-B081-348183556D75","pastures xèriques, ambient d´algepsars","https://www.gbif.org/publisher/8209258a-80e8-4094-aba2-a3febe5ed45b","05/07/2018","391","Bujaraloz, plana de las Barreras junt a la Canyada Reial de Casp","11101","2558259646","es","VAL","3F45F7A7-CD88-49BC-B081-348183556D75","PhysicalObject","in collection","240681-1","VAL",NA,NA,NA,"Ferula loscosii Willk.",360,0,"R. Senar","Bujaraloz (Monegros)","VAL",NA,NA,"11101","fruit-bearing",NA,NA,NA,NA,NA,NA,NA,NA,NA,NA,NA,NA,NA,NA,NA,NA,NA,NA,NA,NA,NA,NA
"3855068703","Ferula loscosii Willk.",37.7287807,-2.2911355,"cdc,cdrep,osiic","6a7575fa-ae03-4ba3-b322-2da15b5033e2","d68c4230-a271-11d8-a9b3-b8a03c50a862","2a3f6a56-7591-4f05-8c4c-a1bb77aa4ea6","6c4a0bb0-2a4d-11d8-aa2d-b8a03c50a862","ES","EML","2026-04-17T19:28:29.248+00:00","2026-04-24T04:39:52.793+00:00",394,"PRESERVED_SPECIMEN",2,"PRESENT",6027025,6,7707728,220,1351,6720,3034682,6027025,6027025,"Ferula loscosii Willk.","Plantae","Tracheophyta","Apiales","Apiaceae","Ferula","Ferula loscosii","Ferula","loscosii","SPECIES","ACCEPTED",1,0,0,"EUROPE","Almería",2018,7,13,"2018-07-13",194,194,"2022-06-24T10:36:01.000+00:00","2026-04-24T04:39:52.793+00:00","http://creativecommons.org/licenses/by-nc/4.0/legalcode",FALSE,"FBA25F1D-0491-49C2-BF91-39802366D7F2","none","none","a46ced27-ecc3-43df-981f-d6de329f50b4","82d87a2a-f701-46ca-a1c0-292e83fc790a",FALSE,"Herbario de la Universidad de Granada: Colección GDA-Fanerogamia","Gutiérrez, L.","Pliego","none","WGS84","Magnoliopsida","ES","none","none","EUROPE","Spain","EUROPE","Herbarium University of Granada, Spain","FBA25F1D-0491-49C2-BF91-39802366D7F2","espartal en sustrato yesífero","https://www.gbif.org/grscicoll/institution/a46ced27-ecc3-43df-981f-d6de329f50b4","13/07/2018","400","entre el cerro del Muerto y el cortijo Zalayo de Arriba",NA,"3855068703","es","GDA-Fanero","FBA25F1D-0491-49C2-BF91-39802366D7F2","PhysicalObject","in collection","62726-1","GDA","GDA",NA,"https://www.gbif.org/grscicoll/collection/82d87a2a-f701-46ca-a1c0-292e83fc790a","Ferula loscosii Willk.",1059,0,"L. Gutiérrez","María",NA,NA,NA,NA,NA,NA,NA,NA,NA,NA,NA,NA,NA,NA,NA,NA,NA,NA,NA,NA,NA,NA,NA,NA,NA,NA,NA
"3855040221","Ferula loscosii Willk.",37.46,-3.13,"cdc,gass84,osiic","6a7575fa-ae03-4ba3-b322-2da15b5033e2","d68c4230-a271-11d8-a9b3-b8a03c50a862","2a3f6a56-7591-4f05-8c4c-a1bb77aa4ea6","6c4a0bb0-2a4d-11d8-aa2d-b8a03c50a862","ES","EML","2026-04-17T19:28:29.248+00:00","2026-04-24T04:40:00.200+00:00",394,"PRESERVED_SPECIMEN",1,"PRESENT",6027025,6,7707728,220,1351,6720,3034682,6027025,6027025,"Ferula loscosii Willk.","Plantae","Tracheophyta","Apiales","Apiaceae","Ferula","Ferula loscosii","Ferula","loscosii","SPECIES","ACCEPTED",707,0,0,"EUROPE","Granada",2017,7,7,"2017-07-07",188,188,"2022-06-24T10:36:01.000+00:00","2026-04-24T04:40:00.200+00:00","http://creativecommons.org/licenses/by-nc/4.0/legalcode",FALSE,"3ADD3E0D-197F-4344-BF74-2C85D5533034","none","none","a46ced27-ecc3-43df-981f-d6de329f50b4","82d87a2a-f701-46ca-a1c0-292e83fc790a",FALSE,"Herbario de la Universidad de Granada: Colección GDA-Fanerogamia","Fuentes, J.","Pliego","none","WGS84","Magnoliopsida","ES","none","none","EUROPE","Spain","EUROPE","Herbarium University of Granada, Spain","3ADD3E0D-197F-4344-BF74-2C85D5533034","espartales, sobre sustrato margoso","https://www.gbif.org/grscicoll/institution/a46ced27-ecc3-43df-981f-d6de329f50b4","07/07/2017","400","meseta de Bacaire",NA,"3855040221","es","GDA-Fanero","3ADD3E0D-197F-4344-BF74-2C85D5533034","PhysicalObject","in collection","62690-1","GDA","GDA","Nota: Localmente abundante","https://www.gbif.org/grscicoll/collection/82d87a2a-f701-46ca-a1c0-292e83fc790a","Ferula loscosii Willk.",970,0,"J. Fuentes","Fonelas",NA,NA,NA,NA,NA,"2017-01-01T00:00:00",NA,NA,NA,NA,NA,NA,NA,NA,NA,NA,NA,NA,NA,NA,NA,NA,NA,NA,NA,NA,NA
"3855078141","Ferula loscosii Willk.",37.43,-3.19,"cdc,gass84,osiic","6a7575fa-ae03-4ba3-b322-2da15b5033e2","d68c4230-a271-11d8-a9b3-b8a03c50a862","2a3f6a56-7591-4f05-8c4c-a1bb77aa4ea6","6c4a0bb0-2a4d-11d8-aa2d-b8a03c50a862","ES","EML","2026-04-17T19:28:29.248+00:00","2026-04-24T04:39:57.184+00:00",394,"PRESERVED_SPECIMEN",1,"PRESENT",6027025,6,7707728,220,1351,6720,3034682,6027025,6027025,"Ferula loscosii Willk.","Plantae","Tracheophyta","Apiales","Apiaceae","Ferula","Ferula loscosii","Ferula","loscosii","SPECIES","ACCEPTED",707,0,0,"EUROPE","Granada",2017,7,6,"2017-07-06",187,187,"2022-06-24T10:36:01.000+00:00","2026-04-24T04:39:57.184+00:00","http://creativecommons.org/licenses/by-nc/4.0/legalcode",FALSE,"40505438-B07A-49A8-B5EF-43CFD98C5995","none","none","a46ced27-ecc3-43df-981f-d6de329f50b4","82d87a2a-f701-46ca-a1c0-292e83fc790a",FALSE,"Herbario de la Universidad de Granada: Colección GDA-Fanerogamia","Fuentes, J. & Blanca G.","Pliego","none","WGS84","Magnoliopsida","ES","none","none","EUROPE","Spain","EUROPE","Herbarium University of Granada, Spain","40505438-B07A-49A8-B5EF-43CFD98C5995","espartales muy densos","https://www.gbif.org/grscicoll/institution/a46ced27-ecc3-43df-981f-d6de329f50b4","06/07/2017","400","llano de los Torcales",NA,"3855078141","es","GDA-Fanero","40505438-B07A-49A8-B5EF-43CFD98C5995","PhysicalObject","in collection","62689-1","GDA","GDA","Nota: Localmente abundante, más de 1000 individuos","https://www.gbif.org/grscicoll/collection/82d87a2a-f701-46ca-a1c0-292e83fc790a","Ferula loscosii Willk.",970,0,"J. Fuentes & G. Blanca","Huélago",NA,NA,NA,NA,NA,"2017-01-01T00:00:00",NA,NA,NA,NA,NA,NA,NA,NA,NA,NA,NA,NA,NA,NA,NA,NA,NA,NA,NA,NA,NA
"3855079092","Ferula loscosii Willk.",37.49,-3.13,"cdc,gass84,osiic","6a7575fa-ae03-4ba3-b322-2da15b5033e2","d68c4230-a271-11d8-a9b3-b8a03c50a862","2a3f6a56-7591-4f05-8c4c-a1bb77aa4ea6","6c4a0bb0-2a4d-11d8-aa2d-b8a03c50a862","ES","EML","2026-04-17T19:28:29.248+00:00","2026-04-24T04:39:13.331+00:00",394,"PRESERVED_SPECIMEN",2,"PRESENT",6027025,6,7707728,220,1351,6720,3034682,6027025,6027025,"Ferula loscosii Willk.","Plantae","Tracheophyta","Apiales","Apiaceae","Ferula","Ferula loscosii","Ferula","loscosii","SPECIES","ACCEPTED",707,0,0,"EUROPE","Granada",2017,7,7,"2017-07-07",188,188,"2022-06-24T10:36:01.000+00:00","2026-04-24T04:39:13.331+00:00","http://creativecommons.org/licenses/by-nc/4.0/legalcode",FALSE,"5F8EC891-E69F-40BF-9A91-A253EFFAB66E","none","none","a46ced27-ecc3-43df-981f-d6de329f50b4","82d87a2a-f701-46ca-a1c0-292e83fc790a",FALSE,"Herbario de la Universidad de Granada: Colección GDA-Fanerogamia","Fuentes, J.","Pliego","none","WGS84","Magnoliopsida","ES","none","none","EUROPE","Spain","EUROPE","Herbarium University of Granada, Spain","5F8EC891-E69F-40BF-9A91-A253EFFAB66E","taludes yesíferos","https://www.gbif.org/grscicoll/institution/a46ced27-ecc3-43df-981f-d6de329f50b4","07/07/2017","400","barranco del Yeso",NA,"3855079092","es","GDA-Fanero","5F8EC891-E69F-40BF-9A91-A253EFFAB66E","PhysicalObject","in collection","62688-1","GDA","GDA","Nota: Muy abundante","https://www.gbif.org/grscicoll/collection/82d87a2a-f701-46ca-a1c0-292e83fc790a","Ferula loscosii Willk.",840,0,"J. Fuentes","Fonelas",NA,NA,NA,NA,NA,"2017-01-01T00:00:00",NA,NA,NA,NA,NA,NA,NA,NA,NA,NA,NA,NA,NA,NA,NA,NA,NA,NA,NA,NA,NA
"3855084411","Ferula loscosii Willk.",37.87,-3.15,"cdc,gass84,osiic","6a7575fa-ae03-4ba3-b322-2da15b5033e2","d68c4230-a271-11d8-a9b3-b8a03c50a862","2a3f6a56-7591-4f05-8c4c-a1bb77aa4ea6","6c4a0bb0-2a4d-11d8-aa2d-b8a03c50a862","ES","EML","2026-04-17T19:28:29.248+00:00","2026-04-24T04:39:20.001+00:00",394,"PRESERVED_SPECIMEN",1,"PRESENT",6027025,6,7707728,220,1351,6720,3034682,6027025,6027025,"Ferula loscosii Willk.","Plantae","Tracheophyta","Apiales","Apiaceae","Ferula","Ferula loscosii","Ferula","loscosii","SPECIES","ACCEPTED",707,0,0,"EUROPE","Jaén",2015,5,5,"2015-05-05",125,125,"2022-06-24T10:36:01.000+00:00","2026-04-24T04:39:20.001+00:00","http://creativecommons.org/licenses/by-nc/4.0/legalcode",FALSE,"A6CC629F-035B-44BD-B957-12D39AE2155A","none","none","a46ced27-ecc3-43df-981f-d6de329f50b4","82d87a2a-f701-46ca-a1c0-292e83fc790a",FALSE,"Herbario de la Universidad de Granada: Colección GDA-Fanerogamia",NA,"Pliego","none","WGS84","Magnoliopsida","ES","none","none","EUROPE","Spain","EUROPE","Herbarium University of Granada, Spain","A6CC629F-035B-44BD-B957-12D39AE2155A","espartales en sustratos margosos ricos en yesos","https://www.gbif.org/grscicoll/institution/a46ced27-ecc3-43df-981f-d6de329f50b4","05/05/2015","400","Quesada, entre Sierra de Toya y río Toya",NA,"3855084411","es","GDA-Fanero","A6CC629F-035B-44BD-B957-12D39AE2155A","PhysicalObject","in collection","62564-1","GDA","GDA","Nota: localmente abundante.","https://www.gbif.org/grscicoll/collection/82d87a2a-f701-46ca-a1c0-292e83fc790a","Ferula loscosii Willk.",580,0,"J. Fuentes, G. Blanca y M. Cueto","Quesada",NA,NA,NA,NA,NA,NA,NA,NA,NA,NA,NA,NA,NA,NA,NA,NA,NA,NA,NA,NA,NA,NA,NA,NA,NA,NA,NA
"3713855195","Ferula loscosii Willk.",37.43,-2.03,"cdc,gass84,mdativ,osiic,incomis,inmafu","83504144-f762-11e1-a439-00145eb45e9a","c1564d80-1b9d-471c-b84d-8d5dd2efbf0a","2a3f6a56-7591-4f05-8c4c-a1bb77aa4ea6","6c4a0bb0-2a4d-11d8-aa2d-b8a03c50a862","ES","EML","2026-04-18T01:37:24.938+00:00","2026-04-24T07:24:40.618+00:00",344,"PRESERVED_SPECIMEN",1,"PRESENT",6027025,6,7707728,220,1351,6720,3034682,6027025,6027025,"Ferula loscosii Willk.","Plantae","Tracheophyta","Apiales","Apiaceae","Ferula","Ferula loscosii","Ferula","loscosii","SPECIES","ACCEPTED",707,NA,NA,"EUROPE","Granada",2011,6,14,"2011-06-14",165,165,NA,"2026-04-24T07:24:40.618+00:00","http://creativecommons.org/licenses/by/4.0/legalcode",FALSE,"27ED9A2A-2A2C-41A8-BBE1-7D76E25015D2","none","none","a8343e51-cda3-4e7a-9eb6-4431f432fde4",NA,FALSE,"Herbario de la Universidad de Almería","J.F. Mota","Pliego","none","WGS84","Magnoliopsida","ES","none","none","EUROPE","Spain","EUROPE",NA,"27ED9A2A-2A2C-41A8-BBE1-7D76E25015D2","entre el espartizal margoso",NA,"14/06/2011","350","Comarca de Guadix, Cortijo de las Peñas Blancas",NA,"3713855195","es","HUAL","27ED9A2A-2A2C-41A8-BBE1-7D76E25015D2","PhysicalObject",NA,"24311-2","JP",NA,NA,NA,"Ferula loscosii Willk.",710,0,"J.F. Mota, F.J. Pérez-García & F. Martínez-Hernández","Polopos","HUAL",NA,NA,NA,NA,NA,"HUAL",NA,NA,NA,NA,NA,NA,NA,NA,NA,NA,NA,NA,NA,NA,NA,NA,NA,NA,NA,NA
"3713869678","Ferula loscosii Willk.",37.43,-2.03,"cdc,gass84,mdativ,osiic,incomis,inmafu","83504144-f762-11e1-a439-00145eb45e9a","c1564d80-1b9d-471c-b84d-8d5dd2efbf0a","2a3f6a56-7591-4f05-8c4c-a1bb77aa4ea6","6c4a0bb0-2a4d-11d8-aa2d-b8a03c50a862","ES","EML","2026-04-18T01:37:24.938+00:00","2026-04-24T07:24:05.192+00:00",344,"PRESERVED_SPECIMEN",1,"PRESENT",6027025,6,7707728,220,1351,6720,3034682,6027025,6027025,"Ferula loscosii Willk.","Plantae","Tracheophyta","Apiales","Apiaceae","Ferula","Ferula loscosii","Ferula","loscosii","SPECIES","ACCEPTED",707,NA,NA,"EUROPE","Granada",2011,6,14,"2011-06-14",165,165,NA,"2026-04-24T07:24:05.192+00:00","http://creativecommons.org/licenses/by/4.0/legalcode",FALSE,"90E8D0A2-2FD2-4236-A08C-061ABF932E3F","none","none","a8343e51-cda3-4e7a-9eb6-4431f432fde4",NA,FALSE,"Herbario de la Universidad de Almería","J.F. Mota","Pliego","none","WGS84","Magnoliopsida","ES","none","none","EUROPE","Spain","EUROPE",NA,"90E8D0A2-2FD2-4236-A08C-061ABF932E3F","entre el espartizal margoso",NA,"14/06/2011","350","Comarca de Guadix, Cortijo de las Peñas Blancas",NA,"3713869678","es","HUAL","90E8D0A2-2FD2-4236-A08C-061ABF932E3F","PhysicalObject",NA,"24311-1","JP",NA,NA,NA,"Ferula loscosii Willk.",710,0,"J.F. Mota, F.J. Pérez-García & F. Martínez-Hernández","Polopos","HUAL",NA,NA,NA,NA,NA,"HUAL",NA,NA,NA,NA,NA,NA,NA,NA,NA,NA,NA,NA,NA,NA,NA,NA,NA,NA,NA,NA
"3855072079","Ferula loscosii Willk.",37.59,-3.16,"cdc,gass84,osiic","6a7575fa-ae03-4ba3-b322-2da15b5033e2","d68c4230-a271-11d8-a9b3-b8a03c50a862","2a3f6a56-7591-4f05-8c4c-a1bb77aa4ea6","6c4a0bb0-2a4d-11d8-aa2d-b8a03c50a862","ES","EML","2026-04-17T19:28:29.248+00:00","2026-04-24T04:39:49.872+00:00",394,"PRESERVED_SPECIMEN",1,"PRESENT",6027025,6,7707728,220,1351,6720,3034682,6027025,6027025,"Ferula loscosii Willk.","Plantae","Tracheophyta","Apiales","Apiaceae","Ferula","Ferula loscosii","Ferula","loscosii","SPECIES","ACCEPTED",707,0,0,"EUROPE","Granada",2011,7,27,"2011-07-27",208,208,"2022-06-24T10:36:01.000+00:00","2026-04-24T04:39:49.872+00:00","http://creativecommons.org/licenses/by-nc/4.0/legalcode",FALSE,"77C114D0-F509-4A5A-A5CD-85F42060C11A","none","none","a46ced27-ecc3-43df-981f-d6de329f50b4","82d87a2a-f701-46ca-a1c0-292e83fc790a",FALSE,"Herbario de la Universidad de Granada: Colección GDA-Fanerogamia","J. del Río Sánchez","Pliego","none","WGS84","Magnoliopsida","ES","none","none","EUROPE","Spain","EUROPE","Herbarium University of Granada, Spain","77C114D0-F509-4A5A-A5CD-85F42060C11A","espartal sobre margas y calizas.","https://www.gbif.org/grscicoll/institution/a46ced27-ecc3-43df-981f-d6de329f50b4","27/07/2011","400","Granada, Alamedilla, Los Toriles",NA,"3855072079","es","GDA-Fanero","77C114D0-F509-4A5A-A5CD-85F42060C11A","PhysicalObject","in collection","58191-1","GDA","GDA","Umbelas con frutos y umbellas con furtos maduros","https://www.gbif.org/grscicoll/collection/82d87a2a-f701-46ca-a1c0-292e83fc790a","Ferula loscosii Willk.",1020,0,"J. del Río Sánchez",NA,NA,NA,NA,NA,NA,NA,NA,NA,NA,NA,NA,NA,NA,NA,NA,NA,NA,NA,NA,NA,NA,NA,NA,NA,NA,NA,NA
"2592073774","Ferula loscosii Willk.",40.67,0.49,"cdc,gass84,colmafu,inmafu","835613da-f762-11e1-a439-00145eb45e9a","a7ae8a07-cb3f-42e6-8f4e-22868f8cdb27","2a3f6a56-7591-4f05-8c4c-a1bb77aa4ea6","6c4a0bb0-2a4d-11d8-aa2d-b8a03c50a862","ES","EML","2026-04-18T01:37:25.210+00:00","2026-04-29T14:10:30.232+00:00",344,"PRESERVED_SPECIMEN",NA,"PRESENT",6027025,6,7707728,220,1351,6720,3034682,6027025,6027025,"Ferula loscosii Willk.","Plantae","Tracheophyta","Apiales","Apiaceae","Ferula","Ferula loscosii","Ferula","loscosii","SPECIES","ACCEPTED",1,NA,NA,"EUROPE","Tarragona",2010,6,5,"2010-06-05",156,156,"2012-10-01T12:57:24.000+00:00","2026-04-29T14:10:30.232+00:00","http://creativecommons.org/licenses/by-nc/4.0/legalcode",FALSE,"09B55F43-8676-45F3-B216-05EBB15EBF52","none","none","80a05c0a-8097-45ea-9554-004144d588a3","b33fcd4a-da2d-4e10-869a-6dfb9d6effc0",TRUE,"Herbario de la Facultad de Farmacia de la Universidad Complutense de Madrid (MAF)","V. J. Arán",NA,"none","WGS84","Magnoliopsida","ES","none","none","EUROPE","Spain","EUROPE",NA,"09B55F43-8676-45F3-B216-05EBB15EBF52","laderas pedregosas calcáreas",NA,"05-06-2010","350","Godall (Montsià), Serra de la Galera","7263","2592073774","es","MAF","09B55F43-8676-45F3-B216-05EBB15EBF52","PhysicalObject",NA,"171274-1","MAF",NA,NA,NA,"Ferula loscosii Willk.",210,0,"S. Cardero, F. Royo & V. J. Arán",NA,"MAF",NA,NA,"7263",NA,NA,"MAF","cf",NA,NA,NA,NA,NA,NA,NA,NA,NA,NA,NA,NA,NA,NA,NA,NA,NA,NA,NA
"3713846430","Ferula loscosii Willk.",37.42,-3.17,"cdc,gass84,mdativ,osiic,incomis,inmafu","83504144-f762-11e1-a439-00145eb45e9a","c1564d80-1b9d-471c-b84d-8d5dd2efbf0a","2a3f6a56-7591-4f05-8c4c-a1bb77aa4ea6","6c4a0bb0-2a4d-11d8-aa2d-b8a03c50a862","ES","EML","2026-04-18T01:37:24.938+00:00","2026-04-24T07:24:48.602+00:00",344,"PRESERVED_SPECIMEN",1,"PRESENT",6027025,6,7707728,220,1351,6720,3034682,6027025,6027025,"Ferula loscosii Willk.","Plantae","Tracheophyta","Apiales","Apiaceae","Ferula","Ferula loscosii","Ferula","loscosii","SPECIES","ACCEPTED",707,NA,NA,"EUROPE","Granada",2010,6,9,"2010-06-09",160,160,NA,"2026-04-24T07:24:48.602+00:00","http://creativecommons.org/licenses/by/4.0/legalcode",FALSE,"79223BF8-1AD8-4285-BAA0-1EA6E086DDB6","none","none","a8343e51-cda3-4e7a-9eb6-4431f432fde4",NA,FALSE,"Herbario de la Universidad de Almería","J.F. Mota","Pliego","none","WGS84","Magnoliopsida","ES","none","none","EUROPE","Spain","EUROPE",NA,"79223BF8-1AD8-4285-BAA0-1EA6E086DDB6","entre el espartizal margoso",NA,"09/06/2010","350","Los Llanillos",NA,"3713846430","es","HUAL","79223BF8-1AD8-4285-BAA0-1EA6E086DDB6","PhysicalObject",NA,"21970-1","JP",NA,NA,NA,"Ferula loscosii Willk.",810,0,"J.F. Mota, F.J. Pérez-García & F. Martínez-Hernández","Fonelas","HUAL",NA,NA,NA,NA,NA,"HUAL",NA,NA,NA,NA,NA,NA,NA,NA,NA,NA,NA,NA,NA,NA,NA,NA,NA,NA,NA,NA
"3713851943","Ferula loscosii Willk.",37.42,-3.17,"cdc,gass84,mdativ,osiic,incomis,inmafu","83504144-f762-11e1-a439-00145eb45e9a","c1564d80-1b9d-471c-b84d-8d5dd2efbf0a","2a3f6a56-7591-4f05-8c4c-a1bb77aa4ea6","6c4a0bb0-2a4d-11d8-aa2d-b8a03c50a862","ES","EML","2026-04-18T01:37:24.938+00:00","2026-04-24T07:24:27.470+00:00",344,"PRESERVED_SPECIMEN",1,"PRESENT",6027025,6,7707728,220,1351,6720,3034682,6027025,6027025,"Ferula loscosii Willk.","Plantae","Tracheophyta","Apiales","Apiaceae","Ferula","Ferula loscosii","Ferula","loscosii","SPECIES","ACCEPTED",707,NA,NA,"EUROPE","Granada",2010,6,9,"2010-06-09",160,160,NA,"2026-04-24T07:24:27.470+00:00","http://creativecommons.org/licenses/by/4.0/legalcode",FALSE,"4E24520F-7F7F-43C6-98C8-B2CBD947542B","none","none","a8343e51-cda3-4e7a-9eb6-4431f432fde4",NA,FALSE,"Herbario de la Universidad de Almería","J.F. Mota","Pliego","none","WGS84","Magnoliopsida","ES","none","none","EUROPE","Spain","EUROPE",NA,"4E24520F-7F7F-43C6-98C8-B2CBD947542B","entre el espartizal margoso",NA,"09/06/2010","350","Los Llanillos",NA,"3713851943","es","HUAL","4E24520F-7F7F-43C6-98C8-B2CBD947542B","PhysicalObject",NA,"21972-1","JP",NA,NA,NA,"Ferula loscosii Willk.",810,0,"J.F. Mota, F.J. Pérez-García & F. Martínez-Hernández","Fonelas","HUAL",NA,NA,NA,NA,NA,"HUAL",NA,NA,NA,NA,NA,NA,NA,NA,NA,NA,NA,NA,NA,NA,NA,NA,NA,NA,NA,NA
"3713855327","Ferula loscosii Willk.",37.42,-3.17,"cdc,gass84,mdativ,osiic,incomis,inmafu","83504144-f762-11e1-a439-00145eb45e9a","c1564d80-1b9d-471c-b84d-8d5dd2efbf0a","2a3f6a56-7591-4f05-8c4c-a1bb77aa4ea6","6c4a0bb0-2a4d-11d8-aa2d-b8a03c50a862","ES","EML","2026-04-18T01:37:24.938+00:00","2026-04-24T07:24:45.916+00:00",344,"PRESERVED_SPECIMEN",1,"PRESENT",6027025,6,7707728,220,1351,6720,3034682,6027025,6027025,"Ferula loscosii Willk.","Plantae","Tracheophyta","Apiales","Apiaceae","Ferula","Ferula loscosii","Ferula","loscosii","SPECIES","ACCEPTED",707,NA,NA,"EUROPE","Granada",2010,6,9,"2010-06-09",160,160,NA,"2026-04-24T07:24:45.916+00:00","http://creativecommons.org/licenses/by/4.0/legalcode",FALSE,"1FA84AE7-056A-4D83-8412-20FFB8543F80","none","none","a8343e51-cda3-4e7a-9eb6-4431f432fde4",NA,FALSE,"Herbario de la Universidad de Almería","J.F. Mota","Pliego","none","WGS84","Magnoliopsida","ES","none","none","EUROPE","Spain","EUROPE",NA,"1FA84AE7-056A-4D83-8412-20FFB8543F80","entre el espartizal margoso",NA,"09/06/2010","350","Los Llanillos",NA,"3713855327","es","HUAL","1FA84AE7-056A-4D83-8412-20FFB8543F80","PhysicalObject",NA,"21971-1","JP",NA,NA,NA,"Ferula loscosii Willk.",810,0,"J.F. Mota, F.J. Pérez-García & F. Martínez-Hernández","Fonelas","HUAL",NA,NA,NA,NA,NA,"HUAL",NA,NA,NA,NA,NA,NA,NA,NA,NA,NA,NA,NA,NA,NA,NA,NA,NA,NA,NA,NA
"3713859158","Ferula loscosii Willk.",37.42,-3.17,"cdc,gass84,mdativ,osiic,incomis,inmafu","83504144-f762-11e1-a439-00145eb45e9a","c1564d80-1b9d-471c-b84d-8d5dd2efbf0a","2a3f6a56-7591-4f05-8c4c-a1bb77aa4ea6","6c4a0bb0-2a4d-11d8-aa2d-b8a03c50a862","ES","EML","2026-04-18T01:37:24.938+00:00","2026-04-24T07:24:29.585+00:00",344,"PRESERVED_SPECIMEN",1,"PRESENT",6027025,6,7707728,220,1351,6720,3034682,6027025,6027025,"Ferula loscosii Willk.","Plantae","Tracheophyta","Apiales","Apiaceae","Ferula","Ferula loscosii","Ferula","loscosii","SPECIES","ACCEPTED",707,NA,NA,"EUROPE","Granada",2010,6,9,"2010-06-09",160,160,NA,"2026-04-24T07:24:29.585+00:00","http://creativecommons.org/licenses/by/4.0/legalcode",FALSE,"19296324-96CB-49F9-A81A-416EDD73D74A","none","none","a8343e51-cda3-4e7a-9eb6-4431f432fde4",NA,FALSE,"Herbario de la Universidad de Almería","J.F. Mota","Pliego","none","WGS84","Magnoliopsida","ES","none","none","EUROPE","Spain","EUROPE",NA,"19296324-96CB-49F9-A81A-416EDD73D74A","entre el espartizal margoso",NA,"09/06/2010","350","Los Llanillos",NA,"3713859158","es","HUAL","19296324-96CB-49F9-A81A-416EDD73D74A","PhysicalObject",NA,"21973-1","JP",NA,NA,NA,"Ferula loscosii Willk.",810,0,"J.F. Mota, F.J. Pérez-García & F. Martínez-Hernández","Fonelas","HUAL",NA,NA,NA,NA,NA,"HUAL",NA,NA,NA,NA,NA,NA,NA,NA,NA,NA,NA,NA,NA,NA,NA,NA,NA,NA,NA,NA
"3855083463","Ferula loscosii Willk.",37.72,-2.42,"cdc,gass84,osiic","6a7575fa-ae03-4ba3-b322-2da15b5033e2","d68c4230-a271-11d8-a9b3-b8a03c50a862","2a3f6a56-7591-4f05-8c4c-a1bb77aa4ea6","6c4a0bb0-2a4d-11d8-aa2d-b8a03c50a862","ES","EML","2026-04-17T19:28:29.248+00:00","2026-04-24T04:39:36.976+00:00",394,"PRESERVED_SPECIMEN",1,"PRESENT",6027025,6,7707728,220,1351,6720,3034682,6027025,6027025,"Ferula loscosii Willk.","Plantae","Tracheophyta","Apiales","Apiaceae","Ferula","Ferula loscosii","Ferula","loscosii","SPECIES","ACCEPTED",707,0,0,"EUROPE","Granada",2010,6,20,"2010-06-20",171,171,"2022-06-24T10:36:01.000+00:00","2026-04-24T04:39:36.976+00:00","http://creativecommons.org/licenses/by-nc/4.0/legalcode",FALSE,"D4D64A98-66CA-4F05-8725-7F294ED92DB7","none","none","a46ced27-ecc3-43df-981f-d6de329f50b4","82d87a2a-f701-46ca-a1c0-292e83fc790a",FALSE,"Herbario de la Universidad de Granada: Colección GDA-Fanerogamia","J. Fuentes","Pliego","none","WGS84","Magnoliopsida","ES","none","none","EUROPE","Spain","EUROPE","Herbarium University of Granada, Spain","D4D64A98-66CA-4F05-8725-7F294ED92DB7","espartales sobre margas yesíferas.","https://www.gbif.org/grscicoll/institution/a46ced27-ecc3-43df-981f-d6de329f50b4","20/06/2010","400","Granada, Orce, Fuente Nueva, Cortijo del Ñoño o de la Mojonera",NA,"3855083463","es","GDA-Fanero","D4D64A98-66CA-4F05-8725-7F294ED92DB7","PhysicalObject","in collection","60036-1","GDA","GDA",NA,"https://www.gbif.org/grscicoll/collection/82d87a2a-f701-46ca-a1c0-292e83fc790a","Ferula loscosii Willk.",950,0,"J. Fuentes",NA,NA,NA,NA,NA,NA,NA,NA,NA,NA,NA,NA,NA,NA,NA,NA,NA,NA,NA,NA,NA,NA,NA,NA,NA,NA,NA,NA
"4147468355","Ferula loscosii Willk.",40.668866,0.4888702,"cdc,cdrep,colmafu,inmafu","834a4794-f762-11e1-a439-00145eb45e9a","8209258a-80e8-4094-aba2-a3febe5ed45b","2a3f6a56-7591-4f05-8c4c-a1bb77aa4ea6","6c4a0bb0-2a4d-11d8-aa2d-b8a03c50a862","ES","EML","2026-04-18T01:37:24.691+00:00","2026-04-24T10:27:33.748+00:00",375,"PRESERVED_SPECIMEN",NA,"PRESENT",6027025,6,7707728,220,1351,6720,3034682,6027025,6027025,"Ferula loscosii Willk.","Plantae","Tracheophyta","Apiales","Apiaceae","Ferula","Ferula loscosii","Ferula","loscosii","SPECIES","ACCEPTED",1,NA,NA,"EUROPE","Tarragona",2010,6,5,"2010-06-05",156,156,"2025-11-03T14:20:45.000+00:00","2026-04-24T10:27:33.748+00:00","http://creativecommons.org/licenses/by-nc/4.0/legalcode",FALSE,"EE223BC3-6573-4F31-A07B-0AE7ED7B36DB","none","none","c645b060-c130-45ee-97ab-b9fc94393523","6ceb64b5-0201-4a27-bcdb-8d62035e35d5",TRUE,"Colección de plantas vasculares del herbario de la Universitat de València (VAL)","V.J. Arán","Pliego","none","WGS84","Magnoliopsida","ES","none","none","EUROPE","Spain","EUROPE",NA,"EE223BC3-6573-4F31-A07B-0AE7ED7B36DB","laderas pedregosas calcáreas","https://www.gbif.org/publisher/8209258a-80e8-4094-aba2-a3febe5ed45b","05/06/2010","391","Serra de la Galera","7263","4147468355","es","VAL","EE223BC3-6573-4F31-A07B-0AE7ED7B36DB","PhysicalObject","in collection","250771-1","VAL",NA,NA,NA,"Ferula loscosii Willk.",210,0,"S. Cardero, F. Royo, V. J. Arán","Godall (Montsià)","VAL",NA,NA,"7263","in bloom",NA,NA,NA,NA,NA,NA,NA,NA,NA,NA,NA,NA,NA,NA,NA,NA,NA,NA,NA,NA,NA,NA
"1851580923","Ferula loscosii Willk.",38.61,-0.89,"cdc,gass84,osiic,colmafu,inmafu","835852b2-f762-11e1-a439-00145eb45e9a","30b36805-4849-4abb-a39c-01b3a7fa3f2e","2a3f6a56-7591-4f05-8c4c-a1bb77aa4ea6","6c4a0bb0-2a4d-11d8-aa2d-b8a03c50a862","ES","EML","2026-04-18T01:37:27.890+00:00","2026-04-24T04:49:02.794+00:00",354,"PRESERVED_SPECIMEN",1,"PRESENT",6027025,6,7707728,220,1351,6720,3034682,6027025,6027025,"Ferula loscosii Willk.","Plantae","Tracheophyta","Apiales","Apiaceae","Ferula","Ferula loscosii","Ferula","loscosii","SPECIES","ACCEPTED",707,NA,NA,"EUROPE","Alicante",2010,7,27,"2010-07-27",208,208,"2016-09-02T14:47:42.000+00:00","2026-04-24T04:49:02.794+00:00","http://creativecommons.org/licenses/by/4.0/legalcode",FALSE,"C3E41480-D00F-4308-9823-6A6CA7A23830","none","none","8aa53465-012a-4394-bc5a-5f99beee1ce7","189e886d-b24c-4f29-8ee3-3827e567e7df",FALSE,NA,NA,NA,"none","WGS84","Magnoliopsida","ES","none","none","EUROPE","Spain","EUROPE",NA,"C3E41480-D00F-4308-9823-6A6CA7A23830",NA,NA,"27072010","360","Villena; El Polovar",NA,"1851580923",NA,"ABH","C3E41480-D00F-4308-9823-6A6CA7A23830",NA,NA,"58389-1","ABH",NA,"ART1; sobre yesos, orientación S-SE",NA,"Ferula loscosii Willk.",530,0,"I.Aragoneses & J.M.Aragoneses",NA,"ABH",NA,NA,NA,NA,NA,NA,NA,NA,NA,NA,NA,NA,NA,NA,NA,NA,NA,NA,NA,NA,NA,NA,NA,NA,NA,NA
"1851580959","Ferula loscosii Willk.",38.65,-0.91,"cdc,gass84,osiic,colmafu,inmafu","835852b2-f762-11e1-a439-00145eb45e9a","30b36805-4849-4abb-a39c-01b3a7fa3f2e","2a3f6a56-7591-4f05-8c4c-a1bb77aa4ea6","6c4a0bb0-2a4d-11d8-aa2d-b8a03c50a862","ES","EML","2026-04-18T01:37:27.890+00:00","2026-04-24T04:48:40.225+00:00",354,"PRESERVED_SPECIMEN",1,"PRESENT",6027025,6,7707728,220,1351,6720,3034682,6027025,6027025,"Ferula loscosii Willk.","Plantae","Tracheophyta","Apiales","Apiaceae","Ferula","Ferula loscosii","Ferula","loscosii","SPECIES","ACCEPTED",707,NA,NA,"EUROPE","Alicante",2010,7,28,"2010-07-28",209,209,"2016-08-02T13:35:04.000+00:00","2026-04-24T04:48:40.225+00:00","http://creativecommons.org/licenses/by/4.0/legalcode",FALSE,"3F9F1639-8C40-4A5A-A3FE-0E3C248D13EA","none","none","8aa53465-012a-4394-bc5a-5f99beee1ce7","189e886d-b24c-4f29-8ee3-3827e567e7df",TRUE,NA,NA,NA,"none","WGS84","Magnoliopsida","ES","none","none","EUROPE","Spain","EUROPE",NA,"3F9F1639-8C40-4A5A-A3FE-0E3C248D13EA",NA,NA,"28072010","360","Villena; vertedero y Cª de la Alemania, prox.",NA,"1851580959",NA,"ABH","3F9F1639-8C40-4A5A-A3FE-0E3C248D13EA",NA,NA,"58391-1","ABH",NA,"ART4; sobre yesos",NA,"Ferula loscosii Willk.",520,0,"I.Aragoneses & J.M.Aragoneses",NA,"ABH",NA,NA,NA,NA,NA,NA,NA,NA,NA,NA,NA,NA,NA,NA,NA,NA,NA,NA,NA,NA,NA,NA,NA,NA,NA,NA
"1851580988","Ferula loscosii Willk.",38.6,-0.9,"cdc,gass84,osiic,colmafu,inmafu","835852b2-f762-11e1-a439-00145eb45e9a","30b36805-4849-4abb-a39c-01b3a7fa3f2e","2a3f6a56-7591-4f05-8c4c-a1bb77aa4ea6","6c4a0bb0-2a4d-11d8-aa2d-b8a03c50a862","ES","EML","2026-04-18T01:37:27.890+00:00","2026-04-24T04:48:55.670+00:00",354,"PRESERVED_SPECIMEN",1,"PRESENT",6027025,6,7707728,220,1351,6720,3034682,6027025,6027025,"Ferula loscosii Willk.","Plantae","Tracheophyta","Apiales","Apiaceae","Ferula","Ferula loscosii","Ferula","loscosii","SPECIES","ACCEPTED",707,NA,NA,"EUROPE","Alicante",2010,7,27,"2010-07-27",208,208,"2016-09-02T13:05:44.000+00:00","2026-04-24T04:48:55.670+00:00","http://creativecommons.org/licenses/by/4.0/legalcode",FALSE,"FD1FEDFD-75A2-4BA7-AF14-0251539986F2","none","none","8aa53465-012a-4394-bc5a-5f99beee1ce7","189e886d-b24c-4f29-8ee3-3827e567e7df",FALSE,NA,NA,NA,"none","WGS84","Magnoliopsida","ES","none","none","EUROPE","Spain","EUROPE",NA,"FD1FEDFD-75A2-4BA7-AF14-0251539986F2",NA,NA,"27072010","360","Villena; Cabezo del Gato",NA,"1851580988",NA,"ABH","FD1FEDFD-75A2-4BA7-AF14-0251539986F2",NA,NA,"58392-1","ABH",NA,"ART3; sobre yesos, orientación S",NA,"Ferula loscosii Willk.",520,0,"I.Aragoneses & J.M.Aragoneses",NA,"ABH",NA,NA,NA,NA,NA,NA,NA,NA,NA,NA,NA,NA,NA,NA,NA,NA,NA,NA,NA,NA,NA,NA,NA,NA,NA,NA
"1851581162","Ferula loscosii Willk.",38.61,-0.89,"cdc,gass84,osiic,colmafu,inmafu","835852b2-f762-11e1-a439-00145eb45e9a","30b36805-4849-4abb-a39c-01b3a7fa3f2e","2a3f6a56-7591-4f05-8c4c-a1bb77aa4ea6","6c4a0bb0-2a4d-11d8-aa2d-b8a03c50a862","ES","EML","2026-04-18T01:37:27.890+00:00","2026-04-24T04:49:17.492+00:00",354,"PRESERVED_SPECIMEN",1,"PRESENT",6027025,6,7707728,220,1351,6720,3034682,6027025,6027025,"Ferula loscosii Willk.","Plantae","Tracheophyta","Apiales","Apiaceae","Ferula","Ferula loscosii","Ferula","loscosii","SPECIES","ACCEPTED",707,NA,NA,"EUROPE","Alicante",2010,7,27,"2010-07-27",208,208,"2016-09-02T14:47:42.000+00:00","2026-04-24T04:49:17.492+00:00","http://creativecommons.org/licenses/by/4.0/legalcode",FALSE,"716B1EFA-A117-4A18-B613-0797FF34AC18","none","none","8aa53465-012a-4394-bc5a-5f99beee1ce7","189e886d-b24c-4f29-8ee3-3827e567e7df",FALSE,NA,NA,NA,"none","WGS84","Magnoliopsida","ES","none","none","EUROPE","Spain","EUROPE",NA,"716B1EFA-A117-4A18-B613-0797FF34AC18",NA,NA,"27072010","360","Villena; El Polovar",NA,"1851581162",NA,"ABH","716B1EFA-A117-4A18-B613-0797FF34AC18",NA,NA,"58390-1","ABH",NA,"ART2; sobre yesos, en cantera abandonada",NA,"Ferula loscosii Willk.",520,0,"I.Aragoneses & J.M.Aragoneses",NA,"ABH",NA,NA,NA,NA,NA,NA,NA,NA,NA,NA,NA,NA,NA,NA,NA,NA,NA,NA,NA,NA,NA,NA,NA,NA,NA,NA
"1851581192","Ferula loscosii Willk.",38.64,-0.9,"cdc,gass84,osiic,colmafu,inmafu","835852b2-f762-11e1-a439-00145eb45e9a","30b36805-4849-4abb-a39c-01b3a7fa3f2e","2a3f6a56-7591-4f05-8c4c-a1bb77aa4ea6","6c4a0bb0-2a4d-11d8-aa2d-b8a03c50a862","ES","EML","2026-04-18T01:37:27.890+00:00","2026-04-24T04:47:51.642+00:00",354,"PRESERVED_SPECIMEN",1,"PRESENT",6027025,6,7707728,220,1351,6720,3034682,6027025,6027025,"Ferula loscosii Willk.","Plantae","Tracheophyta","Apiales","Apiaceae","Ferula","Ferula loscosii","Ferula","loscosii","SPECIES","ACCEPTED",707,NA,NA,"EUROPE","Alicante",2010,7,24,"2010-07-24",205,205,"2016-09-02T14:47:39.000+00:00","2026-04-24T04:47:51.642+00:00","http://creativecommons.org/licenses/by/4.0/legalcode",FALSE,"606F9579-59F8-4CDF-B54C-B9EC42F29DAC","none","none","8aa53465-012a-4394-bc5a-5f99beee1ce7","189e886d-b24c-4f29-8ee3-3827e567e7df",FALSE,NA,NA,NA,"none","WGS84","Magnoliopsida","ES","none","none","EUROPE","Spain","EUROPE",NA,"606F9579-59F8-4CDF-B54C-B9EC42F29DAC",NA,NA,"24072010","360","Villena; Los Cabecicos",NA,"1851581192",NA,"ABH","606F9579-59F8-4CDF-B54C-B9EC42F29DAC",NA,NA,"58393-1","ABH",NA,"ART5; cantera sobre yesos",NA,"Ferula loscosii Willk.",570,0,"I.Aragoneses & J.M.Aragoneses",NA,"ABH",NA,NA,NA,NA,NA,NA,NA,NA,NA,NA,NA,NA,NA,NA,NA,NA,NA,NA,NA,NA,NA,NA,NA,NA,NA,NA
"2597214485","Ferula loscosii Willk.",37.6,-4.13,"cdc,gass84,osiic,colmafu,inmafu","8353c5bc-f762-11e1-a439-00145eb45e9a","857b3f90-230f-474d-9559-6f740efadbba","2a3f6a56-7591-4f05-8c4c-a1bb77aa4ea6","6c4a0bb0-2a4d-11d8-aa2d-b8a03c50a862","ES","EML","2026-04-18T01:37:26.992+00:00","2026-04-24T05:11:18.616+00:00",339,"PRESERVED_SPECIMEN",1,"PRESENT",6027025,6,7707728,220,1351,6720,3034682,6027025,6027025,"Ferula loscosii Willk.","Plantae","Tracheophyta","Apiales","Apiaceae","Ferula","Ferula loscosii","Ferula","loscosii","SPECIES","ACCEPTED",707,NA,NA,"EUROPE","Jaén",2009,9,2,"2009-09-02",245,245,"2017-09-12T09:30:32.000+00:00","2026-04-24T05:11:18.616+00:00","http://creativecommons.org/licenses/by/4.0/legalcode",FALSE,"2E2CC879-F26C-4D34-9364-D2EA3599DDBF","none","none","d9c5994e-45c4-4f46-8579-50f60f174d10","54dc0fad-9516-42b4-b1e7-b43d5b7281f1",FALSE,"ardín Botánico de Córdoba: Herbarium COA","E. Triano",NA,"none","WGS84","Magnoliopsida","ES","none","none","EUROPE","Spain","EUROPE",NA,"2E2CC879-F26C-4D34-9364-D2EA3599DDBF","Tomillares degradados sobre suelo margo-yesoso",NA,"02092009","345","Alcaudete, Laguna Honda",NA,"2597214485","es","COA","2E2CC879-F26C-4D34-9364-D2EA3599DDBF","PhysicalObject",NA,"46905-1","COA",NA,NA,NA,"Ferula loscosii Willk.",450,0,"E. Triano, F. Moreno y J. Repullo",NA,"COA",NA,"Ejemplar fructificado",NA,NA,NA,NA,NA,NA,NA,NA,NA,NA,NA,NA,NA,NA,NA,NA,NA,NA,NA,NA,NA,NA,NA,NA
"30868061","Ferula loscosii Willk.",39.58,-2.42,"cdc,gass84,osiic,colmafu,inmafu","8353c5bc-f762-11e1-a439-00145eb45e9a","857b3f90-230f-474d-9559-6f740efadbba","2a3f6a56-7591-4f05-8c4c-a1bb77aa4ea6","6c4a0bb0-2a4d-11d8-aa2d-b8a03c50a862","ES","EML","2026-04-18T01:37:26.992+00:00","2026-04-24T05:12:22.850+00:00",339,"PRESERVED_SPECIMEN",3,"PRESENT",6027025,6,7707728,220,1351,6720,3034682,6027025,6027025,"Ferula loscosii Willk.","Plantae","Tracheophyta","Apiales","Apiaceae","Ferula","Ferula loscosii","Ferula","loscosii","SPECIES","ACCEPTED",71,NA,NA,"EUROPE","Cuenca",2005,5,14,"2005-05-14",134,134,"2017-09-12T09:30:31.000+00:00","2026-04-24T05:12:22.850+00:00","http://creativecommons.org/licenses/by/4.0/legalcode",FALSE,"C934F854-BBDA-4F61-9FEA-0085B9D1E437","none","none","d9c5994e-45c4-4f46-8579-50f60f174d10","54dc0fad-9516-42b4-b1e7-b43d5b7281f1",FALSE,"ardín Botánico de Córdoba: Herbarium COA","V.J. Arán",NA,"none","WGS84","Magnoliopsida","ES","none","none","EUROPE","Spain","EUROPE",NA,"C934F854-BBDA-4F61-9FEA-0085B9D1E437",NA,NA,"14052005","345","Santa María del Campo Rus, hacia Pinarejo, Los Cerros, laderas yesosas",NA,"30868061","es","COA","C934F854-BBDA-4F61-9FEA-0085B9D1E437","PhysicalObject",NA,"8274-1","COA",NA,NA,NA,"Ferula loscosii Willk.",840,0,"V.J. Arán",NA,"COA",NA,"Herbario Vicente J. Arán",NA,NA,NA,NA,NA,NA,NA,NA,NA,NA,NA,NA,NA,NA,NA,NA,NA,NA,NA,NA,NA,NA,NA,NA
"1851576734","Ferula loscosii Willk.",38.64,-0.89,"cdc,gass84,osiic,colmafu,inmafu","835852b2-f762-11e1-a439-00145eb45e9a","30b36805-4849-4abb-a39c-01b3a7fa3f2e","2a3f6a56-7591-4f05-8c4c-a1bb77aa4ea6","6c4a0bb0-2a4d-11d8-aa2d-b8a03c50a862","ES","EML","2026-04-18T01:37:27.890+00:00","2026-04-24T04:49:58.063+00:00",354,"PRESERVED_SPECIMEN",1,"PRESENT",6027025,6,7707728,220,1351,6720,3034682,6027025,6027025,"Ferula loscosii Willk.","Plantae","Tracheophyta","Apiales","Apiaceae","Ferula","Ferula loscosii","Ferula","loscosii","SPECIES","ACCEPTED",707,NA,NA,"EUROPE","Alicante",2005,6,10,"2005-06-10",161,161,"2016-09-02T14:47:42.000+00:00","2026-04-24T04:49:58.063+00:00","http://creativecommons.org/licenses/by/4.0/legalcode",FALSE,"4EDF8A09-CBA9-4D51-B3E0-FA946CE627B4","none","none","8aa53465-012a-4394-bc5a-5f99beee1ce7","189e886d-b24c-4f29-8ee3-3827e567e7df",FALSE,NA,NA,NA,"none","WGS84","Magnoliopsida","ES","none","none","EUROPE","Spain","EUROPE",NA,"4EDF8A09-CBA9-4D51-B3E0-FA946CE627B4",NA,NA,"10062005","360","Villena; Los Cabecicos",NA,"1851576734",NA,"ABH","4EDF8A09-CBA9-4D51-B3E0-FA946CE627B4",NA,NA,"50913-1","ABH",NA,"matorrales gipsícolas",NA,"Ferula loscosii Willk.",555,0,"L.Serra",NA,"ABH",NA,NA,NA,NA,NA,NA,NA,NA,NA,NA,NA,NA,NA,NA,NA,NA,NA,NA,NA,NA,NA,NA,NA,NA,NA,NA
"30868063","Ferula loscosii Willk.",39.58,-2.42,"cdc,gass84,osiic,colmafu,inmafu","8353c5bc-f762-11e1-a439-00145eb45e9a","857b3f90-230f-474d-9559-6f740efadbba","2a3f6a56-7591-4f05-8c4c-a1bb77aa4ea6","6c4a0bb0-2a4d-11d8-aa2d-b8a03c50a862","ES","EML","2026-04-18T01:37:26.992+00:00","2026-04-24T05:12:07.436+00:00",339,"PRESERVED_SPECIMEN",2,"PRESENT",6027025,6,7707728,220,1351,6720,3034682,6027025,6027025,"Ferula loscosii Willk.","Plantae","Tracheophyta","Apiales","Apiaceae","Ferula","Ferula loscosii","Ferula","loscosii","SPECIES","ACCEPTED",71,NA,NA,"EUROPE","Cuenca",2005,7,2,"2005-07-02",183,183,"2017-09-12T09:30:31.000+00:00","2026-04-24T05:12:07.436+00:00","http://creativecommons.org/licenses/by/4.0/legalcode",FALSE,"85A31B10-07B1-48C2-AEDD-0647544242F9","none","none","d9c5994e-45c4-4f46-8579-50f60f174d10","54dc0fad-9516-42b4-b1e7-b43d5b7281f1",FALSE,"ardín Botánico de Córdoba: Herbarium COA","V.J. Arán",NA,"none","WGS84","Magnoliopsida","ES","none","none","EUROPE","Spain","EUROPE",NA,"85A31B10-07B1-48C2-AEDD-0647544242F9",NA,NA,"02072005","345","Santa María del Campo Rus, hacia Pinarejo, Los Cerros, laderas yesosas",NA,"30868063","es","COA","85A31B10-07B1-48C2-AEDD-0647544242F9","PhysicalObject",NA,"8275-1","COA",NA,NA,NA,"Ferula loscosii Willk.",840,0,"V.J. Arán",NA,"COA",NA,"Herbario Vicente J. Arán",NA,NA,NA,NA,NA,NA,NA,NA,NA,NA,NA,NA,NA,NA,NA,NA,NA,NA,NA,NA,NA,NA,NA,NA
"2521386440","Ferula loscosii Willk.",41.4748,0.0245,"gass84,inmano","838475f4-f762-11e1-a439-00145eb45e9a","6f3ccc65-0a54-4e65-ae7e-13b92d618e7c","2a3f6a56-7591-4f05-8c4c-a1bb77aa4ea6","6c4a0bb0-2a4d-11d8-aa2d-b8a03c50a862","ES","EML","2026-05-14T18:31:27.870+00:00","2026-05-19T13:30:16.974+00:00",396,"PRESERVED_SPECIMEN",NA,"PRESENT",6027025,6,7707728,220,1351,6720,3034682,6027025,6027025,"Ferula loscosii Willk.","Plantae","Tracheophyta","Apiales","Apiaceae","Ferula","Ferula loscosii","Ferula","loscosii","SPECIES","ACCEPTED",NA,NA,NA,"EUROPE","Huesca",2005,7,22,"2005-07-22",203,203,"2022-03-31T00:00:00.000+00:00","2026-05-19T13:30:16.974+00:00","http://creativecommons.org/licenses/by-nc/4.0/legalcode",FALSE,"81d8ee43-9ecd-48c6-8236-90391458bd5a","none","none",NA,NA,FALSE,"Institut Botànic de Barcelona (CSIC-CMCNB) – BC",NA,"Herbarium specimen","none","WGS84","Magnoliopsida","ES","none","none","EUROPE","Spain","EUROPE",NA,"81d8ee43-9ecd-48c6-8236-90391458bd5a","yesos-margas","6f3ccc65-0a54-4e65-ae7e-13b92d618e7c","22/07/2005","410","Candasnos; Carretera baixant des de Candasnos, parada a l'inici de les corbes, 4 km. aprox.",NA,"2521386440",NA,"BC","81d8ee43-9ecd-48c6-8236-90391458bd5a",NA,NA,"BC-863734","BC",NA,"DNA extraction Marcin Piwczynski 30/03/2022. RAD-seq. genomic data of Ferula. Nicolaus Copernicus University (Poland)",NA,"Ferula loscosii Willk.",250,0,"S. Pyke, N. Membrives & L. Armengot",NA,"BC","GENMEDOC","Last label",NA,NA,NA,NA,NA,NA,NA,NA,NA,NA,NA,NA,NA,NA,NA,NA,NA,NA,NA,NA,NA,NA,NA,NA
"2521375510","Ferula loscosii Willk.",41.482,0.024,"gass84,rdativ,inmano","838475f4-f762-11e1-a439-00145eb45e9a","6f3ccc65-0a54-4e65-ae7e-13b92d618e7c","2a3f6a56-7591-4f05-8c4c-a1bb77aa4ea6","6c4a0bb0-2a4d-11d8-aa2d-b8a03c50a862","ES","EML","2026-05-14T18:31:27.870+00:00","2026-05-19T13:30:16.104+00:00",396,"PRESERVED_SPECIMEN",NA,"PRESENT",6027025,6,7707728,220,1351,6720,3034682,6027025,6027025,"Ferula loscosii Willk.","Plantae","Tracheophyta","Apiales","Apiaceae","Ferula","Ferula loscosii","Ferula","loscosii","SPECIES","ACCEPTED",707.11,NA,NA,"EUROPE","Huesca",2003,6,10,"2003-06-10",161,161,"2022-03-31T00:00:00.000+00:00","2026-05-19T13:30:16.104+00:00","http://creativecommons.org/licenses/by-nc/4.0/legalcode",FALSE,"2fe3481e-e73c-4a39-8034-0b6cc625fed5","none","none",NA,NA,FALSE,"Institut Botànic de Barcelona (CSIC-CMCNB) – BC",NA,"Herbarium specimen","none","WGS84","Magnoliopsida","ES","none","none","EUROPE","Spain","EUROPE",NA,"2fe3481e-e73c-4a39-8034-0b6cc625fed5",NA,"6f3ccc65-0a54-4e65-ae7e-13b92d618e7c","10/06/2003","410","Candasnos; Candasnos",NA,"2521375510",NA,"BC","2fe3481e-e73c-4a39-8034-0b6cc625fed5",NA,NA,"BC-874827","BC",NA,"DNA extraction Marcin Piwczynski 30/03/2022. RAD-seq. genomic data of Ferula. Nicolaus Copernicus University (Poland)",NA,"Ferula loscosii Willk.",280,0,"K. Romaschenko & S. Pyke",NA,"BC",NA,"Last label",NA,NA,NA,NA,NA,NA,NA,NA,NA,NA,NA,NA,NA,NA,NA,NA,NA,NA,NA,NA,NA,NA,NA,NA
"2521417605","Ferula loscosii Willk.",41.377,0.136,"gass84,rdativ,inmano","838475f4-f762-11e1-a439-00145eb45e9a","6f3ccc65-0a54-4e65-ae7e-13b92d618e7c","2a3f6a56-7591-4f05-8c4c-a1bb77aa4ea6","6c4a0bb0-2a4d-11d8-aa2d-b8a03c50a862","ES","EML","2026-05-14T18:31:27.870+00:00","2026-05-19T13:30:35.030+00:00",396,"PRESERVED_SPECIMEN",NA,"PRESENT",6027025,6,7707728,220,1351,6720,3034682,6027025,6027025,"Ferula loscosii Willk.","Plantae","Tracheophyta","Apiales","Apiaceae","Ferula","Ferula loscosii","Ferula","loscosii","SPECIES","ACCEPTED",707.11,NA,NA,"EUROPE","Zaragoza",2003,6,10,"2003-06-10",161,161,"2017-10-19T00:00:00.000+00:00","2026-05-19T13:30:35.030+00:00","http://creativecommons.org/licenses/by-nc/4.0/legalcode",FALSE,"7e7575da-9d25-4e9f-88c6-851e913f9fe8","none","none",NA,NA,FALSE,"Institut Botànic de Barcelona (CSIC-CMCNB) – BC",NA,"Herbarium specimen","none","WGS84","Magnoliopsida","ES","none","none","EUROPE","Spain","EUROPE",NA,"7e7575da-9d25-4e9f-88c6-851e913f9fe8",NA,"6f3ccc65-0a54-4e65-ae7e-13b92d618e7c","10/06/2003","410","Mequinenza; El Plá, entre Mequinenza y Caspe",NA,"2521417605",NA,"BC","7e7575da-9d25-4e9f-88c6-851e913f9fe8",NA,NA,"BC-874825","BC",NA,NA,NA,"Ferula loscosii Willk.",200,0,"S. Pyke",NA,"BC",NA,"Last label",NA,NA,NA,NA,NA,NA,NA,NA,NA,NA,NA,NA,NA,NA,NA,NA,NA,NA,NA,NA,NA,NA,NA,NA
"895315330","Ferula loscosii Willk.",39.58,-2.42,"cdc,gass84,colmafu,inmafu","834a4794-f762-11e1-a439-00145eb45e9a","8209258a-80e8-4094-aba2-a3febe5ed45b","2a3f6a56-7591-4f05-8c4c-a1bb77aa4ea6","6c4a0bb0-2a4d-11d8-aa2d-b8a03c50a862","ES","EML","2026-04-18T01:37:24.691+00:00","2026-04-24T10:27:14.362+00:00",375,"PRESERVED_SPECIMEN",NA,"PRESENT",6027025,6,7707728,220,1351,6720,3034682,6027025,6027025,"Ferula loscosii Willk.","Plantae","Tracheophyta","Apiales","Apiaceae","Ferula","Ferula loscosii","Ferula","loscosii","SPECIES","ACCEPTED",71,NA,NA,"EUROPE","Cuenca",2001,4,21,"2001-04-21",111,111,"2025-11-03T14:20:45.000+00:00","2026-04-24T10:27:14.362+00:00","http://creativecommons.org/licenses/by-nc/4.0/legalcode",FALSE,"67A3FC42-D4A4-41D0-B841-0F78FDAAA42A","none","none","c645b060-c130-45ee-97ab-b9fc94393523","6ceb64b5-0201-4a27-bcdb-8d62035e35d5",TRUE,"Colección de plantas vasculares del herbario de la Universitat de València (VAL)","V.J. Arán","Pliego","none","WGS84","Magnoliopsida","ES","none","none","EUROPE","Spain","EUROPE",NA,"67A3FC42-D4A4-41D0-B841-0F78FDAAA42A","laderas yesosas","https://www.gbif.org/publisher/8209258a-80e8-4094-aba2-a3febe5ed45b","21042001","391","Santa María del Campo Rus, Los Cerros","57-58-01d","895315330","es","VAL","67A3FC42-D4A4-41D0-B841-0F78FDAAA42A","PhysicalObject","in collection","119416-1","VAL",NA,NA,NA,"Ferula loscosii Willk.",840,0,"V.J. Arán & M.J. Tohá","Santa María del Campo Rus","VAL",NA,NA,NA,NA,NA,NA,NA,NA,NA,NA,NA,NA,NA,NA,NA,NA,NA,NA,NA,NA,NA,NA,NA,NA,NA,NA
"1936574917","Ferula loscosii Willk.",38.3883,-1.6272,"cdc,gass84,inmano","834c9918-f762-11e1-a439-00145eb45e9a","0363cbd4-f666-455e-8e86-0bbddcf51950","2a3f6a56-7591-4f05-8c4c-a1bb77aa4ea6","6c4a0bb0-2a4d-11d8-aa2d-b8a03c50a862","ES","EML","2026-04-18T01:37:27.366+00:00","2026-04-24T05:20:30.842+00:00",423,"PRESERVED_SPECIMEN",NA,"PRESENT",6027025,6,7707728,220,1351,6720,3034682,6027025,6027025,"Ferula loscosii Willk.","Plantae","Tracheophyta","Apiales","Apiaceae","Ferula","Ferula loscosii","Ferula","loscosii","SPECIES","ACCEPTED",NA,NA,NA,"EUROPE","Albacete",2001,4,30,"2001-04-30",120,120,NA,"2026-04-24T05:20:30.842+00:00","http://creativecommons.org/licenses/by-nc/4.0/legalcode",FALSE,"5647c035-20fe-11e3-9e2e-000c29035824","none","none",NA,NA,FALSE,NA,NA,NA,"none","WGS84","Magnoliopsida","ES","none","none","EUROPE","Spain","EUROPE",NA,"5647c035-20fe-11e3-9e2e-000c29035824",NA,"0363cbd4-f666-455e-8e86-0bbddcf51950","30042001","429","Hellín, Cancarix",NA,"1936574917","es","MA","5647c035-20fe-11e3-9e2e-000c29035824","Collection",NA,"MA-01-00650757","MA","MA",NA,NA,"Ferula loscosii Willk.",NA,NA,"P. Sánchez Gómez, J.B. Vera & M.A. Carrión Vilches",NA,"MA",NA,NA,NA,NA,NA,NA,NA,"17abcf75-2f1e-46dd-bf75-a5b21dd02655","834c9918-f762-11e1-a439-00145eb45e9a","MA-650757-1","6027025","c3d0d079-20fe-11e3-9e2e-000c29035824",NA,NA,NA,NA,NA,NA,NA,NA,NA,NA,NA,NA,NA,NA
"1936574940","Ferula loscosii Willk.",38.3348,-1.674,"cdc,gass84,inmano","834c9918-f762-11e1-a439-00145eb45e9a","0363cbd4-f666-455e-8e86-0bbddcf51950","2a3f6a56-7591-4f05-8c4c-a1bb77aa4ea6","6c4a0bb0-2a4d-11d8-aa2d-b8a03c50a862","ES","EML","2026-04-18T01:37:27.366+00:00","2026-04-24T05:20:30.720+00:00",423,"PRESERVED_SPECIMEN",NA,"PRESENT",6027025,6,7707728,220,1351,6720,3034682,6027025,6027025,"Ferula loscosii Willk.","Plantae","Tracheophyta","Apiales","Apiaceae","Ferula","Ferula loscosii","Ferula","loscosii","SPECIES","ACCEPTED",NA,NA,NA,"EUROPE","Albacete",2001,4,30,"2001-04-30",120,120,NA,"2026-04-24T05:20:30.720+00:00","http://creativecommons.org/licenses/by-nc/4.0/legalcode",FALSE,"5647bcef-20fe-11e3-9e2e-000c29035824","none","none",NA,NA,FALSE,NA,NA,NA,"none","WGS84","Magnoliopsida","ES","none","none","EUROPE","Spain","EUROPE",NA,"5647bcef-20fe-11e3-9e2e-000c29035824","Habitat: Albaidales y tomillares sobre gipsisoles","0363cbd4-f666-455e-8e86-0bbddcf51950","300401","429","Hellín, Las Minas",NA,"1936574940","es","MA","5647bcef-20fe-11e3-9e2e-000c29035824","Collection",NA,"MA-01-00650756","MA","MA",NA,NA,"Ferula loscosii Willk.",NA,NA,"P. Sánchez Gómez, J.B. Vera & M.A. Carrión Vilches",NA,"MA",NA,NA,NA,NA,NA,NA,NA,"17abcf75-2f1e-46dd-bf75-a5b21dd02655","834c9918-f762-11e1-a439-00145eb45e9a","MA-650756-1","6027025","c3d0cd77-20fe-11e3-9e2e-000c29035824",NA,NA,NA,NA,NA,NA,NA,NA,NA,NA,NA,NA,NA,NA
"1936581447","Ferula loscosii Willk.",39.5755,-2.4307,"cdc,gass84,inmano","834c9918-f762-11e1-a439-00145eb45e9a","0363cbd4-f666-455e-8e86-0bbddcf51950","2a3f6a56-7591-4f05-8c4c-a1bb77aa4ea6","6c4a0bb0-2a4d-11d8-aa2d-b8a03c50a862","ES","EML","2026-04-18T01:37:27.366+00:00","2026-04-24T05:20:32.466+00:00",423,"PRESERVED_SPECIMEN",NA,"PRESENT",6027025,6,7707728,220,1351,6720,3034682,6027025,6027025,"Ferula loscosii Willk.","Plantae","Tracheophyta","Apiales","Apiaceae","Ferula","Ferula loscosii","Ferula","loscosii","SPECIES","ACCEPTED",NA,NA,NA,"EUROPE","Cuenca",2001,4,21,"2001-04-21",111,111,NA,"2026-04-24T05:20:32.466+00:00","http://creativecommons.org/licenses/by-nc/4.0/legalcode",FALSE,"570c3e3e-20fe-11e3-9e2e-000c29035824","none","none",NA,NA,TRUE,NA,"V.J. Arán",NA,"none","WGS84","Magnoliopsida","ES","none","none","EUROPE","Spain","EUROPE",NA,"570c3e3e-20fe-11e3-9e2e-000c29035824","Habitat: Laderas yesosas","0363cbd4-f666-455e-8e86-0bbddcf51950","21042001","429","Santa María del Campo Rus, Los Cerros",NA,"1936581447","es","MA","570c3e3e-20fe-11e3-9e2e-000c29035824","Collection",NA,"MA-01-00657737","MA","MA",NA,NA,"Ferula loscosii Willk.",NA,NA,"V. J. Arán & M. J. Tohá",NA,"MA",NA,NA,"57-58-01d",NA,NA,NA,NA,"17abcf75-2f1e-46dd-bf75-a5b21dd02655","834c9918-f762-11e1-a439-00145eb45e9a","MA-657737-1","6027025","c4569c69-20fe-11e3-9e2e-000c29035824",NA,NA,NA,NA,NA,NA,NA,NA,NA,NA,NA,NA,NA,NA
"895315327","Ferula loscosii Willk.",39.59,-2.51,"cdc,gass84,colmafu,inmafu","834a4794-f762-11e1-a439-00145eb45e9a","8209258a-80e8-4094-aba2-a3febe5ed45b","2a3f6a56-7591-4f05-8c4c-a1bb77aa4ea6","6c4a0bb0-2a4d-11d8-aa2d-b8a03c50a862","ES","EML","2026-04-18T01:37:24.691+00:00","2026-04-24T10:27:29.371+00:00",375,"PRESERVED_SPECIMEN",NA,"PRESENT",6027025,6,7707728,220,1351,6720,3034682,6027025,6027025,"Ferula loscosii Willk.","Plantae","Tracheophyta","Apiales","Apiaceae","Ferula","Ferula loscosii","Ferula","loscosii","SPECIES","ACCEPTED",71,NA,NA,"EUROPE","Cuenca",2001,5,26,"2001-05-26",146,146,"2025-11-03T14:20:45.000+00:00","2026-04-24T10:27:29.371+00:00","http://creativecommons.org/licenses/by-nc/4.0/legalcode",FALSE,"A0F36EE0-2429-4AD2-BB43-B04075A2AA9A","none","none","c645b060-c130-45ee-97ab-b9fc94393523","6ceb64b5-0201-4a27-bcdb-8d62035e35d5",FALSE,"Colección de plantas vasculares del herbario de la Universitat de València (VAL)","V.J. Arán","Pliego","none","WGS84","Magnoliopsida","ES","none","none","EUROPE","Spain","EUROPE",NA,"A0F36EE0-2429-4AD2-BB43-B04075A2AA9A","laderas calcáreas con encinar y pinar joven de repoblación","https://www.gbif.org/publisher/8209258a-80e8-4094-aba2-a3febe5ed45b","26052001","391","Villar de la Encina, Las Covatillas","57-58-01e","895315327","es","VAL","A0F36EE0-2429-4AD2-BB43-B04075A2AA9A","PhysicalObject","in collection","119415-1","VAL",NA,NA,NA,"Ferula loscosii Willk.",830,0,"V.J. Arán & M.J. Tohá","Villar de la Encina","VAL",NA,NA,NA,NA,NA,NA,NA,NA,NA,NA,NA,NA,NA,NA,NA,NA,NA,NA,NA,NA,NA,NA,NA,NA,NA,NA
"1936574938","Ferula loscosii Willk.",38.3869,-1.5128,"cdc,gass84,inmano","834c9918-f762-11e1-a439-00145eb45e9a","0363cbd4-f666-455e-8e86-0bbddcf51950","2a3f6a56-7591-4f05-8c4c-a1bb77aa4ea6","6c4a0bb0-2a4d-11d8-aa2d-b8a03c50a862","ES","EML","2026-04-18T01:37:27.366+00:00","2026-04-24T05:20:31.451+00:00",423,"PRESERVED_SPECIMEN",NA,"PRESENT",6027025,6,7707728,220,1351,6720,3034682,6027025,6027025,"Ferula loscosii Willk.","Plantae","Tracheophyta","Apiales","Apiaceae","Ferula","Ferula loscosii","Ferula","loscosii","SPECIES","ACCEPTED",NA,NA,NA,"EUROPE","Murcia",2001,5,10,"2001-05-10",130,130,NA,"2026-04-24T05:20:31.451+00:00","http://creativecommons.org/licenses/by-nc/4.0/legalcode",FALSE,"5647c37e-20fe-11e3-9e2e-000c29035824","none","none",NA,NA,FALSE,NA,NA,NA,"none","WGS84","Magnoliopsida","ES","none","none","EUROPE","Spain","EUROPE",NA,"5647c37e-20fe-11e3-9e2e-000c29035824","Habitat: Espartizales sobre gipsisoles","0363cbd4-f666-455e-8e86-0bbddcf51950","10052001","429","Jumilla, La Celia",NA,"1936574938","es","MA","5647c37e-20fe-11e3-9e2e-000c29035824","Collection",NA,"MA-01-00650758","MA","MA",NA,NA,"Ferula loscosii Willk.",NA,NA,"P. Sánchez Gómez, A. Hernández,  J.B. Vera & M.A.",NA,"MA",NA,NA,NA,NA,NA,NA,NA,"17abcf75-2f1e-46dd-bf75-a5b21dd02655","834c9918-f762-11e1-a439-00145eb45e9a","MA-650758-1","6027025","c3d0d377-20fe-11e3-9e2e-000c29035824",NA,NA,NA,NA,NA,NA,NA,NA,NA,NA,NA,NA,NA,NA
"1936581465","Ferula loscosii Willk.",39.5488,-2.5241,"cdc,gass84,inmano","834c9918-f762-11e1-a439-00145eb45e9a","0363cbd4-f666-455e-8e86-0bbddcf51950","2a3f6a56-7591-4f05-8c4c-a1bb77aa4ea6","6c4a0bb0-2a4d-11d8-aa2d-b8a03c50a862","ES","EML","2026-04-18T01:37:27.366+00:00","2026-04-24T05:20:32.191+00:00",423,"PRESERVED_SPECIMEN",NA,"PRESENT",6027025,6,7707728,220,1351,6720,3034682,6027025,6027025,"Ferula loscosii Willk.","Plantae","Tracheophyta","Apiales","Apiaceae","Ferula","Ferula loscosii","Ferula","loscosii","SPECIES","ACCEPTED",NA,NA,NA,"EUROPE","Cuenca",2001,5,26,"2001-05-26",146,146,NA,"2026-04-24T05:20:32.191+00:00","http://creativecommons.org/licenses/by-nc/4.0/legalcode",FALSE,"570c3934-20fe-11e3-9e2e-000c29035824","none","none",NA,NA,FALSE,NA,"V.J. Arán",NA,"none","WGS84","Magnoliopsida","ES","none","none","EUROPE","Spain","EUROPE",NA,"570c3934-20fe-11e3-9e2e-000c29035824","Habitat: Laderas calcáreas con encinar y pinar joven de repoblación","0363cbd4-f666-455e-8e86-0bbddcf51950","26052001","429","Villar de la Encina, Las Covatillas",NA,"1936581465","es","MA","570c3934-20fe-11e3-9e2e-000c29035824","Collection",NA,"MA-01-00657736","MA","MA",NA,NA,"Ferula loscosii Willk.",NA,NA,"V. J. Arán & M. J. Tohá",NA,"MA",NA,NA,"57-58-01e",NA,NA,NA,NA,"17abcf75-2f1e-46dd-bf75-a5b21dd02655","834c9918-f762-11e1-a439-00145eb45e9a","MA-657736-1","6027025","c4569967-20fe-11e3-9e2e-000c29035824",NA,NA,NA,NA,NA,NA,NA,NA,NA,NA,NA,NA,NA,NA
"1050635067","Ferula loscosii Willk.",39.58,-2.42,"cdc,gass84,mdativ,cdpi,osiic,colmano,inmafu","9f6f3c1c-b8b2-4d1d-be3e-36217e1cb9b8","4c91866b-3c2e-4568-aca0-3ab0a1c1a45e","2a3f6a56-7591-4f05-8c4c-a1bb77aa4ea6","6c4a0bb0-2a4d-11d8-aa2d-b8a03c50a862","ES","EML","2026-04-17T17:25:51.802+00:00","2026-04-24T02:23:00.955+00:00",432,"PRESERVED_SPECIMEN",1,"PRESENT",6027025,6,7707728,220,1351,6720,3034682,6027025,6027025,"Ferula loscosii Willk.","Plantae","Tracheophyta","Apiales","Apiaceae","Ferula","Ferula loscosii","Ferula","loscosii","SPECIES","ACCEPTED",NA,NA,NA,"EUROPE","Cuenca",2001,6,30,"2001-06-30",181,181,NA,"2026-04-24T02:23:00.955+00:00","http://creativecommons.org/licenses/by-nc/4.0/legalcode",FALSE,"VIT:VIT-Vasculares:71417-1","none","none","a4c92107-b55e-433c-8db1-6c0dfe31eace",NA,FALSE,NA,NA,"Herbarium specimen","none","WGS84","Magnoliopsida","ES","none","none","EUROPE","Spain","EUROPE",NA,"VIT:VIT-Vasculares:71417-1",NA,NA,NA,"438","Santa María del Campo Rus; Los Cerros",NA,"1050635067",NA,"VIT-Vasculares","VIT:VIT-Vasculares:71417-1",NA,NA,"71417-1","VIT",NA,"Intercambio MA (2003); Laderas yesosas",NA,"Ferula loscosii Willk.",842.5,2.5,"V.J. ARAN & M.J. TOHA",NA,NA,NA,NA,NA,NA,NA,NA,NA,NA,NA,NA,NA,NA,NA,NA,NA,NA,NA,NA,NA,NA,NA,NA,NA,NA,NA,NA
"30932887","Ferula loscosii Willk.",39.58,-2.42,"cdc,gass84,colmafu,inmafu","835613da-f762-11e1-a439-00145eb45e9a","a7ae8a07-cb3f-42e6-8f4e-22868f8cdb27","2a3f6a56-7591-4f05-8c4c-a1bb77aa4ea6","6c4a0bb0-2a4d-11d8-aa2d-b8a03c50a862","ES","EML","2026-04-18T01:37:25.210+00:00","2026-04-29T14:10:56.266+00:00",344,"PRESERVED_SPECIMEN",NA,"PRESENT",6027025,6,7707728,220,1351,6720,3034682,6027025,6027025,"Ferula loscosii Willk.","Plantae","Tracheophyta","Apiales","Apiaceae","Ferula","Ferula loscosii","Ferula","loscosii","SPECIES","ACCEPTED",707,NA,NA,"EUROPE","Cuenca",2000,5,6,"2000-05-06",127,127,"2004-03-02T10:57:37.000+00:00","2026-04-29T14:10:56.266+00:00","http://creativecommons.org/licenses/by-nc/4.0/legalcode",FALSE,"884A08C7-51CB-424A-8C41-9F8884FDA189","none","none","80a05c0a-8097-45ea-9554-004144d588a3","b33fcd4a-da2d-4e10-869a-6dfb9d6effc0",TRUE,"Herbario de la Facultad de Farmacia de la Universidad Complutense de Madrid (MAF)","V.J. Arán",NA,"none","WGS84","Magnoliopsida","ES","none","none","EUROPE","Spain","EUROPE",NA,"884A08C7-51CB-424A-8C41-9F8884FDA189","laderas yesosas",NA,"6- 5-2000","350","Santa María del Campo Rus, Los Cerros",NA,"30932887","es","MAF","884A08C7-51CB-424A-8C41-9F8884FDA189","PhysicalObject",NA,"159349-1","MAF",NA,NA,NA,"Ferula loscosii Willk.",840,0,"V.J. Arán & M.J. Tohá",NA,"MAF",NA,NA,NA,NA,NA,"MAF",NA,NA,NA,NA,NA,NA,NA,NA,NA,NA,NA,NA,NA,NA,NA,NA,NA,NA,NA,NA
"895315267","Ferula loscosii Willk.",39.58,-2.42,"cdc,gass84,colmafu,inmafu","834a4794-f762-11e1-a439-00145eb45e9a","8209258a-80e8-4094-aba2-a3febe5ed45b","2a3f6a56-7591-4f05-8c4c-a1bb77aa4ea6","6c4a0bb0-2a4d-11d8-aa2d-b8a03c50a862","ES","EML","2026-04-18T01:37:24.691+00:00","2026-04-24T10:27:30.526+00:00",375,"PRESERVED_SPECIMEN",NA,"PRESENT",6027025,6,7707728,220,1351,6720,3034682,6027025,6027025,"Ferula loscosii Willk.","Plantae","Tracheophyta","Apiales","Apiaceae","Ferula","Ferula loscosii","Ferula","loscosii","SPECIES","ACCEPTED",71,NA,NA,"EUROPE","Cuenca",2000,5,6,"2000-05-06",127,127,"2025-11-03T14:20:45.000+00:00","2026-04-24T10:27:30.526+00:00","http://creativecommons.org/licenses/by-nc/4.0/legalcode",FALSE,"9DC52644-54FB-4E35-81F8-09952ED96BD2","none","none","c645b060-c130-45ee-97ab-b9fc94393523","6ceb64b5-0201-4a27-bcdb-8d62035e35d5",TRUE,"Colección de plantas vasculares del herbario de la Universitat de València (VAL)","V.J. Arán","Pliego","none","WGS84","Magnoliopsida","ES","none","none","EUROPE","Spain","EUROPE",NA,"9DC52644-54FB-4E35-81F8-09952ED96BD2","laderas yesosas","https://www.gbif.org/publisher/8209258a-80e8-4094-aba2-a3febe5ed45b","06052000","391","Santa María del Campo Rus, Los Cerros",NA,"895315267","es","VAL","9DC52644-54FB-4E35-81F8-09952ED96BD2","PhysicalObject","in collection","118210-1","VAL",NA,NA,NA,"Ferula loscosii Willk.",840,0,"V.J. Arán & M.J. Tohá","Santa María del Campo Rus","VAL",NA,NA,NA,NA,NA,NA,NA,NA,NA,NA,NA,NA,NA,NA,NA,NA,NA,NA,NA,NA,NA,NA,NA,NA,NA,NA
"1936572275","Ferula loscosii Willk.",39.5755,-2.4307,"cdc,gass84,inmano","834c9918-f762-11e1-a439-00145eb45e9a","0363cbd4-f666-455e-8e86-0bbddcf51950","2a3f6a56-7591-4f05-8c4c-a1bb77aa4ea6","6c4a0bb0-2a4d-11d8-aa2d-b8a03c50a862","ES","EML","2026-04-18T01:37:27.366+00:00","2026-04-24T05:21:21.812+00:00",423,"PRESERVED_SPECIMEN",NA,"PRESENT",6027025,6,7707728,220,1351,6720,3034682,6027025,6027025,"Ferula loscosii Willk.","Plantae","Tracheophyta","Apiales","Apiaceae","Ferula","Ferula loscosii","Ferula","loscosii","SPECIES","ACCEPTED",NA,NA,NA,"EUROPE","Cuenca",2000,5,6,"2000-05-06",127,127,NA,"2026-04-24T05:21:21.812+00:00","http://creativecommons.org/licenses/by-nc/4.0/legalcode",FALSE,"5610461b-20fe-11e3-9e2e-000c29035824","none","none",NA,NA,FALSE,NA,"V.J. Arán",NA,"none","WGS84","Magnoliopsida","ES","none","none","EUROPE","Spain","EUROPE",NA,"5610461b-20fe-11e3-9e2e-000c29035824","Habitat: Laderas yesosas","0363cbd4-f666-455e-8e86-0bbddcf51950","06052000","429","Santa María del Campo Rus, Los Cerros",NA,"1936572275","es","MA","5610461b-20fe-11e3-9e2e-000c29035824","Collection",NA,"MA-01-00648107","MA","MA",NA,NA,"Ferula loscosii Willk.",NA,NA,"V. J. Arán & M. J. Tohá",NA,"MA",NA,NA,"57-58-01a",NA,NA,NA,NA,"17abcf75-2f1e-46dd-bf75-a5b21dd02655","834c9918-f762-11e1-a439-00145eb45e9a","MA-648107-1","6027025","c39e54c3-20fe-11e3-9e2e-000c29035824",NA,NA,NA,NA,NA,NA,NA,NA,NA,NA,NA,NA,NA,NA
"1936572633","Ferula loscosii Willk.",39.3682,-2.4324,"cdc,gass84,txmatfuz,inmano","834c9918-f762-11e1-a439-00145eb45e9a","0363cbd4-f666-455e-8e86-0bbddcf51950","2a3f6a56-7591-4f05-8c4c-a1bb77aa4ea6","6c4a0bb0-2a4d-11d8-aa2d-b8a03c50a862","ES","EML","2026-04-18T01:37:27.366+00:00","2026-04-24T05:20:30.848+00:00",423,"PRESERVED_SPECIMEN",NA,"PRESENT",6027025,6,7707728,220,1351,6720,3034682,6027025,6027025,"Ferula loscosii Willk.","Plantae","Tracheophyta","Apiales","Apiaceae","Ferula","Ferula loscosii","Ferula","loscosii","SPECIES","ACCEPTED",NA,NA,NA,"EUROPE","Cuenca",2000,7,8,"2000-07-08",190,190,NA,"2026-04-24T05:20:30.848+00:00","http://creativecommons.org/licenses/by-nc/4.0/legalcode",FALSE,"560fe2ee-20fe-11e3-9e2e-000c29035824","none","none",NA,NA,FALSE,NA,"V.J. Arán",NA,"none","WGS84","Magnoliopsida","ES","none","none","EUROPE","Spain","EUROPE",NA,"560fe2ee-20fe-11e3-9e2e-000c29035824","Habitat: Laderas yesosas","0363cbd4-f666-455e-8e86-0bbddcf51950","08072000","429","Santa María del Campo Rus. Los Cerros",NA,"1936572633","es","MA","560fe2ee-20fe-11e3-9e2e-000c29035824","Collection",NA,"MA-01-00648093","MA","MA",NA,NA,"Ferula loscosii Willk.",NA,NA,"V. J. Arán & M. J. Tohá",NA,"MA",NA,NA,"57-58-01b",NA,NA,NA,NA,"17abcf75-2f1e-46dd-bf75-a5b21dd02655","834c9918-f762-11e1-a439-00145eb45e9a","MA-648093-1","6027025","c39e2a80-20fe-11e3-9e2e-000c29035824",NA,NA,NA,NA,NA,NA,NA,NA,NA,NA,NA,NA,NA,NA
"1936549310","Ferula loscosii Willk.",41.4053,0.1037,"cdc,gass84,inmano","834c9918-f762-11e1-a439-00145eb45e9a","0363cbd4-f666-455e-8e86-0bbddcf51950","2a3f6a56-7591-4f05-8c4c-a1bb77aa4ea6","6c4a0bb0-2a4d-11d8-aa2d-b8a03c50a862","ES","EML","2026-04-18T01:37:27.366+00:00","2026-04-24T05:20:27.476+00:00",423,"PRESERVED_SPECIMEN",NA,"PRESENT",6027025,6,7707728,220,1351,6720,3034682,6027025,6027025,"Ferula loscosii Willk.","Plantae","Tracheophyta","Apiales","Apiaceae","Ferula","Ferula loscosii","Ferula","loscosii","SPECIES","ACCEPTED",NA,NA,NA,"EUROPE","Huesca",1999,4,2,"1999-04-02",92,92,NA,"2026-04-24T05:20:27.476+00:00","http://creativecommons.org/licenses/by-nc/4.0/legalcode",FALSE,"53b1b6a4-20fe-11e3-9e2e-000c29035824","none","none",NA,NA,FALSE,NA,NA,NA,"none","WGS84","Magnoliopsida","ES","none","none","EUROPE","Spain","EUROPE",NA,"53b1b6a4-20fe-11e3-9e2e-000c29035824",NA,"0363cbd4-f666-455e-8e86-0bbddcf51950","02-04-1999","429","Fraga, barranco de la Valcuerna",NA,"1936549310","es","MA","53b1b6a4-20fe-11e3-9e2e-000c29035824","Collection",NA,"MA-01-00624828","MA","MA",NA,NA,"Ferula loscosii Willk.",NA,NA,"Mario Sanz Elorza",NA,"MA",NA,NA,NA,NA,NA,NA,NA,"17abcf75-2f1e-46dd-bf75-a5b21dd02655","834c9918-f762-11e1-a439-00145eb45e9a","MA-624828-1","6027025","c1cbc21c-20fe-11e3-9e2e-000c29035824",NA,NA,NA,NA,NA,NA,NA,NA,NA,NA,NA,NA,NA,NA
"1936549876","Ferula loscosii Willk.",41.4053,0.1037,"cdc,gass84,inmano","834c9918-f762-11e1-a439-00145eb45e9a","0363cbd4-f666-455e-8e86-0bbddcf51950","2a3f6a56-7591-4f05-8c4c-a1bb77aa4ea6","6c4a0bb0-2a4d-11d8-aa2d-b8a03c50a862","ES","EML","2026-04-18T01:37:27.366+00:00","2026-04-24T05:20:27.686+00:00",423,"PRESERVED_SPECIMEN",NA,"PRESENT",6027025,6,7707728,220,1351,6720,3034682,6027025,6027025,"Ferula loscosii Willk.","Plantae","Tracheophyta","Apiales","Apiaceae","Ferula","Ferula loscosii","Ferula","loscosii","SPECIES","ACCEPTED",NA,NA,NA,"EUROPE","Huesca",1999,4,2,"1999-04-02",92,92,NA,"2026-04-24T05:20:27.686+00:00","http://creativecommons.org/licenses/by-nc/4.0/legalcode",FALSE,"53b1a17f-20fe-11e3-9e2e-000c29035824","none","none",NA,NA,FALSE,NA,NA,NA,"none","WGS84","Magnoliopsida","ES","none","none","EUROPE","Spain","EUROPE",NA,"53b1a17f-20fe-11e3-9e2e-000c29035824",NA,"0363cbd4-f666-455e-8e86-0bbddcf51950","02-04-1999","429","Fraga, barranco de la Valcuerna",NA,"1936549876","es","MA","53b1a17f-20fe-11e3-9e2e-000c29035824","Collection",NA,"MA-01-00624825","MA","MA",NA,NA,"Ferula loscosii Willk.",NA,NA,"Mario Sanz Elorza",NA,"MA",NA,NA,NA,NA,NA,NA,NA,"17abcf75-2f1e-46dd-bf75-a5b21dd02655","834c9918-f762-11e1-a439-00145eb45e9a","MA-624825-1","6027025","c1cbb8fb-20fe-11e3-9e2e-000c29035824",NA,NA,NA,NA,NA,NA,NA,NA,NA,NA,NA,NA,NA,NA
"2521381240","Ferula loscosii Willk.",41.421,0.11,"gass84,inmano","838475f4-f762-11e1-a439-00145eb45e9a","6f3ccc65-0a54-4e65-ae7e-13b92d618e7c","2a3f6a56-7591-4f05-8c4c-a1bb77aa4ea6","6c4a0bb0-2a4d-11d8-aa2d-b8a03c50a862","ES","EML","2026-05-14T18:31:27.870+00:00","2026-05-19T13:30:17.031+00:00",396,"PRESERVED_SPECIMEN",NA,"PRESENT",6027025,6,7707728,220,1351,6720,3034682,6027025,6027025,"Ferula loscosii Willk.","Plantae","Tracheophyta","Apiales","Apiaceae","Ferula","Ferula loscosii","Ferula","loscosii","SPECIES","ACCEPTED",707.11,NA,NA,"EUROPE","Huesca",1997,5,31,"1997-05-31",151,151,"2017-10-19T00:00:00.000+00:00","2026-05-19T13:30:17.031+00:00","http://creativecommons.org/licenses/by-nc/4.0/legalcode",FALSE,"7aacd9c6-6ef8-4e96-87a4-c217bb618466","none","none",NA,NA,FALSE,"Institut Botànic de Barcelona (CSIC-CMCNB) – BC",NA,"Herbarium specimen","none","WGS84","Magnoliopsida","ES","none","none","EUROPE","Spain","EUROPE",NA,"7aacd9c6-6ef8-4e96-87a4-c217bb618466","margas yesíferas","6f3ccc65-0a54-4e65-ae7e-13b92d618e7c","31/05/1997","410","Fraga; Fraga, Barranco de Valcuerna, vedado de Fraga",NA,"2521381240",NA,"BC","7aacd9c6-6ef8-4e96-87a4-c217bb618466",NA,NA,"BC-874828","BC",NA,NA,NA,"Ferula loscosii Willk.",200,0,"S. Pyke",NA,"BC",NA,"Last label. Notes: =Elaeoselinum loscosii",NA,NA,NA,NA,NA,NA,NA,NA,NA,NA,NA,NA,NA,NA,NA,NA,NA,NA,NA,NA,NA,NA,NA,NA
"2521426858","Ferula loscosii Willk.",41.482,0.024,"gass84,rdativ,inmano","838475f4-f762-11e1-a439-00145eb45e9a","6f3ccc65-0a54-4e65-ae7e-13b92d618e7c","2a3f6a56-7591-4f05-8c4c-a1bb77aa4ea6","6c4a0bb0-2a4d-11d8-aa2d-b8a03c50a862","ES","EML","2026-05-14T18:31:27.870+00:00","2026-05-19T13:30:28.239+00:00",396,"PRESERVED_SPECIMEN",NA,"PRESENT",6027025,6,7707728,220,1351,6720,3034682,6027025,6027025,"Ferula loscosii Willk.","Plantae","Tracheophyta","Apiales","Apiaceae","Ferula","Ferula loscosii","Ferula","loscosii","SPECIES","ACCEPTED",707.11,NA,NA,"EUROPE","Huesca",1996,7,12,"1996-07-12",194,194,"2017-10-19T00:00:00.000+00:00","2026-05-19T13:30:28.239+00:00","http://creativecommons.org/licenses/by-nc/4.0/legalcode",FALSE,"af99e990-e7a9-4953-a533-2777866f542e","none","none",NA,NA,FALSE,"Institut Botànic de Barcelona (CSIC-CMCNB) – BC",NA,"Herbarium specimen","none","WGS84","Magnoliopsida","ES","none","none","EUROPE","Spain","EUROPE",NA,"af99e990-e7a9-4953-a533-2777866f542e","con Boleum asperum","6f3ccc65-0a54-4e65-ae7e-13b92d618e7c","12/07/1996","410","Candasnos; Candasnos",NA,"2521426858",NA,"BC","af99e990-e7a9-4953-a533-2777866f542e",NA,NA,"BC-874826","BC",NA,NA,NA,"Ferula loscosii Willk.",240,0,"S. Pyke",NA,"BC",NA,"Last label",NA,NA,NA,NA,NA,NA,NA,NA,NA,NA,NA,NA,NA,NA,NA,NA,NA,NA,NA,NA,NA,NA,NA,NA
"6177421507","Ferula loscosii Willk.",41.421,0.11,"gass84,inmano","5cd69318-9c4e-4577-b446-81fe0040c41b","6f3ccc65-0a54-4e65-ae7e-13b92d618e7c","2a3f6a56-7591-4f05-8c4c-a1bb77aa4ea6","6c4a0bb0-2a4d-11d8-aa2d-b8a03c50a862","ES","EML","2026-04-16T14:29:55.804+00:00","2026-04-24T10:11:55.141+00:00",1,"PRESERVED_SPECIMEN",NA,"PRESENT",6027025,6,7707728,220,1351,6720,3034682,6027025,6027025,"Ferula loscosii Willk.","Plantae","Tracheophyta","Apiales","Apiaceae","Ferula","Ferula loscosii","Ferula","loscosii","SPECIES","ACCEPTED",707.11,NA,NA,"EUROPE","Huesca",1995,8,29,"1995-08-29",241,241,"2013-08-08T00:00:00.000+00:00","2026-04-24T10:11:55.141+00:00","http://creativecommons.org/licenses/by-nc/4.0/legalcode",FALSE,"6B2072AD-8C51-486E-0A32-9BBF52AFB883","none","none",NA,NA,FALSE,"Institut Botànic de Barcelona (CSIC-CMCNB) – BC-Espermoteca",NA,"Herbarium specimen","none","WGS84","Magnoliopsida","ES","none","none","EUROPE","Spain","EUROPE",NA,"6B2072AD-8C51-486E-0A32-9BBF52AFB883",NA,"6f3ccc65-0a54-4e65-ae7e-13b92d618e7c","29/08/1995","5","Candasnos, Peñalba",NA,"6177421507",NA,"BC-Espermoteca","6B2072AD-8C51-486E-0A32-9BBF52AFB883",NA,NA,"BC-Espermoteca-909586","BC",NA,NA,NA,"Ferula loscosii Willk.",NA,NA,"S. Pyke",NA,NA,NA,"Last label",NA,NA,NA,NA,NA,NA,"doi:10.15470/5dzioe",NA,NA,NA,NA,NA,NA,NA,NA,NA,NA,NA,NA,NA,NA,NA,NA,NA
"2521394819","Ferula loscosii Willk.",41.455,0.049,"gass84,rdativ,inmano","838475f4-f762-11e1-a439-00145eb45e9a","6f3ccc65-0a54-4e65-ae7e-13b92d618e7c","2a3f6a56-7591-4f05-8c4c-a1bb77aa4ea6","6c4a0bb0-2a4d-11d8-aa2d-b8a03c50a862","ES","EML","2026-05-14T18:31:27.870+00:00","2026-05-19T13:30:17.202+00:00",396,"PRESERVED_SPECIMEN",NA,"PRESENT",6027025,6,7707728,220,1351,6720,3034682,6027025,6027025,"Ferula loscosii Willk.","Plantae","Tracheophyta","Apiales","Apiaceae","Ferula","Ferula loscosii","Ferula","loscosii","SPECIES","ACCEPTED",707.11,NA,NA,"EUROPE","Huesca",1994,6,11,"1994-06-11",162,162,"2017-10-19T00:00:00.000+00:00","2026-05-19T13:30:17.202+00:00","http://creativecommons.org/licenses/by-nc/4.0/legalcode",FALSE,"bc7faaf8-619e-4b7d-ba3b-64e634f83fca","none","none",NA,NA,FALSE,"Institut Botànic de Barcelona (CSIC-CMCNB) – BC",NA,"Herbarium specimen","none","WGS84","Magnoliopsida","ES","none","none","EUROPE","Spain","EUROPE",NA,"bc7faaf8-619e-4b7d-ba3b-64e634f83fca","sobre yesos y margas","6f3ccc65-0a54-4e65-ae7e-13b92d618e7c","11/06/1994","410","Fraga; Fraga, Valcuerna",NA,"2521394819",NA,"BC","bc7faaf8-619e-4b7d-ba3b-64e634f83fca",NA,NA,"BC-874829","BC",NA,NA,NA,"Ferula loscosii Willk.",200,0,"S. Pyke",NA,"BC",NA,"Last label. Notes: =Elaeoselinum loscosii",NA,NA,NA,NA,NA,NA,NA,NA,NA,NA,NA,NA,NA,NA,NA,NA,NA,NA,NA,NA,NA,NA,NA,NA
"6177421660","Ferula loscosii Willk.",41.455,0.049,"gass84,inmano","5cd69318-9c4e-4577-b446-81fe0040c41b","6f3ccc65-0a54-4e65-ae7e-13b92d618e7c","2a3f6a56-7591-4f05-8c4c-a1bb77aa4ea6","6c4a0bb0-2a4d-11d8-aa2d-b8a03c50a862","ES","EML","2026-04-16T14:29:55.804+00:00","2026-04-24T10:11:55.591+00:00",1,"PRESERVED_SPECIMEN",NA,"PRESENT",6027025,6,7707728,220,1351,6720,3034682,6027025,6027025,"Ferula loscosii Willk.","Plantae","Tracheophyta","Apiales","Apiaceae","Ferula","Ferula loscosii","Ferula","loscosii","SPECIES","ACCEPTED",707.11,NA,NA,"EUROPE","Huesca",1994,6,NA,"1994-06",NA,NA,"2013-08-08T00:00:00.000+00:00","2026-04-24T10:11:55.591+00:00","http://creativecommons.org/licenses/by-nc/4.0/legalcode",FALSE,"6ACBFAB7-3C32-459A-AFD6-00F149C0C59D","none","none",NA,NA,FALSE,"Institut Botànic de Barcelona (CSIC-CMCNB) – BC-Espermoteca",NA,"Herbarium specimen","none","WGS84","Magnoliopsida","ES","none","none","EUROPE","Spain","EUROPE",NA,"6ACBFAB7-3C32-459A-AFD6-00F149C0C59D",NA,"6f3ccc65-0a54-4e65-ae7e-13b92d618e7c","00/06/1994","5","Valcuerna",NA,"6177421660",NA,"BC-Espermoteca","6ACBFAB7-3C32-459A-AFD6-00F149C0C59D",NA,NA,"BC-Espermoteca-909584","BC",NA,"Llavors del plec d'herbari 874829.",NA,"Ferula loscosii Willk.",200,0,"S. Pyke",NA,NA,NA,"Last label",NA,NA,NA,NA,NA,NA,"doi:10.15470/5dzioe",NA,NA,NA,NA,NA,NA,NA,NA,NA,NA,NA,NA,NA,NA,NA,NA,NA
"1439646070","Ferula loscosii Willk.",41.58,0.9,"cdc,gass84,cdpi,inmano","dbc709b9-e36e-4dd7-ab5b-c3cb08c2779d","ecb9d4a0-9e99-4ce7-b571-925a963a4d32","2a3f6a56-7591-4f05-8c4c-a1bb77aa4ea6","6c4a0bb0-2a4d-11d8-aa2d-b8a03c50a862","ES","EML","2026-04-16T12:25:55.025+00:00","2026-04-24T09:47:01.330+00:00",415,"PRESERVED_SPECIMEN",NA,"PRESENT",6027025,6,7707728,220,1351,6720,3034682,6027025,6027025,"Ferula loscosii Willk.","Plantae","Tracheophyta","Apiales","Apiaceae","Ferula","Ferula loscosii","Ferula","loscosii","SPECIES","ACCEPTED",NA,NA,NA,"EUROPE","Lleida",1990,6,3,"1990-06-03",154,154,NA,"2026-04-24T09:47:01.330+00:00","http://creativecommons.org/licenses/by/4.0/legalcode",FALSE,"f922624b-c37c-11e6-9598-0800200c9a66","none","none",NA,NA,TRUE,NA,NA,NA,"none","WGS84","Magnoliopsida","ES","none","none","EUROPE","Spain","EUROPE",NA,"f922624b-c37c-11e6-9598-0800200c9a66","brolla esclarissada",NA,NA,"421","Tossal Gros. Arbeca. Les Garrigues","864","1439646070",NA,"threatenedCAT","f922624b-c37c-11e6-9598-0800200c9a66",NA,NA,"BCN-128614","threatenedCAT","BCN",NA,NA,"Ferula loscosii Willk.",330,0,"Sànchez Cuxart, Antoni",NA,NA,"Herbari Antoni Sànchez Cuxart",NA,NA,NA,NA,NA,NA,NA,NA,NA,NA,NA,"iucnStatus: vu","{""percentNN"":0.7611,""countNN"":137,""distanceNN"":0.09}","Ferula loscosii (Lange) Willk.",NA,NA,NA,NA,NA,NA,NA,NA,NA,NA,NA
"1439646080","Ferula loscosii Willk.",41.84,0.65,"cdc,gass84,cdpi,inmano","dbc709b9-e36e-4dd7-ab5b-c3cb08c2779d","ecb9d4a0-9e99-4ce7-b571-925a963a4d32","2a3f6a56-7591-4f05-8c4c-a1bb77aa4ea6","6c4a0bb0-2a4d-11d8-aa2d-b8a03c50a862","ES","EML","2026-04-16T12:25:55.025+00:00","2026-04-24T09:46:58.419+00:00",415,"PRESERVED_SPECIMEN",NA,"PRESENT",6027025,6,7707728,220,1351,6720,3034682,6027025,6027025,"Ferula loscosii Willk.","Plantae","Tracheophyta","Apiales","Apiaceae","Ferula","Ferula loscosii","Ferula","loscosii","SPECIES","ACCEPTED",NA,NA,NA,"EUROPE","Lleida",1990,6,3,"1990-06-03",154,154,NA,"2026-04-24T09:46:58.419+00:00","http://creativecommons.org/licenses/by/4.0/legalcode",FALSE,"f922624a-c37c-11e6-9598-0800200c9a66","none","none",NA,NA,TRUE,NA,NA,NA,"none","WGS84","Magnoliopsida","ES","none","none","EUROPE","Spain","EUROPE",NA,"f922624a-c37c-11e6-9598-0800200c9a66","turó guixenc",NA,NA,"421","Serra Llarga, sobre la Plana de Dalt. Castelló de Farfanya. La Noguera","867bis","1439646080",NA,"threatenedCAT","f922624a-c37c-11e6-9598-0800200c9a66",NA,NA,"BCN-128612","threatenedCAT","BCN",NA,NA,"Ferula loscosii Willk.",340,0,"Sànchez Cuxart, Antoni",NA,NA,"Herbari Antoni Sànchez Cuxart",NA,NA,NA,NA,NA,NA,NA,NA,NA,NA,NA,"iucnStatus: vu","{""percentNN"":0.7611,""countNN"":137,""distanceNN"":0.09}","Ferula loscosii (Lange) Willk.",NA,NA,NA,NA,NA,NA,NA,NA,NA,NA,NA
"3033666371","Ferula loscosii Willk.",41.84,0.65,"cdc,gass84,mdativ,colmano,inmafu","834f1756-f762-11e1-a439-00145eb45e9a","cb202839-87c6-456a-821c-dc5b268a200f","2a3f6a56-7591-4f05-8c4c-a1bb77aa4ea6","6c4a0bb0-2a4d-11d8-aa2d-b8a03c50a862","ES","EML","2026-04-18T01:36:55.261+00:00","2026-04-23T23:49:25.054+00:00",326,"PRESERVED_SPECIMEN",NA,"PRESENT",6027025,6,7707728,220,1351,6720,3034682,6027025,6027025,"Ferula loscosii Willk.","Plantae","Tracheophyta","Apiales","Apiaceae","Ferula","Ferula loscosii","Ferula","loscosii","SPECIES","ACCEPTED",7071,NA,NA,"EUROPE","Lleida",1990,6,3,"1990-06-03",154,154,NA,"2026-04-23T23:49:25.054+00:00","http://creativecommons.org/licenses/by-nc/4.0/legalcode",FALSE,"BCN 128612","none","none","5db0342e-533f-461c-a97e-0ec9dc79a95c",NA,TRUE,"Col·lecció de Cormòfits de l'herbari BCN",NA,NA,"none","WGS84","Magnoliopsida","ES","none","none","EUROPE","Spain","EUROPE","CRAI CeDocBiV - Universitat de Barcelona","BCN 128612","turó guixenc",NA,NA,"350","Serra Llarga, sobre la Plana de Dalt. Castelló de Farfanya",NA,"3033666371",NA,"Corm","BCN 128612",NA,NA,"128612","BCN","UB",NA,NA,"Ferula loscosii Willk.",340,0,"Sànchez Cuxart, Antoni","Castelló de Farfanya","BCN-Cormophyta",NA,NA,NA,NA,NA,NA,NA,NA,NA,NA,NA,NA,NA,NA,"Ferula loscosii (Lange) Willk.","La Noguera","124460",NA,NA,NA,NA,NA,NA,NA,NA,NA
"3033674396","Ferula loscosii Willk.",41.58,0.9,"cdc,gass84,mdativ,colmano,inmafu","834f1756-f762-11e1-a439-00145eb45e9a","cb202839-87c6-456a-821c-dc5b268a200f","2a3f6a56-7591-4f05-8c4c-a1bb77aa4ea6","6c4a0bb0-2a4d-11d8-aa2d-b8a03c50a862","ES","EML","2026-04-18T01:36:55.261+00:00","2026-04-23T23:47:27.229+00:00",326,"PRESERVED_SPECIMEN",NA,"PRESENT",6027025,6,7707728,220,1351,6720,3034682,6027025,6027025,"Ferula loscosii Willk.","Plantae","Tracheophyta","Apiales","Apiaceae","Ferula","Ferula loscosii","Ferula","loscosii","SPECIES","ACCEPTED",7071,NA,NA,"EUROPE","Lleida",1990,6,3,"1990-06-03",154,154,NA,"2026-04-23T23:47:27.229+00:00","http://creativecommons.org/licenses/by-nc/4.0/legalcode",FALSE,"BCN 128614","none","none","5db0342e-533f-461c-a97e-0ec9dc79a95c",NA,TRUE,"Col·lecció de Cormòfits de l'herbari BCN",NA,NA,"none","WGS84","Magnoliopsida","ES","none","none","EUROPE","Spain","EUROPE","CRAI CeDocBiV - Universitat de Barcelona","BCN 128614","brolla esclarissada",NA,NA,"350","Tossal Gros, Arbeca",NA,"3033674396",NA,"Corm","BCN 128614",NA,NA,"128614","BCN","UB",NA,NA,"Ferula loscosii Willk.",330,0,"Sànchez Cuxart, Antoni","Arbeca","BCN-Cormophyta",NA,NA,NA,NA,NA,NA,NA,NA,NA,NA,NA,NA,NA,NA,"Ferula loscosii (Lange) Willk.","Les Garrigues","124467",NA,NA,NA,NA,NA,NA,NA,NA,NA
"4529457163","Ferula loscosii Willk.",41.842892,0.651271,"cdc,cdround,cdpi,inmano","a4b7c71e-fc73-434e-a008-d63c222179d0","7b4f2f30-a456-11d9-8049-b8a03c50a862","2a3f6a56-7591-4f05-8c4c-a1bb77aa4ea6","6c4a0bb0-2a4d-11d8-aa2d-b8a03c50a862","ES","EML","2026-04-17T15:02:28.711+00:00","2026-04-24T02:24:00.321+00:00",415,"PRESERVED_SPECIMEN",NA,"PRESENT",6027025,6,7707728,220,1351,6720,3034682,6027025,6027025,"Ferula loscosii Willk.","Plantae","Tracheophyta","Apiales","Apiaceae","Ferula","Ferula loscosii","Ferula","loscosii","SPECIES","ACCEPTED",NA,NA,NA,"EUROPE",NA,1990,6,3,"1990-06-03",154,154,"2024-01-08T00:00:00.000+00:00","2026-04-24T02:24:00.321+00:00","http://creativecommons.org/licenses/by-nc/4.0/legalcode",FALSE,"BDBC-C.6833.0.73255.20038","none","none",NA,NA,TRUE,"FloraCAT: Banco de datos de los cormófitos de Cataluña","SÃ nchez Cuxart, Antoni",NA,"none","WGS84","Magnoliopsida","ES","none","none","EUROPE","Spain","EUROPE","Generalitat de Catalunya","BDBC-C.6833.0.73255.20038",NA,NA,NA,"421","Serra Llarga, sobre la Plana de Dalt. CastellÃ³ de Farfanya. La Noguera. Noguera. Lleida",NA,"4529457163","es","BDBC-Floracat","BDBC-C.6833.0.73255.20038","Dataset",NA,"BCN 128612","BDBC",NA,NA,NA,"Ferula loscosii Willk.",NA,NA,"SÃ nchez Cuxart, Antoni, BCN 128612, () 3",NA,NA,NA,NA,NA,NA,NA,"BDBC",NA,NA,"doi:10.15470/fzwiiu",NA,"C001251",NA,NA,"{""percentNN"":0.9779,""countNN"":354,""distanceNN"":0.09}",NA,"Catalonia",NA,"original","UTM","Ferula loscosii (Lange) Willk.","C001251","BCN (2017). Plecs Herbari BCN. CEDOCBIV","340",NA,NA,NA
"4529470810","Ferula loscosii Willk.",41.577534,0.900808,"cdc,cdround,cdpi,inmano","a4b7c71e-fc73-434e-a008-d63c222179d0","7b4f2f30-a456-11d9-8049-b8a03c50a862","2a3f6a56-7591-4f05-8c4c-a1bb77aa4ea6","6c4a0bb0-2a4d-11d8-aa2d-b8a03c50a862","ES","EML","2026-04-17T15:02:28.711+00:00","2026-04-24T02:24:15.653+00:00",415,"PRESERVED_SPECIMEN",NA,"PRESENT",6027025,6,7707728,220,1351,6720,3034682,6027025,6027025,"Ferula loscosii Willk.","Plantae","Tracheophyta","Apiales","Apiaceae","Ferula","Ferula loscosii","Ferula","loscosii","SPECIES","ACCEPTED",NA,NA,NA,"EUROPE",NA,1990,6,3,"1990-06-03",154,154,"2024-01-08T00:00:00.000+00:00","2026-04-24T02:24:15.653+00:00","http://creativecommons.org/licenses/by-nc/4.0/legalcode",FALSE,"BDBC-C.6833.0.73259.20040","none","none",NA,NA,TRUE,"FloraCAT: Banco de datos de los cormófitos de Cataluña","SÃ nchez Cuxart, Antoni",NA,"none","WGS84","Magnoliopsida","ES","none","none","EUROPE","Spain","EUROPE","Generalitat de Catalunya","BDBC-C.6833.0.73259.20040",NA,NA,NA,"421","Tossal Gros. Arbeca. Garrigues. Lleida",NA,"4529470810","es","BDBC-Floracat","BDBC-C.6833.0.73259.20040","Dataset",NA,"BCN 128614","BDBC",NA,NA,NA,"Ferula loscosii Willk.",NA,NA,"SÃ nchez Cuxart, Antoni, BCN 128614, () 3",NA,NA,NA,NA,NA,NA,NA,"BDBC",NA,NA,"doi:10.15470/fzwiiu",NA,"C001251",NA,NA,"{""percentNN"":0.9779,""countNN"":354,""distanceNN"":0.09}",NA,"Catalonia",NA,"original","UTM","Ferula loscosii (Lange) Willk.","C001251","BCN (2017). Plecs Herbari BCN. CEDOCBIV","330",NA,NA,NA
"1439646087","Ferula loscosii Willk.",41.84,0.65,"cdc,gass84,cdpi,inmano","dbc709b9-e36e-4dd7-ab5b-c3cb08c2779d","ecb9d4a0-9e99-4ce7-b571-925a963a4d32","2a3f6a56-7591-4f05-8c4c-a1bb77aa4ea6","6c4a0bb0-2a4d-11d8-aa2d-b8a03c50a862","ES","EML","2026-04-16T12:25:55.025+00:00","2026-04-24T09:47:01.389+00:00",415,"PRESERVED_SPECIMEN",NA,"PRESENT",6027025,6,7707728,220,1351,6720,3034682,6027025,6027025,"Ferula loscosii Willk.","Plantae","Tracheophyta","Apiales","Apiaceae","Ferula","Ferula loscosii","Ferula","loscosii","SPECIES","ACCEPTED",NA,NA,NA,"EUROPE","Lleida",1990,7,20,"1990-07-20",201,201,NA,"2026-04-24T09:47:01.389+00:00","http://creativecommons.org/licenses/by/4.0/legalcode",FALSE,"f9226249-c37c-11e6-9598-0800200c9a66","none","none",NA,NA,TRUE,NA,NA,NA,"none","WGS84","Magnoliopsida","ES","none","none","EUROPE","Spain","EUROPE",NA,"f9226249-c37c-11e6-9598-0800200c9a66","turó guixenc",NA,NA,"421","Serra Llarga, sobre la Plana de Dalt. Castelló de Farfanya. La Noguera","866bis","1439646087",NA,"threatenedCAT","f9226249-c37c-11e6-9598-0800200c9a66",NA,NA,"BCN-128610","threatenedCAT","BCN",NA,NA,"Ferula loscosii Willk.",340,0,"Sànchez Cuxart, Antoni",NA,NA,"Herbari Antoni Sànchez Cuxart",NA,NA,NA,NA,NA,NA,NA,NA,NA,NA,NA,"iucnStatus: vu","{""percentNN"":0.7611,""countNN"":137,""distanceNN"":0.09}","Ferula loscosii (Lange) Willk.",NA,NA,NA,NA,NA,NA,NA,NA,NA,NA,NA
"3033742373","Ferula loscosii Willk.",41.84,0.65,"cdc,gass84,mdativ,colmano,inmafu","834f1756-f762-11e1-a439-00145eb45e9a","cb202839-87c6-456a-821c-dc5b268a200f","2a3f6a56-7591-4f05-8c4c-a1bb77aa4ea6","6c4a0bb0-2a4d-11d8-aa2d-b8a03c50a862","ES","EML","2026-04-18T01:36:55.261+00:00","2026-04-23T23:49:01.012+00:00",326,"PRESERVED_SPECIMEN",NA,"PRESENT",6027025,6,7707728,220,1351,6720,3034682,6027025,6027025,"Ferula loscosii Willk.","Plantae","Tracheophyta","Apiales","Apiaceae","Ferula","Ferula loscosii","Ferula","loscosii","SPECIES","ACCEPTED",7071,NA,NA,"EUROPE","Lleida",1990,7,20,"1990-07-20",201,201,NA,"2026-04-23T23:49:01.012+00:00","http://creativecommons.org/licenses/by-nc/4.0/legalcode",FALSE,"BCN 128610","none","none","5db0342e-533f-461c-a97e-0ec9dc79a95c",NA,TRUE,"Col·lecció de Cormòfits de l'herbari BCN",NA,NA,"none","WGS84","Magnoliopsida","ES","none","none","EUROPE","Spain","EUROPE","CRAI CeDocBiV - Universitat de Barcelona","BCN 128610","turó guixenc",NA,NA,"350","Serra Llarga, sobre la Plana de Dalt. Castelló de Farfanya",NA,"3033742373",NA,"Corm","BCN 128610",NA,NA,"128610","BCN","UB",NA,NA,"Ferula loscosii Willk.",340,0,"Sànchez Cuxart, Antoni","Castelló de Farfanya","BCN-Cormophyta",NA,NA,NA,NA,NA,NA,NA,NA,NA,NA,NA,NA,NA,NA,"Ferula loscosii (Lange) Willk.","La Noguera","124453",NA,NA,NA,NA,NA,NA,NA,NA,NA
"4530890602","Ferula loscosii Willk.",41.842892,0.651271,"cdc,cdround,cdpi,inmano","a4b7c71e-fc73-434e-a008-d63c222179d0","7b4f2f30-a456-11d9-8049-b8a03c50a862","2a3f6a56-7591-4f05-8c4c-a1bb77aa4ea6","6c4a0bb0-2a4d-11d8-aa2d-b8a03c50a862","ES","EML","2026-04-17T15:02:28.711+00:00","2026-04-24T02:24:27.236+00:00",415,"PRESERVED_SPECIMEN",NA,"PRESENT",6027025,6,7707728,220,1351,6720,3034682,6027025,6027025,"Ferula loscosii Willk.","Plantae","Tracheophyta","Apiales","Apiaceae","Ferula","Ferula loscosii","Ferula","loscosii","SPECIES","ACCEPTED",NA,NA,NA,"EUROPE",NA,1990,7,20,"1990-07-20",201,201,"2024-01-08T00:00:00.000+00:00","2026-04-24T02:24:27.236+00:00","http://creativecommons.org/licenses/by-nc/4.0/legalcode",FALSE,"BDBC-C.6833.0.73251.20036","none","none",NA,NA,TRUE,"FloraCAT: Banco de datos de los cormófitos de Cataluña","SÃ nchez Cuxart, Antoni",NA,"none","WGS84","Magnoliopsida","ES","none","none","EUROPE","Spain","EUROPE","Generalitat de Catalunya","BDBC-C.6833.0.73251.20036",NA,NA,NA,"421","Serra Llarga, sobre la Plana de Dalt. CastellÃ³ de Farfanya. La Noguera. Noguera. Lleida",NA,"4530890602","es","BDBC-Floracat","BDBC-C.6833.0.73251.20036","Dataset",NA,"BCN 128610","BDBC",NA,NA,NA,"Ferula loscosii Willk.",NA,NA,"SÃ nchez Cuxart, Antoni, BCN 128610, () 3",NA,NA,NA,NA,NA,NA,NA,"BDBC",NA,NA,"doi:10.15470/fzwiiu",NA,"C001251",NA,NA,"{""percentNN"":0.9779,""countNN"":354,""distanceNN"":0.09}",NA,"Catalonia",NA,"original","UTM","Ferula loscosii (Lange) Willk.","C001251","BCN (2017). Plecs Herbari BCN. CEDOCBIV","340",NA,NA,NA
"1439646090","Ferula loscosii Willk.",41.84,0.65,"cdc,gass84,cdpi,inmano","dbc709b9-e36e-4dd7-ab5b-c3cb08c2779d","ecb9d4a0-9e99-4ce7-b571-925a963a4d32","2a3f6a56-7591-4f05-8c4c-a1bb77aa4ea6","6c4a0bb0-2a4d-11d8-aa2d-b8a03c50a862","ES","EML","2026-04-16T12:25:55.025+00:00","2026-04-24T09:47:01.221+00:00",415,"PRESERVED_SPECIMEN",NA,"PRESENT",6027025,6,7707728,220,1351,6720,3034682,6027025,6027025,"Ferula loscosii Willk.","Plantae","Tracheophyta","Apiales","Apiaceae","Ferula","Ferula loscosii","Ferula","loscosii","SPECIES","ACCEPTED",NA,NA,NA,"EUROPE","Lleida",1989,4,25,"1989-04-25",115,115,NA,"2026-04-24T09:47:01.221+00:00","http://creativecommons.org/licenses/by/4.0/legalcode",FALSE,"f9226247-c37c-11e6-9598-0800200c9a66","none","none",NA,NA,TRUE,NA,NA,NA,"none","WGS84","Magnoliopsida","ES","none","none","EUROPE","Spain","EUROPE",NA,"f9226247-c37c-11e6-9598-0800200c9a66","turó guixenc",NA,NA,"421","Serra Llarga, sobre la Plana de Dalt. Castelló de Farfanya. La Noguera","866","1439646090",NA,"threatenedCAT","f9226247-c37c-11e6-9598-0800200c9a66",NA,NA,"BCN-128609","threatenedCAT","BCN",NA,NA,"Ferula loscosii Willk.",340,0,"Sànchez Cuxart, Antoni",NA,NA,"Herbari Antoni Sànchez Cuxart",NA,NA,NA,NA,NA,NA,NA,NA,NA,NA,NA,"iucnStatus: vu","{""percentNN"":0.7611,""countNN"":137,""distanceNN"":0.09}","Ferula loscosii (Lange) Willk.",NA,NA,NA,NA,NA,NA,NA,NA,NA,NA,NA
"1439646099","Ferula loscosii Willk.",41.84,0.65,"cdc,gass84,cdpi,inmano","dbc709b9-e36e-4dd7-ab5b-c3cb08c2779d","ecb9d4a0-9e99-4ce7-b571-925a963a4d32","2a3f6a56-7591-4f05-8c4c-a1bb77aa4ea6","6c4a0bb0-2a4d-11d8-aa2d-b8a03c50a862","ES","EML","2026-04-16T12:25:55.025+00:00","2026-04-24T09:46:59.348+00:00",415,"PRESERVED_SPECIMEN",NA,"PRESENT",6027025,6,7707728,220,1351,6720,3034682,6027025,6027025,"Ferula loscosii Willk.","Plantae","Tracheophyta","Apiales","Apiaceae","Ferula","Ferula loscosii","Ferula","loscosii","SPECIES","ACCEPTED",NA,NA,NA,"EUROPE","Lleida",1989,4,25,"1989-04-25",115,115,NA,"2026-04-24T09:46:59.348+00:00","http://creativecommons.org/licenses/by/4.0/legalcode",FALSE,"f9226248-c37c-11e6-9598-0800200c9a66","none","none",NA,NA,TRUE,NA,NA,NA,"none","WGS84","Magnoliopsida","ES","none","none","EUROPE","Spain","EUROPE",NA,"f9226248-c37c-11e6-9598-0800200c9a66","turó guixenc",NA,NA,"421","Serra Llarga, sobre la Plana de Dalt. Castelló de Farfanya. La Noguera","867","1439646099",NA,"threatenedCAT","f9226248-c37c-11e6-9598-0800200c9a66",NA,NA,"BCN-128611","threatenedCAT","BCN",NA,NA,"Ferula loscosii Willk.",340,0,"Sànchez Cuxart, Antoni",NA,NA,"Herbari Antoni Sànchez Cuxart",NA,NA,NA,NA,NA,NA,NA,NA,NA,NA,NA,"iucnStatus: vu","{""percentNN"":0.7611,""countNN"":137,""distanceNN"":0.09}","Ferula loscosii (Lange) Willk.",NA,NA,NA,NA,NA,NA,NA,NA,NA,NA,NA
"3033738362","Ferula loscosii Willk.",41.84,0.65,"cdc,gass84,mdativ,colmano,inmafu","834f1756-f762-11e1-a439-00145eb45e9a","cb202839-87c6-456a-821c-dc5b268a200f","2a3f6a56-7591-4f05-8c4c-a1bb77aa4ea6","6c4a0bb0-2a4d-11d8-aa2d-b8a03c50a862","ES","EML","2026-04-18T01:36:55.261+00:00","2026-04-23T23:48:32.182+00:00",326,"PRESERVED_SPECIMEN",NA,"PRESENT",6027025,6,7707728,220,1351,6720,3034682,6027025,6027025,"Ferula loscosii Willk.","Plantae","Tracheophyta","Apiales","Apiaceae","Ferula","Ferula loscosii","Ferula","loscosii","SPECIES","ACCEPTED",7071,NA,NA,"EUROPE","Lleida",1989,4,25,"1989-04-25",115,115,NA,"2026-04-23T23:48:32.182+00:00","http://creativecommons.org/licenses/by-nc/4.0/legalcode",FALSE,"BCN 128609","none","none","5db0342e-533f-461c-a97e-0ec9dc79a95c",NA,TRUE,"Col·lecció de Cormòfits de l'herbari BCN",NA,NA,"none","WGS84","Magnoliopsida","ES","none","none","EUROPE","Spain","EUROPE","CRAI CeDocBiV - Universitat de Barcelona","BCN 128609","turó guixenc",NA,NA,"350","Serra Llarga, sobre la Plana de Dalt. Castelló de Farfanya",NA,"3033738362",NA,"Corm","BCN 128609",NA,NA,"128609","BCN","UB",NA,NA,"Ferula loscosii Willk.",340,0,"Sànchez Cuxart, Antoni","Castelló de Farfanya","BCN-Cormophyta",NA,NA,NA,NA,NA,NA,NA,NA,NA,NA,NA,NA,NA,NA,"Ferula loscosii (Lange) Willk.","La Noguera","124449",NA,NA,NA,NA,NA,NA,NA,NA,NA
"3033744390","Ferula loscosii Willk.",41.84,0.65,"cdc,gass84,mdativ,colmano,inmafu","834f1756-f762-11e1-a439-00145eb45e9a","cb202839-87c6-456a-821c-dc5b268a200f","2a3f6a56-7591-4f05-8c4c-a1bb77aa4ea6","6c4a0bb0-2a4d-11d8-aa2d-b8a03c50a862","ES","EML","2026-04-18T01:36:55.261+00:00","2026-04-23T23:49:24.109+00:00",326,"PRESERVED_SPECIMEN",NA,"PRESENT",6027025,6,7707728,220,1351,6720,3034682,6027025,6027025,"Ferula loscosii Willk.","Plantae","Tracheophyta","Apiales","Apiaceae","Ferula","Ferula loscosii","Ferula","loscosii","SPECIES","ACCEPTED",7071,NA,NA,"EUROPE","Lleida",1989,4,25,"1989-04-25",115,115,NA,"2026-04-23T23:49:24.109+00:00","http://creativecommons.org/licenses/by-nc/4.0/legalcode",FALSE,"BCN 128611","none","none","5db0342e-533f-461c-a97e-0ec9dc79a95c",NA,TRUE,"Col·lecció de Cormòfits de l'herbari BCN",NA,NA,"none","WGS84","Magnoliopsida","ES","none","none","EUROPE","Spain","EUROPE","CRAI CeDocBiV - Universitat de Barcelona","BCN 128611","turó guixenc",NA,NA,"350","Serra Llarga, sobre la Plana de Dalt. Castelló de Farfanya",NA,"3033744390",NA,"Corm","BCN 128611",NA,NA,"128611","BCN","UB",NA,NA,"Ferula loscosii Willk.",340,0,"Sànchez Cuxart, Antoni","Castelló de Farfanya","BCN-Cormophyta",NA,NA,NA,NA,NA,NA,NA,NA,NA,NA,NA,NA,NA,NA,"Ferula loscosii (Lange) Willk.","La Noguera","124456",NA,NA,NA,NA,NA,NA,NA,NA,NA
"4529467509","Ferula loscosii Willk.",41.842892,0.651271,"cdc,cdround,cdpi,inmano","a4b7c71e-fc73-434e-a008-d63c222179d0","7b4f2f30-a456-11d9-8049-b8a03c50a862","2a3f6a56-7591-4f05-8c4c-a1bb77aa4ea6","6c4a0bb0-2a4d-11d8-aa2d-b8a03c50a862","ES","EML","2026-04-17T15:02:28.711+00:00","2026-04-24T02:24:20.159+00:00",415,"PRESERVED_SPECIMEN",NA,"PRESENT",6027025,6,7707728,220,1351,6720,3034682,6027025,6027025,"Ferula loscosii Willk.","Plantae","Tracheophyta","Apiales","Apiaceae","Ferula","Ferula loscosii","Ferula","loscosii","SPECIES","ACCEPTED",NA,NA,NA,"EUROPE",NA,1989,4,25,"1989-04-25",115,115,"2024-01-08T00:00:00.000+00:00","2026-04-24T02:24:20.159+00:00","http://creativecommons.org/licenses/by-nc/4.0/legalcode",FALSE,"BDBC-C.6833.0.73253.20037","none","none",NA,NA,TRUE,"FloraCAT: Banco de datos de los cormófitos de Cataluña","SÃ nchez Cuxart, Antoni",NA,"none","WGS84","Magnoliopsida","ES","none","none","EUROPE","Spain","EUROPE","Generalitat de Catalunya","BDBC-C.6833.0.73253.20037",NA,NA,NA,"421","Serra Llarga, sobre la Plana de Dalt. CastellÃ³ de Farfanya. La Noguera. Noguera. Lleida",NA,"4529467509","es","BDBC-Floracat","BDBC-C.6833.0.73253.20037","Dataset",NA,"BCN 128611","BDBC",NA,NA,NA,"Ferula loscosii Willk.",NA,NA,"SÃ nchez Cuxart, Antoni, BCN 128611, () 3",NA,NA,NA,NA,NA,NA,NA,"BDBC",NA,NA,"doi:10.15470/fzwiiu",NA,"C001251",NA,NA,"{""percentNN"":0.9779,""countNN"":354,""distanceNN"":0.09}",NA,"Catalonia",NA,"original","UTM","Ferula loscosii (Lange) Willk.","C001251","BCN (2017). Plecs Herbari BCN. CEDOCBIV","340",NA,NA,NA
"4529474978","Ferula loscosii Willk.",41.842892,0.651271,"cdc,cdround,cdpi,inmano","a4b7c71e-fc73-434e-a008-d63c222179d0","7b4f2f30-a456-11d9-8049-b8a03c50a862","2a3f6a56-7591-4f05-8c4c-a1bb77aa4ea6","6c4a0bb0-2a4d-11d8-aa2d-b8a03c50a862","ES","EML","2026-04-17T15:02:28.711+00:00","2026-04-24T02:24:17.251+00:00",415,"PRESERVED_SPECIMEN",NA,"PRESENT",6027025,6,7707728,220,1351,6720,3034682,6027025,6027025,"Ferula loscosii Willk.","Plantae","Tracheophyta","Apiales","Apiaceae","Ferula","Ferula loscosii","Ferula","loscosii","SPECIES","ACCEPTED",NA,NA,NA,"EUROPE",NA,1989,4,25,"1989-04-25",115,115,"2024-01-08T00:00:00.000+00:00","2026-04-24T02:24:17.251+00:00","http://creativecommons.org/licenses/by-nc/4.0/legalcode",FALSE,"BDBC-C.6833.0.73249.20035","none","none",NA,NA,TRUE,"FloraCAT: Banco de datos de los cormófitos de Cataluña","SÃ nchez Cuxart, Antoni",NA,"none","WGS84","Magnoliopsida","ES","none","none","EUROPE","Spain","EUROPE","Generalitat de Catalunya","BDBC-C.6833.0.73249.20035",NA,NA,NA,"421","Serra Llarga, sobre la Plana de Dalt. CastellÃ³ de Farfanya. La Noguera. Noguera. Lleida",NA,"4529474978","es","BDBC-Floracat","BDBC-C.6833.0.73249.20035","Dataset",NA,"BCN 128609","BDBC",NA,NA,NA,"Ferula loscosii Willk.",NA,NA,"SÃ nchez Cuxart, Antoni, BCN 128609, () 3",NA,NA,NA,NA,NA,NA,NA,"BDBC",NA,NA,"doi:10.15470/fzwiiu",NA,"C001251",NA,NA,"{""percentNN"":0.9779,""countNN"":354,""distanceNN"":0.09}",NA,"Catalonia",NA,"original","UTM","Ferula loscosii (Lange) Willk.","C001251","BCN (2017). Plecs Herbari BCN. CEDOCBIV","340",NA,NA,NA
"143004830","Ferula loscosii Willk.",37.37,-4.79,"cdc,gass84,osiic,colmafu,inmafu","8353c5bc-f762-11e1-a439-00145eb45e9a","857b3f90-230f-474d-9559-6f740efadbba","2a3f6a56-7591-4f05-8c4c-a1bb77aa4ea6","6c4a0bb0-2a4d-11d8-aa2d-b8a03c50a862","ES","EML","2026-04-18T01:37:26.992+00:00","2026-04-24T05:12:03.649+00:00",339,"PRESERVED_SPECIMEN",1,"PRESENT",6027025,6,7707728,220,1351,6720,3034682,6027025,6027025,"Ferula loscosii Willk.","Plantae","Tracheophyta","Apiales","Apiaceae","Ferula","Ferula loscosii","Ferula","loscosii","SPECIES","ACCEPTED",707,NA,NA,"EUROPE","Córdoba",1989,5,11,"1989-05-11",131,131,"2017-09-12T09:30:32.000+00:00","2026-04-24T05:12:03.649+00:00","http://creativecommons.org/licenses/by/4.0/legalcode",FALSE,"C2D0A647-C6E0-47D0-8296-0EA356C276CE","none","none","d9c5994e-45c4-4f46-8579-50f60f174d10","54dc0fad-9516-42b4-b1e7-b43d5b7281f1",FALSE,"ardín Botánico de Córdoba: Herbarium COA","A. Pujadas",NA,"none","WGS84","Magnoliopsida","ES","none","none","EUROPE","Spain","EUROPE",NA,"C2D0A647-C6E0-47D0-8296-0EA356C276CE",NA,NA,"11/  V /1989","345","De Sotogordo a Estepa",NA,"143004830","es","COA","C2D0A647-C6E0-47D0-8296-0EA356C276CE","PhysicalObject",NA,"32440-1","COA",NA,NA,NA,"Ferula loscosii Willk.",NA,NA,"A. Pujadas y J. Oliveira",NA,"COA",NA,NA,NA,NA,NA,NA,NA,NA,NA,NA,NA,NA,NA,NA,NA,NA,NA,NA,NA,NA,NA,NA,NA,NA,NA,NA
"143004777","Ferula loscosii Willk.",37.35,-4.75,"cdc,gass84,osiic,colmafu,inmafu","8353c5bc-f762-11e1-a439-00145eb45e9a","857b3f90-230f-474d-9559-6f740efadbba","2a3f6a56-7591-4f05-8c4c-a1bb77aa4ea6","6c4a0bb0-2a4d-11d8-aa2d-b8a03c50a862","ES","EML","2026-04-18T01:37:26.992+00:00","2026-04-24T05:12:02.700+00:00",339,"PRESERVED_SPECIMEN",2,"PRESENT",6027025,6,7707728,220,1351,6720,3034682,6027025,6027025,"Ferula loscosii Willk.","Plantae","Tracheophyta","Apiales","Apiaceae","Ferula","Ferula loscosii","Ferula","loscosii","SPECIES","ACCEPTED",707,NA,NA,"EUROPE","Córdoba",1989,6,11,"1989-06-11",162,162,"2017-09-12T09:30:31.000+00:00","2026-04-24T05:12:02.700+00:00","http://creativecommons.org/licenses/by/4.0/legalcode",FALSE,"0068ACD7-3F85-45D1-0BC1-07B8D2C159D2","none","none","d9c5994e-45c4-4f46-8579-50f60f174d10","54dc0fad-9516-42b4-b1e7-b43d5b7281f1",FALSE,"ardín Botánico de Córdoba: Herbarium COA","A. Pujadas",NA,"none","WGS84","Magnoliopsida","ES","none","none","EUROPE","Spain","EUROPE",NA,"0068ACD7-3F85-45D1-0BC1-07B8D2C159D2",NA,NA,"11061989","345","Km 3 de Sotogordo a Baldolatosa",NA,"143004777","es","COA","0068ACD7-3F85-45D1-0BC1-07B8D2C159D2","PhysicalObject",NA,"11461-1","COA",NA,NA,NA,"Ferula loscosii Willk.",NA,NA,"A. Pujadas",NA,"COA",NA,NA,NA,NA,NA,NA,NA,NA,NA,NA,NA,NA,NA,NA,NA,NA,NA,NA,NA,NA,NA,NA,NA,NA,NA,NA
"143004780","Ferula loscosii Willk.",37.35,-4.75,"cdc,gass84,osiic,colmafu,inmafu","8353c5bc-f762-11e1-a439-00145eb45e9a","857b3f90-230f-474d-9559-6f740efadbba","2a3f6a56-7591-4f05-8c4c-a1bb77aa4ea6","6c4a0bb0-2a4d-11d8-aa2d-b8a03c50a862","ES","EML","2026-04-18T01:37:26.992+00:00","2026-04-24T05:12:23.051+00:00",339,"PRESERVED_SPECIMEN",3,"PRESENT",6027025,6,7707728,220,1351,6720,3034682,6027025,6027025,"Ferula loscosii Willk.","Plantae","Tracheophyta","Apiales","Apiaceae","Ferula","Ferula loscosii","Ferula","loscosii","SPECIES","ACCEPTED",707,NA,NA,"EUROPE","Córdoba",1989,6,25,"1989-06-25",176,176,"2017-09-12T09:30:31.000+00:00","2026-04-24T05:12:23.051+00:00","http://creativecommons.org/licenses/by/4.0/legalcode",FALSE,"5421D32F-C6DF-4804-AEBC-C810F6B26A62","none","none","d9c5994e-45c4-4f46-8579-50f60f174d10","54dc0fad-9516-42b4-b1e7-b43d5b7281f1",FALSE,"ardín Botánico de Córdoba: Herbarium COA","A. Pujadas",NA,"none","WGS84","Magnoliopsida","ES","none","none","EUROPE","Spain","EUROPE",NA,"5421D32F-C6DF-4804-AEBC-C810F6B26A62",NA,NA,"25/ VI /1989","345","Km 3 de Sotogordo a Badolatosa",NA,"143004780","es","COA","5421D32F-C6DF-4804-AEBC-C810F6B26A62","PhysicalObject",NA,"15114-1","COA",NA,NA,NA,"Ferula loscosii Willk.",NA,NA,"A. Pujadas y P. Poyato",NA,"COA",NA,NA,NA,NA,NA,NA,NA,NA,NA,NA,NA,NA,NA,NA,NA,NA,NA,NA,NA,NA,NA,NA,NA,NA,NA,NA
"2960518964","Ferula loscosii Willk.",41.57,0.54,"cdc,gass84,mdativ,colmafu,inmafu","ceff8c75-950b-4405-a116-60247d1adacb","21936918-2ce6-4314-a15e-91f9f6735361","2a3f6a56-7591-4f05-8c4c-a1bb77aa4ea6","6c4a0bb0-2a4d-11d8-aa2d-b8a03c50a862","ES","EML","2026-05-08T11:20:57.240+00:00","2026-05-08T11:21:58.003+00:00",281,"PRESERVED_SPECIMEN",NA,"PRESENT",6027025,6,7707728,220,1351,6720,3034682,6027025,6027025,"Ferula loscosii Willk.","Plantae","Tracheophyta","Apiales","Apiaceae","Ferula","Ferula loscosii","Ferula","loscosii","SPECIES","ACCEPTED",7071.07,NA,NA,"EUROPE","Lérida",1989,6,6,"1989-06-06",157,157,NA,"2026-05-08T11:21:58.003+00:00","http://creativecommons.org/licenses/by-nc/4.0/legalcode",FALSE,"D351A8F3-C508-464E-B32F-36BBFDC9DAC0","none","none","8ccf3bd0-c0ae-437e-9948-8cc60608f14b","7302692a-9ae7-43ed-9449-c5c5626921fc",FALSE,"Herbario de la Facultad de Ciencias Biológicas de la Universidad Complutense de Madrid (MACB)",NA,NA,"none","WGS84","Magnoliopsida","ES","none","none","EUROPE","Spain","EUROPE",NA,"D351A8F3-C508-464E-B32F-36BBFDC9DAC0",NA,"https://www.gbif.org/publisher/21936918-2ce6-4314-a15e-91f9f6735361","06/06/1989","281","Segria: de Sudanell a Sarroca, c. Pleta de Sunyer",NA,"2960518964","es","MACB","D351A8F3-C508-464E-B32F-36BBFDC9DAC0","PhysicalObject",NA,"39058-1","MACB",NA,NA,NA,"Ferula loscosii Willk.",200,0,"J. Pedrol",NA,NA,NA,NA,NA,NA,NA,NA,NA,NA,"doi:10.15470/akznrb",NA,NA,NA,NA,NA,NA,NA,NA,NA,NA,NA,NA,NA,NA,NA,NA,NA
"30932305","Ferula loscosii Willk.",41.57,0.54,"cdc,gass84,colmafu,inmafu","835613da-f762-11e1-a439-00145eb45e9a","a7ae8a07-cb3f-42e6-8f4e-22868f8cdb27","2a3f6a56-7591-4f05-8c4c-a1bb77aa4ea6","6c4a0bb0-2a4d-11d8-aa2d-b8a03c50a862","ES","EML","2026-04-18T01:37:25.210+00:00","2026-04-29T14:10:56.069+00:00",344,"PRESERVED_SPECIMEN",NA,"PRESENT",6027025,6,7707728,220,1351,6720,3034682,6027025,6027025,"Ferula loscosii Willk.","Plantae","Tracheophyta","Apiales","Apiaceae","Ferula","Ferula loscosii","Ferula","loscosii","SPECIES","ACCEPTED",7071,NA,NA,"EUROPE","Lérida",1989,7,15,"1989-07-15",196,196,"2004-03-02T10:57:36.000+00:00","2026-04-29T14:10:56.069+00:00","http://creativecommons.org/licenses/by-nc/4.0/legalcode",FALSE,"082CEF4A-EA97-414E-823B-A0FA25281642","none","none","80a05c0a-8097-45ea-9554-004144d588a3","b33fcd4a-da2d-4e10-869a-6dfb9d6effc0",TRUE,"Herbario de la Facultad de Farmacia de la Universidad Complutense de Madrid (MAF)",NA,NA,"none","WGS84","Magnoliopsida","ES","none","none","EUROPE","Spain","EUROPE",NA,"082CEF4A-EA97-414E-823B-A0FA25281642",NA,NA,"15- 7-1989","350","Segriá, Sudanell-Sarroca, c. de la Pleta de Sunyer","4185 JP","30932305","es","MAF","082CEF4A-EA97-414E-823B-A0FA25281642","PhysicalObject",NA,"140559-1","MAF",NA,NA,NA,"Ferula loscosii Willk.",200,0,"J. Pedrol",NA,"MAF",NA,NA,NA,NA,NA,"MAF",NA,NA,NA,NA,NA,NA,NA,NA,NA,NA,NA,NA,NA,NA,NA,NA,NA,NA,NA,NA
"1936392633","Ferula loscosii Willk.",41.5223,0.482,"cdc,gass84,inmano","834c9918-f762-11e1-a439-00145eb45e9a","0363cbd4-f666-455e-8e86-0bbddcf51950","2a3f6a56-7591-4f05-8c4c-a1bb77aa4ea6","6c4a0bb0-2a4d-11d8-aa2d-b8a03c50a862","ES","EML","2026-04-18T01:37:27.366+00:00","2026-04-24T05:21:14.471+00:00",423,"PRESERVED_SPECIMEN",NA,"PRESENT",6027025,6,7707728,220,1351,6720,3034682,6027025,6027025,"Ferula loscosii Willk.","Plantae","Tracheophyta","Apiales","Apiaceae","Ferula","Ferula loscosii","Ferula","loscosii","SPECIES","ACCEPTED",NA,NA,NA,"EUROPE","Lérida",1989,7,15,"1989-07-15",196,196,NA,"2026-04-24T05:21:14.471+00:00","http://creativecommons.org/licenses/by-nc/4.0/legalcode",FALSE,"48c477a4-20fe-11e3-9e2e-000c29035824","none","none",NA,NA,FALSE,NA,NA,NA,"none","WGS84","Magnoliopsida","ES","none","none","EUROPE","Spain","EUROPE",NA,"48c477a4-20fe-11e3-9e2e-000c29035824",NA,"0363cbd4-f666-455e-8e86-0bbddcf51950","15-07-1989","429","Segriá: Sudanell-Sarroca, c. la Pleta de Sunyer",NA,"1936392633","es","MA","48c477a4-20fe-11e3-9e2e-000c29035824","Collection",NA,"MA-01-00487284","MA","MA",NA,NA,"Ferula loscosii Willk.",NA,NA,"J. Pedrol",NA,"MA",NA,NA,NA,NA,NA,NA,NA,"17abcf75-2f1e-46dd-bf75-a5b21dd02655","834c9918-f762-11e1-a439-00145eb45e9a","MA-487284-1","6027025","b844cc2c-20fe-11e3-9e2e-000c29035824",NA,NA,NA,NA,NA,NA,NA,NA,NA,NA,NA,NA,NA,NA
"30932292","Ferula loscosii Willk.",41.29,-0.19,"cdc,gass84,colmafu,inmafu","835613da-f762-11e1-a439-00145eb45e9a","a7ae8a07-cb3f-42e6-8f4e-22868f8cdb27","2a3f6a56-7591-4f05-8c4c-a1bb77aa4ea6","6c4a0bb0-2a4d-11d8-aa2d-b8a03c50a862","ES","EML","2026-04-18T01:37:25.210+00:00","2026-04-29T14:10:56.092+00:00",344,"PRESERVED_SPECIMEN",NA,"PRESENT",6027025,6,7707728,220,1351,6720,3034682,6027025,6027025,"Ferula loscosii Willk.","Plantae","Tracheophyta","Apiales","Apiaceae","Ferula","Ferula loscosii","Ferula","loscosii","SPECIES","ACCEPTED",7071,NA,NA,"EUROPE","Zaragoza",1988,6,29,"1988-06-29",181,181,"2004-03-02T10:57:36.000+00:00","2026-04-29T14:10:56.092+00:00","http://creativecommons.org/licenses/by-nc/4.0/legalcode",FALSE,"F9CDA088-2D64-4370-8C63-9BEA29DADC8C","none","none","80a05c0a-8097-45ea-9554-004144d588a3","b33fcd4a-da2d-4e10-869a-6dfb9d6effc0",TRUE,"Herbario de la Facultad de Farmacia de la Universidad Complutense de Madrid (MAF)",NA,NA,"none","WGS84","Magnoliopsida","ES","none","none","EUROPE","Spain","EUROPE",NA,"F9CDA088-2D64-4370-8C63-9BEA29DADC8C","matorral pedregoso y margen de sembrado",NA,"29- 6-1988","350","Entre Chiprana y Sástago, hacia el Mas de Vaguer",NA,"30932292","es","MAF","F9CDA088-2D64-4370-8C63-9BEA29DADC8C","PhysicalObject",NA,"136341-1","MAF",NA,NA,NA,"Ferula loscosii Willk.",NA,NA,"J. Molero",NA,"MAF",NA,NA,NA,NA,NA,"MAF",NA,NA,NA,NA,NA,NA,NA,NA,NA,NA,NA,NA,NA,NA,NA,NA,NA,NA,NA,NA
"2558249301","Ferula loscosii Willk.",41.29,-0.19,"cdc,gass84,colmafu,inmafu","834a4794-f762-11e1-a439-00145eb45e9a","8209258a-80e8-4094-aba2-a3febe5ed45b","2a3f6a56-7591-4f05-8c4c-a1bb77aa4ea6","6c4a0bb0-2a4d-11d8-aa2d-b8a03c50a862","ES","EML","2026-04-18T01:37:24.691+00:00","2026-04-24T10:27:21.599+00:00",375,"PRESERVED_SPECIMEN",NA,"PRESENT",6027025,6,7707728,220,1351,6720,3034682,6027025,6027025,"Ferula loscosii Willk.","Plantae","Tracheophyta","Apiales","Apiaceae","Ferula","Ferula loscosii","Ferula","loscosii","SPECIES","ACCEPTED",7071,NA,NA,"EUROPE","Zaragoza",1988,6,29,"1988-06-29",181,181,"2025-11-03T14:20:45.000+00:00","2026-04-24T10:27:21.599+00:00","http://creativecommons.org/licenses/by-nc/4.0/legalcode",FALSE,"D46B9549-A4E6-44ED-AF7A-C0A2F4A2502F","none","none","c645b060-c130-45ee-97ab-b9fc94393523","6ceb64b5-0201-4a27-bcdb-8d62035e35d5",TRUE,"Colección de plantas vasculares del herbario de la Universitat de València (VAL)",NA,"Pliego","none","WGS84","Magnoliopsida","ES","none","none","EUROPE","Spain","EUROPE",NA,"D46B9549-A4E6-44ED-AF7A-C0A2F4A2502F","matorral pedregoso y márgen de sembrado","https://www.gbif.org/publisher/8209258a-80e8-4094-aba2-a3febe5ed45b","29061988","391","entre Chiprana y Sástago, hacia el Mas de Vaguer",NA,"2558249301","es","VAL","D46B9549-A4E6-44ED-AF7A-C0A2F4A2502F","PhysicalObject","in collection","228452-1","VAL",NA,NA,NA,"Ferula loscosii Willk.",NA,NA,"Molero",NA,"VAL",NA,NA,NA,NA,NA,NA,NA,NA,NA,NA,NA,NA,NA,NA,NA,NA,NA,NA,NA,NA,NA,NA,NA,NA,NA,NA
"3033628883","Ferula loscosii Willk.",41.29,-0.19,"cdc,gass84,mdativ,colmano,inmafu","834f1756-f762-11e1-a439-00145eb45e9a","cb202839-87c6-456a-821c-dc5b268a200f","2a3f6a56-7591-4f05-8c4c-a1bb77aa4ea6","6c4a0bb0-2a4d-11d8-aa2d-b8a03c50a862","ES","EML","2026-04-18T01:36:55.261+00:00","2026-04-23T23:48:16.414+00:00",326,"PRESERVED_SPECIMEN",NA,"PRESENT",6027025,6,7707728,220,1351,6720,3034682,6027025,6027025,"Ferula loscosii Willk.","Plantae","Tracheophyta","Apiales","Apiaceae","Ferula","Ferula loscosii","Ferula","loscosii","SPECIES","ACCEPTED",7071,NA,NA,"EUROPE","Saragossa",1988,6,29,"1988-06-29",181,181,NA,"2026-04-23T23:48:16.414+00:00","http://creativecommons.org/licenses/by-nc/4.0/legalcode",FALSE,"BCN 52576","none","none","5db0342e-533f-461c-a97e-0ec9dc79a95c",NA,TRUE,"Col·lecció de Cormòfits de l'herbari BCN","Sànchez Cuxart, Antoni",NA,"none","WGS84","Magnoliopsida","ES","none","none","EUROPE","Spain","EUROPE","CRAI CeDocBiV - Universitat de Barcelona","BCN 52576","matorral perdregoso y margen de sembrado",NA,NA,"350","entre Chiprana y Sástago, hacia el Mas de Vaguer",NA,"3033628883",NA,"Corm","BCN 52576",NA,NA,"52576","BCN","UB",NA,NA,"Ferula loscosii Willk.",NA,NA,"Molero Briones, Julià",NA,"BCN-Cormophyta",NA,"2001",NA,NA,NA,NA,NA,NA,NA,"ex BCF",NA,NA,NA,NA,"Ferula loscosii (Lange) Willk.; Ferula loscosii (Lange) Willk.",NA,"52576",NA,NA,NA,NA,NA,NA,NA,NA,NA
"3033632879","Ferula loscosii Willk.",41.29,-0.19,"cdc,gass84,mdativ,colmano,inmafu","834f1756-f762-11e1-a439-00145eb45e9a","cb202839-87c6-456a-821c-dc5b268a200f","2a3f6a56-7591-4f05-8c4c-a1bb77aa4ea6","6c4a0bb0-2a4d-11d8-aa2d-b8a03c50a862","ES","EML","2026-04-18T01:36:55.261+00:00","2026-04-23T23:48:19.112+00:00",326,"PRESERVED_SPECIMEN",NA,"PRESENT",6027025,6,7707728,220,1351,6720,3034682,6027025,6027025,"Ferula loscosii Willk.","Plantae","Tracheophyta","Apiales","Apiaceae","Ferula","Ferula loscosii","Ferula","loscosii","SPECIES","ACCEPTED",7071,NA,NA,"EUROPE","Saragossa",1988,6,29,"1988-06-29",181,181,NA,"2026-04-23T23:48:19.112+00:00","http://creativecommons.org/licenses/by-nc/4.0/legalcode",FALSE,"BCN 52577","none","none","5db0342e-533f-461c-a97e-0ec9dc79a95c",NA,TRUE,"Col·lecció de Cormòfits de l'herbari BCN","Sànchez Cuxart, Antoni",NA,"none","WGS84","Magnoliopsida","ES","none","none","EUROPE","Spain","EUROPE","CRAI CeDocBiV - Universitat de Barcelona","BCN 52577","matorral perdregoso de una vertiente de umbría",NA,NA,"350","Chiprana, hacia Sastago, Mas de Vaquer",NA,"3033632879",NA,"Corm","BCN 52577",NA,NA,"52577","BCN","UB",NA,NA,"Ferula loscosii Willk.",NA,NA,"Molero Briones, Julià",NA,"BCN-Cormophyta",NA,"2001",NA,NA,NA,NA,NA,NA,NA,"ex BCF 40967",NA,NA,NA,NA,"Ferula loscosii (Lange) Willk.; Ferula loscosii (Lange) Willk.",NA,"52577",NA,NA,NA,NA,NA,NA,NA,NA,NA
"1439646069","Ferula loscosii Willk.",41.58,0.9,"cdc,gass84,cdpi,inmano","dbc709b9-e36e-4dd7-ab5b-c3cb08c2779d","ecb9d4a0-9e99-4ce7-b571-925a963a4d32","2a3f6a56-7591-4f05-8c4c-a1bb77aa4ea6","6c4a0bb0-2a4d-11d8-aa2d-b8a03c50a862","ES","EML","2026-04-16T12:25:55.025+00:00","2026-04-24T09:47:02.046+00:00",415,"PRESERVED_SPECIMEN",NA,"PRESENT",6027025,6,7707728,220,1351,6720,3034682,6027025,6027025,"Ferula loscosii Willk.","Plantae","Tracheophyta","Apiales","Apiaceae","Ferula","Ferula loscosii","Ferula","loscosii","SPECIES","ACCEPTED",NA,NA,NA,"EUROPE","Lleida",1985,7,NA,"1985-07",NA,NA,NA,"2026-04-24T09:47:02.046+00:00","http://creativecommons.org/licenses/by/4.0/legalcode",FALSE,"f9226242-c37c-11e6-9598-0800200c9a66","none","none",NA,NA,TRUE,NA,"Sànchez Cuxart, Antonio",NA,"none","WGS84","Magnoliopsida","ES","none","none","EUROPE","Spain","EUROPE",NA,"f9226242-c37c-11e6-9598-0800200c9a66","vessant sud",NA,NA,"421","Tossal Gros, vessant sud",NA,"1439646069",NA,"threatenedCAT","f9226242-c37c-11e6-9598-0800200c9a66",NA,NA,"BCN-52581","threatenedCAT","BCN",NA,NA,"Ferula loscosii Willk.",NA,NA,"Sans, F. Xavier","Arbeca",NA,NA,"Date Identified: 2001",NA,NA,NA,NA,NA,NA,NA,NA,NA,NA,"iucnStatus: VU","{""percentNN"":0.7611,""countNN"":137,""distanceNN"":0.09}","Ferula loscosii (Lange) Willk.","Garrigues",NA,NA,NA,NA,NA,NA,NA,NA,NA,NA
"3033702860","Ferula loscosii Willk.",41.54,0.9,"cdc,gass84,mdativ,colmano,inmafu","834f1756-f762-11e1-a439-00145eb45e9a","cb202839-87c6-456a-821c-dc5b268a200f","2a3f6a56-7591-4f05-8c4c-a1bb77aa4ea6","6c4a0bb0-2a4d-11d8-aa2d-b8a03c50a862","ES","EML","2026-04-18T01:36:55.261+00:00","2026-04-23T23:48:21.610+00:00",326,"PRESERVED_SPECIMEN",NA,"PRESENT",6027025,6,7707728,220,1351,6720,3034682,6027025,6027025,"Ferula loscosii Willk.","Plantae","Tracheophyta","Apiales","Apiaceae","Ferula","Ferula loscosii","Ferula","loscosii","SPECIES","ACCEPTED",1067,NA,NA,"EUROPE","Lleida",1985,7,NA,"1985-07",NA,NA,NA,"2026-04-23T23:48:21.610+00:00","http://creativecommons.org/licenses/by-nc/4.0/legalcode",FALSE,"BCN 52581","none","none","5db0342e-533f-461c-a97e-0ec9dc79a95c",NA,FALSE,"Col·lecció de Cormòfits de l'herbari BCN","Sànchez Cuxart, Antoni",NA,"none","WGS84","Magnoliopsida","ES","none","none","EUROPE","Spain","EUROPE","CRAI CeDocBiV - Universitat de Barcelona","BCN 52581","vessant sud",NA,NA,"350","Arbeca: Tossal Gros, vessant sud",NA,"3033702860",NA,"Corm","BCN 52581",NA,NA,"52581","BCN","UB",NA,NA,"Ferula loscosii Willk.",NA,NA,"Sans Serra, F. Xavier",NA,"BCN-Cormophyta",NA,"2001",NA,NA,NA,NA,NA,NA,NA,"ex BCC",NA,NA,NA,NA,"Ferula loscosii (Lange) Willk.; Ferula loscosii (Lange) Willk.","Les Garriges","52581",NA,NA,NA,NA,NA,NA,NA,NA,NA
"4530953350","Ferula loscosii Willk.",41.577534,0.900808,"cdc,cdround,cdpi,inmano","a4b7c71e-fc73-434e-a008-d63c222179d0","7b4f2f30-a456-11d9-8049-b8a03c50a862","2a3f6a56-7591-4f05-8c4c-a1bb77aa4ea6","6c4a0bb0-2a4d-11d8-aa2d-b8a03c50a862","ES","EML","2026-04-17T15:02:28.711+00:00","2026-04-24T02:24:26.997+00:00",415,"PRESERVED_SPECIMEN",NA,"PRESENT",6027025,6,7707728,220,1351,6720,3034682,6027025,6027025,"Ferula loscosii Willk.","Plantae","Tracheophyta","Apiales","Apiaceae","Ferula","Ferula loscosii","Ferula","loscosii","SPECIES","ACCEPTED",NA,NA,NA,"EUROPE",NA,1985,7,1,"1985-07-01",182,182,"2024-01-08T00:00:00.000+00:00","2026-04-24T02:24:26.997+00:00","http://creativecommons.org/licenses/by-nc/4.0/legalcode",FALSE,"BDBC-C.6833.0.154208.43519","none","none",NA,NA,TRUE,"FloraCAT: Banco de datos de los cormófitos de Cataluña","Sans Serra, F. Xavier",NA,"none","WGS84","Magnoliopsida","ES","none","none","EUROPE","Spain","EUROPE","Generalitat de Catalunya","BDBC-C.6833.0.154208.43519",NA,NA,NA,"421","Arbeca: Tossal Gros, vessant sud. Lleida",NA,"4530953350","es","BDBC-Floracat","BDBC-C.6833.0.154208.43519","Dataset",NA,"BCN 52581","BDBC",NA,NA,NA,"Ferula loscosii Willk.",NA,NA,"Sans Serra, F. Xavier, BCN 52581, () 3",NA,NA,NA,NA,NA,NA,NA,"BDBC",NA,NA,"doi:10.15470/fzwiiu",NA,"C001251",NA,NA,"{""percentNN"":0.9779,""countNN"":354,""distanceNN"":0.09}",NA,"Catalonia",NA,"original","UTM","Ferula loscosii (Lange) Willk.","C001251","BCN (2017). Plecs Herbari BCN. CEDOCBIV",NA,NA,NA,NA
"4529025523","Ferula loscosii Willk.",41.840367,0.530928,"cdc,cdround,cdpi,inmano","a4b7c71e-fc73-434e-a008-d63c222179d0","7b4f2f30-a456-11d9-8049-b8a03c50a862","2a3f6a56-7591-4f05-8c4c-a1bb77aa4ea6","6c4a0bb0-2a4d-11d8-aa2d-b8a03c50a862","ES","EML","2026-04-17T15:02:28.711+00:00","2026-04-24T02:24:16.556+00:00",415,"PRESERVED_SPECIMEN",NA,"PRESENT",6027025,6,7707728,220,1351,6720,3034682,6027025,6027025,"Ferula loscosii Willk.","Plantae","Tracheophyta","Apiales","Apiaceae","Ferula","Ferula loscosii","Ferula","loscosii","SPECIES","ACCEPTED",NA,NA,NA,"EUROPE",NA,1984,6,14,"1984-06-14",166,166,"2024-01-08T00:00:00.000+00:00","2026-04-24T02:24:16.556+00:00","http://creativecommons.org/licenses/by-nc/4.0/legalcode",FALSE,"BDBC-C.3665.139.413.7","none","none",NA,NA,FALSE,"FloraCAT: Banco de datos de los cormófitos de Cataluña","J. M. MONTSERRAT & A. M. ROMO",NA,"none","WGS84","Magnoliopsida","ES","none","none","EUROPE","Spain","EUROPE","Generalitat de Catalunya","BDBC-C.3665.139.413.7",NA,NA,NA,"421","Hs AlfarrÃ¡s, barranco de Sois,",NA,"4529025523","es","BDBC-Floracat","BDBC-C.3665.139.413.7","Dataset",NA,"BC 649257","BDBC",NA,NA,NA,"Ferula loscosii Willk.",NA,NA,"J. M. MONTSERRAT & A. M. ROMO, BC 649257, () 3",NA,NA,NA,NA,NA,NA,NA,"BDBC",NA,NA,"doi:10.15470/fzwiiu",NA,"C001251",NA,NA,"{""percentNN"":0.9779,""countNN"":354,""distanceNN"":0.09}",NA,"Catalonia",NA,"original","UTM","Ferula loscosii 369 (Lange) Willk.","C001251","Molero, JuliÃ¡n & Montserrat MartÃ­, Josep MÂª (1986). NÃºmeros cromosomÃ¡ticos de plantas occidentales, 363-375. Anales Jard. Bot. Madrid, 43(1):137-142. Madrid","415",NA,NA,NA
"1439646081","Ferula loscosii Willk.",41.76,0.89,"cdc,gass84,cdpi,inmano","dbc709b9-e36e-4dd7-ab5b-c3cb08c2779d","ecb9d4a0-9e99-4ce7-b571-925a963a4d32","2a3f6a56-7591-4f05-8c4c-a1bb77aa4ea6","6c4a0bb0-2a4d-11d8-aa2d-b8a03c50a862","ES","EML","2026-04-16T12:25:55.025+00:00","2026-04-24T09:46:58.025+00:00",415,"PRESERVED_SPECIMEN",NA,"PRESENT",6027025,6,7707728,220,1351,6720,3034682,6027025,6027025,"Ferula loscosii Willk.","Plantae","Tracheophyta","Apiales","Apiaceae","Ferula","Ferula loscosii","Ferula","loscosii","SPECIES","ACCEPTED",NA,NA,NA,"EUROPE","Lleida",1984,7,11,"1984-07-11",193,193,NA,"2026-04-24T09:46:58.025+00:00","http://creativecommons.org/licenses/by/4.0/legalcode",FALSE,"f9226245-c37c-11e6-9598-0800200c9a66","none","none",NA,NA,FALSE,NA,NA,NA,"none","WGS84","Magnoliopsida","ES","none","none","EUROPE","Spain","EUROPE",NA,"f9226245-c37c-11e6-9598-0800200c9a66","Prat sec",NA,NA,"421","Entre Bellcaire i Bellmunt d'Urgell",NA,"1439646081",NA,"threatenedCAT","f9226245-c37c-11e6-9598-0800200c9a66",NA,NA,"HBIL-5096","threatenedCAT","HBIL",NA,NA,"Ferula loscosii Willk.",NA,NA,"Mayoral, Antoni",NA,NA,NA,NA,NA,NA,NA,NA,NA,NA,NA,NA,NA,NA,"iucnStatus: VU","{""percentNN"":0.7611,""countNN"":137,""distanceNN"":0.09}","Ferula loscosii (Lange in Willk. et Lange) Willk.","Noguera",NA,NA,NA,NA,NA,NA,NA,NA,NA,NA
"1439646096","Ferula loscosii Willk.",41.76,1.02,"cdc,gass84,cdpi,inmano","dbc709b9-e36e-4dd7-ab5b-c3cb08c2779d","ecb9d4a0-9e99-4ce7-b571-925a963a4d32","2a3f6a56-7591-4f05-8c4c-a1bb77aa4ea6","6c4a0bb0-2a4d-11d8-aa2d-b8a03c50a862","ES","EML","2026-04-16T12:25:55.025+00:00","2026-04-24T09:46:57.088+00:00",415,"PRESERVED_SPECIMEN",NA,"PRESENT",6027025,6,7707728,220,1351,6720,3034682,6027025,6027025,"Ferula loscosii Willk.","Plantae","Tracheophyta","Apiales","Apiaceae","Ferula","Ferula loscosii","Ferula","loscosii","SPECIES","ACCEPTED",NA,NA,NA,"EUROPE","Lleida",1984,9,14,"1984-09-14",258,258,NA,"2026-04-24T09:46:57.088+00:00","http://creativecommons.org/licenses/by/4.0/legalcode",FALSE,"f9226246-c37c-11e6-9598-0800200c9a66","none","none",NA,NA,FALSE,NA,NA,NA,"none","WGS84","Magnoliopsida","ES","none","none","EUROPE","Spain","EUROPE",NA,"f9226246-c37c-11e6-9598-0800200c9a66","brolla degradada",NA,NA,"421","Serra d'Almenara",NA,"1439646096",NA,"threatenedCAT","f9226246-c37c-11e6-9598-0800200c9a66",NA,NA,"HBIL-5093","threatenedCAT","HBIL",NA,NA,"Ferula loscosii Willk.",NA,NA,"Mayoral, Antoni",NA,NA,NA,NA,NA,NA,NA,NA,NA,NA,NA,NA,NA,NA,"iucnStatus: VU","{""percentNN"":0.7611,""countNN"":137,""distanceNN"":0.09}","Ferula loscosii (Lange in Willk. et Lange) Willk.","Noguera",NA,NA,NA,NA,NA,NA,NA,NA,NA,NA
"1439646082","Ferula loscosii Willk.",41.58,0.9,"cdc,gass84,cdpi,inmano","dbc709b9-e36e-4dd7-ab5b-c3cb08c2779d","ecb9d4a0-9e99-4ce7-b571-925a963a4d32","2a3f6a56-7591-4f05-8c4c-a1bb77aa4ea6","6c4a0bb0-2a4d-11d8-aa2d-b8a03c50a862","ES","EML","2026-04-16T12:25:55.025+00:00","2026-04-24T09:46:59.924+00:00",415,"PRESERVED_SPECIMEN",NA,"PRESENT",6027025,6,7707728,220,1351,6720,3034682,6027025,6027025,"Ferula loscosii Willk.","Plantae","Tracheophyta","Apiales","Apiaceae","Ferula","Ferula loscosii","Ferula","loscosii","SPECIES","ACCEPTED",NA,NA,NA,"EUROPE","Lleida",1984,10,11,"1984-10-11",285,285,NA,"2026-04-24T09:46:59.924+00:00","http://creativecommons.org/licenses/by/4.0/legalcode",FALSE,"f9226244-c37c-11e6-9598-0800200c9a66","none","none",NA,NA,FALSE,NA,NA,NA,"none","WGS84","Magnoliopsida","ES","none","none","EUROPE","Spain","EUROPE",NA,"f9226244-c37c-11e6-9598-0800200c9a66","brolla degradada",NA,NA,"421","Entre Arbeca i Puiggrós",NA,"1439646082",NA,"threatenedCAT","f9226244-c37c-11e6-9598-0800200c9a66",NA,NA,"HBIL-5095","threatenedCAT","HBIL",NA,NA,"Ferula loscosii Willk.",NA,NA,"Mayoral, Antoni",NA,NA,NA,NA,NA,NA,NA,NA,NA,NA,NA,NA,NA,NA,"iucnStatus: VU","{""percentNN"":0.7611,""countNN"":137,""distanceNN"":0.09}","Ferula loscosii (Lange in Willk. et Lange) Willk.","Garrigues",NA,NA,NA,NA,NA,NA,NA,NA,NA,NA
"1842848464","Ferula loscosii Willk.",41.42,0.08,"gass84,rdativ,inmano","838475f4-f762-11e1-a439-00145eb45e9a","6f3ccc65-0a54-4e65-ae7e-13b92d618e7c","2a3f6a56-7591-4f05-8c4c-a1bb77aa4ea6","6c4a0bb0-2a4d-11d8-aa2d-b8a03c50a862","ES","EML","2026-05-14T18:31:27.870+00:00","2026-05-19T13:30:10.551+00:00",396,"PRESERVED_SPECIMEN",NA,"PRESENT",6027025,6,7707728,220,1351,6720,3034682,6027025,6027025,"Ferula loscosii Willk.","Plantae","Tracheophyta","Apiales","Apiaceae","Ferula","Ferula loscosii","Ferula","loscosii","SPECIES","ACCEPTED",5000,NA,NA,"EUROPE","Huesca",1981,7,4,"1981-07-04",185,185,"2017-10-19T00:00:00.000+00:00","2026-05-19T13:30:10.551+00:00","http://creativecommons.org/licenses/by-nc/4.0/legalcode",FALSE,"1D26AAA9-3886-466F-AC8F-8D95D8AC2247","none","none",NA,NA,FALSE,"Institut Botànic de Barcelona (CSIC-CMCNB) – BC","A. Romo","Herbarium specimen","none","WGS84","Magnoliopsida","ES","none","none","EUROPE","Spain","EUROPE",NA,"1D26AAA9-3886-466F-AC8F-8D95D8AC2247",NA,"6f3ccc65-0a54-4e65-ae7e-13b92d618e7c","04/07/1981","410","Fraga; Baix Cinca, Vedat de Fraga",NA,"1842848464",NA,"BC","1D26AAA9-3886-466F-AC8F-8D95D8AC2247",NA,NA,"BC-953561","BC",NA,NA,NA,"Ferula loscosii Willk.",NA,NA,"A. Romo",NA,"BC","ITER 1981","Last label. Date Identified: 11-2015",NA,NA,NA,NA,NA,NA,NA,NA,NA,NA,NA,NA,NA,NA,NA,NA,NA,NA,NA,NA,NA,NA,NA,NA
"3228825341","Ferula loscosii Willk.",41.41667,0.08333,"cdc,gass84","85714c48-f762-11e1-a439-00145eb45e9a","57254bd0-8256-11d8-b7ed-b8a03c50a862","60454014-f762-11e1-a439-00145eb45e9a","57254bd0-8256-11d8-b7ed-b8a03c50a862","DE","BIOCASE","2026-05-21T20:31:26.893+00:00","2026-05-21T20:37:04.217+00:00",392,"PRESERVED_SPECIMEN",NA,"PRESENT",6027025,6,7707728,220,1351,6720,3034682,6027025,6027025,"Ferula loscosii Willk.","Plantae","Tracheophyta","Apiales","Apiaceae","Ferula","Ferula loscosii","Ferula","loscosii","SPECIES","ACCEPTED",NA,NA,NA,"EUROPE",NA,1981,7,4,"1981-07-04",185,185,"2021-05-06T09:52:51.000+00:00","2026-05-21T20:37:04.217+00:00","http://creativecommons.org/publicdomain/zero/1.0/legalcode",FALSE,"https://herbarium.bgbm.org/object/B101169027","none","none","4cf93dd2-06c8-4f49-89bc-a5d0805c6747","fceacd29-9f6c-4c9c-a4bc-67795f9cb972",TRUE,NA,"A. Romo 11.2015","herbarium sheet","none","WGS84","Magnoliopsida","ES",NA,"none","EUROPE","Spain","EUROPE",NA,"https://herbarium.bgbm.org/object/B101169027",NA,"https://scientific-collections.gbif.org/institution/4cf93dd2-06c8-4f49-89bc-a5d0805c6747",NA,"392","(Hs) Huesca, Baix Cinca, Vedat de Fraga",NA,"3228825341",NA,"Herbarium Berolinense","https://herbarium.bgbm.org/object/B101169027",NA,NA,"B 10 1169027","B",NA,"PRN2021-006; Herbario BC 953561; Additional specimen: B 10 1169026",NA,"Ferula loscosii Willk.",NA,NA,"Romo,A.M.",NA,NA,NA,NA,"s.n.",NA,NA,NA,NA,"17abcf75-2f1e-46dd-bf75-a5b21dd02655,3aee7756-565e-4dc5-b22c-f997fbd7105c",NA,NA,NA,NA,NA,NA,NA,NA,NA,NA,NA,NA,NA,NA,NA,"https://herbarium.bgbm.org/object/B101169027","428833",NA
"3229469335","Ferula loscosii Willk.",41.41667,0.08333,"cdc,gass84","85714c48-f762-11e1-a439-00145eb45e9a","57254bd0-8256-11d8-b7ed-b8a03c50a862","60454014-f762-11e1-a439-00145eb45e9a","57254bd0-8256-11d8-b7ed-b8a03c50a862","DE","BIOCASE","2026-05-21T20:31:26.893+00:00","2026-05-21T20:37:05.473+00:00",392,"PRESERVED_SPECIMEN",NA,"PRESENT",6027025,6,7707728,220,1351,6720,3034682,6027025,6027025,"Ferula loscosii Willk.","Plantae","Tracheophyta","Apiales","Apiaceae","Ferula","Ferula loscosii","Ferula","loscosii","SPECIES","ACCEPTED",NA,NA,NA,"EUROPE",NA,1981,7,4,"1981-07-04",185,185,"2021-05-06T09:53:09.000+00:00","2026-05-21T20:37:05.473+00:00","http://creativecommons.org/publicdomain/zero/1.0/legalcode",FALSE,"https://herbarium.bgbm.org/object/B101169026","none","none","4cf93dd2-06c8-4f49-89bc-a5d0805c6747","fceacd29-9f6c-4c9c-a4bc-67795f9cb972",TRUE,NA,"A. Romo 11.2015","herbarium sheet","none","WGS84","Magnoliopsida","ES",NA,"none","EUROPE","Spain","EUROPE",NA,"https://herbarium.bgbm.org/object/B101169026",NA,"https://scientific-collections.gbif.org/institution/4cf93dd2-06c8-4f49-89bc-a5d0805c6747",NA,"392","(Hs) Huesca, Baix Cinca, Vedat de Fraga",NA,"3229469335",NA,"Herbarium Berolinense","https://herbarium.bgbm.org/object/B101169026",NA,NA,"B 10 1169026","B",NA,"PRN2021-006; Herbario BC 953561; Additional specimen: B 10 1169027",NA,"Ferula loscosii Willk.",NA,NA,"Romo,A.M.",NA,NA,NA,NA,"s.n.",NA,NA,NA,NA,"17abcf75-2f1e-46dd-bf75-a5b21dd02655,3aee7756-565e-4dc5-b22c-f997fbd7105c",NA,NA,NA,NA,NA,NA,NA,NA,NA,NA,NA,NA,NA,NA,NA,"https://herbarium.bgbm.org/object/B101169026","428833",NA
"3352547314","Ferula loscosii Willk.",41.41667,0.08333,"cdc,gass84","b5cdf794-8fa4-4a85-8b26-755d087bf531","2cd829bb-b713-433d-99cf-64bef11e5b3e","86c2834b-fcd6-418d-9b32-aca45110a0fe","2cd829bb-b713-433d-99cf-64bef11e5b3e","FR","EML","2026-04-17T19:49:17.100+00:00","2026-04-24T00:48:07.421+00:00",606,"PRESERVED_SPECIMEN",NA,"PRESENT",6027025,6,7707728,220,1351,6720,3034682,6027025,6027025,"Ferula loscosii Willk.","Plantae","Tracheophyta","Apiales","Apiaceae","Ferula","Ferula loscosii","Ferula","loscosii","SPECIES","ACCEPTED",NA,NA,NA,"EUROPE",NA,1981,7,4,"1981-07-04",185,185,"2022-08-31T10:06:02.000+00:00","2026-04-24T00:48:07.421+00:00","http://creativecommons.org/licenses/by/4.0/legalcode",FALSE,"http://coldb.mnhn.fr/catalognumber/mnhn/p/p01155646","none","none","6a6ac6c5-1b8a-48db-91a2-f8661274ff80","bc3d39fd-a7d4-4763-b951-2bdeddd8a5d2",TRUE,NA,NA,"hb","none","WGS84","Magnoliopsida","ES","none","none","EUROPE","Spain","EUROPE",NA,"http://coldb.mnhn.fr/catalognumber/mnhn/p/p01155646",NA,"http://grbio.org/institution/museum-national-dhistoire-naturelle",NA,"640",NA,NA,"3352547314",NA,"P","http://coldb.mnhn.fr/catalognumber/mnhn/p/p01155646",NA,NA,"P01155646","MNHN",NA,"Prélèvement de feuille pouy Yang L. & Li W., Chine, 07/2023, demande 177308",NA,"Ferula loscosii Willk.",NA,NA,"Romo, A.M.",NA,NA,NA,NA,NA,NA,NA,NA,NA,"17abcf75-2f1e-46dd-bf75-a5b21dd02655",NA,NA,NA,NA,NA,NA,NA,NA,NA,NA,NA,NA,NA,NA,NA,NA,NA,"Huesca, Baix Cinca, Vedat de Fraga"
"3352564312","Ferula loscosii Willk.",41.41667,0.08333,"cdc,gass84","b5cdf794-8fa4-4a85-8b26-755d087bf531","2cd829bb-b713-433d-99cf-64bef11e5b3e","86c2834b-fcd6-418d-9b32-aca45110a0fe","2cd829bb-b713-433d-99cf-64bef11e5b3e","FR","EML","2026-04-17T19:49:17.100+00:00","2026-04-24T00:48:06.894+00:00",606,"PRESERVED_SPECIMEN",NA,"PRESENT",6027025,6,7707728,220,1351,6720,3034682,6027025,6027025,"Ferula loscosii Willk.","Plantae","Tracheophyta","Apiales","Apiaceae","Ferula","Ferula loscosii","Ferula","loscosii","SPECIES","ACCEPTED",NA,NA,NA,"EUROPE",NA,1981,7,4,"1981-07-04",185,185,"2023-02-15T11:20:31.000+00:00","2026-04-24T00:48:06.894+00:00","http://creativecommons.org/licenses/by/4.0/legalcode",FALSE,"http://coldb.mnhn.fr/catalognumber/mnhn/p/p01155645","none","none","6a6ac6c5-1b8a-48db-91a2-f8661274ff80","bc3d39fd-a7d4-4763-b951-2bdeddd8a5d2",TRUE,NA,NA,"hb","none","WGS84","Magnoliopsida","ES","none","none","EUROPE","Spain","EUROPE",NA,"http://coldb.mnhn.fr/catalognumber/mnhn/p/p01155645",NA,"http://grbio.org/institution/museum-national-dhistoire-naturelle",NA,"640",NA,NA,"3352564312",NA,"P","http://coldb.mnhn.fr/catalognumber/mnhn/p/p01155645",NA,NA,"P01155645","MNHN",NA,NA,NA,"Ferula loscosii Willk.",NA,NA,"Romo, A.M.",NA,NA,NA,NA,NA,NA,NA,NA,NA,"17abcf75-2f1e-46dd-bf75-a5b21dd02655",NA,NA,NA,NA,NA,NA,NA,NA,NA,NA,NA,NA,NA,NA,NA,NA,NA,"Huesca, Baix Cinca, Vedat de Fraga"
"3352614320","Ferula loscosii Willk.",41.41667,0.08333,"cdc,gass84","b5cdf794-8fa4-4a85-8b26-755d087bf531","2cd829bb-b713-433d-99cf-64bef11e5b3e","86c2834b-fcd6-418d-9b32-aca45110a0fe","2cd829bb-b713-433d-99cf-64bef11e5b3e","FR","EML","2026-04-17T19:49:17.100+00:00","2026-04-24T00:48:10.985+00:00",606,"PRESERVED_SPECIMEN",NA,"PRESENT",6027025,6,7707728,220,1351,6720,3034682,6027025,6027025,"Ferula loscosii Willk.","Plantae","Tracheophyta","Apiales","Apiaceae","Ferula","Ferula loscosii","Ferula","loscosii","SPECIES","ACCEPTED",NA,NA,NA,"EUROPE",NA,1981,7,4,"1981-07-04",185,185,"2023-01-05T14:34:50.000+00:00","2026-04-24T00:48:10.985+00:00","http://creativecommons.org/licenses/by/4.0/legalcode",FALSE,"http://coldb.mnhn.fr/catalognumber/mnhn/p/p01155827","none","none","6a6ac6c5-1b8a-48db-91a2-f8661274ff80","bc3d39fd-a7d4-4763-b951-2bdeddd8a5d2",TRUE,NA,"Romo","hb","none","WGS84","Magnoliopsida","ES","none","none","EUROPE","Spain","EUROPE",NA,"http://coldb.mnhn.fr/catalognumber/mnhn/p/p01155827",NA,"http://grbio.org/institution/museum-national-dhistoire-naturelle",NA,"640",NA,NA,"3352614320",NA,"P","http://coldb.mnhn.fr/catalognumber/mnhn/p/p01155827",NA,NA,"P01155827","MNHN",NA,NA,NA,"Ferula loscosii Willk.",NA,NA,"Romo, A.M.",NA,NA,NA,NA,NA,NA,NA,NA,NA,"17abcf75-2f1e-46dd-bf75-a5b21dd02655",NA,NA,NA,NA,NA,NA,NA,NA,NA,NA,NA,NA,NA,NA,NA,NA,NA,"Huesca, Baix Cinca, Vedat de Fraga"
"3033700884","Ferula loscosii Willk.",41.39,0.09,"cdc,gass84,mdativ,colmano,inmafu","834f1756-f762-11e1-a439-00145eb45e9a","cb202839-87c6-456a-821c-dc5b268a200f","2a3f6a56-7591-4f05-8c4c-a1bb77aa4ea6","6c4a0bb0-2a4d-11d8-aa2d-b8a03c50a862","ES","EML","2026-04-18T01:36:55.261+00:00","2026-04-23T23:49:40.611+00:00",326,"PRESERVED_SPECIMEN",NA,"PRESENT",6027025,6,7707728,220,1351,6720,3034682,6027025,6027025,"Ferula loscosii Willk.","Plantae","Tracheophyta","Apiales","Apiaceae","Ferula","Ferula loscosii","Ferula","loscosii","SPECIES","ACCEPTED",6818,NA,NA,"EUROPE","Osca",1978,4,30,"1978-04-30",120,120,NA,"2026-04-23T23:49:40.611+00:00","http://creativecommons.org/licenses/by-nc/4.0/legalcode",FALSE,"BCN 52578","none","none","5db0342e-533f-461c-a97e-0ec9dc79a95c",NA,FALSE,"Col·lecció de Cormòfits de l'herbari BCN","Sànchez Cuxart, Antoni",NA,"none","WGS84","Magnoliopsida","ES","none","none","EUROPE","Spain","EUROPE","CRAI CeDocBiV - Universitat de Barcelona","BCN 52578",NA,NA,NA,"350","Vedat de Fraga",NA,"3033700884",NA,"Corm","BCN 52578",NA,NA,"52578","BCN","UB",NA,NA,"Ferula loscosii Willk.",250,0,"Perdigó Arisó, Mª Teresa",NA,"BCN-Cormophyta",NA,"2001",NA,NA,NA,NA,NA,NA,NA,"ex BCC",NA,NA,NA,NA,"Ferula loscosii (Lange) Willk.; Ferula loscosii (Lange) Willk.",NA,"52578",NA,NA,NA,NA,NA,NA,NA,NA,NA
"1936084912","Ferula loscosii Willk.",41.4208,0.0073,"cdc,gass84,inmano","834c9918-f762-11e1-a439-00145eb45e9a","0363cbd4-f666-455e-8e86-0bbddcf51950","2a3f6a56-7591-4f05-8c4c-a1bb77aa4ea6","6c4a0bb0-2a4d-11d8-aa2d-b8a03c50a862","ES","EML","2026-04-18T01:37:27.366+00:00","2026-04-24T05:19:56.284+00:00",423,"PRESERVED_SPECIMEN",NA,"PRESENT",6027025,6,7707728,220,1351,6720,3034682,6027025,6027025,"Ferula loscosii Willk.","Plantae","Tracheophyta","Apiales","Apiaceae","Ferula","Ferula loscosii","Ferula","loscosii","SPECIES","ACCEPTED",NA,NA,NA,"EUROPE","Huesca",1977,5,22,"1977-05-22",142,142,NA,"2026-04-24T05:19:56.284+00:00","http://creativecommons.org/licenses/by-nc/4.0/legalcode",FALSE,"3beb7215-20fe-11e3-9e2e-000c29035824","none","none",NA,NA,FALSE,NA,"A. Sanchez-Cuxart",NA,"none","WGS84","Magnoliopsida","ES","none","none","EUROPE","Spain","EUROPE",NA,"3beb7215-20fe-11e3-9e2e-000c29035824",NA,"0363cbd4-f666-455e-8e86-0bbddcf51950","22051977","429","Serreta Negra de Fraga",NA,"1936084912","es","MA","3beb7215-20fe-11e3-9e2e-000c29035824","Collection",NA,"MA-01-00310543","MA","MA",NA,NA,"Ferula loscosii Willk.",NA,NA,"J. Molero",NA,"MA",NA,NA,NA,NA,NA,NA,NA,"17abcf75-2f1e-46dd-bf75-a5b21dd02655","834c9918-f762-11e1-a439-00145eb45e9a","MA-310543-1","6027025","ad7c8f8a-20fe-11e3-9e2e-000c29035824",NA,NA,NA,NA,NA,NA,NA,NA,NA,NA,NA,NA,NA,NA
"1936111751","Ferula loscosii Willk.",41.4208,0.0073,"cdc,gass84,inmano","834c9918-f762-11e1-a439-00145eb45e9a","0363cbd4-f666-455e-8e86-0bbddcf51950","2a3f6a56-7591-4f05-8c4c-a1bb77aa4ea6","6c4a0bb0-2a4d-11d8-aa2d-b8a03c50a862","ES","EML","2026-04-18T01:37:27.366+00:00","2026-04-24T05:19:58.637+00:00",423,"PRESERVED_SPECIMEN",NA,"PRESENT",6027025,6,7707728,220,1351,6720,3034682,6027025,6027025,"Ferula loscosii Willk.","Plantae","Tracheophyta","Apiales","Apiaceae","Ferula","Ferula loscosii","Ferula","loscosii","SPECIES","ACCEPTED",NA,NA,NA,"EUROPE","Huesca",1977,5,22,"1977-05-22",142,142,NA,"2026-04-24T05:19:58.637+00:00","http://creativecommons.org/licenses/by-nc/4.0/legalcode",FALSE,"3ee1d947-20fe-11e3-9e2e-000c29035824","none","none",NA,NA,FALSE,NA,"A. Sanchez-Cuxart",NA,"none","WGS84","Magnoliopsida","ES","none","none","EUROPE","Spain","EUROPE",NA,"3ee1d947-20fe-11e3-9e2e-000c29035824",NA,"0363cbd4-f666-455e-8e86-0bbddcf51950","22051977","429","Serreta Negra de Fraga",NA,"1936111751","es","MA","3ee1d947-20fe-11e3-9e2e-000c29035824","Collection",NA,"MA-01-00344231","MA","MA",NA,NA,"Ferula loscosii Willk.",NA,NA,"J. Molero",NA,"MA",NA,NA,NA,NA,NA,NA,NA,"17abcf75-2f1e-46dd-bf75-a5b21dd02655","834c9918-f762-11e1-a439-00145eb45e9a","MA-344231-1","6027025","b00c02cf-20fe-11e3-9e2e-000c29035824",NA,NA,NA,NA,NA,NA,NA,NA,NA,NA,NA,NA,NA,NA
"3033630901","Ferula loscosii Willk.",41.39,0.09,"cdc,gass84,mdativ,colmano,inmafu","834f1756-f762-11e1-a439-00145eb45e9a","cb202839-87c6-456a-821c-dc5b268a200f","2a3f6a56-7591-4f05-8c4c-a1bb77aa4ea6","6c4a0bb0-2a4d-11d8-aa2d-b8a03c50a862","ES","EML","2026-04-18T01:36:55.261+00:00","2026-04-23T23:49:26.962+00:00",326,"PRESERVED_SPECIMEN",NA,"PRESENT",6027025,6,7707728,220,1351,6720,3034682,6027025,6027025,"Ferula loscosii Willk.","Plantae","Tracheophyta","Apiales","Apiaceae","Ferula","Ferula loscosii","Ferula","loscosii","SPECIES","ACCEPTED",6818,NA,NA,"EUROPE","Osca",1977,5,22,"1977-05-22",142,142,NA,"2026-04-23T23:49:26.962+00:00","http://creativecommons.org/licenses/by-nc/4.0/legalcode",FALSE,"BCN 52574","none","none","5db0342e-533f-461c-a97e-0ec9dc79a95c",NA,FALSE,"Col·lecció de Cormòfits de l'herbari BCN","Sànchez Cuxart, Antoni",NA,"none","WGS84","Magnoliopsida","ES","none","none","EUROPE","Spain","EUROPE","CRAI CeDocBiV - Universitat de Barcelona","BCN 52574","margen de la pista forestal",NA,NA,"350","Serreta Negra de Fraga",NA,"3033630901",NA,"Corm","BCN 52574",NA,NA,"52574","BCN","UB",NA,NA,"Ferula loscosii Willk.",NA,NA,"Molero Briones, Julià",NA,"BCN-Cormophyta",NA,"2001",NA,NA,NA,NA,NA,NA,NA,"ex BCF",NA,NA,NA,NA,"Ferula loscosii (Lange) Willk.; Ferula loscosii (Lange) Willk.",NA,"52574",NA,NA,NA,NA,NA,NA,NA,NA,NA
"3033634887","Ferula loscosii Willk.",41.39,0.09,"cdc,gass84,mdativ,colmano,inmafu","834f1756-f762-11e1-a439-00145eb45e9a","cb202839-87c6-456a-821c-dc5b268a200f","2a3f6a56-7591-4f05-8c4c-a1bb77aa4ea6","6c4a0bb0-2a4d-11d8-aa2d-b8a03c50a862","ES","EML","2026-04-18T01:36:55.261+00:00","2026-04-23T23:47:15.928+00:00",326,"PRESERVED_SPECIMEN",NA,"PRESENT",6027025,6,7707728,220,1351,6720,3034682,6027025,6027025,"Ferula loscosii Willk.","Plantae","Tracheophyta","Apiales","Apiaceae","Ferula","Ferula loscosii","Ferula","loscosii","SPECIES","ACCEPTED",6818,NA,NA,"EUROPE","Osca",1977,5,22,"1977-05-22",142,142,NA,"2026-04-23T23:47:15.928+00:00","http://creativecommons.org/licenses/by-nc/4.0/legalcode",FALSE,"BCN 52575","none","none","5db0342e-533f-461c-a97e-0ec9dc79a95c",NA,FALSE,"Col·lecció de Cormòfits de l'herbari BCN","Sànchez Cuxart, Antoni",NA,"none","WGS84","Magnoliopsida","ES","none","none","EUROPE","Spain","EUROPE","CRAI CeDocBiV - Universitat de Barcelona","BCN 52575","margen de la pista forestal",NA,NA,"350","Serreta Negra de Fraga",NA,"3033634887",NA,"Corm","BCN 52575",NA,NA,"52575","BCN","UB",NA,NA,"Ferula loscosii Willk.",NA,NA,"Molero Briones, Julià",NA,"BCN-Cormophyta",NA,"2001",NA,NA,NA,NA,NA,NA,NA,"ex BCF",NA,NA,NA,NA,"Ferula loscosii (Lange) Willk.; Ferula loscosii (Lange) Willk.",NA,"52575",NA,NA,NA,NA,NA,NA,NA,NA,NA
"3033695876","Ferula loscosii Willk.",41.39,0.09,"cdc,gass84,mdativ,colmano,inmafu","834f1756-f762-11e1-a439-00145eb45e9a","cb202839-87c6-456a-821c-dc5b268a200f","2a3f6a56-7591-4f05-8c4c-a1bb77aa4ea6","6c4a0bb0-2a4d-11d8-aa2d-b8a03c50a862","ES","EML","2026-04-18T01:36:55.261+00:00","2026-04-23T23:49:13.756+00:00",326,"PRESERVED_SPECIMEN",NA,"PRESENT",6027025,6,7707728,220,1351,6720,3034682,6027025,6027025,"Ferula loscosii Willk.","Plantae","Tracheophyta","Apiales","Apiaceae","Ferula","Ferula loscosii","Ferula","loscosii","SPECIES","ACCEPTED",6818,NA,NA,"EUROPE","Osca",1976,5,8,"1976-05-08",129,129,NA,"2026-04-23T23:49:13.756+00:00","http://creativecommons.org/licenses/by-nc/4.0/legalcode",FALSE,"BCN 52579","none","none","5db0342e-533f-461c-a97e-0ec9dc79a95c",NA,FALSE,"Col·lecció de Cormòfits de l'herbari BCN","Sànchez Cuxart, Antoni",NA,"none","WGS84","Magnoliopsida","ES","none","none","EUROPE","Spain","EUROPE","CRAI CeDocBiV - Universitat de Barcelona","BCN 52579","herbeis vora d'un antic conreu",NA,NA,"350","Fraga, a la Serreta Negra",NA,"3033695876",NA,"Corm","BCN 52579",NA,NA,"52579","BCN","UB",NA,NA,"Ferula loscosii Willk.",NA,NA,"Masalles Saumell, Ramon Maria",NA,"BCN-Cormophyta",NA,"2001",NA,NA,NA,NA,NA,NA,NA,"ex BCC",NA,NA,NA,NA,"Ferula loscosii (Lange) Willk.; Ferula loscosii (Lange) Willk.",NA,"52579",NA,NA,NA,NA,NA,NA,NA,NA,NA
"3033698868","Ferula loscosii Willk.",41.39,0.09,"cdc,gass84,mdativ,colmano,inmafu","834f1756-f762-11e1-a439-00145eb45e9a","cb202839-87c6-456a-821c-dc5b268a200f","2a3f6a56-7591-4f05-8c4c-a1bb77aa4ea6","6c4a0bb0-2a4d-11d8-aa2d-b8a03c50a862","ES","EML","2026-04-18T01:36:55.261+00:00","2026-04-23T23:47:33.533+00:00",326,"PRESERVED_SPECIMEN",NA,"PRESENT",6027025,6,7707728,220,1351,6720,3034682,6027025,6027025,"Ferula loscosii Willk.","Plantae","Tracheophyta","Apiales","Apiaceae","Ferula","Ferula loscosii","Ferula","loscosii","SPECIES","ACCEPTED",6818,NA,NA,"EUROPE","Osca",1976,5,8,"1976-05-08",129,129,NA,"2026-04-23T23:47:33.533+00:00","http://creativecommons.org/licenses/by-nc/4.0/legalcode",FALSE,"BCN 52580","none","none","5db0342e-533f-461c-a97e-0ec9dc79a95c",NA,FALSE,"Col·lecció de Cormòfits de l'herbari BCN",NA,NA,"none","WGS84","Magnoliopsida","ES","none","none","EUROPE","Spain","EUROPE","CRAI CeDocBiV - Universitat de Barcelona","BCN 52580",NA,NA,NA,"350","Serreta Negra",NA,"3033698868",NA,"Corm","BCN 52580",NA,NA,"52580","BCN","UB",NA,NA,"Ferula loscosii Willk.",NA,NA,"Farràs i Blas, Antoni",NA,"BCN-Cormophyta",NA,NA,NA,NA,NA,NA,NA,NA,NA,"ex BCC",NA,NA,NA,NA,"Ferula loscosii (Lange) Willk.",NA,"52580",NA,NA,NA,NA,NA,NA,NA,NA,NA
"1439646092","Ferula loscosii Willk.",41.76,0.89,"cdc,gass84,cdpi,inmano","dbc709b9-e36e-4dd7-ab5b-c3cb08c2779d","ecb9d4a0-9e99-4ce7-b571-925a963a4d32","2a3f6a56-7591-4f05-8c4c-a1bb77aa4ea6","6c4a0bb0-2a4d-11d8-aa2d-b8a03c50a862","ES","EML","2026-04-16T12:25:55.025+00:00","2026-04-24T09:47:00.351+00:00",415,"PRESERVED_SPECIMEN",NA,"PRESENT",6027025,6,7707728,220,1351,6720,3034682,6027025,6027025,"Ferula loscosii Willk.","Plantae","Tracheophyta","Apiales","Apiaceae","Ferula","Ferula loscosii","Ferula","loscosii","SPECIES","ACCEPTED",NA,NA,NA,"EUROPE","Lleida",1954,5,30,"1954-05-30",150,150,NA,"2026-04-24T09:47:00.351+00:00","http://creativecommons.org/licenses/by/4.0/legalcode",FALSE,"f9226243-c37c-11e6-9598-0800200c9a66","none","none",NA,NA,TRUE,NA,NA,NA,"none","WGS84","Magnoliopsida","ES","none","none","EUROPE","Spain","EUROPE",NA,"f9226243-c37c-11e6-9598-0800200c9a66","Brolla aclarida",NA,NA,"421",NA,NA,"1439646092",NA,"threatenedCAT","f9226243-c37c-11e6-9598-0800200c9a66",NA,NA,"BC-647635","threatenedCAT","BC",NA,NA,"Ferula loscosii Willk.",NA,NA,"Majoral, Anselm","Bellcaire d'Urgell",NA,NA,NA,NA,NA,NA,NA,NA,NA,NA,NA,NA,NA,"iucnStatus: VU","{""percentNN"":0.7611,""countNN"":137,""distanceNN"":0.09}","Ferula loscosii (Lange) Willk.","Noguera",NA,NA,NA,NA,NA,NA,NA,NA,NA,NA
"2521420476","Ferula loscosii Willk.",41.76,0.89,"gass84,inmano","838475f4-f762-11e1-a439-00145eb45e9a","6f3ccc65-0a54-4e65-ae7e-13b92d618e7c","2a3f6a56-7591-4f05-8c4c-a1bb77aa4ea6","6c4a0bb0-2a4d-11d8-aa2d-b8a03c50a862","ES","EML","2026-05-14T18:31:27.870+00:00","2026-05-19T13:30:21.729+00:00",396,"PRESERVED_SPECIMEN",NA,"PRESENT",6027025,6,7707728,220,1351,6720,3034682,6027025,6027025,"Ferula loscosii Willk.","Plantae","Tracheophyta","Apiales","Apiaceae","Ferula","Ferula loscosii","Ferula","loscosii","SPECIES","ACCEPTED",7071.07,NA,NA,"EUROPE","Lleida",1954,5,30,"1954-05-30",150,150,"2017-10-19T00:00:00.000+00:00","2026-05-19T13:30:21.729+00:00","http://creativecommons.org/licenses/by-nc/4.0/legalcode",FALSE,"78054209-e3e5-46fd-a905-ae940e5083e2","none","none",NA,NA,TRUE,"Institut Botànic de Barcelona (CSIC-CMCNB) – BC",NA,"Herbarium specimen","none","WGS84","Magnoliopsida","ES","none","none","EUROPE","Spain","EUROPE",NA,"78054209-e3e5-46fd-a905-ae940e5083e2","Brolla aclarida","6f3ccc65-0a54-4e65-ae7e-13b92d618e7c","30/05/1954","410","Bellcaire d'Urgell; Bellcaire d'Urgell",NA,"2521420476",NA,"BC","78054209-e3e5-46fd-a905-ae940e5083e2",NA,NA,"BC-647635","BC",NA,NA,NA,"Ferula loscosii Willk.",NA,NA,"A. Majoral",NA,"BC",NA,"Last label",NA,NA,NA,NA,NA,NA,NA,NA,NA,NA,NA,NA,NA,NA,NA,NA,NA,NA,NA,NA,NA,NA,NA,NA
"4529214958","Ferula loscosii Willk.",41.757556,0.894949,"cdc,cdround,cdpi,inmano","a4b7c71e-fc73-434e-a008-d63c222179d0","7b4f2f30-a456-11d9-8049-b8a03c50a862","2a3f6a56-7591-4f05-8c4c-a1bb77aa4ea6","6c4a0bb0-2a4d-11d8-aa2d-b8a03c50a862","ES","EML","2026-04-17T15:02:28.711+00:00","2026-04-24T02:24:14.446+00:00",415,"PRESERVED_SPECIMEN",NA,"PRESENT",6027025,6,7707728,220,1351,6720,3034682,6027025,6027025,"Ferula loscosii Willk.","Plantae","Tracheophyta","Apiales","Apiaceae","Ferula","Ferula loscosii","Ferula","loscosii","SPECIES","ACCEPTED",NA,NA,NA,"EUROPE",NA,1954,5,30,"1954-05-30",150,150,"2024-01-08T00:00:00.000+00:00","2026-04-24T02:24:14.446+00:00","http://creativecommons.org/licenses/by-nc/4.0/legalcode",FALSE,"BDBC-C.2211.0.29163.9125","none","none",NA,NA,TRUE,"FloraCAT: Banco de datos de los cormófitos de Cataluña","A. Majoral",NA,"none","WGS84","Magnoliopsida","ES","none","none","EUROPE","Spain","EUROPE","Generalitat de Catalunya","BDBC-C.2211.0.29163.9125",NA,NA,NA,"421","Bellcaire d'Urgell [Cap a Bellcaire d'Urgell]",NA,"4529214958","es","BDBC-Floracat","BDBC-C.2211.0.29163.9125","Dataset",NA,"BC-647635","BDBC",NA,NA,NA,"Ferula loscosii Willk.",NA,NA,"A. Majoral, BC-647635, * 3",NA,NA,NA,NA,NA,NA,NA,"BDBC",NA,NA,"doi:10.15470/fzwiiu",NA,"C001251",NA,NA,"{""percentNN"":0.9779,""countNN"":354,""distanceNN"":0.09}",NA,"Catalonia",NA,"original","UTM","Ferula loscosii (Lange) Willk.","C001251","Institut BotÃ nic de Barcelona. (2018). Plecs Herbari BC. Institut BotÃ nic de Barcelona",NA,NA,NA,NA
"1434646649","Ferula loscosii Willk.",38.645,-0.891,"gass84,rdativ,osiic,colmano,inmafu","4f6d7736-ef4b-4115-a4e4-020b15c0bb28","8209258a-80e8-4094-aba2-a3febe5ed45b","2a3f6a56-7591-4f05-8c4c-a1bb77aa4ea6","6c4a0bb0-2a4d-11d8-aa2d-b8a03c50a862","ES","EML","2026-04-16T12:46:10.232+00:00","2026-04-24T09:31:55.860+00:00",406,"PRESERVED_SPECIMEN",1,"PRESENT",6027025,6,7707728,220,1351,6720,3034682,6027025,6027025,"Ferula loscosii Willk.","Plantae","Tracheophyta","Apiales","Apiaceae","Ferula","Ferula loscosii","Ferula","loscosii","SPECIES","ACCEPTED",707,NA,NA,"EUROPE","Alicante",NA,NA,NA,NA,NA,NA,"2016-09-07T08:25:07.000+00:00","2026-04-24T09:31:55.860+00:00","http://creativecommons.org/licenses/by-nc/4.0/legalcode",FALSE,"VAL:JBUV-BG:3026-1","none","none","c645b060-c130-45ee-97ab-b9fc94393523",NA,FALSE,NA,NA,"Herbarium specimen","none","WGS84","Magnoliopsida","ES","none","none","EUROPE","Spain","EUROPE",NA,"VAL:JBUV-BG:3026-1",NA,NA,NA,"412","Villena, Los Cabecicos (MRF)",NA,"1434646649",NA,"JBUV-BG","VAL:JBUV-BG:3026-1",NA,NA,"3026-1","VAL",NA,"JBVAL-BG163B2010, ED50;",NA,"Ferula loscosii Willk.",NA,NA,NA,NA,NA,NA,NA,NA,NA,NA,NA,NA,NA,NA,NA,NA,NA,NA,NA,NA,NA,NA,NA,NA,NA,NA,NA,NA,NA,NA,NA
"1434646743","Ferula loscosii Willk.",38.645,-0.903,"gass84,rdativ,osiic,colmano,inmafu","4f6d7736-ef4b-4115-a4e4-020b15c0bb28","8209258a-80e8-4094-aba2-a3febe5ed45b","2a3f6a56-7591-4f05-8c4c-a1bb77aa4ea6","6c4a0bb0-2a4d-11d8-aa2d-b8a03c50a862","ES","EML","2026-04-16T12:46:10.232+00:00","2026-04-24T09:31:51.786+00:00",406,"PRESERVED_SPECIMEN",1,"PRESENT",6027025,6,7707728,220,1351,6720,3034682,6027025,6027025,"Ferula loscosii Willk.","Plantae","Tracheophyta","Apiales","Apiaceae","Ferula","Ferula loscosii","Ferula","loscosii","SPECIES","ACCEPTED",707,NA,NA,"EUROPE","Alicante",NA,NA,NA,NA,NA,NA,"2016-09-07T08:25:05.000+00:00","2026-04-24T09:31:51.786+00:00","http://creativecommons.org/licenses/by-nc/4.0/legalcode",FALSE,"VAL:JBUV-BG:3161-1","none","none","c645b060-c130-45ee-97ab-b9fc94393523",NA,FALSE,NA,NA,"Herbarium specimen","none","WGS84","Magnoliopsida","ES","none","none","EUROPE","Spain","EUROPE",NA,"VAL:JBUV-BG:3161-1",NA,NA,NA,"412","Villena, Cabecicos de Villena",NA,"1434646743",NA,"JBUV-BG","VAL:JBUV-BG:3161-1",NA,NA,"3161-1","VAL",NA,"JBVAL-BG104B2011, ED50;",NA,"Ferula loscosii Willk.",NA,NA,"Brigada Biodiversidad Alicante",NA,NA,NA,NA,NA,NA,NA,NA,NA,NA,NA,NA,NA,NA,NA,NA,NA,NA,NA,NA,NA,NA,NA,NA,NA,NA,NA,NA
"1434646765","Ferula loscosii Willk.",38.650232,-0.897399,"gass84,rdativ,osiic,colmano,inmafu","4f6d7736-ef4b-4115-a4e4-020b15c0bb28","8209258a-80e8-4094-aba2-a3febe5ed45b","2a3f6a56-7591-4f05-8c4c-a1bb77aa4ea6","6c4a0bb0-2a4d-11d8-aa2d-b8a03c50a862","ES","EML","2026-04-16T12:46:10.232+00:00","2026-04-24T09:31:56.107+00:00",406,"PRESERVED_SPECIMEN",1,"PRESENT",6027025,6,7707728,220,1351,6720,3034682,6027025,6027025,"Ferula loscosii Willk.","Plantae","Tracheophyta","Apiales","Apiaceae","Ferula","Ferula loscosii","Ferula","loscosii","SPECIES","ACCEPTED",1,NA,NA,"EUROPE","Alicante",NA,NA,NA,NA,NA,NA,"2016-09-07T08:25:05.000+00:00","2026-04-24T09:31:56.107+00:00","http://creativecommons.org/licenses/by-nc/4.0/legalcode",FALSE,"VAL:JBUV-BG:3172-1","none","none","c645b060-c130-45ee-97ab-b9fc94393523",NA,FALSE,NA,NA,"Herbarium specimen","none","WGS84","Magnoliopsida","ES","none","none","EUROPE","Spain","EUROPE",NA,"VAL:JBUV-BG:3172-1",NA,NA,NA,"412","Villena, Cabecicos de Villena",NA,"1434646765",NA,"JBUV-BG","VAL:JBUV-BG:3172-1",NA,NA,"3172-1","VAL",NA,"JBVAL-BG115B2011, ETRS89;",NA,"Ferula loscosii Willk.",NA,NA,"Brigada Biodiversidad Alicante Norte",NA,NA,NA,NA,NA,NA,NA,NA,NA,NA,NA,NA,NA,NA,NA,NA,NA,NA,NA,NA,NA,NA,NA,NA,NA,NA,NA,NA
"1434646786","Ferula loscosii Willk.",38.618356,-0.892082,"gass84,rdativ,osiic,colmano,inmafu","4f6d7736-ef4b-4115-a4e4-020b15c0bb28","8209258a-80e8-4094-aba2-a3febe5ed45b","2a3f6a56-7591-4f05-8c4c-a1bb77aa4ea6","6c4a0bb0-2a4d-11d8-aa2d-b8a03c50a862","ES","EML","2026-04-16T12:46:10.232+00:00","2026-04-24T09:31:54.310+00:00",406,"PRESERVED_SPECIMEN",1,"PRESENT",6027025,6,7707728,220,1351,6720,3034682,6027025,6027025,"Ferula loscosii Willk.","Plantae","Tracheophyta","Apiales","Apiaceae","Ferula","Ferula loscosii","Ferula","loscosii","SPECIES","ACCEPTED",1,NA,NA,"EUROPE","Alicante",NA,NA,NA,NA,NA,NA,"2016-09-07T08:25:06.000+00:00","2026-04-24T09:31:54.310+00:00","http://creativecommons.org/licenses/by-nc/4.0/legalcode",FALSE,"VAL:JBUV-BG:3237-1","none","none","c645b060-c130-45ee-97ab-b9fc94393523",NA,FALSE,NA,NA,"Herbarium specimen","none","WGS84","Magnoliopsida","ES","none","none","EUROPE","Spain","EUROPE",NA,"VAL:JBUV-BG:3237-1",NA,NA,NA,"412","Villena, el Polovar",NA,"1434646786",NA,"JBUV-BG","VAL:JBUV-BG:3237-1",NA,NA,"3237-1","VAL",NA,"JBVAL-BG27B2012, ETRS89; Cantera abandonada",NA,"Ferula loscosii Willk.",560,0,"E Estrelles, L García",NA,NA,NA,NA,NA,NA,NA,NA,NA,NA,NA,NA,NA,NA,NA,NA,NA,NA,NA,NA,NA,NA,NA,NA,NA,NA,NA,NA
"1434646808","Ferula loscosii Willk.",38.644701,-0.894941,"gass84,rdativ,osiic,colmano,inmafu","4f6d7736-ef4b-4115-a4e4-020b15c0bb28","8209258a-80e8-4094-aba2-a3febe5ed45b","2a3f6a56-7591-4f05-8c4c-a1bb77aa4ea6","6c4a0bb0-2a4d-11d8-aa2d-b8a03c50a862","ES","EML","2026-04-16T12:46:10.232+00:00","2026-04-24T09:31:55.485+00:00",406,"PRESERVED_SPECIMEN",1,"PRESENT",6027025,6,7707728,220,1351,6720,3034682,6027025,6027025,"Ferula loscosii Willk.","Plantae","Tracheophyta","Apiales","Apiaceae","Ferula","Ferula loscosii","Ferula","loscosii","SPECIES","ACCEPTED",1,NA,NA,"EUROPE","Alicante",NA,NA,NA,NA,NA,NA,"2016-09-07T08:25:05.000+00:00","2026-04-24T09:31:55.485+00:00","http://creativecommons.org/licenses/by-nc/4.0/legalcode",FALSE,"VAL:JBUV-BG:3231-1","none","none","c645b060-c130-45ee-97ab-b9fc94393523",NA,FALSE,NA,NA,"Herbarium specimen","none","WGS84","Magnoliopsida","ES","none","none","EUROPE","Spain","EUROPE",NA,"VAL:JBUV-BG:3231-1",NA,NA,NA,"412","Villena, Cabecicos de Villena, prope MRF",NA,"1434646808",NA,"JBUV-BG","VAL:JBUV-BG:3231-1",NA,NA,"3231-1","VAL",NA,"JBVAL-BG21B2012, ETRS89;",NA,"Ferula loscosii Willk.",NA,NA,"E Estrelles, L García",NA,NA,NA,NA,NA,NA,NA,NA,NA,NA,NA,NA,NA,NA,NA,NA,NA,NA,NA,NA,NA,NA,NA,NA,NA,NA,NA,NA
"1434646819","Ferula loscosii Willk.",38.648379,-0.898074,"gass84,rdativ,osiic,colmano,inmafu","4f6d7736-ef4b-4115-a4e4-020b15c0bb28","8209258a-80e8-4094-aba2-a3febe5ed45b","2a3f6a56-7591-4f05-8c4c-a1bb77aa4ea6","6c4a0bb0-2a4d-11d8-aa2d-b8a03c50a862","ES","EML","2026-04-16T12:46:10.232+00:00","2026-04-24T09:31:55.626+00:00",406,"PRESERVED_SPECIMEN",1,"PRESENT",6027025,6,7707728,220,1351,6720,3034682,6027025,6027025,"Ferula loscosii Willk.","Plantae","Tracheophyta","Apiales","Apiaceae","Ferula","Ferula loscosii","Ferula","loscosii","SPECIES","ACCEPTED",1,NA,NA,"EUROPE","Alicante",NA,NA,NA,NA,NA,NA,"2016-09-07T08:25:05.000+00:00","2026-04-24T09:31:55.626+00:00","http://creativecommons.org/licenses/by-nc/4.0/legalcode",FALSE,"VAL:JBUV-BG:3230-1","none","none","c645b060-c130-45ee-97ab-b9fc94393523",NA,FALSE,NA,NA,"Herbarium specimen","none","WGS84","Magnoliopsida","ES","none","none","EUROPE","Spain","EUROPE",NA,"VAL:JBUV-BG:3230-1",NA,NA,NA,"412","Villena, Cabecicos de Villena, cantera",NA,"1434646819",NA,"JBUV-BG","VAL:JBUV-BG:3230-1",NA,NA,"3230-1","VAL",NA,"JBVAL-BG20B2012, ETRS89;",NA,"Ferula loscosii Willk.",NA,NA,"E Estrelles, L García",NA,NA,NA,NA,NA,NA,NA,NA,NA,NA,NA,NA,NA,NA,NA,NA,NA,NA,NA,NA,NA,NA,NA,NA,NA,NA,NA,NA
"1439646109","Ferula loscosii Willk.",41.39,0.43,"cdc,gass84,cdpi,inmano","dbc709b9-e36e-4dd7-ab5b-c3cb08c2779d","ecb9d4a0-9e99-4ce7-b571-925a963a4d32","2a3f6a56-7591-4f05-8c4c-a1bb77aa4ea6","6c4a0bb0-2a4d-11d8-aa2d-b8a03c50a862","ES","EML","2026-04-16T12:25:55.025+00:00","2026-04-24T09:47:01.016+00:00",415,"PRESERVED_SPECIMEN",NA,"PRESENT",6027025,6,7707728,220,1351,6720,3034682,6027025,6027025,"Ferula loscosii Willk.","Plantae","Tracheophyta","Apiales","Apiaceae","Ferula","Ferula loscosii","Ferula","loscosii","SPECIES","ACCEPTED",NA,NA,NA,"EUROPE","Lleida",NA,NA,NA,NA,NA,NA,NA,"2026-04-24T09:47:01.016+00:00","http://creativecommons.org/licenses/by/4.0/legalcode",FALSE,"f922624c-c37c-11e6-9598-0800200c9a66","none","none",NA,NA,FALSE,NA,NA,NA,"none","WGS84","Magnoliopsida","ES","none","none","EUROPE","Spain","EUROPE",NA,"f922624c-c37c-11e6-9598-0800200c9a66",NA,NA,NA,"421","Montmeneu",NA,"1439646109",NA,"threatenedCAT","f922624c-c37c-11e6-9598-0800200c9a66",NA,NA,"HBIL-3915","threatenedCAT","HBIL",NA,NA,"Ferula loscosii Willk.",NA,NA,"Conesa, Josep Antoni","Seròs",NA,NA,NA,NA,NA,NA,NA,NA,NA,NA,NA,NA,NA,"iucnStatus: VU","{""percentNN"":0.7611,""countNN"":137,""distanceNN"":0.09}","Ferula loscosii (Lange in Willk. et Lange) Willk.","Segrià",NA,NA,NA,NA,NA,NA,NA,NA,NA,NA
"1439646113","Ferula loscosii Willk.",41.57,0.54,"cdc,gass84,cdpi,inmano","dbc709b9-e36e-4dd7-ab5b-c3cb08c2779d","ecb9d4a0-9e99-4ce7-b571-925a963a4d32","2a3f6a56-7591-4f05-8c4c-a1bb77aa4ea6","6c4a0bb0-2a4d-11d8-aa2d-b8a03c50a862","ES","EML","2026-04-16T12:25:55.025+00:00","2026-04-24T09:47:00.366+00:00",415,"PRESERVED_SPECIMEN",NA,"PRESENT",6027025,6,7707728,220,1351,6720,3034682,6027025,6027025,"Ferula loscosii Willk.","Plantae","Tracheophyta","Apiales","Apiaceae","Ferula","Ferula loscosii","Ferula","loscosii","SPECIES","ACCEPTED",NA,NA,NA,"EUROPE","Lleida",NA,NA,NA,NA,NA,NA,NA,"2026-04-24T09:47:00.366+00:00","http://creativecommons.org/licenses/by/4.0/legalcode",FALSE,"f922624f-c37c-11e6-9598-0800200c9a66","none","none",NA,NA,TRUE,NA,NA,NA,"none","WGS84","Magnoliopsida","ES","none","none","EUROPE","Spain","EUROPE",NA,"f922624f-c37c-11e6-9598-0800200c9a66",NA,NA,NA,"421","Sudanell-Sarroca, c. la Pleta de Sunyer",NA,"1439646113",NA,"threatenedCAT","f922624f-c37c-11e6-9598-0800200c9a66",NA,NA,"HBIL-7117","threatenedCAT","HBIL",NA,NA,"Ferula loscosii Willk.",200,0,"Pedrol, Joan","Sudanell",NA,NA,NA,"4185 JP",NA,NA,NA,NA,NA,NA,NA,NA,NA,"iucnStatus: VU","{""percentNN"":0.7611,""countNN"":137,""distanceNN"":0.09}","Ferula loscosii (Lange in Willk. et Lange) Willk.","Segrià",NA,NA,NA,NA,NA,NA,NA,NA,NA,NA
"1439646127","Ferula loscosii Willk.",41.58,0.9,"cdc,gass84,cdpi,inmano","dbc709b9-e36e-4dd7-ab5b-c3cb08c2779d","ecb9d4a0-9e99-4ce7-b571-925a963a4d32","2a3f6a56-7591-4f05-8c4c-a1bb77aa4ea6","6c4a0bb0-2a4d-11d8-aa2d-b8a03c50a862","ES","EML","2026-04-16T12:25:55.025+00:00","2026-04-24T09:47:01.164+00:00",415,"PRESERVED_SPECIMEN",NA,"PRESENT",6027025,6,7707728,220,1351,6720,3034682,6027025,6027025,"Ferula loscosii Willk.","Plantae","Tracheophyta","Apiales","Apiaceae","Ferula","Ferula loscosii","Ferula","loscosii","SPECIES","ACCEPTED",NA,NA,NA,"EUROPE","Lleida",NA,NA,NA,NA,NA,NA,NA,"2026-04-24T09:47:01.164+00:00","http://creativecommons.org/licenses/by/4.0/legalcode",FALSE,"f9226251-c37c-11e6-9598-0800200c9a66","none","none",NA,NA,TRUE,NA,NA,NA,"none","WGS84","Magnoliopsida","ES","none","none","EUROPE","Spain","EUROPE",NA,"f9226251-c37c-11e6-9598-0800200c9a66","brolla esclarissada",NA,NA,"421","Tossal Gros. Arbeca. Les Garrigues","865","1439646127",NA,"threatenedCAT","f9226251-c37c-11e6-9598-0800200c9a66",NA,NA,"BCN-128613","threatenedCAT","BCN",NA,NA,"Ferula loscosii Willk.",330,0,"Sànchez Cuxart, Antoni",NA,NA,"Herbari Antoni Sànchez Cuxart",NA,NA,NA,NA,NA,NA,NA,NA,NA,NA,NA,"iucnStatus: vu","{""percentNN"":0.7611,""countNN"":137,""distanceNN"":0.09}","Ferula loscosii (Lange) Willk.",NA,NA,NA,NA,NA,NA,NA,NA,NA,NA,NA
"1439646128","Ferula loscosii Willk.",41.39,0.43,"cdc,gass84,cdpi,inmano","dbc709b9-e36e-4dd7-ab5b-c3cb08c2779d","ecb9d4a0-9e99-4ce7-b571-925a963a4d32","2a3f6a56-7591-4f05-8c4c-a1bb77aa4ea6","6c4a0bb0-2a4d-11d8-aa2d-b8a03c50a862","ES","EML","2026-04-16T12:25:55.025+00:00","2026-04-24T09:47:00.454+00:00",415,"PRESERVED_SPECIMEN",NA,"PRESENT",6027025,6,7707728,220,1351,6720,3034682,6027025,6027025,"Ferula loscosii Willk.","Plantae","Tracheophyta","Apiales","Apiaceae","Ferula","Ferula loscosii","Ferula","loscosii","SPECIES","ACCEPTED",NA,NA,NA,"EUROPE","Lleida",NA,NA,NA,NA,NA,NA,NA,"2026-04-24T09:47:00.454+00:00","http://creativecommons.org/licenses/by/4.0/legalcode",FALSE,"f922624d-c37c-11e6-9598-0800200c9a66","none","none",NA,NA,FALSE,NA,NA,NA,"none","WGS84","Magnoliopsida","ES","none","none","EUROPE","Spain","EUROPE",NA,"f922624d-c37c-11e6-9598-0800200c9a66",NA,NA,NA,"421","Montmeneu",NA,"1439646128",NA,"threatenedCAT","f922624d-c37c-11e6-9598-0800200c9a66",NA,NA,"HBIL-3916","threatenedCAT","HBIL",NA,NA,"Ferula loscosii Willk.",NA,NA,"Conesa, Josep Antoni","Seròs",NA,NA,NA,NA,NA,NA,NA,NA,NA,NA,NA,NA,NA,"iucnStatus: VU","{""percentNN"":0.7611,""countNN"":137,""distanceNN"":0.09}","Ferula loscosii (Lange in Willk. et Lange) Willk.","Segrià",NA,NA,NA,NA,NA,NA,NA,NA,NA,NA
"1439646135","Ferula loscosii Willk.",41.76,0.89,"cdc,gass84,cdpi,inmano","dbc709b9-e36e-4dd7-ab5b-c3cb08c2779d","ecb9d4a0-9e99-4ce7-b571-925a963a4d32","2a3f6a56-7591-4f05-8c4c-a1bb77aa4ea6","6c4a0bb0-2a4d-11d8-aa2d-b8a03c50a862","ES","EML","2026-04-16T12:25:55.025+00:00","2026-04-24T09:46:59.680+00:00",415,"PRESERVED_SPECIMEN",NA,"PRESENT",6027025,6,7707728,220,1351,6720,3034682,6027025,6027025,"Ferula loscosii Willk.","Plantae","Tracheophyta","Apiales","Apiaceae","Ferula","Ferula loscosii","Ferula","loscosii","SPECIES","ACCEPTED",NA,NA,NA,"EUROPE","Lleida",NA,NA,NA,NA,NA,NA,NA,"2026-04-24T09:46:59.680+00:00","http://creativecommons.org/licenses/by/4.0/legalcode",FALSE,"f9226252-c37c-11e6-9598-0800200c9a66","none","none",NA,NA,FALSE,NA,NA,NA,"none","WGS84","Magnoliopsida","ES","none","none","EUROPE","Spain","EUROPE",NA,"f9226252-c37c-11e6-9598-0800200c9a66","Prat sec",NA,NA,"421","Entre Bellcaire i Bellmunt d'Urgell",NA,"1439646135",NA,"threatenedCAT","f9226252-c37c-11e6-9598-0800200c9a66",NA,NA,"HBIL-5097","threatenedCAT","HBIL",NA,NA,"Ferula loscosii Willk.",NA,NA,"Mayoral, Antoni",NA,NA,NA,NA,NA,NA,NA,NA,NA,NA,NA,NA,NA,NA,"iucnStatus: VU","{""percentNN"":0.7611,""countNN"":137,""distanceNN"":0.09}","Ferula loscosii (Lange in Willk. et Lange) Willk.","Noguera",NA,NA,NA,NA,NA,NA,NA,NA,NA,NA
"1439646142","Ferula loscosii Willk.",41.57,0.54,"cdc,gass84,cdpi,inmano","dbc709b9-e36e-4dd7-ab5b-c3cb08c2779d","ecb9d4a0-9e99-4ce7-b571-925a963a4d32","2a3f6a56-7591-4f05-8c4c-a1bb77aa4ea6","6c4a0bb0-2a4d-11d8-aa2d-b8a03c50a862","ES","EML","2026-04-16T12:25:55.025+00:00","2026-04-24T09:46:59.001+00:00",415,"PRESERVED_SPECIMEN",NA,"PRESENT",6027025,6,7707728,220,1351,6720,3034682,6027025,6027025,"Ferula loscosii Willk.","Plantae","Tracheophyta","Apiales","Apiaceae","Ferula","Ferula loscosii","Ferula","loscosii","SPECIES","ACCEPTED",NA,NA,NA,"EUROPE","Lleida",NA,NA,NA,NA,NA,NA,NA,"2026-04-24T09:46:59.001+00:00","http://creativecommons.org/licenses/by/4.0/legalcode",FALSE,"f922624e-c37c-11e6-9598-0800200c9a66","none","none",NA,NA,FALSE,NA,NA,NA,"none","WGS84","Magnoliopsida","ES","none","none","EUROPE","Spain","EUROPE",NA,"f922624e-c37c-11e6-9598-0800200c9a66","Exp. S",NA,NA,"421","de Sudanell a Sarroca, c. Pleta de Sunyer",NA,"1439646142",NA,"threatenedCAT","f922624e-c37c-11e6-9598-0800200c9a66",NA,NA,"HBIL-7118","threatenedCAT","HBIL",NA,NA,"Ferula loscosii Willk.",200,0,"Pedrol, Joan","Sudanell",NA,NA,NA,"4123 JP",NA,NA,NA,NA,NA,NA,NA,NA,NA,"iucnStatus: VU","{""percentNN"":0.7611,""countNN"":137,""distanceNN"":0.09}","Ferula loscosii (Lange in Willk. et Lange) Willk.","Segrià",NA,NA,NA,NA,NA,NA,NA,NA,NA,NA
"1439646153","Ferula loscosii Willk.",41.84,0.65,"cdc,gass84,cdpi,inmano","dbc709b9-e36e-4dd7-ab5b-c3cb08c2779d","ecb9d4a0-9e99-4ce7-b571-925a963a4d32","2a3f6a56-7591-4f05-8c4c-a1bb77aa4ea6","6c4a0bb0-2a4d-11d8-aa2d-b8a03c50a862","ES","EML","2026-04-16T12:25:55.025+00:00","2026-04-24T09:47:00.124+00:00",415,"PRESERVED_SPECIMEN",NA,"PRESENT",6027025,6,7707728,220,1351,6720,3034682,6027025,6027025,"Ferula loscosii Willk.","Plantae","Tracheophyta","Apiales","Apiaceae","Ferula","Ferula loscosii","Ferula","loscosii","SPECIES","ACCEPTED",NA,NA,NA,"EUROPE","Lleida",NA,NA,NA,NA,NA,NA,NA,"2026-04-24T09:47:00.124+00:00","http://creativecommons.org/licenses/by/4.0/legalcode",FALSE,"f9226250-c37c-11e6-9598-0800200c9a66","none","none",NA,NA,FALSE,NA,NA,NA,"none","WGS84","Magnoliopsida","ES","none","none","EUROPE","Spain","EUROPE",NA,"f9226250-c37c-11e6-9598-0800200c9a66",NA,NA,NA,"421","Serra Llarga, prop d'Algerri",NA,"1439646153",NA,"threatenedCAT","f9226250-c37c-11e6-9598-0800200c9a66",NA,NA,"HBIL-8706","threatenedCAT","HBIL",NA,NA,"Ferula loscosii Willk.",380,0,"Conesa, Josep Antoni","Algerri",NA,NA,NA,NA,NA,NA,NA,NA,NA,NA,NA,NA,NA,"iucnStatus: VU","{""percentNN"":0.7611,""countNN"":137,""distanceNN"":0.09}","Ferula loscosii (Lange) Willk.","Noguera",NA,NA,NA,NA,NA,NA,NA,NA,NA,NA
"3033671409","Ferula loscosii Willk.",41.58,0.9,"cdc,gass84,mdativ,colmano,inmafu","834f1756-f762-11e1-a439-00145eb45e9a","cb202839-87c6-456a-821c-dc5b268a200f","2a3f6a56-7591-4f05-8c4c-a1bb77aa4ea6","6c4a0bb0-2a4d-11d8-aa2d-b8a03c50a862","ES","EML","2026-04-18T01:36:55.261+00:00","2026-04-23T23:49:12.925+00:00",326,"PRESERVED_SPECIMEN",NA,"PRESENT",6027025,6,7707728,220,1351,6720,3034682,6027025,6027025,"Ferula loscosii Willk.","Plantae","Tracheophyta","Apiales","Apiaceae","Ferula","Ferula loscosii","Ferula","loscosii","SPECIES","ACCEPTED",7071,NA,NA,"EUROPE","Lleida",NA,NA,NA,NA,NA,NA,NA,"2026-04-23T23:49:12.925+00:00","http://creativecommons.org/licenses/by-nc/4.0/legalcode",FALSE,"BCN 128613","none","none","5db0342e-533f-461c-a97e-0ec9dc79a95c",NA,TRUE,"Col·lecció de Cormòfits de l'herbari BCN",NA,NA,"none","WGS84","Magnoliopsida","ES","none","none","EUROPE","Spain","EUROPE","CRAI CeDocBiV - Universitat de Barcelona","BCN 128613","brolla esclarissada",NA,NA,"350","Tossal Gros, Arbeca",NA,"3033671409",NA,"Corm","BCN 128613",NA,NA,"128613","BCN","UB",NA,NA,"Ferula loscosii Willk.",330,0,"Sànchez Cuxart, Antoni","Arbeca","BCN-Cormophyta",NA,NA,NA,NA,NA,NA,NA,NA,NA,NA,NA,NA,NA,NA,"Ferula loscosii (Lange) Willk.","Les Garrigues","124464",NA,NA,NA,NA,NA,NA,NA,NA,NA
"4529472554","Ferula loscosii Willk.",41.577534,0.900808,"cdc,cdround,cdpi,inmano","a4b7c71e-fc73-434e-a008-d63c222179d0","7b4f2f30-a456-11d9-8049-b8a03c50a862","2a3f6a56-7591-4f05-8c4c-a1bb77aa4ea6","6c4a0bb0-2a4d-11d8-aa2d-b8a03c50a862","ES","EML","2026-04-17T15:02:28.711+00:00","2026-04-24T02:24:16.257+00:00",415,"PRESERVED_SPECIMEN",NA,"PRESENT",6027025,6,7707728,220,1351,6720,3034682,6027025,6027025,"Ferula loscosii Willk.","Plantae","Tracheophyta","Apiales","Apiaceae","Ferula","Ferula loscosii","Ferula","loscosii","SPECIES","ACCEPTED",NA,NA,NA,"EUROPE",NA,NA,NA,NA,NA,NA,NA,"2024-01-08T00:00:00.000+00:00","2026-04-24T02:24:16.257+00:00","http://creativecommons.org/licenses/by-nc/4.0/legalcode",FALSE,"BDBC-C.6833.0.73257.20039","none","none",NA,NA,TRUE,"FloraCAT: Banco de datos de los cormófitos de Cataluña","SÃ nchez Cuxart, Antoni",NA,"none","WGS84","Magnoliopsida","ES","none","none","EUROPE","Spain","EUROPE","Generalitat de Catalunya","BDBC-C.6833.0.73257.20039",NA,NA,NA,"421","Tossal Gros. Arbeca. Garrigues. Lleida",NA,"4529472554","es","BDBC-Floracat","BDBC-C.6833.0.73257.20039","Dataset",NA,"BCN 128613","BDBC",NA,NA,NA,"Ferula loscosii Willk.",NA,NA,"SÃ nchez Cuxart, Antoni, BCN 128613, () 3",NA,NA,NA,NA,NA,NA,NA,"BDBC",NA,NA,"doi:10.15470/fzwiiu",NA,"C001251",NA,NA,"{""percentNN"":0.9779,""countNN"":354,""distanceNN"":0.09}",NA,"Catalonia",NA,"original","UTM","Ferula loscosii (Lange) Willk.","C001251","BCN (2017). Plecs Herbari BCN. CEDOCBIV","330",NA,NA,NA
"5797309563","Ferula loscosii Willk.",41.2378,-0.1582,"gass84,inmano","838475f4-f762-11e1-a439-00145eb45e9a","6f3ccc65-0a54-4e65-ae7e-13b92d618e7c","2a3f6a56-7591-4f05-8c4c-a1bb77aa4ea6","6c4a0bb0-2a4d-11d8-aa2d-b8a03c50a862","ES","EML","2026-05-14T18:31:27.870+00:00","2026-05-19T13:30:26.307+00:00",396,"PRESERVED_SPECIMEN",NA,"PRESENT",6027025,6,7707728,220,1351,6720,3034682,6027025,6027025,"Ferula loscosii Willk.","Plantae","Tracheophyta","Apiales","Apiaceae","Ferula","Ferula loscosii","Ferula","loscosii","SPECIES","ACCEPTED",4000,NA,NA,"EUROPE","Zaragoza",NA,NA,NA,NA,NA,NA,"2024-03-19T00:00:00.000+00:00","2026-05-19T13:30:26.307+00:00","http://creativecommons.org/licenses/by-nc/4.0/legalcode",FALSE,"DD4DCD73-5B3F-4C1D-A6C5-27C4211137CA","none","none",NA,NA,FALSE,"Institut Botànic de Barcelona (CSIC-CMCNB) – BC",NA,"Herbarium specimen","none","WGS84","Magnoliopsida","ES","none","none","EUROPE","Spain","EUROPE",NA,"DD4DCD73-5B3F-4C1D-A6C5-27C4211137CA",NA,"6f3ccc65-0a54-4e65-ae7e-13b92d618e7c",NA,"410","Chiprana; Chiprana, laguneta de Chiprana",NA,"5797309563",NA,"BC","DD4DCD73-5B3F-4C1D-A6C5-27C4211137CA",NA,NA,"BC-995152","BC",NA,"The plant exudes an acrid milky juice when young. Apparently very few plants exist en this locality",NA,"Ferula loscosii Willk.",NA,NA,"S. Pyke",NA,"BC",NA,"Last label. Notes: [=Elaeoselinum loscosii)",NA,NA,NA,NA,NA,NA,NA,NA,NA,NA,NA,NA,NA,NA,NA,NA,NA,NA,NA,NA,NA,NA,NA,NA
