"key","scientificName","decimalLatitude","decimalLongitude","issues","datasetKey","publishingOrgKey","installationKey","hostingOrganizationKey","publishingCountry","protocol","lastCrawled","lastParsed","crawlId","basisOfRecord","individualCount","occurrenceStatus","taxonKey","kingdomKey","phylumKey","classKey","orderKey","familyKey","genusKey","speciesKey","acceptedTaxonKey","acceptedScientificName","kingdom","phylum","order","family","genus","species","genericName","specificEpithet","taxonRank","taxonomicStatus","coordinateUncertaintyInMeters","elevation","elevationAccuracy","continent","stateProvince","year","month","day","eventDate","startDayOfYear","endDayOfYear","modified","lastInterpreted","license","isSequenced","identifier","facts","relations","isInCluster","datasetID","datasetName","recordedBy","nucleotideSequence","geodeticDatum","class","countryCode","recordedByIDs","identifiedByIDs","gbifRegion","country","publishedByGbifRegion","identifier.1","catalogNumber","institutionID","nomenclaturalCode","institutionCode","http...unknown.org.crawl_attempt","locality","gbifID","language","collectionCode","occurrenceID","type","name","projectId","higherGeography","georeferencedBy","references","institutionKey","collectionKey","identifiedBy","preparations","samplingProtocol","rightsHolder","locationAccordingTo","vernacularName","verbatimElevation","recordNumber","acceptedNameUsage","georeferenceVerificationStatus","verbatimSRS","materialSampleID","verbatimLocality","parentNameUsageID","disposition","acceptedNameUsageID","ownerInstitutionCode","occurrenceRemarks","accessRights","bibliographicCitation","higherClassification","collectionID","parentNameUsage","gadm","otherCatalogNumbers","http...unknown.org.dateLastUpdated","habitat","verbatimEventDate","http...unknown.org.declaredCount","municipality","http...unknown.org.code","http...unknown.org.conceptualSchema","http...unknown.org.maxSearchResponseRecords","infraspecificEpithet","depth","depthAccuracy","fieldNumber","verbatimTaxonRank","dateIdentified","http...unknown.org.localId","dynamicProperties","reproductiveCondition","fieldNotes","identificationRemarks","eventRemarks","networkKeys","recordedByIDs.type","recordedByIDs.value","previousIdentifications","locationID","county","verbatimCoordinateSystem","http...unknown.org.griddedDataset","taxonID","verbatimIdentification","identificationID","http...unknown.org.status","http...unknown.org.crawlerDwcaCacheTime","http...unknown.org.orphanEndpoint","coordinatePrecision","identificationQualifier","georeferenceRemarks","distanceFromCentroidInMeters","typeStatus","identifiedByIDs.type","identifiedByIDs.value","http...unknown.org.omitFromScheduledCrawl","http...unknown.org.download","datasetTitle"
"4958670818","Reseda stricta Pers.",42.069914,0.237431,"inmano","45329de8-a48e-4e92-a709-f8303220ac84","dfa60bf9-be17-4b11-bdd1-23734e6dbfbd","2a3f6a56-7591-4f05-8c4c-a1bb77aa4ea6","6c4a0bb0-2a4d-11d8-aa2d-b8a03c50a862","ES","EML","2026-04-21T18:27:26.406+00:00","2026-04-24T09:49:00.869+00:00",82,"PRESERVED_SPECIMEN",5,"PRESENT",7275953,6,7707728,220,7225535,3110,3040250,7275953,7275953,"Reseda stricta Pers.","Plantae","Tracheophyta","Brassicales","Resedaceae","Reseda","Reseda stricta","Reseda","stricta","SPECIES","ACCEPTED",0.71,436,0,"EUROPE","Huesca",2024,4,26,"2024-04-26",117,117,"2024-01-01T00:00:00.000+00:00","2026-04-24T09:49:00.869+00:00","http://creativecommons.org/licenses/by-nc/4.0/legalcode",FALSE,"IPE-CSIC:JACA:R311194","none","none",FALSE,"doi:10.15470/kascfy","Proyecto PHYLOPYR","JVF","none","WGS84","Magnoliopsida","ES","none","none","EUROPE","Spain","EUROPE","IPE-CSIC:JACA:R311194","R311194","https://www.gbif.org/publisher/dfa60bf9-be17-4b11-bdd1-23734e6dbfbd","ICN","IPE-CSIC","105","Estada","4958670818","es","Herbario JACA","IPE-CSIC:JACA:R311194","Collection","Reseda stricta Pers.",NA,NA,NA,NA,NA,NA,NA,NA,NA,NA,NA,NA,NA,NA,NA,NA,NA,NA,NA,NA,NA,NA,NA,NA,NA,NA,NA,NA,NA,NA,NA,NA,NA,NA,NA,NA,NA,NA,NA,NA,NA,NA,NA,NA,NA,NA,NA,NA,NA,NA,NA,NA,NA,NA,NA,NA,NA,NA,NA,NA,NA,NA,NA,NA,NA,NA,NA,NA,NA,NA,NA,NA,NA,NA,NA
"5895915640","Reseda stricta Pers.",40.0874,-3.53416,"cdc,colmafu,inmafu","902c8fe7-8f38-45b0-854e-c324fed36303","f5fc4e61-b7a0-414b-ab68-b41cb23e7fdc","91d2f516-bdfa-458f-bad1-66717101b49f","f5fc4e61-b7a0-414b-ab68-b41cb23e7fdc","RU","EML","2026-05-22T10:23:15.376+00:00","2026-05-22T10:31:01.198+00:00",596,"PRESERVED_SPECIMEN",NA,"PRESENT",7275953,6,7707728,220,7225535,3110,3040250,7275953,7275953,"Reseda stricta Pers.","Plantae","Tracheophyta","Brassicales","Resedaceae","Reseda","Reseda stricta","Reseda","stricta","SPECIES","ACCEPTED",NA,570,NA,"EUROPE",NA,2024,7,20,"2024-07-20",202,202,"2025-11-27T12:59:42.000+00:00","2026-05-22T10:31:01.198+00:00","http://creativecommons.org/licenses/by/4.0/legalcode",FALSE,"MW0933310","none","none",TRUE,"urn:lsid:biocol.org:col:15550:01","Moscow Digital Herbarium","A. Seregin|Á. Fernández Cancio|J. Braschi|et al.","none","WGS84","Magnoliopsida","ES","none","none","EUROPE","Spain","EUROPE","MW0933310","MW0933310","http://grbio.org/institution/moscow-state-university","International Code of Nomenclature for algae, fungi, and plants","Moscow State University","596",NA,"5895915640","en | ru","MW","MW0933310","Physical Object","Reseda stricta Pers.","https://rscf.ru/en/project/21-77-20042/","Western Europe|Western Europe|Spain","Kollektor","https://plant.depo.msu.ru/open/public/item/MW0933310","df27e63f-82b2-464e-9286-a96163c961c9","acf523b0-8c81-4813-a85d-2361a8b487d4","Identified by the collector","herbarium specimen","common practice of herbarium collecting","Moscow State University","label","Резеда","570","E-2341","Reseda stricta Pers.","manual verification","WGS84","MW0933310","Spain, Madrid, Las Vegas, Colmenar de Oreja, salt lake of Laguna de las Esteras, xeric grasslands on gentle slope. == Испания, Мадрид, Лас-Вегас, Кольменар-де-Ореха, солёное озеро Лагуна-де-лас-Эстерас, сухие злаковники на пологом склоне.","361324237","in collection","362904098","MSU","Field number #97","use under CC-BY 4.0","Seregin A. P. (Ed.). 2026. Specimen MW0933310 from the collection ""Moscow University Herbarium"" // Depository of Live Systems (branch ""Plants""): Electronic resource. – Moscow State University, Moscow. – Available at: https://plant.depo.mitotech.ru/open/public/item/MW0933310 (indicate access date).","Plantae | Tracheophyta | Magnoliopsida | Capparales | Resedaceae | Reseda","urn:lsid:biocol.org:col:15550","Reseda",NA,NA,NA,NA,NA,NA,NA,NA,NA,NA,NA,NA,NA,NA,NA,NA,NA,NA,NA,NA,NA,NA,NA,NA,NA,NA,NA,NA,NA,NA,NA,NA,NA,NA,NA,NA,NA,NA,NA,NA,NA,NA,NA,NA,NA,NA
"5051937460","Reseda stricta Pers.",36.73,-3.33,"cdc,gass84,osiic,colmafu,inmafu","962cceea-f762-11e1-a439-00145eb45e9a","7fadb370-f921-11dd-af50-b8a03c50a862","2a3f6a56-7591-4f05-8c4c-a1bb77aa4ea6","6c4a0bb0-2a4d-11d8-aa2d-b8a03c50a862","ES","EML","2026-04-17T22:12:36.543+00:00","2026-04-24T14:08:17.616+00:00",392,"PRESERVED_SPECIMEN",1,"PRESENT",7275953,6,7707728,220,7225535,3110,3040250,7275953,7275953,"Reseda stricta Pers.","Plantae","Tracheophyta","Brassicales","Resedaceae","Reseda","Reseda stricta","Reseda","stricta","SPECIES","ACCEPTED",1,30,0,"EUROPE","Granada",2021,3,11,"2021-03-11",70,70,"2022-04-21T10:40:00.000+00:00","2026-04-24T14:08:17.616+00:00","http://creativecommons.org/licenses/by-nc/4.0/legalcode",FALSE,"8115C5F8-AB55-BC43-BAA2-680004FF96AD","none","none",FALSE,NA,"MGC Herbarium University of Malaga (Spain): MGC-Cormof dataset","N. Hidalgo & F. Soriguer","none","WGS84","Magnoliopsida","ES","none","none","EUROPE","Spain","EUROPE","8115C5F8-AB55-BC43-BAA2-680004FF96AD","94055-1","https://www.gbif.org/publisher/7fadb370-f921-11dd-af50-b8a03c50a862",NA,"MGC","417","Extremo Oriental de la Ensenada de Cambriles","5051937460","es","MGC-Cormof","8115C5F8-AB55-BC43-BAA2-680004FF96AD","PhysicalObject","Reseda stricta Pers.",NA,NA,NA,NA,"f9fd1a64-464a-4cbf-8a6c-60d7ca4e4446","dcf31393-fdcd-48d6-8e33-7eb584ab9ed3","F. Soriguer","Pliego",NA,NA,NA,NA,NA,NA,NA,NA,NA,NA,NA,NA,"in collection",NA,NA,"Proyecto CEIMAR",NA,NA,NA,NA,NA,"none","MGC:MGC-Cormof:94055-1","2013-06-14T15:24:00.000+02:00","Arbustedas de Atriplex halimus en laderas de fuerte inclinación junto al mar. Esquistos y cuarcitas","11/03/2021","73157","Rubite","MGC-Cormof","http://digir.sourceforge.net/schema/conceptual/darwin/2003/1.0/darwin2.xsd","1000",NA,NA,NA,NA,NA,NA,NA,NA,NA,NA,NA,NA,NA,NA,NA,NA,NA,NA,NA,NA,NA,NA,NA,NA,NA,NA,NA,NA,NA,NA,NA,NA,NA,NA,NA,NA
"4147455995","Reseda stricta Pers.",41.77,-4.31,"cdc,colmafu,inmafu","834a4794-f762-11e1-a439-00145eb45e9a","8209258a-80e8-4094-aba2-a3febe5ed45b","2a3f6a56-7591-4f05-8c4c-a1bb77aa4ea6","6c4a0bb0-2a4d-11d8-aa2d-b8a03c50a862","ES","EML","2026-04-18T01:37:24.691+00:00","2026-04-24T10:27:18.676+00:00",375,"PRESERVED_SPECIMEN",NA,"PRESENT",7275953,6,7707728,220,7225535,3110,3040250,7275953,7275953,"Reseda stricta Pers.","Plantae","Tracheophyta","Brassicales","Resedaceae","Reseda","Reseda stricta","Reseda","stricta","SPECIES","ACCEPTED",NA,832,0,"EUROPE","Palencia",2019,6,27,"2019-06-27",178,178,"2025-11-03T14:20:45.000+00:00","2026-04-24T10:27:18.676+00:00","http://creativecommons.org/licenses/by-nc/4.0/legalcode",FALSE,"A9ED0AD2-39A8-4523-852A-5ACF4E7550D7","none","none",FALSE,NA,"Colección de plantas vasculares del herbario de la Universitat de València (VAL)","I. Aizpuru, S. Andrés-Sánchez, A. Buira, J. A. Díaz Núñez, D. Gutiérre","none","WGS84","Magnoliopsida","ES","none","none","EUROPE","Spain","EUROPE","A9ED0AD2-39A8-4523-852A-5ACF4E7550D7","251251-1","https://www.gbif.org/publisher/8209258a-80e8-4094-aba2-a3febe5ed45b",NA,"VAL","391","Valcabado","4147455995","es","VAL","A9ED0AD2-39A8-4523-852A-5ACF4E7550D7","PhysicalObject","Reseda stricta Pers.",NA,NA,NA,NA,"c645b060-c130-45ee-97ab-b9fc94393523","6ceb64b5-0201-4a27-bcdb-8d62035e35d5",NA,"Pliego",NA,NA,NA,NA,NA,NA,NA,NA,NA,NA,NA,NA,"in collection",NA,NA,"Campaña de recolección financiada parcialmente (participación de E. Rico, S. Andrés Sánchez y D. Gutiérrez Larruscain) por el proyecto “Flora Iberica XI” (Salamanca) (CGL2017-85204-C3-2-P)",NA,NA,NA,NA,NA,NA,NA,NA,"quejigar sobre yesos","27/06/2019",NA,"Alba de Cerrato",NA,NA,NA,NA,NA,NA,"SA1680",NA,NA,"VAL",NA,"fruit-bearing",NA,NA,NA,NA,NA,NA,NA,NA,NA,NA,NA,NA,NA,NA,NA,NA,NA,NA,NA,NA,NA,NA,NA,NA,NA,NA,NA
"3855086044","Reseda stricta Pers.",37.47,-3.14,"cdc,gass84,osiic","6a7575fa-ae03-4ba3-b322-2da15b5033e2","d68c4230-a271-11d8-a9b3-b8a03c50a862","2a3f6a56-7591-4f05-8c4c-a1bb77aa4ea6","6c4a0bb0-2a4d-11d8-aa2d-b8a03c50a862","ES","EML","2026-04-17T19:28:29.248+00:00","2026-04-24T04:39:16.133+00:00",394,"PRESERVED_SPECIMEN",1,"PRESENT",7275953,6,7707728,220,7225535,3110,3040250,7275953,7275953,"Reseda stricta Pers.","Plantae","Tracheophyta","Brassicales","Resedaceae","Reseda","Reseda stricta","Reseda","stricta","SPECIES","ACCEPTED",707,820,0,"EUROPE","Granada",2017,4,16,"2017-04-16",106,106,"2022-06-24T10:36:01.000+00:00","2026-04-24T04:39:16.133+00:00","http://creativecommons.org/licenses/by-nc/4.0/legalcode",FALSE,"1AE98224-30F3-4BFE-A964-FC1E50DA4AA4","none","none",FALSE,NA,"Herbario de la Universidad de Granada: Colección GDA-Fanerogamia","J. Fuentes","none","WGS84","Magnoliopsida","ES","none","none","EUROPE","Spain","EUROPE","1AE98224-30F3-4BFE-A964-FC1E50DA4AA4","63952-1","https://www.gbif.org/grscicoll/institution/a46ced27-ecc3-43df-981f-d6de329f50b4",NA,"GDA","400","Sotocruz, cabecera del barranco de la Linde","3855086044","es","GDA-Fanero","1AE98224-30F3-4BFE-A964-FC1E50DA4AA4","PhysicalObject","Reseda stricta Pers.",NA,NA,NA,NA,"a46ced27-ecc3-43df-981f-d6de329f50b4","82d87a2a-f701-46ca-a1c0-292e83fc790a","Fuentes, J.","Pliego",NA,"Herbarium University of Granada, Spain",NA,NA,NA,NA,NA,NA,NA,NA,NA,NA,"in collection",NA,"GDA",NA,NA,NA,NA,"https://www.gbif.org/grscicoll/collection/82d87a2a-f701-46ca-a1c0-292e83fc790a",NA,NA,NA,NA,"pastizales terofíticos en sustrato margo-yesífero","16/04/2017",NA,"Fonelas",NA,NA,NA,NA,0,0,NA,NA,NA,NA,NA,NA,NA,NA,NA,NA,NA,NA,NA,NA,NA,NA,NA,NA,NA,NA,NA,NA,NA,NA,NA,NA,NA,NA,NA,NA,NA,NA,NA
"1851409346","Reseda stricta Pers.",37.049892,-3.757821,"cdc,gass84,mdativ,osiic,colmafu,inmafu","7b74be32-f762-11e1-a439-00145eb45e9a","730cd32c-627f-44a8-9d93-fcfb23ade969","2a3f6a56-7591-4f05-8c4c-a1bb77aa4ea6","6c4a0bb0-2a4d-11d8-aa2d-b8a03c50a862","ES","EML","2026-04-17T20:40:41.625+00:00","2026-04-29T14:09:18.549+00:00",434,"PRESERVED_SPECIMEN",1,"PRESENT",7275953,6,7707728,220,7225535,3110,3040250,7275953,7275953,"Reseda stricta Pers.","Plantae","Tracheophyta","Brassicales","Resedaceae","Reseda","Reseda stricta","Reseda","stricta","SPECIES","ACCEPTED",NA,950,0,"EUROPE","Granada",2017,11,17,"2017-11-17",321,321,NA,"2026-04-29T14:09:18.549+00:00","http://creativecommons.org/licenses/by-nc/4.0/legalcode",FALSE,"F4071038-A3FB-4447-B37F-8F4F31CBA945","none","none",TRUE,"doi:10.15470/j3rugb","Colección de plantas vasculares del Herbario Jaime Andrés Rodríguez. LEB","P.M.Sánchez Castillo & J.Lorite","none","WGS84","Magnoliopsida","ES","none","none","EUROPE","Spain","EUROPE","F4071038-A3FB-4447-B37F-8F4F31CBA945","121776-1",NA,NA,"LEB","440","Escúzar","1851409346","ES","LEB","F4071038-A3FB-4447-B37F-8F4F31CBA945","PhysicalObject","Reseda stricta Pers.",NA,NA,NA,NA,"2af539a2-4f55-473c-9ad2-9ee7b20cb63a","1ba310c1-85e9-4c21-810b-09b5da025e80",NA,"Pliego",NA,NA,NA,NA,NA,NA,NA,NA,NA,NA,NA,NA,"in collection",NA,NA,NA,NA,NA,NA,NA,NA,NA,NA,NA,"Restos de explotación yesífera","17/11/2017",NA,NA,NA,NA,NA,NA,NA,NA,NA,NA,NA,"LEB",NA,NA,NA,NA,NA,NA,NA,NA,NA,NA,NA,NA,NA,NA,NA,NA,NA,NA,NA,NA,NA,NA,NA,NA,NA,NA,NA,NA,NA
"2248055530","Reseda stricta Pers.",37.049892,-3.757821,"cdc,gass84","1c334170-7ed1-11df-8c4a-0800200c9a66","def87a70-0837-11d9-acb2-b8a03c50a862","86e4d50b-d77c-4731-99fb-b3e2a2a83163","def87a70-0837-11d9-acb2-b8a03c50a862","ES","EML","2026-05-28T05:44:21.142+00:00","2026-05-28T05:46:46.631+00:00",448,"PRESERVED_SPECIMEN",NA,"PRESENT",7275953,6,7707728,220,7225535,3110,3040250,7275953,7275953,"Reseda stricta Pers.","Plantae","Tracheophyta","Brassicales","Resedaceae","Reseda","Reseda stricta","Reseda","stricta","SPECIES","ACCEPTED",NA,NA,NA,"EUROPE","Gr",2017,11,17,"2017-11-17",321,321,NA,"2026-05-28T05:46:46.631+00:00","http://creativecommons.org/licenses/by-nc/4.0/legalcode",FALSE,"SANT:SANT:75410-A","none","none",TRUE,NA,NA,"P.M. Sánchez Castillo & J. Lorite","none","WGS84","Magnoliopsida","ES","none","none","EUROPE","Spain","EUROPE","SANT:SANT:75410-A","75410","http://biocol.org/urn:lsid:biocol.org:col:14309",NA,"SANT","448","Escúzar, restos de explotación yesífera","2248055530",NA,"SANT","SANT:SANT:75410-A",NA,"Reseda stricta Pers.",NA,NA,NA,"http://www.usc.es/herbario","2bedf31c-29bf-4ac6-a2b9-735bb577c8fd","ae45d984-3e79-4bb6-b3d5-abd1f2754511",NA,"herbarium specimen",NA,NA,NA,NA,NA,NA,NA,NA,NA,NA,NA,NA,NA,NA,NA,NA,NA,NA,NA,NA,NA,NA,NA,NA,NA,NA,"66669",NA,NA,"http://rs.tdwg.org/dwc/dwcore/",NA,NA,NA,NA,NA,NA,NA,NA,NA,NA,NA,NA,NA,NA,NA,NA,NA,NA,NA,NA,NA,NA,NA,NA,NA,NA,NA,NA,NA,NA,NA,NA,NA,NA,NA,NA,NA
"2454332462","Reseda stricta Pers.",37.04,-3.75,"inmano","837acfc2-f762-11e1-a439-00145eb45e9a","bafca313-f02c-4ce7-9cba-760770a0e4b9","2a3f6a56-7591-4f05-8c4c-a1bb77aa4ea6","6c4a0bb0-2a4d-11d8-aa2d-b8a03c50a862","ES","EML","2026-04-18T01:36:56.844+00:00","2026-04-24T03:38:30.470+00:00",395,"PRESERVED_SPECIMEN",NA,"PRESENT",7275953,6,7707728,220,7225535,3110,3040250,7275953,7275953,"Reseda stricta Pers.","Plantae","Tracheophyta","Brassicales","Resedaceae","Reseda","Reseda stricta","Reseda","stricta","SPECIES","ACCEPTED",550,950,NA,"EUROPE","Granada",2017,11,17,"2017-11-17",321,321,"2018-02-02T09:16:30.000+00:00","2026-04-24T03:38:30.470+00:00","http://creativecommons.org/licenses/by-nc/4.0/legalcode",FALSE,"HSS:HSS:68947","none","none",TRUE,NA,"Herbario HSS","P.M. Sánchez Castillo|J. Lorite","none","WGS84","Magnoliopsida","ES","none","none","EUROPE","Spain","EUROPE","HSS:HSS:68947","68947","124407","ICBN","CICYTEX","401","Restos de explotación yesfiera","2454332462","es","HSS","HSS:HSS:68947","PhysicalObject","Reseda stricta Pers.",NA,NA,"F. Márquez",NA,NA,NA,"P.M. Sánchez Castillo|J. Lorite",NA,NA,"Centro de Investigaciones Científicas y Tecnológicas de Extremadura",NA,NA,NA,NA,NA,NA,NA,NA,NA,NA,"in collection",NA,NA,NA,NA,NA,NA,NA,NA,NA,NA,NA,NA,NA,NA,"Escúzar",NA,NA,NA,NA,NA,NA,NA,NA,NA,"HSS",NA,NA,NA,NA,NA,NA,NA,NA,NA,NA,NA,NA,NA,NA,NA,NA,NA,NA,NA,NA,NA,NA,NA,NA,NA,NA,NA,NA,NA
"2521352609","Reseda stricta Pers.",37.049892,-3.757821,"gass84,inmano","838475f4-f762-11e1-a439-00145eb45e9a","6f3ccc65-0a54-4e65-ae7e-13b92d618e7c","2a3f6a56-7591-4f05-8c4c-a1bb77aa4ea6","6c4a0bb0-2a4d-11d8-aa2d-b8a03c50a862","ES","EML","2026-05-14T18:31:27.870+00:00","2026-05-19T13:30:15.068+00:00",396,"PRESERVED_SPECIMEN",NA,"PRESENT",7275953,6,7707728,220,7225535,3110,3040250,7275953,7275953,"Reseda stricta Pers.","Plantae","Tracheophyta","Brassicales","Resedaceae","Reseda","Reseda stricta","Reseda","stricta","SPECIES","ACCEPTED",NA,950,0,"EUROPE","Granada",2017,11,17,"2017-11-17",321,321,"2018-03-26T00:00:00.000+00:00","2026-05-19T13:30:15.068+00:00","http://creativecommons.org/licenses/by-nc/4.0/legalcode",FALSE,"5F500AAF-B417-438D-A591-82AB69BF10D2","none","none",TRUE,NA,"Institut Botànic de Barcelona (CSIC-CMCNB) – BC","P.M. Sánchez Castillo & J. Lorite","none","WGS84","Magnoliopsida","ES","none","none","EUROPE","Spain","EUROPE","5F500AAF-B417-438D-A591-82AB69BF10D2","BC-969235","6f3ccc65-0a54-4e65-ae7e-13b92d618e7c",NA,"BC","410","Escuzar; Escúzar, restos de explotación yesífera","2521352609",NA,"BC","5F500AAF-B417-438D-A591-82AB69BF10D2",NA,"Reseda stricta Pers.",NA,NA,NA,NA,NA,NA,"P.M. Sánchez Castillo & J. Lorite","Herbarium specimen",NA,NA,NA,NA,NA,NA,NA,NA,NA,NA,NA,NA,NA,NA,NA,NA,NA,NA,NA,NA,NA,NA,NA,NA,NA,"17/11/2017",NA,NA,NA,NA,NA,NA,NA,NA,"2348",NA,NA,"BC",NA,NA,"EXSICCATA FLORA IBEROMACARONESICA SELECTA. Centuria XXII (2017)","Last label",NA,NA,NA,NA,NA,NA,NA,NA,NA,NA,NA,NA,NA,NA,NA,NA,NA,NA,NA,NA,NA,NA,NA,NA,NA
"2558260653","Reseda stricta Pers.",37.04,-3.75,"cdc,gass84,colmafu,inmafu","834a4794-f762-11e1-a439-00145eb45e9a","8209258a-80e8-4094-aba2-a3febe5ed45b","2a3f6a56-7591-4f05-8c4c-a1bb77aa4ea6","6c4a0bb0-2a4d-11d8-aa2d-b8a03c50a862","ES","EML","2026-04-18T01:37:24.691+00:00","2026-04-24T10:27:16.436+00:00",375,"PRESERVED_SPECIMEN",NA,"PRESENT",7275953,6,7707728,220,7225535,3110,3040250,7275953,7275953,"Reseda stricta Pers.","Plantae","Tracheophyta","Brassicales","Resedaceae","Reseda","Reseda stricta","Reseda","stricta","SPECIES","ACCEPTED",100,950,0,"EUROPE","Granada",2017,11,17,"2017-11-17",321,321,"2025-11-03T14:20:45.000+00:00","2026-04-24T10:27:16.436+00:00","http://creativecommons.org/licenses/by-nc/4.0/legalcode",FALSE,"88DE8DA9-4A84-457B-B6F2-0EF8DF1F732E","none","none",TRUE,NA,"Colección de plantas vasculares del herbario de la Universitat de València (VAL)","P.M. Sánchez Castillo & J. Lorite","none","WGS84","Magnoliopsida","ES","none","none","EUROPE","Spain","EUROPE","88DE8DA9-4A84-457B-B6F2-0EF8DF1F732E","241641-1","https://www.gbif.org/publisher/8209258a-80e8-4094-aba2-a3febe5ed45b",NA,"VAL","391","Escúzar, restos de explotación yesífera","2558260653","es","VAL","88DE8DA9-4A84-457B-B6F2-0EF8DF1F732E","PhysicalObject","Reseda stricta Pers.",NA,NA,NA,NA,"c645b060-c130-45ee-97ab-b9fc94393523","6ceb64b5-0201-4a27-bcdb-8d62035e35d5",NA,"Pliego",NA,NA,NA,NA,NA,NA,NA,NA,NA,NA,NA,NA,"in collection",NA,NA,NA,NA,NA,NA,NA,NA,NA,NA,NA,NA,"17/11/2017",NA,"Escúzar",NA,NA,NA,NA,NA,NA,NA,NA,NA,"VAL","{Exsiccata: EXSICCATA DE FLORA IBEROMACARONÉSICA SELECTA Centu}","fruit-bearing",NA,NA,NA,NA,NA,NA,NA,NA,NA,NA,NA,NA,NA,NA,NA,NA,NA,NA,NA,NA,NA,NA,NA,NA,NA,NA,NA
"2592075633","Reseda stricta Pers.",37.049892,-3.757821,"cdc,gass84,colmafu,inmafu","835613da-f762-11e1-a439-00145eb45e9a","a7ae8a07-cb3f-42e6-8f4e-22868f8cdb27","2a3f6a56-7591-4f05-8c4c-a1bb77aa4ea6","6c4a0bb0-2a4d-11d8-aa2d-b8a03c50a862","ES","EML","2026-04-18T01:37:25.210+00:00","2026-04-29T14:10:47.265+00:00",344,"PRESERVED_SPECIMEN",NA,"PRESENT",7275953,6,7707728,220,7225535,3110,3040250,7275953,7275953,"Reseda stricta Pers.","Plantae","Tracheophyta","Brassicales","Resedaceae","Reseda","Reseda stricta","Reseda","stricta","SPECIES","ACCEPTED",NA,950,0,"EUROPE","Granada",2017,11,17,"2017-11-17",321,321,"2019-06-17T13:39:23.000+00:00","2026-04-29T14:10:47.265+00:00","http://creativecommons.org/licenses/by-nc/4.0/legalcode",FALSE,"CA4400F0-9BC1-4B9C-97EC-64F29F7B52C6","none","none",TRUE,NA,"Herbario de la Facultad de Farmacia de la Universidad Complutense de Madrid (MAF)","P. M. Sánchez Casttillo & J. Lorite","none","WGS84","Magnoliopsida","ES","none","none","EUROPE","Spain","EUROPE","CA4400F0-9BC1-4B9C-97EC-64F29F7B52C6","177769-1",NA,NA,"MAF","350","Escúzar","2592075633","es","MAF","CA4400F0-9BC1-4B9C-97EC-64F29F7B52C6","PhysicalObject","Reseda stricta Pers.","MAF",NA,NA,NA,"80a05c0a-8097-45ea-9554-004144d588a3","b33fcd4a-da2d-4e10-869a-6dfb9d6effc0","P. M. Sánchez Casttillo & J. Lorite",NA,NA,NA,NA,NA,NA,NA,NA,NA,NA,NA,NA,NA,NA,NA,NA,NA,NA,NA,NA,NA,NA,NA,NA,NA,"restos de explotación yesífera","17.11-2017",NA,NA,NA,NA,NA,NA,NA,NA,NA,NA,NA,"MAF",NA,NA,NA,NA,NA,NA,NA,NA,NA,NA,NA,NA,NA,NA,NA,NA,NA,NA,NA,NA,NA,NA,NA,NA,NA,NA,NA,NA,NA
"2597219498","Reseda stricta Pers.",37.049892,-3.757821,"cdc,gass84,osiic,colmafu,inmafu","8353c5bc-f762-11e1-a439-00145eb45e9a","857b3f90-230f-474d-9559-6f740efadbba","2a3f6a56-7591-4f05-8c4c-a1bb77aa4ea6","6c4a0bb0-2a4d-11d8-aa2d-b8a03c50a862","ES","EML","2026-04-18T01:37:26.992+00:00","2026-04-24T05:12:24.239+00:00",339,"PRESERVED_SPECIMEN",1,"PRESENT",7275953,6,7707728,220,7225535,3110,3040250,7275953,7275953,"Reseda stricta Pers.","Plantae","Tracheophyta","Brassicales","Resedaceae","Reseda","Reseda stricta","Reseda","stricta","SPECIES","ACCEPTED",NA,950,0,"EUROPE","Granada",2017,11,17,"2017-11-17",321,321,"2018-03-09T13:18:32.000+00:00","2026-04-24T05:12:24.239+00:00","http://creativecommons.org/licenses/by/4.0/legalcode",FALSE,"5868B937-30A4-48CE-AB66-0161C9C47285","none","none",TRUE,NA,"ardín Botánico de Córdoba: Herbarium COA","P.M. Sánchez y J. Lorite","none","WGS84","Magnoliopsida","ES","none","none","EUROPE","Spain","EUROPE","5868B937-30A4-48CE-AB66-0161C9C47285","58535-1",NA,NA,"COA","345","Escúzar, restos de explotaciones yesíferas","2597219498","es","COA","5868B937-30A4-48CE-AB66-0161C9C47285","PhysicalObject","Reseda stricta Pers.",NA,NA,NA,NA,"d9c5994e-45c4-4f46-8579-50f60f174d10","54dc0fad-9516-42b4-b1e7-b43d5b7281f1","P.M. Sánchez y J. Lorite",NA,NA,NA,NA,NA,NA,NA,NA,NA,NA,NA,NA,NA,NA,NA,NA,"LO",NA,NA,NA,NA,NA,NA,NA,NA,NA,"17/11/2017",NA,NA,NA,NA,NA,NA,NA,NA,NA,NA,NA,"COA",NA,NA,NA,NA,NA,NA,NA,NA,NA,NA,NA,NA,NA,NA,NA,NA,NA,NA,NA,NA,NA,NA,NA,NA,NA,NA,NA,NA,NA
"3713851482","Reseda stricta Pers.",37.04,-3.75,"cdc,gass84,mdativ,preneglon,osiic,incomis,inmafu","83504144-f762-11e1-a439-00145eb45e9a","c1564d80-1b9d-471c-b84d-8d5dd2efbf0a","2a3f6a56-7591-4f05-8c4c-a1bb77aa4ea6","6c4a0bb0-2a4d-11d8-aa2d-b8a03c50a862","ES","EML","2026-04-18T01:37:24.938+00:00","2026-04-24T07:24:46.731+00:00",344,"PRESERVED_SPECIMEN",1,"PRESENT",7275953,6,7707728,220,7225535,3110,3040250,7275953,7275953,"Reseda stricta Pers.","Plantae","Tracheophyta","Brassicales","Resedaceae","Reseda","Reseda stricta","Reseda","stricta","SPECIES","ACCEPTED",NA,950,0,"EUROPE","Granada",2017,11,17,"2017-11-17",321,321,NA,"2026-04-24T07:24:46.731+00:00","http://creativecommons.org/licenses/by/4.0/legalcode",FALSE,"1C3297F5-02A6-48BE-AFC7-8B675E85E1EE","none","none",TRUE,NA,"Herbario de la Universidad de Almería","P.M. Sánchez Castillo & J. Lorite","none","WGS84","Magnoliopsida","ES","none","none","EUROPE","Spain","EUROPE","1C3297F5-02A6-48BE-AFC7-8B675E85E1EE","27108-1",NA,NA,"JP","350","Restos de explotación yesífera","3713851482","es","HUAL","1C3297F5-02A6-48BE-AFC7-8B675E85E1EE","PhysicalObject","Reseda stricta Pers.","HUAL",NA,NA,NA,"a8343e51-cda3-4e7a-9eb6-4431f432fde4",NA,"P.M. Sánchez Castillo & J. Lorite",NA,NA,NA,NA,NA,NA,NA,NA,NA,NA,NA,NA,NA,NA,NA,NA,NA,NA,NA,NA,NA,NA,NA,NA,NA,NA,"17/11/2017",NA,"Escúzar",NA,NA,NA,NA,NA,NA,NA,NA,NA,"HUAL",NA,NA,NA,NA,NA,NA,NA,NA,NA,NA,NA,NA,NA,NA,NA,NA,NA,NA,NA,NA,NA,NA,NA,NA,NA,NA,NA,NA,NA
"3829870680","Reseda stricta Pers.",37.04,-3.75,"cdc,gass84,inmano","834dcb62-f762-11e1-a439-00145eb45e9a","e8fb330c-5750-4698-afba-5438618af521","2a3f6a56-7591-4f05-8c4c-a1bb77aa4ea6","6c4a0bb0-2a4d-11d8-aa2d-b8a03c50a862","ES","EML","2026-04-18T01:37:26.846+00:00","2026-04-24T06:44:02.322+00:00",400,"PRESERVED_SPECIMEN",NA,"PRESENT",7275953,6,7707728,220,7225535,3110,3040250,7275953,7275953,"Reseda stricta Pers.","Plantae","Tracheophyta","Brassicales","Resedaceae","Reseda","Reseda stricta","Reseda","stricta","SPECIES","ACCEPTED",NA,950,0,"EUROPE","Granada",2017,11,17,"2017-11-17",321,321,"2021-06-08T10:49:06.000+00:00","2026-04-24T06:44:02.322+00:00","http://creativecommons.org/licenses/by-nc/4.0/legalcode",FALSE,"A14B490C-EB2C-4B0E-821E-9126E5B1D619","none","none",TRUE,"doi:10.15468/xtjld4","Herbario BIO de Plantas Vasculares (BIO), Universidad del Pais Vasco (UPV/EHU)","P.M. Sánchez Castillo|J. Lorite","none","WGS84","Magnoliopsida","ES","none","none","EUROPE","Spain","EUROPE","A14B490C-EB2C-4B0E-821E-9126E5B1D619","51849-1","e8fb330c-5750-4698-afba-5438618af521","ICBN","Universidad del Pais Vasco (UPV/EHU)","406","Escúzar, restos de explotación yesífera.","3829870680","es | en","BIO","A14B490C-EB2C-4B0E-821E-9126E5B1D619","PhysicalObject","Reseda stricta Pers.",NA,NA,NA,NA,NA,NA,"P.M. Sánchez Castillo|J. Lorite","Pliego",NA,NA,NA,NA,NA,NA,NA,NA,NA,NA,NA,NA,"in collection",NA,NA,NA,NA,NA,NA,NA,NA,NA,NA,NA,NA,"17/11/2017",NA,"Escuzar",NA,NA,NA,NA,NA,NA,NA,NA,NA,"BIO",NA,"in bloom",NA,NA,NA,NA,NA,NA,NA,NA,NA,NA,NA,NA,NA,NA,NA,NA,NA,NA,NA,NA,NA,NA,NA,NA,NA,NA,NA
"3855029949","Reseda stricta Pers.",37.04,-3.75,"cdc,gass84,osiic","6a7575fa-ae03-4ba3-b322-2da15b5033e2","d68c4230-a271-11d8-a9b3-b8a03c50a862","2a3f6a56-7591-4f05-8c4c-a1bb77aa4ea6","6c4a0bb0-2a4d-11d8-aa2d-b8a03c50a862","ES","EML","2026-04-17T19:28:29.248+00:00","2026-04-24T04:39:51.051+00:00",394,"PRESERVED_SPECIMEN",1,"PRESENT",7275953,6,7707728,220,7225535,3110,3040250,7275953,7275953,"Reseda stricta Pers.","Plantae","Tracheophyta","Brassicales","Resedaceae","Reseda","Reseda stricta","Reseda","stricta","SPECIES","ACCEPTED",NA,950,0,"EUROPE","Granada",2017,11,17,"2017-11-17",321,321,"2022-06-24T10:36:01.000+00:00","2026-04-24T04:39:51.051+00:00","http://creativecommons.org/licenses/by-nc/4.0/legalcode",FALSE,"AA4D5EA5-B05F-4AD0-974A-0AE87F373DBD","none","none",TRUE,NA,"Herbario de la Universidad de Granada: Colección GDA-Fanerogamia","P.M. Sánchez Castillo & J. Loritte","none","WGS84","Magnoliopsida","ES","none","none","EUROPE","Spain","EUROPE","AA4D5EA5-B05F-4AD0-974A-0AE87F373DBD","62908-1","https://www.gbif.org/grscicoll/institution/a46ced27-ecc3-43df-981f-d6de329f50b4",NA,"GDA","400","Escúzar","3855029949","es","GDA-Fanero","AA4D5EA5-B05F-4AD0-974A-0AE87F373DBD","PhysicalObject","Reseda stricta Pers.",NA,NA,NA,NA,"a46ced27-ecc3-43df-981f-d6de329f50b4","82d87a2a-f701-46ca-a1c0-292e83fc790a","Sánchez Castillo, P.M. & Lorite, J.","Pliego",NA,"Herbarium University of Granada, Spain",NA,NA,NA,NA,NA,NA,NA,NA,NA,NA,"in collection",NA,"GDA",NA,NA,NA,NA,"https://www.gbif.org/grscicoll/collection/82d87a2a-f701-46ca-a1c0-292e83fc790a",NA,NA,NA,NA,"restos de explotación yesífera","17/11/2017",NA,"Escúzar",NA,NA,NA,NA,0,0,NA,NA,NA,NA,NA,NA,NA,NA,NA,NA,NA,NA,NA,NA,NA,NA,NA,NA,NA,NA,NA,NA,NA,NA,NA,NA,NA,NA,NA,NA,NA,NA,NA
"4454742748","Reseda stricta Pers.",37.049892,-3.757821,"cdc,gass84,iddativ,mdativ,colmafu,inmafu","ceff8c75-950b-4405-a116-60247d1adacb","21936918-2ce6-4314-a15e-91f9f6735361","2a3f6a56-7591-4f05-8c4c-a1bb77aa4ea6","6c4a0bb0-2a4d-11d8-aa2d-b8a03c50a862","ES","EML","2026-05-08T11:20:57.240+00:00","2026-05-08T11:23:37.146+00:00",281,"PRESERVED_SPECIMEN",NA,"PRESENT",7275953,6,7707728,220,7225535,3110,3040250,7275953,7275953,"Reseda stricta Pers.","Plantae","Tracheophyta","Brassicales","Resedaceae","Reseda","Reseda stricta","Reseda","stricta","SPECIES","ACCEPTED",NA,950,0,"EUROPE","Granada",2017,11,17,"2017-11-17",321,321,NA,"2026-05-08T11:23:37.146+00:00","http://creativecommons.org/licenses/by-nc/4.0/legalcode",FALSE,"A0880503-0DB6-4CC5-8FEB-DAFCB08571FF","none","none",TRUE,"doi:10.15470/akznrb","Herbario de la Facultad de Ciencias Biológicas de la Universidad Complutense de Madrid (MACB)","P.M Sánchez Castillo & J.Lorite","none","WGS84","Magnoliopsida","ES","none","none","EUROPE","Spain","EUROPE","A0880503-0DB6-4CC5-8FEB-DAFCB08571FF","119054-1","https://www.gbif.org/publisher/21936918-2ce6-4314-a15e-91f9f6735361",NA,"MACB","281","Escúzar, restos de explotación yesífera","4454742748","es","MACB","A0880503-0DB6-4CC5-8FEB-DAFCB08571FF","PhysicalObject","Reseda stricta Pers.",NA,NA,NA,NA,"8ccf3bd0-c0ae-437e-9948-8cc60608f14b","7302692a-9ae7-43ed-9449-c5c5626921fc","P.M Sánchez Castillo & J.Lorite",NA,NA,NA,NA,NA,NA,NA,NA,NA,NA,NA,NA,NA,NA,NA,NA,NA,NA,NA,NA,NA,NA,NA,NA,NA,NA,"17/11/2017",NA,NA,NA,NA,NA,NA,NA,NA,NA,NA,NA,NA,NA,NA,NA,NA,NA,NA,NA,NA,NA,NA,NA,NA,NA,NA,NA,NA,NA,NA,NA,NA,NA,NA,NA,NA,NA,NA,NA,NA,NA
"5051909736","Reseda stricta Pers.",37.049892,-3.757821,"cdc,gass84,osiic,colmafu,inmafu","962cceea-f762-11e1-a439-00145eb45e9a","7fadb370-f921-11dd-af50-b8a03c50a862","2a3f6a56-7591-4f05-8c4c-a1bb77aa4ea6","6c4a0bb0-2a4d-11d8-aa2d-b8a03c50a862","ES","EML","2026-04-17T22:12:36.543+00:00","2026-04-24T14:01:55.931+00:00",392,"PRESERVED_SPECIMEN",1,"PRESENT",7275953,6,7707728,220,7225535,3110,3040250,7275953,7275953,"Reseda stricta Pers.","Plantae","Tracheophyta","Brassicales","Resedaceae","Reseda","Reseda stricta","Reseda","stricta","SPECIES","ACCEPTED",NA,950,0,"EUROPE","Granada",2017,11,17,"2017-11-17",321,321,"2018-09-26T11:37:32.000+00:00","2026-04-24T14:01:55.931+00:00","http://creativecommons.org/licenses/by-nc/4.0/legalcode",FALSE,"0273B66B-82EF-49E8-8D58-AB1E9591AE74","none","none",TRUE,NA,"MGC Herbarium University of Malaga (Spain): MGC-Cormof dataset","P.M. Sánchez Castillo & J. Lorite","none","WGS84","Magnoliopsida","ES","none","none","EUROPE","Spain","EUROPE","0273B66B-82EF-49E8-8D58-AB1E9591AE74","89139-1","https://www.gbif.org/publisher/7fadb370-f921-11dd-af50-b8a03c50a862",NA,"MGC","417","Escúzar, restos de explotación yesífera","5051909736","es","MGC-Cormof","0273B66B-82EF-49E8-8D58-AB1E9591AE74","PhysicalObject","Reseda stricta Pers.",NA,NA,NA,NA,"f9fd1a64-464a-4cbf-8a6c-60d7ca4e4446","dcf31393-fdcd-48d6-8e33-7eb584ab9ed3","P.M. Sánchez Castillo & J. Lorite","Pliego",NA,NA,NA,NA,NA,NA,NA,NA,NA,NA,NA,NA,"in collection",NA,NA,NA,NA,NA,NA,NA,NA,NA,"MGC:MGC-Cormof:89139-1","2013-06-14T15:24:00.000+02:00",NA,"17/11/2017","73157",NA,"MGC-Cormof","http://digir.sourceforge.net/schema/conceptual/darwin/2003/1.0/darwin2.xsd","1000",NA,NA,NA,NA,NA,NA,NA,NA,NA,NA,NA,"{Exsicc:Exsiccata Flora Iberomacaronésica Selecta (AHIM) Exsicc Number:2348}",NA,NA,NA,NA,NA,NA,NA,NA,NA,NA,NA,NA,NA,NA,NA,NA,NA,NA,NA,NA,NA,NA,NA,NA
"2558252506","Reseda stricta Pers.",40.24,-1.13,"cdc,gass84,colmafu,inmafu","834a4794-f762-11e1-a439-00145eb45e9a","8209258a-80e8-4094-aba2-a3febe5ed45b","2a3f6a56-7591-4f05-8c4c-a1bb77aa4ea6","6c4a0bb0-2a4d-11d8-aa2d-b8a03c50a862","ES","EML","2026-04-18T01:37:24.691+00:00","2026-04-24T10:27:07.212+00:00",375,"PRESERVED_SPECIMEN",NA,"PRESENT",7275953,6,7707728,220,7225535,3110,3040250,7275953,7275953,"Reseda stricta Pers.","Plantae","Tracheophyta","Brassicales","Resedaceae","Reseda","Reseda stricta","Reseda","stricta","SPECIES","ACCEPTED",7,895,0,"EUROPE","Teruel",2016,6,13,"2016-06-13",165,165,"2025-11-03T14:20:45.000+00:00","2026-04-24T10:27:07.212+00:00","http://creativecommons.org/licenses/by-nc/4.0/legalcode",FALSE,"367105FF-E051-47F5-B6FC-F1DAB41D553F","none","none",FALSE,NA,"Colección de plantas vasculares del herbario de la Universitat de València (VAL)","J. Riera & J. Fabado","none","WGS84","Magnoliopsida","ES","none","none","EUROPE","Spain","EUROPE","367105FF-E051-47F5-B6FC-F1DAB41D553F","231750-1","https://www.gbif.org/publisher/8209258a-80e8-4094-aba2-a3febe5ed45b",NA,"VAL","391","Villastar, cerro de Los Pinarejos pr. La Cañada","2558252506","es","VAL","367105FF-E051-47F5-B6FC-F1DAB41D553F","PhysicalObject","Reseda stricta Pers.",NA,NA,NA,NA,"c645b060-c130-45ee-97ab-b9fc94393523","6ceb64b5-0201-4a27-bcdb-8d62035e35d5",NA,"Pliego",NA,NA,NA,NA,NA,NA,NA,NA,NA,NA,NA,NA,"in collection",NA,NA,"Llavors al Banc de Germoplasma 191B2017",NA,NA,NA,NA,NA,NA,NA,NA,NA,"13/06/2016",NA,"Villastar (Comunidad de Teruel)",NA,NA,NA,NA,NA,NA,NA,NA,NA,"VAL",NA,NA,NA,NA,NA,NA,NA,NA,NA,NA,NA,NA,NA,NA,NA,NA,NA,NA,NA,NA,NA,NA,NA,NA,NA,NA,NA,NA,NA
"4910525663","Reseda stricta Pers.",40.244,-1.137,"cdc,gass84,iddativ,mdativ,colmafu,inmafu","ceff8c75-950b-4405-a116-60247d1adacb","21936918-2ce6-4314-a15e-91f9f6735361","2a3f6a56-7591-4f05-8c4c-a1bb77aa4ea6","6c4a0bb0-2a4d-11d8-aa2d-b8a03c50a862","ES","EML","2026-05-08T11:20:57.240+00:00","2026-05-08T11:23:46.771+00:00",281,"PRESERVED_SPECIMEN",NA,"PRESENT",7275953,6,7707728,220,7225535,3110,3040250,7275953,7275953,"Reseda stricta Pers.","Plantae","Tracheophyta","Brassicales","Resedaceae","Reseda","Reseda stricta","Reseda","stricta","SPECIES","ACCEPTED",707.11,895,0,"EUROPE","Teruel",2016,6,21,"2016-06-21",173,173,NA,"2026-05-08T11:23:46.771+00:00","http://creativecommons.org/licenses/by-nc/4.0/legalcode",FALSE,"EEDF9424-9F57-4CB3-86F9-03E4E083F37A","none","none",FALSE,"doi:10.15470/akznrb","Herbario de la Facultad de Ciencias Biológicas de la Universidad Complutense de Madrid (MACB)","Silvia Sabariego Ruiz y Carmen Gómez Ferreras","none","WGS84","Magnoliopsida","ES","none","none","EUROPE","Spain","EUROPE","EEDF9424-9F57-4CB3-86F9-03E4E083F37A","126077-1","https://www.gbif.org/publisher/21936918-2ce6-4314-a15e-91f9f6735361",NA,"MACB","281","Villastar, Altos de Marimezquita, Los Pinarejos y Muela de Cascante, pr. La Cañada","4910525663","es","MACB","EEDF9424-9F57-4CB3-86F9-03E4E083F37A","PhysicalObject","Reseda stricta Pers.",NA,NA,NA,NA,"8ccf3bd0-c0ae-437e-9948-8cc60608f14b","7302692a-9ae7-43ed-9449-c5c5626921fc","Silvia Sabariego Ruiz y Carmen Gómez Ferreras",NA,NA,NA,NA,NA,NA,NA,NA,NA,NA,NA,NA,NA,NA,NA,NA,NA,NA,NA,NA,NA,NA,NA,NA,NA,"matorral gipsícola sobre yesos triásicos de la facies del Keuper","21/06/2016",NA,NA,NA,NA,NA,NA,NA,NA,NA,NA,NA,NA,NA,NA,NA,NA,NA,NA,NA,NA,NA,NA,NA,NA,NA,NA,NA,NA,NA,NA,NA,NA,NA,NA,NA,NA,NA,NA,NA,NA,NA
"1265653306","Reseda stricta Pers.",40.017733,-3.617533,"cdround,gass84,colmafu,inmafu","7e380070-f762-11e1-a439-00145eb45e9a","19456090-b49a-11d8-abeb-b8a03c50a862","60277b56-f762-11e1-a439-00145eb45e9a","19456090-b49a-11d8-abeb-b8a03c50a862","GB","DWC_ARCHIVE","2026-05-21T03:56:44.364+00:00","2026-05-21T05:25:24.373+00:00",489,"PRESERVED_SPECIMEN",NA,"PRESENT",7275953,6,7707728,220,7225535,3110,3040250,7275953,7275953,"Reseda stricta Pers.","Plantae","Tracheophyta","Brassicales","Resedaceae","Reseda","Reseda stricta","Reseda","stricta","SPECIES","ACCEPTED",NA,NA,NA,"EUROPE","Comunidad de Madrid",2015,4,12,"2015-04-12",102,102,"2022-05-13T17:51:10.000+00:00","2026-05-21T05:25:24.373+00:00","http://creativecommons.org/publicdomain/zero/1.0/legalcode",FALSE,"6483839","none","none",FALSE,NA,NA,"M. De la Estrella, E. Lopez & N. Brummitt","none","WGS84","Magnoliopsida","ES","none","none","EUROPE","Spain","EUROPE","6483839","BM001172007",NA,NA,"NHMUK","489",NA,"1265653306",NA,"BOT","66cd6a58-45a3-4586-a116-edfff68a1166",NA,"Reseda stricta Pers.",NA,"Europe; Spain; Comunidad de Madrid; Madrid",NA,NA,"1d808a7c-1f9e-4379-9616-edb749ecf10e","8bb3763f-955c-4791-8777-44de1996b378",NA,NA,NA,NA,NA,NA,NA,"326",NA,NA,NA,NA,NA,NA,NA,NA,NA,NA,NA,NA,"Magnoliophyta; Brassicales; Resedaceae",NA,NA,NA,"NHMUK:ecatalogue:6483839",NA,"zona de estipa y coscoja",NA,NA,NA,"NHMUK","http://bnhm.berkeley.edu/DwC/bnhm_dc2_schema.xsd","10000",NA,NA,NA,"326",NA,NA,NA,"{""subDepartment"": ""Gen Herb"", ""created"": ""2015-11-18T13:30:41+00:00"", ""determinationNames"": ""Reseda stricta Pers. | Reseda stricta Pers."", ""gbifID"": ""1265653306"", ""gbifIssue"": ""MODIFIED_DATE_INVALID | COORDINATE_ROUNDED | GEODETIC_DATUM_ASSUMED_WGS84 | INSTITUTION_MATCH_FUZZY | COLLECTION_MATCH_FUZZY | MULTIMEDIA_DATE_INVALID"", ""associatedMediaCount"": 1, ""barcode"": null, ""preservative"": null, ""determinationFiledAs"": ""Yes | No"", ""project"": ""European Brassicales Project"", ""donorName"": null, ""collectionKind"": ""Sheet"", ""registrationCode"": null, ""chronostratigraphy"": null, ""kindOfCollection"": null, ""kindOfObject"": null, ""lithostratigraphy"": null, ""catalogueDescription"": null, ""expedition"": null, ""collectionName"": null, ""plantDescription"": null, ""vessel"": null, ""clutchSize"": null, ""exsiccata"": null, ""setMark"": null, ""exsiccataNumber"": null, ""currentScientificName"": null, ""suborder"": null, ""superfamily"": null, ""subfamily"": null, ""partType"": null, ""populationCode"": null, ""observedWeight"": null, ""preparationType"": null, ""resuspendedIn"": null, ""extractionMethod"": null, ""totalVolume"": null, ""mine"": null, ""mineralComplex"": null}",NA,NA,NA,NA,"17abcf75-2f1e-46dd-bf75-a5b21dd02655,99d66b6c-9087-452f-a9d4-f15f2c2d0e7e",NA,NA,NA,NA,NA,NA,NA,NA,NA,NA,NA,NA,NA,NA,NA,NA,NA,NA,NA,NA,NA,NA,NA
"5004405764","Reseda stricta Pers.",37.09306,-2.09251,"cdc,colmafu,inmafu","7f5260c2-f762-11e1-a439-00145eb45e9a","4e11d750-bafb-11d9-8e53-b8a03c50a862","f0e191c4-2ef2-4e3d-9768-34d58d14ba2d","58520c30-bafb-11d9-8e53-b8a03c50a862","AT","BIOCASE","2026-05-25T07:55:44.657+00:00","2026-05-25T08:00:54.024+00:00",369,"PRESERVED_SPECIMEN",NA,"PRESENT",7275953,6,7707728,220,7225535,3110,3040250,7275953,7275953,"Reseda stricta Pers.","Plantae","Tracheophyta","Brassicales","Resedaceae","Reseda","Reseda stricta","Reseda","stricta","SPECIES","ACCEPTED",NA,NA,NA,"EUROPE",NA,2015,4,28,"2015-04-28",118,118,"2023-10-11T11:49:15.000+00:00","2026-05-25T08:00:54.024+00:00","http://creativecommons.org/licenses/by/4.0/legalcode",FALSE,"0200469","none","none",FALSE,NA,NA,"Escobar García,P. 238bis/2015","none","WGS84","Magnoliopsida","ES",NA,"none","EUROPE","Spain","EUROPE","0200469","0200469",NA,NA,"W","369","Spain, Andalucía, Almería, Sorbas, Karst en Yesos, 37,092935 N 2,092505 W","5004405764",NA,"Herbarium W","https://w.jacq.org/W0200469",NA,"Reseda stricta Pers.",NA,"Andalucía",NA,NA,"37a95137-fb12-4e75-b35c-ffc6e5af94f9","7dae0702-991d-47bb-95bd-1ed2738673be","P. Escobar García",NA,NA,NA,NA,NA,NA,"238bis/2015",NA,NA,NA,NA,NA,NA,NA,NA,NA,NA,NA,NA,"Resedaceae",NA,NA,NA,NA,NA,NA,NA,"391238",NA,NA,NA,NA,NA,NA,NA,NA,NA,NA,NA,NA,NA,NA,NA,NA,"80edc711-19b9-464c-a8b3-2cc15be80e26,17abcf75-2f1e-46dd-bf75-a5b21dd02655","WIKIDATA","https://www.wikidata.org/entity/Q36650136",NA,NA,NA,NA,NA,NA,NA,NA,NA,NA,NA,NA,NA,NA,NA,NA,NA,NA,NA,NA,NA
"1231091101","Reseda stricta Pers.",40.14528,-3.48125,"cdc,colmafu,inmafu","7f5260c2-f762-11e1-a439-00145eb45e9a","4e11d750-bafb-11d9-8e53-b8a03c50a862","f0e191c4-2ef2-4e3d-9768-34d58d14ba2d","58520c30-bafb-11d9-8e53-b8a03c50a862","AT","BIOCASE","2026-05-25T07:55:44.657+00:00","2026-05-25T08:00:50.482+00:00",369,"PRESERVED_SPECIMEN",NA,"PRESENT",7275953,6,7707728,220,7225535,3110,3040250,7275953,7275953,"Reseda stricta Pers.","Plantae","Tracheophyta","Brassicales","Resedaceae","Reseda","Reseda stricta","Reseda","stricta","SPECIES","ACCEPTED",NA,NA,NA,"EUROPE",NA,2015,5,13,"2015-05-13",133,133,"2016-01-20T16:06:43.000+00:00","2026-05-25T08:00:50.482+00:00","http://creativecommons.org/licenses/by/4.0/legalcode",FALSE,"2015-0013638","none","none",FALSE,NA,NA,"Escobar García,P. 453/2015","none","WGS84","Magnoliopsida","ES",NA,"none","EUROPE","Spain","EUROPE","2015-0013638","2015-0013638",NA,NA,"W","369","Spain, Madrid, Chinchón, 40,145309 N 3,481254 W","1231091101",NA,"Herbarium W","https://w.jacq.org/W20150013638",NA,"Reseda stricta Pers.",NA,"Madrid",NA,NA,"37a95137-fb12-4e75-b35c-ffc6e5af94f9","7dae0702-991d-47bb-95bd-1ed2738673be","P. Escobar García",NA,NA,NA,NA,NA,NA,"453/2015",NA,NA,NA,NA,NA,NA,NA,NA,NA,"[sheet 1/2]",NA,NA,"Resedaceae",NA,NA,NA,NA,NA,NA,NA,"391238",NA,NA,NA,NA,NA,NA,NA,NA,NA,NA,NA,NA,NA,NA,NA,NA,"80edc711-19b9-464c-a8b3-2cc15be80e26,17abcf75-2f1e-46dd-bf75-a5b21dd02655","WIKIDATA","https://www.wikidata.org/entity/Q36650136",NA,NA,NA,NA,NA,NA,NA,NA,NA,NA,NA,NA,NA,NA,NA,NA,NA,NA,NA,NA,NA
"1231091102","Reseda stricta Pers.",40.14528,-3.48125,"cdc,colmafu,inmafu","7f5260c2-f762-11e1-a439-00145eb45e9a","4e11d750-bafb-11d9-8e53-b8a03c50a862","f0e191c4-2ef2-4e3d-9768-34d58d14ba2d","58520c30-bafb-11d9-8e53-b8a03c50a862","AT","BIOCASE","2026-05-25T07:55:44.657+00:00","2026-05-25T08:00:44.239+00:00",369,"PRESERVED_SPECIMEN",NA,"PRESENT",7275953,6,7707728,220,7225535,3110,3040250,7275953,7275953,"Reseda stricta Pers.","Plantae","Tracheophyta","Brassicales","Resedaceae","Reseda","Reseda stricta","Reseda","stricta","SPECIES","ACCEPTED",NA,NA,NA,"EUROPE",NA,2015,5,13,"2015-05-13",133,133,"2016-01-20T16:06:43.000+00:00","2026-05-25T08:00:44.239+00:00","http://creativecommons.org/licenses/by/4.0/legalcode",FALSE,"2015-0013639","none","none",FALSE,NA,NA,"Escobar García,P. 453/2015","none","WGS84","Magnoliopsida","ES",NA,"none","EUROPE","Spain","EUROPE","2015-0013639","2015-0013639",NA,NA,"W","369","Spain, Madrid, Chinchón, 40,145309 N 3,481254 W","1231091102",NA,"Herbarium W","https://w.jacq.org/W20150013639",NA,"Reseda stricta Pers.",NA,"Madrid",NA,NA,"37a95137-fb12-4e75-b35c-ffc6e5af94f9","7dae0702-991d-47bb-95bd-1ed2738673be","P. Escobar García",NA,NA,NA,NA,NA,NA,"453/2015",NA,NA,NA,NA,NA,NA,NA,NA,NA,"[sheet 2/2]",NA,NA,"Resedaceae",NA,NA,NA,NA,NA,NA,NA,"391238",NA,NA,NA,NA,NA,NA,NA,NA,NA,NA,NA,NA,NA,NA,NA,NA,"80edc711-19b9-464c-a8b3-2cc15be80e26,17abcf75-2f1e-46dd-bf75-a5b21dd02655","WIKIDATA","https://www.wikidata.org/entity/Q36650136",NA,NA,NA,NA,NA,NA,NA,NA,NA,NA,NA,NA,NA,NA,NA,NA,NA,NA,NA,NA,NA
"3855029035","Reseda stricta Pers.",37.63,-2.6,"cdc,gass84,iddativ,osiic","6a7575fa-ae03-4ba3-b322-2da15b5033e2","d68c4230-a271-11d8-a9b3-b8a03c50a862","2a3f6a56-7591-4f05-8c4c-a1bb77aa4ea6","6c4a0bb0-2a4d-11d8-aa2d-b8a03c50a862","ES","EML","2026-04-17T19:28:29.248+00:00","2026-04-24T04:40:00.237+00:00",394,"PRESERVED_SPECIMEN",1,"PRESENT",7275953,6,7707728,220,7225535,3110,3040250,7275953,7275953,"Reseda stricta Pers.","Plantae","Tracheophyta","Brassicales","Resedaceae","Reseda","Reseda stricta","Reseda","stricta","SPECIES","ACCEPTED",7071,NA,NA,"EUROPE","Granada",2015,5,9,"2015-05-09",129,129,"2022-06-24T10:36:01.000+00:00","2026-04-24T04:40:00.237+00:00","http://creativecommons.org/licenses/by-nc/4.0/legalcode",FALSE,"172A5B9A-D657-4CB3-B110-00E694F18A93","none","none",FALSE,NA,"Herbario de la Universidad de Granada: Colección GDA-Fanerogamia","A. Vinagre Cruz","none","WGS84","Magnoliopsida","ES","none","none","EUROPE","Spain","EUROPE","172A5B9A-D657-4CB3-B110-00E694F18A93","61692-1","https://www.gbif.org/grscicoll/institution/a46ced27-ecc3-43df-981f-d6de329f50b4",NA,"GDA","400","Granada, El Margen, Sª del Periate","3855029035","es","GDA-Fanero","172A5B9A-D657-4CB3-B110-00E694F18A93","PhysicalObject","Reseda stricta Pers.",NA,NA,NA,NA,"a46ced27-ecc3-43df-981f-d6de329f50b4","82d87a2a-f701-46ca-a1c0-292e83fc790a","Quesada, C.","Pliego",NA,"Herbarium University of Granada, Spain",NA,NA,NA,NA,NA,NA,NA,NA,NA,NA,"in collection",NA,"GDA",NA,NA,NA,NA,"https://www.gbif.org/grscicoll/collection/82d87a2a-f701-46ca-a1c0-292e83fc790a",NA,NA,NA,NA,NA,"09/05/2015",NA,NA,NA,NA,NA,NA,0,0,NA,NA,NA,NA,NA,NA,NA,NA,NA,NA,NA,NA,NA,NA,NA,NA,NA,NA,NA,NA,NA,NA,NA,NA,NA,NA,NA,NA,NA,NA,NA,NA,NA
"2454339847","Reseda stricta Pers.",40.03,-3.6,"inmano","837acfc2-f762-11e1-a439-00145eb45e9a","bafca313-f02c-4ce7-9cba-760770a0e4b9","2a3f6a56-7591-4f05-8c4c-a1bb77aa4ea6","6c4a0bb0-2a4d-11d8-aa2d-b8a03c50a862","ES","EML","2026-04-18T01:36:56.844+00:00","2026-04-24T03:40:10.993+00:00",395,"PRESERVED_SPECIMEN",NA,"PRESENT",7275953,6,7707728,220,7225535,3110,3040250,7275953,7275953,"Reseda stricta Pers.","Plantae","Tracheophyta","Brassicales","Resedaceae","Reseda","Reseda stricta","Reseda","stricta","SPECIES","ACCEPTED",550,NA,NA,"EUROPE","Madrid",2014,7,20,"2014-07-20",201,201,"2019-03-15T08:29:30.000+00:00","2026-04-24T03:40:10.993+00:00","http://creativecommons.org/licenses/by-nc/4.0/legalcode",FALSE,"HSS:HSS:62677","none","none",FALSE,NA,"Herbario HSS","L. Concepción|D.M. Vázquez|F.M. Vázquez","none","WGS84","Magnoliopsida","ES","none","none","EUROPE","Spain","EUROPE","HSS:HSS:62677","62677","124407","ICBN","CICYTEX","401",NA,"2454339847","es","HSS","HSS:HSS:62677","PhysicalObject","Reseda stricta Pers.",NA,NA,"F. Márquez",NA,NA,NA,"F.M. Vázquez",NA,NA,"Centro de Investigaciones Científicas y Tecnológicas de Extremadura",NA,NA,NA,NA,NA,NA,NA,NA,NA,NA,"in collection",NA,NA,NA,NA,NA,NA,NA,NA,NA,NA,NA,NA,NA,NA,"Aranjuez",NA,NA,NA,NA,NA,NA,NA,NA,NA,"HSS",NA,NA,NA,NA,NA,NA,NA,NA,NA,NA,NA,NA,NA,NA,NA,NA,NA,NA,NA,NA,NA,NA,NA,NA,NA,NA,NA,NA,NA
"1701546936","Reseda stricta Pers.",40.18361,-3.60056,"cdc,colmafu,inmafu","7f5260c2-f762-11e1-a439-00145eb45e9a","4e11d750-bafb-11d9-8e53-b8a03c50a862","f0e191c4-2ef2-4e3d-9768-34d58d14ba2d","58520c30-bafb-11d9-8e53-b8a03c50a862","AT","BIOCASE","2026-05-25T07:55:44.657+00:00","2026-05-25T08:00:46.470+00:00",369,"PRESERVED_SPECIMEN",NA,"PRESENT",7275953,6,7707728,220,7225535,3110,3040250,7275953,7275953,"Reseda stricta Pers.","Plantae","Tracheophyta","Brassicales","Resedaceae","Reseda","Reseda stricta","Reseda","stricta","SPECIES","ACCEPTED",NA,597,NA,"EUROPE",NA,2014,10,23,"2014-10-23",296,296,"2016-07-25T12:08:50.000+00:00","2026-05-25T08:00:46.470+00:00","http://creativecommons.org/licenses/by/4.0/legalcode",FALSE,"2016-0006936","none","none",TRUE,NA,NA,"Aedo,C. et al. 22154","none","WGS84","Magnoliopsida","ES",NA,"none","EUROPE","Spain","EUROPE","2016-0006936","2016-0006936",NA,NA,"W","369","Spain, Madrid: Ciempozuelos, vereda de Valdemoro, 40°11'01""N 3°36'02""W, datum WGS84, alt. 597m.","1701546936",NA,"Herbarium W","https://w.jacq.org/W20160006936",NA,"Reseda stricta Pers.",NA,"Madrid",NA,NA,"37a95137-fb12-4e75-b35c-ffc6e5af94f9","7dae0702-991d-47bb-95bd-1ed2738673be","C. Aedo et al.",NA,NA,NA,NA,NA,NA,"22154",NA,NA,NA,NA,NA,NA,NA,NA,NA,"Dupl. ex MA",NA,NA,"Resedaceae",NA,NA,NA,NA,NA,NA,NA,"391238",NA,NA,NA,NA,NA,NA,NA,NA,NA,NA,NA,NA,NA,NA,NA,NA,"80edc711-19b9-464c-a8b3-2cc15be80e26,17abcf75-2f1e-46dd-bf75-a5b21dd02655",NA,NA,NA,NA,NA,NA,NA,NA,NA,NA,NA,NA,NA,NA,NA,NA,NA,NA,NA,NA,NA,NA,NA
"1701546762","Reseda stricta Pers.",41.63111,-0.69222,"cdc,colmafu,inmafu","7f5260c2-f762-11e1-a439-00145eb45e9a","4e11d750-bafb-11d9-8e53-b8a03c50a862","f0e191c4-2ef2-4e3d-9768-34d58d14ba2d","58520c30-bafb-11d9-8e53-b8a03c50a862","AT","BIOCASE","2026-05-25T07:55:44.657+00:00","2026-05-25T08:00:48.907+00:00",369,"PRESERVED_SPECIMEN",NA,"PRESENT",7275953,6,7707728,220,7225535,3110,3040250,7275953,7275953,"Reseda stricta Pers.","Plantae","Tracheophyta","Brassicales","Resedaceae","Reseda","Reseda stricta","Reseda","stricta","SPECIES","ACCEPTED",NA,NA,NA,"EUROPE",NA,2013,4,22,"2013-04-22",112,112,"2016-10-03T08:00:05.000+00:00","2026-05-25T08:00:48.907+00:00","http://creativecommons.org/licenses/by/4.0/legalcode",FALSE,"2016-0002490","none","none",FALSE,NA,NA,"Escobar García,P. & Schneeweiß,G.M. 325/13","none","WGS84","Magnoliopsida","ES",NA,"none","EUROPE","Spain","EUROPE","2016-0002490","2016-0002490",NA,NA,"W","369","Prov. Zaragoza. Alfajarín. Yesos blancos.","1701546762",NA,"Herbarium W","https://w.jacq.org/W20160002490",NA,"Reseda stricta Pers.",NA,"Aragón",NA,NA,"37a95137-fb12-4e75-b35c-ffc6e5af94f9","7dae0702-991d-47bb-95bd-1ed2738673be","P. Escobar García",NA,NA,NA,NA,NA,NA,"325/13",NA,NA,NA,NA,NA,NA,NA,NA,NA,NA,NA,NA,"Resedaceae",NA,NA,NA,NA,NA,NA,NA,"391238",NA,NA,NA,NA,NA,NA,NA,NA,NA,NA,NA,NA,NA,NA,NA,NA,"80edc711-19b9-464c-a8b3-2cc15be80e26,17abcf75-2f1e-46dd-bf75-a5b21dd02655","WIKIDATA","https://www.wikidata.org/entity/Q36650136",NA,NA,NA,NA,NA,NA,NA,NA,NA,NA,NA,NA,NA,NA,NA,NA,NA,NA,NA,NA,NA
"4529437860","Reseda stricta Pers.",41.767001,1.496153,"cdc,cdround,cdpi,inmano","a4b7c71e-fc73-434e-a008-d63c222179d0","7b4f2f30-a456-11d9-8049-b8a03c50a862","2a3f6a56-7591-4f05-8c4c-a1bb77aa4ea6","6c4a0bb0-2a4d-11d8-aa2d-b8a03c50a862","ES","EML","2026-04-17T15:02:28.711+00:00","2026-04-24T02:24:15.559+00:00",415,"PRESERVED_SPECIMEN",NA,"PRESENT",7275953,6,7707728,220,7225535,3110,3040250,7275953,7275953,"Reseda stricta Pers.","Plantae","Tracheophyta","Brassicales","Resedaceae","Reseda","Reseda stricta","Reseda","stricta","SPECIES","ACCEPTED",NA,NA,NA,"EUROPE",NA,2013,4,17,"2013-04-17",107,107,"2024-01-08T00:00:00.000+00:00","2026-04-24T02:24:15.559+00:00","http://creativecommons.org/licenses/by-nc/4.0/legalcode",FALSE,"BDBC-C.2236.0.31755.18306","none","none",FALSE,"doi:10.15470/fzwiiu","FloraCAT: Banco de datos de los cormófitos de Cataluña","J. Vigo i P. Barnola, HGI-20761, * 3","none","WGS84","Magnoliopsida","ES","none","none","EUROPE","Spain","EUROPE","BDBC-C.2236.0.31755.18306","HGI-20761",NA,NA,"BDBC","421","CASTELLFOLLIT DE RIUBREGÃ“S; CASTELLFOLLIT DE RIUBREGÃ“S; Anoia","4529437860","es","BDBC-Floracat","BDBC-C.2236.0.31755.18306","Dataset","Reseda stricta Pers.","BDBC",NA,"original",NA,NA,NA,"J. Vigo i P. Barnola",NA,NA,"Generalitat de Catalunya",NA,NA,NA,NA,NA,NA,NA,NA,NA,NA,NA,"C000935",NA,NA,NA,"Herbari de l'Universitat de Girona. (2021). Plecs Herbari HGI. Herbari de Girona",NA,NA,NA,NA,NA,NA,NA,NA,NA,NA,NA,NA,NA,NA,NA,NA,NA,NA,NA,NA,NA,NA,NA,NA,NA,NA,NA,NA,NA,NA,"Catalonia","UTM","{""percentNN"":0.9779,""countNN"":354,""distanceNN"":0.09}","C000935","Reseda stricta",NA,NA,NA,NA,NA,NA,NA,NA,NA,NA,NA,NA,NA,NA
"895233498","Reseda stricta Pers.",39.47,-1.23,"cdc,gass84,colmafu,inmafu","834a4794-f762-11e1-a439-00145eb45e9a","8209258a-80e8-4094-aba2-a3febe5ed45b","2a3f6a56-7591-4f05-8c4c-a1bb77aa4ea6","6c4a0bb0-2a4d-11d8-aa2d-b8a03c50a862","ES","EML","2026-04-18T01:37:24.691+00:00","2026-04-24T10:27:11.866+00:00",375,"PRESERVED_SPECIMEN",NA,"PRESENT",7275953,6,7707728,220,7225535,3110,3040250,7275953,7275953,"Reseda stricta Pers.","Plantae","Tracheophyta","Brassicales","Resedaceae","Reseda","Reseda stricta","Reseda","stricta","SPECIES","ACCEPTED",707,630,0,"EUROPE","València",2013,6,14,"2013-06-14",165,165,"2025-11-03T14:20:45.000+00:00","2026-04-24T10:27:11.866+00:00","http://creativecommons.org/licenses/by-nc/4.0/legalcode",FALSE,"5F58E80A-096B-49D8-ABA5-07B7FB2573A7","none","none",FALSE,NA,"Colección de plantas vasculares del herbario de la Universitat de València (VAL)","G. Mateo","none","WGS84","Magnoliopsida","ES","none","none","EUROPE","Spain","EUROPE","5F58E80A-096B-49D8-ABA5-07B7FB2573A7","218610-1","https://www.gbif.org/publisher/8209258a-80e8-4094-aba2-a3febe5ed45b",NA,"VAL","391","Requena (Plana d´Utiel), pr. Molino de los Yesares, cerca de Los Ruices","895233498","es","VAL","5F58E80A-096B-49D8-ABA5-07B7FB2573A7","PhysicalObject","Reseda stricta Pers.",NA,NA,NA,NA,"c645b060-c130-45ee-97ab-b9fc94393523","6ceb64b5-0201-4a27-bcdb-8d62035e35d5",NA,"Pliego",NA,NA,NA,NA,NA,NA,NA,NA,NA,NA,NA,NA,"in collection",NA,NA,NA,NA,NA,NA,NA,NA,NA,NA,NA,"terrenos yesosos","14062013",NA,"Requena (Plana d´Utiel-Requena)",NA,NA,NA,NA,NA,NA,NA,NA,NA,"VAL",NA,NA,NA,NA,NA,NA,NA,NA,NA,NA,NA,NA,NA,NA,NA,NA,NA,NA,NA,NA,NA,NA,NA,NA,NA,NA,NA,NA,NA
"1936244820","Reseda stricta Pers.",40.0392,-3.5533,"cdc,gass84,inmano","834c9918-f762-11e1-a439-00145eb45e9a","0363cbd4-f666-455e-8e86-0bbddcf51950","2a3f6a56-7591-4f05-8c4c-a1bb77aa4ea6","6c4a0bb0-2a4d-11d8-aa2d-b8a03c50a862","ES","EML","2026-04-18T01:37:27.366+00:00","2026-04-24T05:20:51.402+00:00",423,"PRESERVED_SPECIMEN",NA,"PRESENT",7275953,6,7707728,220,7225535,3110,3040250,7275953,7275953,"Reseda stricta Pers.","Plantae","Tracheophyta","Brassicales","Resedaceae","Reseda","Reseda stricta","Reseda","stricta","SPECIES","ACCEPTED",NA,NA,NA,"EUROPE","Madrid",2011,5,2,"2011-05-02",122,122,NA,"2026-04-24T05:20:51.402+00:00","http://creativecommons.org/licenses/by-nc/4.0/legalcode",FALSE,"65461e83-20fe-11e3-9e2e-000c29035824","none","none",FALSE,"834c9918-f762-11e1-a439-00145eb45e9a",NA,"S. Hantson & J. Calvo","none","WGS84","Magnoliopsida","ES","none","none","EUROPE","Spain","EUROPE","65461e83-20fe-11e3-9e2e-000c29035824","MA-01-00834387","0363cbd4-f666-455e-8e86-0bbddcf51950",NA,"MA","429","Aranjuez, Sotomayor, camino de Peñuelas","1936244820","es","MA","65461e83-20fe-11e3-9e2e-000c29035824","Collection","Reseda stricta Pers.",NA,NA,NA,NA,NA,NA,"J. Calvo",NA,NA,NA,NA,NA,NA,NA,NA,NA,NA,NA,NA,NA,NA,NA,"MA",NA,NA,NA,NA,NA,NA,NA,"MA-834387-1",NA,"Habitat: gypsiferous soil","02-V-2011",NA,NA,NA,NA,NA,NA,NA,NA,NA,NA,NA,"MA",NA,NA,NA,NA,NA,"17abcf75-2f1e-46dd-bf75-a5b21dd02655",NA,NA,NA,NA,NA,NA,NA,"7275953",NA,"d07c60ad-20fe-11e3-9e2e-000c29035824",NA,NA,NA,NA,NA,NA,NA,NA,NA,NA,NA,NA,NA
"2521402996","Reseda stricta Pers.",41.8018,1.405,"gass84,inmano","838475f4-f762-11e1-a439-00145eb45e9a","6f3ccc65-0a54-4e65-ae7e-13b92d618e7c","2a3f6a56-7591-4f05-8c4c-a1bb77aa4ea6","6c4a0bb0-2a4d-11d8-aa2d-b8a03c50a862","ES","EML","2026-05-14T18:31:27.870+00:00","2026-05-19T13:30:17.734+00:00",396,"PRESERVED_SPECIMEN",NA,"PRESENT",7275953,6,7707728,220,7225535,3110,3040250,7275953,7275953,"Reseda stricta Pers.","Plantae","Tracheophyta","Brassicales","Resedaceae","Reseda","Reseda stricta","Reseda","stricta","SPECIES","ACCEPTED",NA,463,0,"EUROPE","Lleida",2011,6,23,"2011-06-23",174,174,"2017-10-19T00:00:00.000+00:00","2026-05-19T13:30:17.734+00:00","http://creativecommons.org/licenses/by-nc/4.0/legalcode",FALSE,"1a0bc68b-6f99-4933-aaad-45ebe977f80a","none","none",FALSE,NA,"Institut Botànic de Barcelona (CSIC-CMCNB) – BC","S. Pyke & J.M. Montserrat","none","WGS84","Magnoliopsida","ES","none","none","EUROPE","Spain","EUROPE","1a0bc68b-6f99-4933-aaad-45ebe977f80a","BC-915145","6f3ccc65-0a54-4e65-ae7e-13b92d618e7c",NA,"BC","410","Torà; Torà","2521402996",NA,"BC","1a0bc68b-6f99-4933-aaad-45ebe977f80a",NA,"Reseda stricta Pers.",NA,NA,NA,NA,NA,NA,NA,"Herbarium specimen",NA,NA,NA,NA,NA,"SBP 6670",NA,NA,NA,NA,NA,NA,NA,NA,NA,NA,NA,NA,NA,NA,NA,NA,NA,NA,NA,"23/06/2011",NA,NA,NA,NA,NA,NA,NA,NA,NA,NA,NA,"BC",NA,NA,NA,"Last label",NA,NA,NA,NA,NA,NA,NA,NA,NA,NA,NA,NA,NA,NA,NA,NA,NA,NA,NA,NA,NA,NA,NA,NA,NA
"3713861588","Reseda stricta Pers.",37.55,-2.62,"cdc,gass84,mdativ,osiic,incomis,inmafu","83504144-f762-11e1-a439-00145eb45e9a","c1564d80-1b9d-471c-b84d-8d5dd2efbf0a","2a3f6a56-7591-4f05-8c4c-a1bb77aa4ea6","6c4a0bb0-2a4d-11d8-aa2d-b8a03c50a862","ES","EML","2026-04-18T01:37:24.938+00:00","2026-04-24T07:24:38.733+00:00",344,"PRESERVED_SPECIMEN",1,"PRESENT",7275953,6,7707728,220,7225535,3110,3040250,7275953,7275953,"Reseda stricta Pers.","Plantae","Tracheophyta","Brassicales","Resedaceae","Reseda","Reseda stricta","Reseda","stricta","SPECIES","ACCEPTED",707,880,0,"EUROPE","Granada",2010,5,13,"2010-05-13",133,133,NA,"2026-04-24T07:24:38.733+00:00","http://creativecommons.org/licenses/by/4.0/legalcode",FALSE,"D0C0642E-75BD-4D3E-951A-0B1D75A664DE","none","none",FALSE,NA,"Herbario de la Universidad de Almería","L. Gutiérrez","none","WGS84","Magnoliopsida","ES","none","none","EUROPE","Spain","EUROPE","D0C0642E-75BD-4D3E-951A-0B1D75A664DE","22157-1",NA,NA,"JP","350","Hoya de Baza, Venta del Peral, Cañada Morala","3713861588","es","HUAL","D0C0642E-75BD-4D3E-951A-0B1D75A664DE","PhysicalObject","Reseda stricta Pers.","HUAL",NA,NA,NA,"a8343e51-cda3-4e7a-9eb6-4431f432fde4",NA,"L. Gutiérrez","Pliego",NA,NA,NA,NA,NA,NA,NA,NA,NA,NA,NA,NA,NA,NA,NA,NA,NA,NA,NA,NA,NA,NA,NA,NA,"borde de camino, en suelos yesosos","13/05/2010",NA,"Cullar de Baza",NA,NA,NA,NA,NA,NA,NA,NA,NA,"HUAL",NA,NA,NA,NA,NA,NA,NA,NA,NA,NA,NA,NA,NA,NA,NA,NA,NA,NA,NA,NA,NA,NA,NA,NA,NA,NA,NA,NA,NA
"3713869639","Reseda stricta Pers.",37.69,-2.59,"cdc,gass84,mdativ,osiic,incomis,inmafu","83504144-f762-11e1-a439-00145eb45e9a","c1564d80-1b9d-471c-b84d-8d5dd2efbf0a","2a3f6a56-7591-4f05-8c4c-a1bb77aa4ea6","6c4a0bb0-2a4d-11d8-aa2d-b8a03c50a862","ES","EML","2026-04-18T01:37:24.938+00:00","2026-04-24T07:24:24.668+00:00",344,"PRESERVED_SPECIMEN",1,"PRESENT",7275953,6,7707728,220,7225535,3110,3040250,7275953,7275953,"Reseda stricta Pers.","Plantae","Tracheophyta","Brassicales","Resedaceae","Reseda","Reseda stricta","Reseda","stricta","SPECIES","ACCEPTED",707,940,0,"EUROPE","Granada",2010,5,26,"2010-05-26",146,146,NA,"2026-04-24T07:24:24.668+00:00","http://creativecommons.org/licenses/by/4.0/legalcode",FALSE,"977D5B2C-90D2-44D8-A516-0B623BFEF3C7","none","none",FALSE,NA,"Herbario de la Universidad de Almería","L. Gutiérrez","none","WGS84","Magnoliopsida","ES","none","none","EUROPE","Spain","EUROPE","977D5B2C-90D2-44D8-A516-0B623BFEF3C7","22156-1",NA,NA,"JP","350","Cañada Omiz, próx. Barranco de Los Llanos","3713869639","es","HUAL","977D5B2C-90D2-44D8-A516-0B623BFEF3C7","PhysicalObject","Reseda stricta Pers.","HUAL",NA,NA,NA,"a8343e51-cda3-4e7a-9eb6-4431f432fde4",NA,"L. Gutiérrez","Pliego",NA,NA,NA,NA,NA,NA,NA,NA,NA,NA,NA,NA,NA,NA,NA,NA,NA,NA,NA,NA,NA,NA,NA,NA,"borde de camino, en suelos yesosos","26/05/2010",NA,"Galera",NA,NA,NA,NA,NA,NA,NA,NA,NA,"HUAL",NA,NA,NA,NA,NA,NA,NA,NA,NA,NA,NA,NA,NA,NA,NA,NA,NA,NA,NA,NA,NA,NA,NA,NA,NA,NA,NA,NA,NA
"2558249188","Reseda stricta Pers.",41.36,-1.67,"cdc,gass84,colmafu,inmafu","834a4794-f762-11e1-a439-00145eb45e9a","8209258a-80e8-4094-aba2-a3febe5ed45b","2a3f6a56-7591-4f05-8c4c-a1bb77aa4ea6","6c4a0bb0-2a4d-11d8-aa2d-b8a03c50a862","ES","EML","2026-04-18T01:37:24.691+00:00","2026-04-24T10:27:22.001+00:00",375,"PRESERVED_SPECIMEN",NA,"PRESENT",7275953,6,7707728,220,7225535,3110,3040250,7275953,7275953,"Reseda stricta Pers.","Plantae","Tracheophyta","Brassicales","Resedaceae","Reseda","Reseda stricta","Reseda","stricta","SPECIES","ACCEPTED",707,650,0,"EUROPE","Zaragoza",2010,6,17,"2010-06-17",168,168,"2025-11-03T14:20:45.000+00:00","2026-04-24T10:27:22.001+00:00","http://creativecommons.org/licenses/by-nc/4.0/legalcode",FALSE,"D622185F-0C8C-41E5-B1FE-9776B7B6253E","none","none",FALSE,NA,"Colección de plantas vasculares del herbario de la Universitat de València (VAL)","J.M. Pisco García, J. Martín Monge & Alberto Portero Garcés","none","WGS84","Magnoliopsida","ES","none","none","EUROPE","Spain","EUROPE","D622185F-0C8C-41E5-B1FE-9776B7B6253E","225228-1","https://www.gbif.org/publisher/8209258a-80e8-4094-aba2-a3febe5ed45b",NA,"VAL","391","Calatayud, hacia Armantes","2558249188","es","VAL","D622185F-0C8C-41E5-B1FE-9776B7B6253E","PhysicalObject","Reseda stricta Pers.",NA,NA,NA,NA,"c645b060-c130-45ee-97ab-b9fc94393523","6ceb64b5-0201-4a27-bcdb-8d62035e35d5",NA,"Pliego",NA,NA,NA,NA,NA,NA,NA,NA,NA,NA,NA,NA,"in collection",NA,NA,NA,NA,NA,NA,NA,NA,NA,NA,NA,"yesos","17062010",NA,"Calatayud (Calatayud)",NA,NA,NA,NA,NA,NA,"JMP-1546",NA,NA,"VAL",NA,NA,NA,NA,NA,NA,NA,NA,NA,NA,NA,NA,NA,NA,NA,NA,NA,NA,NA,NA,NA,NA,NA,NA,NA,NA,NA,NA,NA
"232592222","Reseda stricta Pers.",37.974,-1.833,"cdc,gass84,cdpi,colmano,inmafu","96b9eec4-f762-11e1-a439-00145eb45e9a","eba6daa8-0281-479e-aa2d-d78a2614db93","2a3f6a56-7591-4f05-8c4c-a1bb77aa4ea6","6c4a0bb0-2a4d-11d8-aa2d-b8a03c50a862","ES","EML","2026-04-17T22:02:24.702+00:00","2026-04-24T08:46:50.728+00:00",360,"PRESERVED_SPECIMEN",NA,"PRESENT",7275953,6,7707728,220,7225535,3110,3040250,7275953,7275953,"Reseda stricta Pers.","Plantae","Tracheophyta","Brassicales","Resedaceae","Reseda","Reseda stricta","Reseda","stricta","SPECIES","ACCEPTED",NA,1,0,"EUROPE","Mu",2009,5,2,"2009-05-02",122,122,NA,"2026-04-24T08:46:50.728+00:00","http://creativecommons.org/licenses/by-nc/4.0/legalcode",FALSE,"232592222","none","none",FALSE,NA,NA,"D. López","none","WGS84","Magnoliopsida","ES","none","none","EUROPE","Spain","EUROPE",NA,"110244-1",NA,NA,"MUB","366","Caravaca; Los Prados","232592222",NA,"SURESTE","232592222",NA,"Reseda stricta Pers.",NA,NA,NA,NA,"0d3bc86d-03b3-4475-b018-67c8c79d97cd",NA,"P. Sánchez-Gómez",NA,NA,NA,NA,NA,NA,NA,NA,NA,NA,NA,NA,NA,NA,NA,NA,NA,NA,NA,NA,NA,NA,NA,NA,NA,NA,NA,NA,NA,NA,NA,NA,NA,0,0,NA,NA,NA,"MUB",NA,NA,NA,NA,NA,NA,NA,NA,NA,NA,NA,NA,NA,NA,NA,NA,NA,NA,NA,NA,NA,NA,NA,NA,NA,NA,NA,NA,NA
"2558253745","Reseda stricta Pers.",40.3,-2.22,"cdc,gass84,colmafu,inmafu","834a4794-f762-11e1-a439-00145eb45e9a","8209258a-80e8-4094-aba2-a3febe5ed45b","2a3f6a56-7591-4f05-8c4c-a1bb77aa4ea6","6c4a0bb0-2a4d-11d8-aa2d-b8a03c50a862","ES","EML","2026-04-18T01:37:24.691+00:00","2026-04-24T10:27:34.225+00:00",375,"PRESERVED_SPECIMEN",NA,"PRESENT",7275953,6,7707728,220,7225535,3110,3040250,7275953,7275953,"Reseda stricta Pers.","Plantae","Tracheophyta","Brassicales","Resedaceae","Reseda","Reseda stricta","Reseda","stricta","SPECIES","ACCEPTED",707,970,0,"EUROPE","Cuenca",2009,6,5,"2009-06-05",156,156,"2025-11-03T14:20:45.000+00:00","2026-04-24T10:27:34.225+00:00","http://creativecommons.org/licenses/by-nc/4.0/legalcode",FALSE,"FADCF462-71F7-4294-964F-A5318848573E","none","none",FALSE,NA,"Colección de plantas vasculares del herbario de la Universitat de València (VAL)","A. Coronado","none","WGS84","Magnoliopsida","ES","none","none","EUROPE","Spain","EUROPE","FADCF462-71F7-4294-964F-A5318848573E","233662-1","https://www.gbif.org/publisher/8209258a-80e8-4094-aba2-a3febe5ed45b",NA,"VAL","391","Torrecilla, Valdecornanchos","2558253745","es","VAL","FADCF462-71F7-4294-964F-A5318848573E","PhysicalObject","Reseda stricta Pers.",NA,NA,NA,NA,"c645b060-c130-45ee-97ab-b9fc94393523","6ceb64b5-0201-4a27-bcdb-8d62035e35d5",NA,"Pliego",NA,NA,NA,NA,NA,NA,NA,NA,NA,NA,NA,NA,"in collection",NA,NA,NA,NA,NA,NA,NA,NA,NA,NA,NA,"yesar","05062009",NA,"Sotorribas",NA,NA,NA,NA,NA,NA,NA,NA,NA,"VAL",NA,NA,NA,NA,NA,NA,NA,NA,NA,NA,NA,NA,NA,NA,NA,NA,NA,NA,NA,NA,NA,NA,NA,NA,NA,NA,NA,NA,NA
"1936207879","Reseda stricta Pers.",41.3934,-2.1401,"cdc,gass84,inmano","834c9918-f762-11e1-a439-00145eb45e9a","0363cbd4-f666-455e-8e86-0bbddcf51950","2a3f6a56-7591-4f05-8c4c-a1bb77aa4ea6","6c4a0bb0-2a4d-11d8-aa2d-b8a03c50a862","ES","EML","2026-04-18T01:37:27.366+00:00","2026-04-24T05:20:48.890+00:00",423,"PRESERVED_SPECIMEN",NA,"PRESENT",7275953,6,7707728,220,7225535,3110,3040250,7275953,7275953,"Reseda stricta Pers.","Plantae","Tracheophyta","Brassicales","Resedaceae","Reseda","Reseda stricta","Reseda","stricta","SPECIES","ACCEPTED",NA,NA,NA,"EUROPE","Soria",2009,7,3,"2009-07-03",184,184,NA,"2026-04-24T05:20:48.890+00:00","http://creativecommons.org/licenses/by-nc/4.0/legalcode",FALSE,"635e43df-20fe-11e3-9e2e-000c29035824","none","none",FALSE,"834c9918-f762-11e1-a439-00145eb45e9a",NA,"Carlos Molina","none","WGS84","Magnoliopsida","ES","none","none","EUROPE","Spain","EUROPE","635e43df-20fe-11e3-9e2e-000c29035824","MA-01-00796978","0363cbd4-f666-455e-8e86-0bbddcf51950",NA,"MA","429","Fuentelmonge","1936207879","es","MA","635e43df-20fe-11e3-9e2e-000c29035824","Collection","Reseda stricta Pers.",NA,NA,NA,NA,NA,NA,NA,NA,NA,NA,NA,NA,NA,NA,NA,NA,NA,NA,NA,NA,NA,NA,"MA",NA,NA,NA,NA,NA,NA,NA,"MA-796978-1",NA,"Habitat: costras de yesos con Herniaria fruticosa y Lepidium subulatum","03072009",NA,NA,NA,NA,NA,NA,NA,NA,NA,NA,NA,"MA",NA,NA,NA,NA,NA,"17abcf75-2f1e-46dd-bf75-a5b21dd02655",NA,NA,NA,NA,NA,NA,NA,"7275953",NA,"ce96c791-20fe-11e3-9e2e-000c29035824",NA,NA,NA,NA,NA,NA,NA,NA,NA,NA,NA,NA,NA
"3033650800","Reseda stricta Pers.",41.4,-4.44,"cdc,gass84,mdativ,colmano,inmafu","834f1756-f762-11e1-a439-00145eb45e9a","cb202839-87c6-456a-821c-dc5b268a200f","2a3f6a56-7591-4f05-8c4c-a1bb77aa4ea6","6c4a0bb0-2a4d-11d8-aa2d-b8a03c50a862","ES","EML","2026-04-18T01:36:55.261+00:00","2026-04-23T23:49:10.053+00:00",326,"PRESERVED_SPECIMEN",NA,"PRESENT",7275953,6,7707728,220,7225535,3110,3040250,7275953,7275953,"Reseda stricta Pers.","Plantae","Tracheophyta","Brassicales","Resedaceae","Reseda","Reseda stricta","Reseda","stricta","SPECIES","ACCEPTED",71,NA,NA,"EUROPE","Segovia",2009,9,25,"2009-09-25",268,268,NA,"2026-04-23T23:49:10.053+00:00","http://creativecommons.org/licenses/by-nc/4.0/legalcode",FALSE,"BCN 95121","none","none",FALSE,NA,"Col·lecció de Cormòfits de l'herbari BCN","Fernández. Díez, F. J.","none","WGS84","Magnoliopsida","ES","none","none","EUROPE","Spain","EUROPE","BCN 95121","95121",NA,NA,"BCN","350","Segovia: Vallelado","3033650800",NA,"Corm","BCN 95121",NA,"Reseda stricta Pers.",NA,NA,NA,NA,"5db0342e-533f-461c-a97e-0ec9dc79a95c",NA,"Andrés Sánchez, Santiago",NA,NA,"CRAI CeDocBiV - Universitat de Barcelona",NA,NA,NA,NA,NA,NA,NA,NA,NA,NA,NA,NA,"UB",NA,NA,NA,NA,NA,NA,NA,NA,NA,"comunidades viarias sobre margas, muy nitrificadas",NA,NA,NA,NA,NA,NA,NA,NA,NA,NA,NA,NA,"BCN-Cormophyta",NA,NA,NA,NA,NA,NA,NA,NA,"Reseda stricta Pers.; Reseda stricta Pers.","91623",NA,NA,NA,NA,NA,NA,NA,NA,NA,NA,NA,NA,NA,NA,NA,NA,NA,NA,NA
"1851577907","Reseda stricta Pers.",38.61,-0.93,"cdc,gass84,osiic,colmafu,inmafu","835852b2-f762-11e1-a439-00145eb45e9a","30b36805-4849-4abb-a39c-01b3a7fa3f2e","2a3f6a56-7591-4f05-8c4c-a1bb77aa4ea6","6c4a0bb0-2a4d-11d8-aa2d-b8a03c50a862","ES","EML","2026-04-18T01:37:27.890+00:00","2026-04-24T04:48:50.274+00:00",354,"PRESERVED_SPECIMEN",1,"PRESENT",7275953,6,7707728,220,7225535,3110,3040250,7275953,7275953,"Reseda stricta Pers.","Plantae","Tracheophyta","Brassicales","Resedaceae","Reseda","Reseda stricta","Reseda","stricta","SPECIES","ACCEPTED",707,562,0,"EUROPE","Alicante",2008,5,30,"2008-05-30",151,151,"2016-09-29T14:55:57.000+00:00","2026-04-24T04:48:50.274+00:00","http://creativecommons.org/licenses/by/4.0/legalcode",FALSE,"DF0C3A66-4254-4500-0B08-0467776CC8BF","none","none",FALSE,NA,NA,"J.M.Aragoneses & I.Aragoneses","none","WGS84","Magnoliopsida","ES","none","none","EUROPE","Spain","EUROPE","DF0C3A66-4254-4500-0B08-0467776CC8BF","54403-1",NA,NA,"ABH","360","Villena; Arenal de la Virgen, base del Castellar","1851577907",NA,"ABH","DF0C3A66-4254-4500-0B08-0467776CC8BF",NA,"Reseda stricta Pers.",NA,NA,NA,NA,"8aa53465-012a-4394-bc5a-5f99beee1ce7","189e886d-b24c-4f29-8ee3-3827e567e7df",NA,NA,NA,NA,NA,NA,NA,NA,NA,NA,NA,NA,NA,NA,NA,NA,NA,NA,NA,NA,NA,NA,NA,NA,NA,NA,NA,"30052008",NA,NA,NA,NA,NA,NA,NA,NA,NA,NA,NA,"ABH",NA,NA,NA,NA,NA,NA,NA,NA,NA,NA,NA,NA,NA,NA,NA,NA,NA,NA,NA,NA,NA,NA,NA,NA,NA,NA,NA,NA,NA
"2558253738","Reseda stricta Pers.",40.26,-2.15,"cdc,gass84,colmafu,inmafu","834a4794-f762-11e1-a439-00145eb45e9a","8209258a-80e8-4094-aba2-a3febe5ed45b","2a3f6a56-7591-4f05-8c4c-a1bb77aa4ea6","6c4a0bb0-2a4d-11d8-aa2d-b8a03c50a862","ES","EML","2026-04-18T01:37:24.691+00:00","2026-04-24T10:27:18.900+00:00",375,"PRESERVED_SPECIMEN",NA,"PRESENT",7275953,6,7707728,220,7225535,3110,3040250,7275953,7275953,"Reseda stricta Pers.","Plantae","Tracheophyta","Brassicales","Resedaceae","Reseda","Reseda stricta","Reseda","stricta","SPECIES","ACCEPTED",707,1030,0,"EUROPE","Cuenca",2008,5,15,"2008-05-15",136,136,"2025-11-03T14:20:45.000+00:00","2026-04-24T10:27:18.900+00:00","http://creativecommons.org/licenses/by-nc/4.0/legalcode",FALSE,"962CC68F-F0E7-4589-9576-01AD3E4CABAF","none","none",FALSE,NA,"Colección de plantas vasculares del herbario de la Universitat de València (VAL)","A. Coronado","none","WGS84","Magnoliopsida","ES","none","none","EUROPE","Spain","EUROPE","962CC68F-F0E7-4589-9576-01AD3E4CABAF","232091-1","https://www.gbif.org/publisher/8209258a-80e8-4094-aba2-a3febe5ed45b",NA,"VAL","391","Sotorribas, Collados, el Salitral","2558253738","es","VAL","962CC68F-F0E7-4589-9576-01AD3E4CABAF","PhysicalObject","Reseda stricta Pers.",NA,NA,NA,NA,"c645b060-c130-45ee-97ab-b9fc94393523","6ceb64b5-0201-4a27-bcdb-8d62035e35d5",NA,"Pliego",NA,NA,NA,NA,NA,NA,NA,NA,NA,NA,NA,NA,"in collection",NA,NA,NA,NA,NA,NA,NA,NA,NA,NA,NA,"yesar","15052008",NA,"Sotorribas",NA,NA,NA,NA,NA,NA,NA,NA,NA,"VAL",NA,NA,NA,NA,NA,NA,NA,NA,NA,NA,NA,NA,NA,NA,NA,NA,NA,NA,NA,NA,NA,NA,NA,NA,NA,NA,NA,NA,NA
"1851577262","Reseda stricta Pers.",38.45,-0.79,"cdc,gass84,osiic,colmafu,inmafu","835852b2-f762-11e1-a439-00145eb45e9a","30b36805-4849-4abb-a39c-01b3a7fa3f2e","2a3f6a56-7591-4f05-8c4c-a1bb77aa4ea6","6c4a0bb0-2a4d-11d8-aa2d-b8a03c50a862","ES","EML","2026-04-18T01:37:27.890+00:00","2026-04-24T04:49:48.589+00:00",354,"PRESERVED_SPECIMEN",1,"PRESENT",7275953,6,7707728,220,7225535,3110,3040250,7275953,7275953,"Reseda stricta Pers.","Plantae","Tracheophyta","Brassicales","Resedaceae","Reseda","Reseda stricta","Reseda","stricta","SPECIES","ACCEPTED",707,420,0,"EUROPE","Alicante",2008,6,15,"2008-06-15",167,167,"2016-09-02T13:05:35.000+00:00","2026-04-24T04:49:48.589+00:00","http://creativecommons.org/licenses/by/4.0/legalcode",FALSE,"0537BF89-DACC-452E-9ED5-0CA18AEC7812","none","none",TRUE,NA,NA,"A.Juan, I.Juan & P.Vila","none","WGS84","Magnoliopsida","ES","none","none","EUROPE","Spain","EUROPE","0537BF89-DACC-452E-9ED5-0CA18AEC7812","52482-1",NA,NA,"ABH","360","Elda; Bateig","1851577262",NA,"ABH","0537BF89-DACC-452E-9ED5-0CA18AEC7812",NA,"Reseda stricta Pers.",NA,NA,NA,NA,"8aa53465-012a-4394-bc5a-5f99beee1ce7","189e886d-b24c-4f29-8ee3-3827e567e7df",NA,NA,NA,NA,NA,NA,NA,NA,NA,NA,NA,NA,NA,NA,NA,NA,NA,NA,NA,NA,NA,NA,NA,NA,NA,NA,NA,"150608",NA,NA,NA,NA,NA,NA,NA,NA,NA,NA,NA,"ABH",NA,NA,NA,NA,NA,NA,NA,NA,NA,NA,NA,NA,NA,NA,NA,NA,NA,NA,NA,NA,NA,NA,NA,NA,NA,NA,NA,NA,NA
"1851577653","Reseda stricta Pers.",37.76,-2.58,"cdc,gass84,osiic,colmafu,inmafu","835852b2-f762-11e1-a439-00145eb45e9a","30b36805-4849-4abb-a39c-01b3a7fa3f2e","2a3f6a56-7591-4f05-8c4c-a1bb77aa4ea6","6c4a0bb0-2a4d-11d8-aa2d-b8a03c50a862","ES","EML","2026-04-18T01:37:27.890+00:00","2026-04-24T04:48:30.680+00:00",354,"PRESERVED_SPECIMEN",1,"PRESENT",7275953,6,7707728,220,7225535,3110,3040250,7275953,7275953,"Reseda stricta Pers.","Plantae","Tracheophyta","Brassicales","Resedaceae","Reseda","Reseda stricta","Reseda","stricta","SPECIES","ACCEPTED",707,890,0,"EUROPE","Granada",2008,6,25,"2008-06-25",177,177,"2016-07-28T13:23:32.000+00:00","2026-04-24T04:48:30.680+00:00","http://creativecommons.org/licenses/by/4.0/legalcode",FALSE,"D5D6346E-6C34-4A12-B366-6D97F673783D","none","none",FALSE,NA,NA,"M.B.Crespo, A.Juan & J.C.Agulló","none","WGS84","Magnoliopsida","ES","none","none","EUROPE","Spain","EUROPE","D5D6346E-6C34-4A12-B366-6D97F673783D","53661-1",NA,NA,"ABH","360","Galera; a 4 Km Galera, A-4200","1851577653",NA,"ABH","D5D6346E-6C34-4A12-B366-6D97F673783D",NA,"Reseda stricta Pers.",NA,NA,NA,NA,"8aa53465-012a-4394-bc5a-5f99beee1ce7","189e886d-b24c-4f29-8ee3-3827e567e7df",NA,NA,NA,NA,NA,NA,NA,NA,NA,NA,NA,NA,NA,NA,NA,NA,NA,NA,NA,NA,NA,NA,NA,NA,NA,NA,NA,"25062008",NA,NA,NA,NA,NA,NA,NA,NA,NA,NA,NA,"ABH",NA,NA,NA,NA,NA,NA,NA,NA,NA,NA,NA,NA,NA,NA,NA,NA,NA,NA,NA,NA,NA,NA,NA,NA,NA,NA,NA,NA,NA
"1936195367","Reseda stricta Pers.",38.642,-1.537,"cdc,gass84,inmano","834c9918-f762-11e1-a439-00145eb45e9a","0363cbd4-f666-455e-8e86-0bbddcf51950","2a3f6a56-7591-4f05-8c4c-a1bb77aa4ea6","6c4a0bb0-2a4d-11d8-aa2d-b8a03c50a862","ES","EML","2026-04-18T01:37:27.366+00:00","2026-04-24T05:21:26.567+00:00",423,"PRESERVED_SPECIMEN",NA,"PRESENT",7275953,6,7707728,220,7225535,3110,3040250,7275953,7275953,"Reseda stricta Pers.","Plantae","Tracheophyta","Brassicales","Resedaceae","Reseda","Reseda stricta","Reseda","stricta","SPECIES","ACCEPTED",NA,NA,NA,"EUROPE","Albacete",2008,6,12,"2008-06-12",164,164,NA,"2026-04-24T05:21:26.567+00:00","http://creativecommons.org/licenses/by-nc/4.0/legalcode",FALSE,"613f7c40-20fe-11e3-9e2e-000c29035824","none","none",FALSE,"834c9918-f762-11e1-a439-00145eb45e9a",NA,"J. Calvo","none","WGS84","Magnoliopsida","ES","none","none","EUROPE","Spain","EUROPE","613f7c40-20fe-11e3-9e2e-000c29035824","MA-01-00783045","0363cbd4-f666-455e-8e86-0bbddcf51950",NA,"MA","429","Tobarra, Sierra del Madroño, pr. la cima","1936195367","es","MA","613f7c40-20fe-11e3-9e2e-000c29035824","Collection","Reseda stricta Pers.",NA,NA,NA,NA,NA,NA,"J. Calvo",NA,NA,NA,NA,NA,NA,NA,NA,NA,NA,NA,NA,NA,NA,NA,"MA",NA,NA,NA,NA,NA,NA,NA,"MA-783045-1",NA,"Habitat: Coscojar y atochar","12-VI-2008",NA,NA,NA,NA,NA,NA,NA,NA,NA,NA,NA,"MA",NA,NA,NA,NA,NA,"17abcf75-2f1e-46dd-bf75-a5b21dd02655",NA,NA,NA,NA,NA,NA,NA,"7275953",NA,"cd4b8e55-20fe-11e3-9e2e-000c29035824",NA,NA,NA,NA,NA,NA,NA,NA,NA,NA,NA,NA,NA
"1851577654","Reseda stricta Pers.",39.87,-3.6,"cdc,gass84,osiic,colmafu,inmafu","835852b2-f762-11e1-a439-00145eb45e9a","30b36805-4849-4abb-a39c-01b3a7fa3f2e","2a3f6a56-7591-4f05-8c4c-a1bb77aa4ea6","6c4a0bb0-2a4d-11d8-aa2d-b8a03c50a862","ES","EML","2026-04-18T01:37:27.890+00:00","2026-04-24T04:47:53.882+00:00",354,"PRESERVED_SPECIMEN",1,"PRESENT",7275953,6,7707728,220,7225535,3110,3040250,7275953,7275953,"Reseda stricta Pers.","Plantae","Tracheophyta","Brassicales","Resedaceae","Reseda","Reseda stricta","Reseda","stricta","SPECIES","ACCEPTED",707,660,0,"EUROPE","Toledo",2008,7,17,"2008-07-17",199,199,"2017-02-23T14:32:57.000+00:00","2026-04-24T04:47:53.882+00:00","http://creativecommons.org/licenses/by/4.0/legalcode",FALSE,"8E85617B-4C37-4F4F-B838-0EE62C8E4E26","none","none",FALSE,NA,NA,"A.Juan, M.Juan & P.Vila","none","WGS84","Magnoliopsida","ES","none","none","EUROPE","Spain","EUROPE","8E85617B-4C37-4F4F-B838-0EE62C8E4E26","53599-1",NA,NA,"ABH","360","Huerta de Valdecarábanos; prox. del pueblo","1851577654",NA,"ABH","8E85617B-4C37-4F4F-B838-0EE62C8E4E26",NA,"Reseda stricta Pers.",NA,NA,NA,NA,"8aa53465-012a-4394-bc5a-5f99beee1ce7","189e886d-b24c-4f29-8ee3-3827e567e7df",NA,NA,NA,NA,NA,NA,NA,NA,NA,NA,NA,NA,NA,NA,NA,NA,NA,NA,NA,NA,NA,NA,NA,NA,NA,NA,NA,"17072008",NA,NA,NA,NA,NA,NA,NA,NA,NA,NA,NA,"ABH",NA,NA,NA,NA,NA,NA,NA,NA,NA,NA,NA,NA,NA,NA,NA,NA,NA,NA,NA,NA,NA,NA,NA,NA,NA,NA,NA,NA,NA
"1936207993","Reseda stricta Pers.",41.3845,-2.1521,"cdc,gass84,inmano","834c9918-f762-11e1-a439-00145eb45e9a","0363cbd4-f666-455e-8e86-0bbddcf51950","2a3f6a56-7591-4f05-8c4c-a1bb77aa4ea6","6c4a0bb0-2a4d-11d8-aa2d-b8a03c50a862","ES","EML","2026-04-18T01:37:27.366+00:00","2026-04-24T05:21:26.641+00:00",423,"PRESERVED_SPECIMEN",NA,"PRESENT",7275953,6,7707728,220,7225535,3110,3040250,7275953,7275953,"Reseda stricta Pers.","Plantae","Tracheophyta","Brassicales","Resedaceae","Reseda","Reseda stricta","Reseda","stricta","SPECIES","ACCEPTED",NA,NA,NA,"EUROPE","Soria",2008,8,10,"2008-08-10",223,223,NA,"2026-04-24T05:21:26.641+00:00","http://creativecommons.org/licenses/by-nc/4.0/legalcode",FALSE,"635e496b-20fe-11e3-9e2e-000c29035824","none","none",FALSE,"834c9918-f762-11e1-a439-00145eb45e9a",NA,"Carlos Molina","none","WGS84","Magnoliopsida","ES","none","none","EUROPE","Spain","EUROPE","635e496b-20fe-11e3-9e2e-000c29035824","MA-01-00796979","0363cbd4-f666-455e-8e86-0bbddcf51950",NA,"MA","429","Monteagudo de las Vicarías","1936207993","es","MA","635e496b-20fe-11e3-9e2e-000c29035824","Collection","Reseda stricta Pers.",NA,NA,NA,NA,NA,NA,NA,NA,NA,NA,NA,NA,NA,NA,NA,NA,NA,NA,NA,NA,NA,NA,"MA",NA,NA,NA,NA,NA,NA,NA,"MA-796979-1",NA,"Habitat: costras de yesos con Herniaria fruticosa y Lepidium subulatum","10082008",NA,NA,NA,NA,NA,NA,NA,NA,NA,NA,NA,"MA",NA,NA,NA,NA,NA,"17abcf75-2f1e-46dd-bf75-a5b21dd02655",NA,NA,NA,NA,NA,NA,NA,"7275953",NA,"ce96ca9c-20fe-11e3-9e2e-000c29035824",NA,NA,NA,NA,NA,NA,NA,NA,NA,NA,NA,NA,NA
"895199549","Reseda stricta Pers.",40.33,-2.22,"cdc,gass84,colmafu,inmafu","834a4794-f762-11e1-a439-00145eb45e9a","8209258a-80e8-4094-aba2-a3febe5ed45b","2a3f6a56-7591-4f05-8c4c-a1bb77aa4ea6","6c4a0bb0-2a4d-11d8-aa2d-b8a03c50a862","ES","EML","2026-04-18T01:37:24.691+00:00","2026-04-24T10:27:11.033+00:00",375,"PRESERVED_SPECIMEN",NA,"PRESENT",7275953,6,7707728,220,7225535,3110,3040250,7275953,7275953,"Reseda stricta Pers.","Plantae","Tracheophyta","Brassicales","Resedaceae","Reseda","Reseda stricta","Reseda","stricta","SPECIES","ACCEPTED",707,960,0,"EUROPE","Cuenca",2007,4,17,"2007-04-17",107,107,"2025-11-03T14:20:45.000+00:00","2026-04-24T10:27:11.033+00:00","http://creativecommons.org/licenses/by-nc/4.0/legalcode",FALSE,"489216D2-D4B9-462B-8ABB-0D58D33DF221","none","none",FALSE,NA,"Colección de plantas vasculares del herbario de la Universitat de València (VAL)","A. Coronado","none","WGS84","Magnoliopsida","ES","none","none","EUROPE","Spain","EUROPE","489216D2-D4B9-462B-8ABB-0D58D33DF221","183685-1","https://www.gbif.org/publisher/8209258a-80e8-4094-aba2-a3febe5ed45b",NA,"VAL","391","Ribagorda, Los Blancares","895199549","es","VAL","489216D2-D4B9-462B-8ABB-0D58D33DF221","PhysicalObject","Reseda stricta Pers.",NA,NA,NA,NA,"c645b060-c130-45ee-97ab-b9fc94393523","6ceb64b5-0201-4a27-bcdb-8d62035e35d5",NA,"Pliego",NA,NA,NA,NA,NA,NA,NA,NA,NA,NA,NA,NA,"in collection",NA,NA,NA,NA,NA,NA,NA,NA,NA,NA,NA,"yesar","17042007",NA,"Sotorribas",NA,NA,NA,NA,NA,NA,NA,NA,NA,"VAL",NA,NA,NA,NA,NA,NA,NA,NA,NA,NA,NA,NA,NA,NA,NA,NA,NA,NA,NA,NA,NA,NA,NA,NA,NA,NA,NA,NA,NA
"895221844","Reseda stricta Pers.",40.78,-1.64,"cdc,gass84,colmafu,inmafu","834a4794-f762-11e1-a439-00145eb45e9a","8209258a-80e8-4094-aba2-a3febe5ed45b","2a3f6a56-7591-4f05-8c4c-a1bb77aa4ea6","6c4a0bb0-2a4d-11d8-aa2d-b8a03c50a862","ES","EML","2026-04-18T01:37:24.691+00:00","2026-04-24T10:27:09.194+00:00",375,"PRESERVED_SPECIMEN",NA,"PRESENT",7275953,6,7707728,220,7225535,3110,3040250,7275953,7275953,"Reseda stricta Pers.","Plantae","Tracheophyta","Brassicales","Resedaceae","Reseda","Reseda stricta","Reseda","stricta","SPECIES","ACCEPTED",7071,NA,NA,"EUROPE","Guadalajara",2007,7,3,"2007-07-03",184,184,"2025-11-03T14:20:45.000+00:00","2026-04-24T10:27:09.194+00:00","http://creativecommons.org/licenses/by-nc/4.0/legalcode",FALSE,"3FE97623-B202-43E5-8D48-FB5E5C46E1F2","none","none",TRUE,NA,"Colección de plantas vasculares del herbario de la Universitat de València (VAL)","A. Martínez","none","WGS84","Magnoliopsida","ES","none","none","EUROPE","Spain","EUROPE","3FE97623-B202-43E5-8D48-FB5E5C46E1F2","207408-1","https://www.gbif.org/publisher/8209258a-80e8-4094-aba2-a3febe5ed45b",NA,"VAL","391","Pobo de Dueñas, hacia Bronchalejos","895221844","es","VAL","3FE97623-B202-43E5-8D48-FB5E5C46E1F2","PhysicalObject","Reseda stricta Pers.",NA,NA,NA,NA,"c645b060-c130-45ee-97ab-b9fc94393523","6ceb64b5-0201-4a27-bcdb-8d62035e35d5",NA,"Pliego",NA,NA,NA,NA,NA,NA,NA,NA,NA,NA,NA,NA,"in collection",NA,NA,"Herbari d'Alfredo Martínez Cabeza",NA,NA,NA,NA,NA,NA,NA,NA,NA,"03072007",NA,"El Pobo de Dueñas",NA,NA,NA,NA,NA,NA,NA,NA,NA,"VAL",NA,NA,NA,NA,NA,NA,NA,NA,NA,NA,NA,NA,NA,NA,NA,NA,NA,NA,NA,NA,NA,NA,NA,NA,NA,NA,NA,NA,NA
"1851401864","Reseda stricta Pers.",40.78,-1.64,"cdc,gass84,mdativ,osiic,colmafu,inmafu","7b74be32-f762-11e1-a439-00145eb45e9a","730cd32c-627f-44a8-9d93-fcfb23ade969","2a3f6a56-7591-4f05-8c4c-a1bb77aa4ea6","6c4a0bb0-2a4d-11d8-aa2d-b8a03c50a862","ES","EML","2026-04-17T20:40:41.625+00:00","2026-04-29T14:09:18.966+00:00",434,"PRESERVED_SPECIMEN",1,"PRESENT",7275953,6,7707728,220,7225535,3110,3040250,7275953,7275953,"Reseda stricta Pers.","Plantae","Tracheophyta","Brassicales","Resedaceae","Reseda","Reseda stricta","Reseda","stricta","SPECIES","ACCEPTED",7071,NA,NA,"EUROPE","Guadalajara",2007,7,3,"2007-07-03",184,184,NA,"2026-04-29T14:09:18.966+00:00","http://creativecommons.org/licenses/by-nc/4.0/legalcode",FALSE,"E2EEB230-D57D-4194-BC29-00A1CD021E8D","none","none",TRUE,"doi:10.15470/j3rugb","Colección de plantas vasculares del Herbario Jaime Andrés Rodríguez. LEB","A.Martínez","none","WGS84","Magnoliopsida","ES","none","none","EUROPE","Spain","EUROPE","E2EEB230-D57D-4194-BC29-00A1CD021E8D","121608-1",NA,NA,"LEB","440","Pobo de Dueñas-Bronchalejos","1851401864","ES","LEB","E2EEB230-D57D-4194-BC29-00A1CD021E8D","PhysicalObject","Reseda stricta Pers.",NA,NA,NA,NA,"2af539a2-4f55-473c-9ad2-9ee7b20cb63a","1ba310c1-85e9-4c21-810b-09b5da025e80",NA,"Pliego",NA,NA,NA,NA,NA,NA,NA,NA,NA,NA,NA,NA,"in collection",NA,NA,NA,NA,NA,NA,NA,NA,NA,NA,NA,NA,"03/07/2007",NA,NA,NA,NA,NA,NA,NA,NA,NA,NA,NA,"LEB",NA,NA,NA,NA,NA,NA,NA,NA,NA,NA,NA,NA,NA,NA,NA,NA,NA,NA,NA,NA,NA,NA,NA,NA,NA,NA,NA,NA,NA
"1936689210","Reseda stricta Pers.",40.13,-4.648,"cdc,gass84,inmano","834c9918-f762-11e1-a439-00145eb45e9a","0363cbd4-f666-455e-8e86-0bbddcf51950","2a3f6a56-7591-4f05-8c4c-a1bb77aa4ea6","6c4a0bb0-2a4d-11d8-aa2d-b8a03c50a862","ES","EML","2026-04-18T01:37:27.366+00:00","2026-04-24T05:20:46.245+00:00",423,"PRESERVED_SPECIMEN",NA,"PRESENT",7275953,6,7707728,220,7225535,3110,3040250,7275953,7275953,"Reseda stricta Pers.","Plantae","Tracheophyta","Brassicales","Resedaceae","Reseda","Reseda stricta","Reseda","stricta","SPECIES","ACCEPTED",NA,NA,NA,"EUROPE","Madrid",2007,10,23,"2007-10-23",296,296,NA,"2026-04-24T05:20:46.245+00:00","http://creativecommons.org/licenses/by-nc/4.0/legalcode",FALSE,"6072cd92-20fe-11e3-9e2e-000c29035824","none","none",FALSE,"834c9918-f762-11e1-a439-00145eb45e9a",NA,"T. Buira & J. Calvo","none","WGS84","Magnoliopsida","ES","none","none","EUROPE","Spain","EUROPE","6072cd92-20fe-11e3-9e2e-000c29035824","MA-01-00772752","0363cbd4-f666-455e-8e86-0bbddcf51950",NA,"MA","429","Entre Chinchón y Titulcia","1936689210","es","MA","6072cd92-20fe-11e3-9e2e-000c29035824","Collection","Reseda stricta Pers.",NA,NA,NA,NA,NA,NA,"T. Buira & J. Calvo",NA,NA,NA,NA,NA,NA,"JC1755",NA,NA,NA,NA,NA,NA,NA,NA,"MA",NA,NA,NA,NA,NA,NA,NA,"MA-772752-1",NA,"Habitat: Prado camefítico sobre yesos","23-10-2007",NA,NA,NA,NA,NA,NA,NA,NA,NA,NA,NA,"MA",NA,NA,NA,NA,NA,"17abcf75-2f1e-46dd-bf75-a5b21dd02655",NA,NA,NA,NA,NA,NA,NA,"7275953",NA,"cc827738-20fe-11e3-9e2e-000c29035824",NA,NA,NA,NA,NA,NA,NA,NA,NA,NA,NA,NA,NA
"1936272288","Reseda stricta Pers.",40.016478,-3.585308,"cdc,cdround,gass84,inmano","834c9918-f762-11e1-a439-00145eb45e9a","0363cbd4-f666-455e-8e86-0bbddcf51950","2a3f6a56-7591-4f05-8c4c-a1bb77aa4ea6","6c4a0bb0-2a4d-11d8-aa2d-b8a03c50a862","ES","EML","2026-04-18T01:37:27.366+00:00","2026-04-24T05:21:04.437+00:00",423,"PRESERVED_SPECIMEN",NA,"PRESENT",7275953,6,7707728,220,7225535,3110,3040250,7275953,7275953,"Reseda stricta Pers.","Plantae","Tracheophyta","Brassicales","Resedaceae","Reseda","Reseda stricta","Reseda","stricta","SPECIES","ACCEPTED",NA,NA,NA,"EUROPE","Madrid",2006,4,24,"2006-04-24",114,114,NA,"2026-04-24T05:21:04.437+00:00","http://creativecommons.org/licenses/by-nc/4.0/legalcode",FALSE,"0bbc445e-0f24-4554-b4d8-57bde54a62ee","none","none",FALSE,"834c9918-f762-11e1-a439-00145eb45e9a",NA,"P. Barberá","none","WGS84","Magnoliopsida","ES","none","none","EUROPE","Spain","EUROPE","0bbc445e-0f24-4554-b4d8-57bde54a62ee","MA-01-00863137","0363cbd4-f666-455e-8e86-0bbddcf51950",NA,"MA","429","Aranjuez, Reserva Natural El Regajal-Mar de Ontígola, Paraje de los Cotillos","1936272288","es","MA","0bbc445e-0f24-4554-b4d8-57bde54a62ee","Collection","Reseda stricta Pers.",NA,NA,NA,NA,NA,NA,"P. Barberá",NA,NA,NA,NA,NA,NA,NA,NA,NA,NA,NA,NA,NA,NA,NA,"MA",NA,NA,NA,NA,NA,NA,NA,"MA-863137-1",NA,"Habitat: antigua gravera","24/04/2006",NA,NA,NA,NA,NA,NA,NA,NA,NA,NA,NA,"MA",NA,NA,NA,NA,NA,"17abcf75-2f1e-46dd-bf75-a5b21dd02655",NA,NA,NA,NA,NA,NA,NA,"7275953",NA,"6dd74325-4195-4e1c-aef5-3bf8af46dea1",NA,NA,NA,NA,NA,NA,NA,NA,NA,NA,NA,NA,NA
"1576193569","Reseda stricta Pers.",40.489626,-3.24474,"cdc,cdround,gass84,inmano","d15c4775-92dd-48fa-88d4-1b26b957d941","e1f82403-54f7-47dd-afc1-e07a42eeb4e7","09b8b1f4-0b79-4867-aab8-7e45e77c28e5","7a646477-bd22-4832-902c-19d9671f3ab1","ES","EML","2026-05-27T07:52:20.483+00:00","2026-05-27T07:53:54.349+00:00",408,"PRESERVED_SPECIMEN",1,"PRESENT",7275953,6,7707728,220,7225535,3110,3040250,7275953,7275953,"Reseda stricta Pers.","Plantae","Tracheophyta","Brassicales","Resedaceae","Reseda","Reseda stricta","Reseda","stricta","SPECIES","ACCEPTED",NA,NA,NA,"EUROPE","Comunidad de Madrid",2006,7,5,"2006-07-05",186,186,"2013-11-22T13:47:04.000+00:00","2026-05-27T07:53:54.349+00:00","http://creativecommons.org/licenses/by-nc/4.0/legalcode",FALSE,"RJBJCI:ALCA-BGV:ALCA-BG-0689/09","none","none",FALSE,NA,"Banco de Germoplasma del Real Jardín Botánico Juan Carlos I","Juan Pedro Zaballos","none","WGS84","Magnoliopsida","ES","none","none","EUROPE","Spain","EUROPE","RJBJCI:ALCA-BGV:ALCA-BG-0689/09","ALCA-BG-0689/09","Real Jardín Botánico Juan Carlos I",NA,"RJBJCI","408","_","1576193569","ES","ALCA-BGV","RJBJCI:ALCA-BGV:ALCA-BG-0689/09","PhysicalObject","Reseda stricta Pers.",NA,"SUDOESTE DE EUROPA",NA,NA,NA,NA,NA,NA,NA,NA,NA,NA,NA,NA,NA,NA,NA,NA,NA,NA,"In collection",NA,"RJBJCI",NA,NA,NA,NA,"Banco de Germoplasma del Real Jardín Botánico Juan Carlos I",NA,NA,NA,NA,NA,NA,NA,"Santorcaz",NA,NA,NA,NA,NA,NA,NA,NA,NA,NA,NA,NA,NA,NA,NA,NA,NA,NA,NA,"212812","MADRID",NA,NA,NA,NA,NA,"RESCUED","2022-03-08T20:25:11Z","http://www.aimjb.net:8080/ipt/archive.do?r=rjbjci",NA,NA,NA,NA,NA,NA,NA,NA,NA,NA
"1053986657","Reseda stricta Pers.",37.07,-3.7,"cdc,incomis,inmafu","95e9f2dc-f762-11e1-a439-00145eb45e9a","fbcad409-9d05-41d7-a869-1ddcab51e091","2a3f6a56-7591-4f05-8c4c-a1bb77aa4ea6","6c4a0bb0-2a4d-11d8-aa2d-b8a03c50a862","ES","EML","2026-04-17T22:12:56.461+00:00","2026-04-24T08:43:30.117+00:00",395,"PRESERVED_SPECIMEN",NA,"PRESENT",7275953,6,7707728,220,7225535,3110,3040250,7275953,7275953,"Reseda stricta Pers.","Plantae","Tracheophyta","Brassicales","Resedaceae","Reseda","Reseda stricta","Reseda","stricta","SPECIES","ACCEPTED",707,764,0,"EUROPE","Granada",2005,4,10,"2005-04-10",100,100,"2017-10-19T11:32:52.000+00:00","2026-04-24T08:43:30.117+00:00","http://creativecommons.org/licenses/by/4.0/legalcode",FALSE,"UPNA:H:10262","none","none",TRUE,NA,NA,"C. Morales, C. Quesada & M.T. Vizoso","none","WGS84","Magnoliopsida","ES","none","none","EUROPE","Spain","EUROPE","UPNA:H:10262","10262",NA,NA,"UPNA","401","La Malahá, alrededores","1053986657","es","H","UPNA:H:10262","PhysicalObject","Reseda stricta Pers.",NA,NA,NA,NA,"78788916-f293-4d75-b4b0-c4336237c9e2",NA,"C. Morales",NA,NA,NA,NA,NA,NA,NA,NA,NA,NA,NA,NA,NA,NA,NA,NA,NA,NA,NA,NA,NA,NA,NA,NA,NA,"Cultivos abandonados ricos en yesos.",NA,NA,NA,NA,NA,NA,NA,NA,NA,NA,NA,NA,"UPNA-H",NA,NA,NA,NA,NA,NA,NA,NA,NA,NA,NA,NA,NA,NA,NA,NA,NA,NA,NA,NA,NA,NA,NA,NA,NA,NA,NA,NA,NA
"3855032231","Reseda stricta Pers.",37.09,-3.71,"cdc,gass84,iddativ,osiic","6a7575fa-ae03-4ba3-b322-2da15b5033e2","d68c4230-a271-11d8-a9b3-b8a03c50a862","2a3f6a56-7591-4f05-8c4c-a1bb77aa4ea6","6c4a0bb0-2a4d-11d8-aa2d-b8a03c50a862","ES","EML","2026-04-17T19:28:29.248+00:00","2026-04-24T04:40:04.186+00:00",394,"PRESERVED_SPECIMEN",2,"PRESENT",7275953,6,7707728,220,7225535,3110,3040250,7275953,7275953,"Reseda stricta Pers.","Plantae","Tracheophyta","Brassicales","Resedaceae","Reseda","Reseda stricta","Reseda","stricta","SPECIES","ACCEPTED",707,570,0,"EUROPE","Granada",2005,4,22,"2005-04-22",112,112,"2022-06-24T10:36:01.000+00:00","2026-04-24T04:40:04.186+00:00","http://creativecommons.org/licenses/by-nc/4.0/legalcode",FALSE,"3C95288B-DC98-4F23-9774-D697408579A7","none","none",FALSE,NA,"Herbario de la Universidad de Granada: Colección GDA-Fanerogamia","C. Morales","none","WGS84","Magnoliopsida","ES","none","none","EUROPE","Spain","EUROPE","3C95288B-DC98-4F23-9774-D697408579A7","49988-1","https://www.gbif.org/grscicoll/institution/a46ced27-ecc3-43df-981f-d6de329f50b4",NA,"GDA","400","Granada, La Malahá","3855032231","es","GDA-Fanero","3C95288B-DC98-4F23-9774-D697408579A7","PhysicalObject","Reseda stricta Pers.",NA,NA,NA,NA,"a46ced27-ecc3-43df-981f-d6de329f50b4","82d87a2a-f701-46ca-a1c0-292e83fc790a","Martín Bravo, S.","Pliego",NA,"Herbarium University of Granada, Spain",NA,NA,NA,NA,NA,NA,NA,NA,NA,NA,"in collection",NA,"GDA",NA,NA,NA,NA,"https://www.gbif.org/grscicoll/collection/82d87a2a-f701-46ca-a1c0-292e83fc790a",NA,NA,NA,NA,"sustrato rico en yesos.","22/04/2005",NA,NA,NA,NA,NA,NA,0,0,NA,NA,NA,NA,NA,NA,NA,"Etiqueta de revisión para Flora de Andalucía Oriental",NA,NA,NA,NA,NA,NA,NA,NA,NA,NA,NA,NA,NA,NA,NA,NA,NA,NA,NA,NA,NA,NA,NA,NA,NA
"2521372039","Reseda stricta Pers.",41.8527,1.3285,"gass84,inmano","838475f4-f762-11e1-a439-00145eb45e9a","6f3ccc65-0a54-4e65-ae7e-13b92d618e7c","2a3f6a56-7591-4f05-8c4c-a1bb77aa4ea6","6c4a0bb0-2a4d-11d8-aa2d-b8a03c50a862","ES","EML","2026-05-14T18:31:27.870+00:00","2026-05-19T13:30:25.398+00:00",396,"PRESERVED_SPECIMEN",NA,"PRESENT",7275953,6,7707728,220,7225535,3110,3040250,7275953,7275953,"Reseda stricta Pers.","Plantae","Tracheophyta","Brassicales","Resedaceae","Reseda","Reseda stricta","Reseda","stricta","SPECIES","ACCEPTED",70.71,451,0,"EUROPE","Lleida",2005,5,16,"2005-05-16",136,136,"2017-10-19T00:00:00.000+00:00","2026-05-19T13:30:25.398+00:00","http://creativecommons.org/licenses/by-nc/4.0/legalcode",FALSE,"1abbdb59-ccd2-4eb4-a4a4-e8763b5a33ec","none","none",FALSE,NA,"Institut Botànic de Barcelona (CSIC-CMCNB) – BC","M. Casanoves","none","WGS84","Magnoliopsida","ES","none","none","EUROPE","Spain","EUROPE","1abbdb59-ccd2-4eb4-a4a4-e8763b5a33ec","BC-863939","6f3ccc65-0a54-4e65-ae7e-13b92d618e7c",NA,"BC","410","Sanaüja; Sanaüja, Carretera Ponts-Calaf, km 15, Entre Sanauja i Biosca, Turonet al S de la carretera","2521372039",NA,"BC","1abbdb59-ccd2-4eb4-a4a4-e8763b5a33ec",NA,"Reseda stricta Pers.",NA,NA,NA,NA,NA,NA,NA,"Herbarium specimen",NA,NA,NA,NA,NA,"MCT-18",NA,NA,NA,NA,NA,NA,NA,NA,NA,NA,NA,NA,NA,NA,NA,NA,NA,NA,NA,"16/05/2005",NA,NA,NA,NA,NA,NA,NA,NA,NA,NA,NA,"BC",NA,NA,"GENMEDOC","Last label",NA,NA,NA,NA,NA,NA,NA,NA,NA,NA,NA,NA,NA,NA,NA,NA,NA,NA,NA,NA,NA,NA,NA,NA,NA
"4529400573","Reseda stricta Pers.",41.855397,1.373613,"cdc,cdround,cdpi,inmano","a4b7c71e-fc73-434e-a008-d63c222179d0","7b4f2f30-a456-11d9-8049-b8a03c50a862","2a3f6a56-7591-4f05-8c4c-a1bb77aa4ea6","6c4a0bb0-2a4d-11d8-aa2d-b8a03c50a862","ES","EML","2026-04-17T15:02:28.711+00:00","2026-04-24T02:23:55.876+00:00",415,"PRESERVED_SPECIMEN",NA,"PRESENT",7275953,6,7707728,220,7225535,3110,3040250,7275953,7275953,"Reseda stricta Pers.","Plantae","Tracheophyta","Brassicales","Resedaceae","Reseda","Reseda stricta","Reseda","stricta","SPECIES","ACCEPTED",NA,NA,NA,"EUROPE",NA,2005,5,16,"2005-05-16",136,136,"2024-01-08T00:00:00.000+00:00","2026-04-24T02:23:55.876+00:00","http://creativecommons.org/licenses/by-nc/4.0/legalcode",FALSE,"BDBC-C.2211.0.37154.11635","none","none",FALSE,"doi:10.15470/fzwiiu","FloraCAT: Banco de datos de los cormófitos de Cataluña","M. Casanoves, BC-863939, (GENMEDOC) 3 GENMEDOC","none","WGS84","Magnoliopsida","ES","none","none","EUROPE","Spain","EUROPE","BDBC-C.2211.0.37154.11635","BC-863939",NA,NA,"BDBC","421","SanaÃ¼ja, Carretera Ponts-Calaf, km 15, Entre Sanauja i Biosca, Turonet al S de la carretera [Carretera Ponts-Calaf, km 15 [Entre Sanauja i Biosca] Turonet al S de la carretera. Sanauja. La Segarra. WP20 [Datum Europeo 1976]]","4529400573","es","BDBC-Floracat","BDBC-C.2211.0.37154.11635","Dataset","Reseda stricta Pers.","BDBC",NA,"original",NA,NA,NA,"M. Casanoves",NA,NA,"Generalitat de Catalunya",NA,NA,"451",NA,NA,NA,NA,NA,NA,NA,NA,"C000935",NA,NA,NA,"Institut BotÃ nic de Barcelona. (2018). Plecs Herbari BC. Institut BotÃ nic de Barcelona",NA,NA,NA,NA,NA,NA,NA,NA,NA,NA,NA,NA,NA,NA,NA,NA,NA,NA,NA,NA,NA,NA,NA,NA,NA,NA,NA,NA,NA,NA,"Catalonia","UTM","{""percentNN"":0.9779,""countNN"":354,""distanceNN"":0.09}","C000935","Reseda stricta Pers.",NA,NA,NA,NA,NA,NA,NA,NA,NA,NA,NA,NA,NA,NA
"85330212","Reseda stricta Pers.",37.07,-3.7,"cdc,gass84,indci,colmafu,inmafu","835177da-f762-11e1-a439-00145eb45e9a","95cb537c-74c5-4c1e-ae24-32e7ea08f380","2a3f6a56-7591-4f05-8c4c-a1bb77aa4ea6","6c4a0bb0-2a4d-11d8-aa2d-b8a03c50a862","ES","EML","2026-04-18T01:36:55.524+00:00","2026-04-24T06:32:23.585+00:00",389,"PRESERVED_SPECIMEN",NA,"PRESENT",7275953,6,7707728,220,7225535,3110,3040250,7275953,7275953,"Reseda stricta Pers.","Plantae","Tracheophyta","Brassicales","Resedaceae","Reseda","Reseda stricta","Reseda","stricta","SPECIES","ACCEPTED",NA,764,0,"EUROPE","Granada",2005,6,10,"2005-06-10",161,161,"2006-03-06T10:27:51.000+00:00","2026-04-24T06:32:23.585+00:00","http://creativecommons.org/licenses/by-nc/4.0/legalcode",FALSE,"FCO:FCO:28576-1","none","none",TRUE,NA,"Universidad de Oviedo. Departamento de Biología de Organismos y Sistemas: FCO","C. Morales, C. Quesada & M.T. Vizoso","none","WGS84","Magnoliopsida","ES","none","none","EUROPE","Spain","EUROPE","FCO:FCO:28576-1","28576-1","95cb537c-74c5-4c1e-ae24-32e7ea08f380",NA,"FCO","395","La Malahá, alrededores","85330212","es","FCO","FCO:FCO:28576-1","Collection","Reseda stricta Pers.",NA,NA,NA,NA,"23454f94-cf0f-472b-bba0-a16d3ff3be7f","ea0d0893-ee67-4c44-b164-fe1597332661","C. Morales",NA,NA,NA,NA,NA,NA,NA,NA,NA,NA,NA,NA,NA,NA,NA,NA,"Cultivos abandonados ricos en yesos",NA,NA,NA,NA,NA,NA,NA,NA,NA,NA,NA,NA,NA,NA,NA,NA,NA,NA,NA,NA,NA,NA,NA,NA,NA,NA,NA,NA,NA,NA,NA,NA,NA,NA,NA,NA,NA,NA,NA,NA,NA,0,NA,NA,NA,NA,NA,NA,NA,NA,NA
"895230946","Reseda stricta Pers.",41.39,-1.71,"cdc,gass84,colmafu,inmafu","834a4794-f762-11e1-a439-00145eb45e9a","8209258a-80e8-4094-aba2-a3febe5ed45b","2a3f6a56-7591-4f05-8c4c-a1bb77aa4ea6","6c4a0bb0-2a4d-11d8-aa2d-b8a03c50a862","ES","EML","2026-04-18T01:37:24.691+00:00","2026-04-24T10:27:24.906+00:00",375,"PRESERVED_SPECIMEN",NA,"PRESENT",7275953,6,7707728,220,7225535,3110,3040250,7275953,7275953,"Reseda stricta Pers.","Plantae","Tracheophyta","Brassicales","Resedaceae","Reseda","Reseda stricta","Reseda","stricta","SPECIES","ACCEPTED",7,900,0,"EUROPE","Zaragoza",2005,6,17,"2005-06-17",168,168,"2025-11-03T14:20:45.000+00:00","2026-04-24T10:27:24.906+00:00","http://creativecommons.org/licenses/by-nc/4.0/legalcode",FALSE,"0A177799-9EDA-47AF-A828-59FC7E172D88","none","none",FALSE,NA,"Colección de plantas vasculares del herbario de la Universitat de València (VAL)","A. Martínez","none","WGS84","Magnoliopsida","ES","none","none","EUROPE","Spain","EUROPE","0A177799-9EDA-47AF-A828-59FC7E172D88","216307-1","https://www.gbif.org/publisher/8209258a-80e8-4094-aba2-a3febe5ed45b",NA,"VAL","391","Cervera de la Cañada","895230946","es","VAL","0A177799-9EDA-47AF-A828-59FC7E172D88","PhysicalObject","Reseda stricta Pers.",NA,NA,NA,NA,"c645b060-c130-45ee-97ab-b9fc94393523","6ceb64b5-0201-4a27-bcdb-8d62035e35d5",NA,"Pliego",NA,NA,NA,NA,NA,NA,NA,NA,NA,NA,NA,NA,"in collection",NA,NA,"Herbari d'Alfredo Martínez Cabeza",NA,NA,NA,NA,NA,NA,NA,NA,NA,"17062005",NA,"Cervera de la Cañada (Calatayud)",NA,NA,NA,NA,NA,NA,NA,NA,NA,"VAL",NA,NA,NA,NA,NA,NA,NA,NA,NA,NA,NA,NA,NA,NA,NA,NA,NA,NA,NA,NA,NA,NA,NA,NA,NA,NA,NA,NA,NA
"2521414113","Reseda stricta Pers.",41.798,1.417,"gass84,inmano","838475f4-f762-11e1-a439-00145eb45e9a","6f3ccc65-0a54-4e65-ae7e-13b92d618e7c","2a3f6a56-7591-4f05-8c4c-a1bb77aa4ea6","6c4a0bb0-2a4d-11d8-aa2d-b8a03c50a862","ES","EML","2026-05-14T18:31:27.870+00:00","2026-05-19T13:30:27.592+00:00",396,"PRESERVED_SPECIMEN",NA,"PRESENT",7275953,6,7707728,220,7225535,3110,3040250,7275953,7275953,"Reseda stricta Pers.","Plantae","Tracheophyta","Brassicales","Resedaceae","Reseda","Reseda stricta","Reseda","stricta","SPECIES","ACCEPTED",707.11,449.5,14.5,"EUROPE","Barcelona",2005,6,13,"2005-06-13",164,164,"2017-10-19T00:00:00.000+00:00","2026-05-19T13:30:27.592+00:00","http://creativecommons.org/licenses/by-nc/4.0/legalcode",FALSE,"40b4df12-4bf3-4cd4-a7b6-d5949ccabd0d","none","none",FALSE,NA,"Institut Botànic de Barcelona (CSIC-CMCNB) – BC","M. Casanoves","none","WGS84","Magnoliopsida","ES","none","none","EUROPE","Spain","EUROPE","40b4df12-4bf3-4cd4-a7b6-d5949ccabd0d","BC-863926","6f3ccc65-0a54-4e65-ae7e-13b92d618e7c",NA,"BC","410","Castellfollit de Riubregós; Vall del Llobregós, entre Torà i Castellfollit","2521414113",NA,"BC","40b4df12-4bf3-4cd4-a7b6-d5949ccabd0d",NA,"Reseda stricta Pers.",NA,NA,NA,NA,NA,NA,NA,"Herbarium specimen",NA,NA,NA,NA,NA,"MCT-31",NA,NA,NA,NA,NA,NA,NA,NA,NA,NA,NA,NA,NA,NA,NA,NA,NA,NA,"Turons guixencs","13/06/2005",NA,NA,NA,NA,NA,NA,NA,NA,NA,NA,NA,"BC",NA,NA,"GENMEDOC","Last label",NA,NA,NA,NA,NA,NA,NA,NA,NA,NA,NA,NA,NA,NA,NA,NA,NA,NA,NA,NA,NA,NA,NA,NA,NA
"2521433954","Reseda stricta Pers.",41.8527,1.3285,"gass84,inmano","838475f4-f762-11e1-a439-00145eb45e9a","6f3ccc65-0a54-4e65-ae7e-13b92d618e7c","2a3f6a56-7591-4f05-8c4c-a1bb77aa4ea6","6c4a0bb0-2a4d-11d8-aa2d-b8a03c50a862","ES","EML","2026-05-14T18:31:27.870+00:00","2026-05-19T13:30:19.231+00:00",396,"PRESERVED_SPECIMEN",NA,"PRESENT",7275953,6,7707728,220,7225535,3110,3040250,7275953,7275953,"Reseda stricta Pers.","Plantae","Tracheophyta","Brassicales","Resedaceae","Reseda","Reseda stricta","Reseda","stricta","SPECIES","ACCEPTED",70.71,451,0,"EUROPE","Lleida",2005,6,13,"2005-06-13",164,164,"2017-10-19T00:00:00.000+00:00","2026-05-19T13:30:19.231+00:00","http://creativecommons.org/licenses/by-nc/4.0/legalcode",FALSE,"e2117d7b-05a6-4cea-8665-54eddafa8046","none","none",FALSE,NA,"Institut Botànic de Barcelona (CSIC-CMCNB) – BC","M. Casanoves","none","WGS84","Magnoliopsida","ES","none","none","EUROPE","Spain","EUROPE","e2117d7b-05a6-4cea-8665-54eddafa8046","BC-863925","6f3ccc65-0a54-4e65-ae7e-13b92d618e7c",NA,"BC","410","Sanaüja; Sanaüja, Carretera Ponts-Calaf, km 15, Entre Sanauja i Biosca, Turonet al S de la carretera","2521433954",NA,"BC","e2117d7b-05a6-4cea-8665-54eddafa8046",NA,"Reseda stricta Pers.",NA,NA,NA,NA,NA,NA,NA,"Herbarium specimen",NA,NA,NA,NA,NA,"MCT-32",NA,NA,NA,NA,NA,NA,NA,NA,NA,NA,NA,NA,NA,NA,NA,NA,NA,NA,NA,"13/06/2005",NA,NA,NA,NA,NA,NA,NA,NA,NA,NA,NA,"BC",NA,NA,"GENMEDOC","Last label",NA,NA,NA,NA,NA,NA,NA,NA,NA,NA,NA,NA,NA,NA,NA,NA,NA,NA,NA,NA,NA,NA,NA,NA,NA
"3855036450","Reseda stricta Pers.",37.07,-3.7,"cdc,gass84,iddativ,osiic","6a7575fa-ae03-4ba3-b322-2da15b5033e2","d68c4230-a271-11d8-a9b3-b8a03c50a862","2a3f6a56-7591-4f05-8c4c-a1bb77aa4ea6","6c4a0bb0-2a4d-11d8-aa2d-b8a03c50a862","ES","EML","2026-04-17T19:28:29.248+00:00","2026-04-24T04:40:12.990+00:00",394,"PRESERVED_SPECIMEN",1,"PRESENT",7275953,6,7707728,220,7225535,3110,3040250,7275953,7275953,"Reseda stricta Pers.","Plantae","Tracheophyta","Brassicales","Resedaceae","Reseda","Reseda stricta","Reseda","stricta","SPECIES","ACCEPTED",707,764,0,"EUROPE","Granada",2005,6,10,"2005-06-10",161,161,"2022-06-24T10:36:01.000+00:00","2026-04-24T04:40:12.990+00:00","http://creativecommons.org/licenses/by-nc/4.0/legalcode",FALSE,"F721B930-7E14-4A96-BF93-8AE76574E2A9","none","none",TRUE,NA,"Herbario de la Universidad de Granada: Colección GDA-Fanerogamia","C. Morales, C. Quesada & M.T. Vizoso","none","WGS84","Magnoliopsida","ES","none","none","EUROPE","Spain","EUROPE","F721B930-7E14-4A96-BF93-8AE76574E2A9","50755-1","https://www.gbif.org/grscicoll/institution/a46ced27-ecc3-43df-981f-d6de329f50b4",NA,"GDA","400","Granada, La Malahá","3855036450","es","GDA-Fanero","F721B930-7E14-4A96-BF93-8AE76574E2A9","PhysicalObject","Reseda stricta Pers.",NA,NA,NA,NA,"a46ced27-ecc3-43df-981f-d6de329f50b4","82d87a2a-f701-46ca-a1c0-292e83fc790a","Martín Bravo, S.","Pliego",NA,"Herbarium University of Granada, Spain",NA,NA,NA,NA,NA,NA,NA,NA,NA,NA,"in collection",NA,"GDA",NA,NA,NA,NA,"https://www.gbif.org/grscicoll/collection/82d87a2a-f701-46ca-a1c0-292e83fc790a",NA,NA,NA,NA,"cultivos abandonados ricos en yesos.","10/06/2005",NA,NA,NA,NA,NA,NA,0,0,NA,NA,NA,NA,NA,NA,NA,"Revisión para la Flora de Andalucía Oriental",NA,NA,NA,NA,NA,NA,NA,NA,NA,NA,NA,NA,NA,NA,NA,NA,NA,NA,NA,NA,NA,NA,NA,NA,NA
"4454722410","Reseda stricta Pers.",37.076,-3.703,"cdc,gass84,incomis,inmafu","bd2be1e9-f2fc-404a-8246-783af0055829","c8977993-5d56-4dbf-a27d-828e0ede7984","2a3f6a56-7591-4f05-8c4c-a1bb77aa4ea6","6c4a0bb0-2a4d-11d8-aa2d-b8a03c50a862","ES","EML","2026-04-17T19:28:39.888+00:00","2026-04-24T09:22:13.755+00:00",394,"PRESERVED_SPECIMEN",NA,"PRESENT",7275953,6,7707728,220,7225535,3110,3040250,7275953,7275953,"Reseda stricta Pers.","Plantae","Tracheophyta","Brassicales","Resedaceae","Reseda","Reseda stricta","Reseda","stricta","SPECIES","ACCEPTED",NA,NA,NA,"EUROPE","Granada",2005,6,10,"2005-06-10T00:00Z",161,161,NA,"2026-04-24T09:22:13.755+00:00","http://creativecommons.org/licenses/by-nc/4.0/legalcode",FALSE,"767621345","none","none",TRUE,NA,"Herbario del Jardín Botánico-Histórico La Concepción: HBC","C. Morales, C.Quesada, M.T. Vizoso","none","WGS84","Magnoliopsida","ES","none","none","EUROPE","Spain","EUROPE","767621345","HSBC-3171",NA,NA,"HBC","400","La Malahá, alrededores. Granada","4454722410","es","HBC","767621345","Collection","Reseda stricta Pers.",NA,NA,NA,NA,"f4336f4f-63f8-4db1-8b69-793c3ce4b95f",NA,"C. Morales",NA,NA,NA,NA,NA,NA,NA,NA,NA,NA,NA,NA,NA,NA,NA,NA,NA,NA,NA,NA,NA,NA,NA,NA,NA,NA,NA,NA,NA,NA,NA,NA,NA,NA,NA,NA,NA,NA,NA,NA,NA,NA,NA,NA,NA,NA,NA,NA,NA,NA,NA,NA,NA,NA,NA,NA,NA,NA,NA,NA,NA,NA,NA,NA,NA,NA,NA,NA
"4529404667","Reseda stricta Pers.",41.855397,1.373613,"cdc,cdround,cdpi,inmano","a4b7c71e-fc73-434e-a008-d63c222179d0","7b4f2f30-a456-11d9-8049-b8a03c50a862","2a3f6a56-7591-4f05-8c4c-a1bb77aa4ea6","6c4a0bb0-2a4d-11d8-aa2d-b8a03c50a862","ES","EML","2026-04-17T15:02:28.711+00:00","2026-04-24T02:24:14.854+00:00",415,"PRESERVED_SPECIMEN",NA,"PRESENT",7275953,6,7707728,220,7225535,3110,3040250,7275953,7275953,"Reseda stricta Pers.","Plantae","Tracheophyta","Brassicales","Resedaceae","Reseda","Reseda stricta","Reseda","stricta","SPECIES","ACCEPTED",NA,NA,NA,"EUROPE",NA,2005,6,13,"2005-06-13",164,164,"2024-01-08T00:00:00.000+00:00","2026-04-24T02:24:14.854+00:00","http://creativecommons.org/licenses/by-nc/4.0/legalcode",FALSE,"BDBC-C.2211.0.37052.11608","none","none",FALSE,"doi:10.15470/fzwiiu","FloraCAT: Banco de datos de los cormófitos de Cataluña","M. Casanoves, BC-863925, (GENMEDOC) 3 GENMEDOC","none","WGS84","Magnoliopsida","ES","none","none","EUROPE","Spain","EUROPE","BDBC-C.2211.0.37052.11608","BC-863925",NA,NA,"BDBC","421","SanaÃ¼ja, Carretera Ponts-Calaf, km 15, Entre Sanauja i Biosca, Turonet al S de la carretera [Carretera Ponts-Calaf, km 15 [Entre Sanauja i Biosca] Turonet al S de la carretera. Sanauja. WP20 [Datum Europeo 1976]]","4529404667","es","BDBC-Floracat","BDBC-C.2211.0.37052.11608","Dataset","Reseda stricta Pers.","BDBC",NA,"original",NA,NA,NA,"M. Casanoves",NA,NA,"Generalitat de Catalunya",NA,NA,"451",NA,NA,NA,NA,NA,NA,NA,NA,"C000935",NA,NA,NA,"Institut BotÃ nic de Barcelona. (2018). Plecs Herbari BC. Institut BotÃ nic de Barcelona",NA,NA,NA,NA,NA,NA,NA,NA,NA,NA,NA,NA,NA,NA,NA,NA,NA,NA,NA,NA,NA,NA,NA,NA,NA,NA,NA,NA,NA,NA,"Catalonia","UTM","{""percentNN"":0.9779,""countNN"":354,""distanceNN"":0.09}","C000935","Reseda stricta Pers.",NA,NA,NA,NA,NA,NA,NA,NA,NA,NA,NA,NA,NA,NA
"4530860272","Reseda stricta Pers.",41.765364,1.37589,"cdc,cdround,cdpi,inmano","a4b7c71e-fc73-434e-a008-d63c222179d0","7b4f2f30-a456-11d9-8049-b8a03c50a862","2a3f6a56-7591-4f05-8c4c-a1bb77aa4ea6","6c4a0bb0-2a4d-11d8-aa2d-b8a03c50a862","ES","EML","2026-04-17T15:02:28.711+00:00","2026-04-24T02:24:26.277+00:00",415,"PRESERVED_SPECIMEN",NA,"PRESENT",7275953,6,7707728,220,7225535,3110,3040250,7275953,7275953,"Reseda stricta Pers.","Plantae","Tracheophyta","Brassicales","Resedaceae","Reseda","Reseda stricta","Reseda","stricta","SPECIES","ACCEPTED",NA,NA,NA,"EUROPE",NA,2005,6,13,"2005-06-13",164,164,"2024-01-08T00:00:00.000+00:00","2026-04-24T02:24:26.277+00:00","http://creativecommons.org/licenses/by-nc/4.0/legalcode",FALSE,"BDBC-C.2211.0.37106.11623","none","none",FALSE,"doi:10.15470/fzwiiu","FloraCAT: Banco de datos de los cormófitos de Cataluña","M. Casanoves, BC-863926, (GENMEDOC) 3 GENMEDOC","none","WGS84","Magnoliopsida","ES","none","none","EUROPE","Spain","EUROPE","BDBC-C.2211.0.37106.11623","BC-863926",NA,NA,"BDBC","421","Vall del LlobregÃ³s, entre TorÃ  i Castellfollit [Turons guixencs entre TorÃ  i Castellfollit. L'Anoia. WP39 i 44 [Datum Europeo 1976]]","4530860272","es","BDBC-Floracat","BDBC-C.2211.0.37106.11623","Dataset","Reseda stricta Pers.","BDBC",NA,"original",NA,NA,NA,"M. Casanoves",NA,NA,"Generalitat de Catalunya",NA,NA,"435",NA,NA,NA,NA,NA,NA,NA,NA,"C000935",NA,NA,NA,"Institut BotÃ nic de Barcelona. (2018). Plecs Herbari BC. Institut BotÃ nic de Barcelona",NA,NA,NA,NA,NA,NA,NA,NA,NA,NA,NA,NA,NA,NA,NA,NA,NA,NA,NA,NA,NA,NA,NA,NA,NA,NA,NA,NA,NA,NA,"Catalonia","UTM","{""percentNN"":0.9779,""countNN"":354,""distanceNN"":0.09}","C000935","Reseda stricta Pers.",NA,NA,NA,NA,NA,NA,NA,NA,NA,NA,NA,NA,NA,NA
"3713852577","Reseda stricta Pers.",41.43,-0.37,"cdc,gass84,mdativ,osiic,incomis,inmafu","83504144-f762-11e1-a439-00145eb45e9a","c1564d80-1b9d-471c-b84d-8d5dd2efbf0a","2a3f6a56-7591-4f05-8c4c-a1bb77aa4ea6","6c4a0bb0-2a4d-11d8-aa2d-b8a03c50a862","ES","EML","2026-04-18T01:37:24.938+00:00","2026-04-24T07:24:42.303+00:00",344,"PRESERVED_SPECIMEN",1,"PRESENT",7275953,6,7707728,220,7225535,3110,3040250,7275953,7275953,"Reseda stricta Pers.","Plantae","Tracheophyta","Brassicales","Resedaceae","Reseda","Reseda stricta","Reseda","stricta","SPECIES","ACCEPTED",707,280,0,"EUROPE","Zaragoza",2005,7,6,"2005-07-06",187,187,NA,"2026-04-24T07:24:42.303+00:00","http://creativecommons.org/licenses/by/4.0/legalcode",FALSE,"FD255B8E-01A3-4F42-A54E-C0E95D13DFB8","none","none",FALSE,NA,"Herbario de la Universidad de Almería","J.F. Mota, F.J. Pérez-García, P. Catalán, C. Gil, J.M. Medina-Cazorla,","none","WGS84","Magnoliopsida","ES","none","none","EUROPE","Spain","EUROPE","FD255B8E-01A3-4F42-A54E-C0E95D13DFB8","14781-1",NA,NA,"JP","350","Valle del Ebro, Val de los Jugos","3713852577","es","HUAL","FD255B8E-01A3-4F42-A54E-C0E95D13DFB8","PhysicalObject","Reseda stricta Pers.","HUAL",NA,NA,NA,"a8343e51-cda3-4e7a-9eb6-4431f432fde4",NA,"S.Martín Bravo",NA,NA,NA,NA,NA,NA,NA,NA,NA,NA,NA,NA,NA,NA,NA,NA,NA,NA,NA,NA,NA,NA,NA,NA,NA,"Matorral ralo sobre margas yesíferascon intercalaciones de afloramientos rocosos de yeso","06/07/2005",NA,NA,NA,NA,NA,NA,NA,NA,NA,NA,NA,"HUAL",NA,NA,NA,NA,NA,NA,NA,NA,NA,NA,NA,NA,NA,NA,NA,NA,NA,NA,NA,NA,NA,NA,NA,NA,NA,NA,NA,NA,NA
"2521369914","Reseda stricta Pers.",34.50561,-3.99059,"gass84,inmano","838475f4-f762-11e1-a439-00145eb45e9a","6f3ccc65-0a54-4e65-ae7e-13b92d618e7c","2a3f6a56-7591-4f05-8c4c-a1bb77aa4ea6","6c4a0bb0-2a4d-11d8-aa2d-b8a03c50a862","ES","EML","2026-05-14T18:31:27.870+00:00","2026-05-19T13:30:15.345+00:00",396,"PRESERVED_SPECIMEN",NA,"PRESENT",7275953,6,7707728,220,7225535,3110,3040250,7275953,7275953,"Reseda stricta Pers.","Plantae","Tracheophyta","Brassicales","Resedaceae","Reseda","Reseda stricta","Reseda","stricta","SPECIES","ACCEPTED",1,751,0,"AFRICA","TAZA - AL HOCEIMA - TAOUNATE",2004,5,28,"2004-05-28",149,149,"2017-10-19T00:00:00.000+00:00","2026-05-19T13:30:15.345+00:00","http://creativecommons.org/licenses/by-nc/4.0/legalcode",FALSE,"b25779f5-341e-4472-acf7-1206ce715136","none","none",FALSE,NA,"Institut Botànic de Barcelona (CSIC-CMCNB) – BC","A. Romo & I. Soriano","none","WGS84","Magnoliopsida","MA","none","none","AFRICA","Morocco","EUROPE","b25779f5-341e-4472-acf7-1206ce715136","BC-910486","6f3ccc65-0a54-4e65-ae7e-13b92d618e7c",NA,"BC","410","14, Aknoul, Al Gouzat, al SE de Lanassar, valle del Oued Broun","2521369914",NA,"BC","b25779f5-341e-4472-acf7-1206ce715136",NA,"Reseda stricta Pers.",NA,NA,NA,NA,NA,NA,NA,"Herbarium specimen",NA,NA,NA,NA,NA,"R-12118",NA,NA,NA,NA,NA,NA,NA,NA,NA,NA,NA,NA,NA,NA,NA,NA,NA,NA,"Afloramientos de yesos","28/05/2004",NA,NA,NA,NA,NA,NA,NA,NA,NA,NA,NA,"BC",NA,NA,NA,"Last label",NA,NA,NA,NA,NA,NA,NA,NA,NA,NA,NA,NA,NA,NA,NA,NA,NA,NA,NA,NA,NA,NA,NA,NA,NA
"85330135","Reseda stricta Pers.",39.92,-3.68,"cdc,gass84,indci,colmafu,inmafu","835177da-f762-11e1-a439-00145eb45e9a","95cb537c-74c5-4c1e-ae24-32e7ea08f380","2a3f6a56-7591-4f05-8c4c-a1bb77aa4ea6","6c4a0bb0-2a4d-11d8-aa2d-b8a03c50a862","ES","EML","2026-04-18T01:36:55.524+00:00","2026-04-24T06:32:06.673+00:00",389,"PRESERVED_SPECIMEN",NA,"PRESENT",7275953,6,7707728,220,7225535,3110,3040250,7275953,7275953,"Reseda stricta Pers.","Plantae","Tracheophyta","Brassicales","Resedaceae","Reseda","Reseda stricta","Reseda","stricta","SPECIES","ACCEPTED",NA,670,0,"EUROPE","Toledo",2004,6,22,"2004-06-22",174,174,"2006-03-16T09:46:59.000+00:00","2026-04-24T06:32:06.673+00:00","http://creativecommons.org/licenses/by-nc/4.0/legalcode",FALSE,"FCO:FCO:28140-1","none","none",TRUE,NA,"Universidad de Oviedo. Departamento de Biología de Organismos y Sistemas: FCO","F. Fernández-González, R. Pérez Badia, S. Sardinero & V. Bouso","none","WGS84","Magnoliopsida","ES","none","none","EUROPE","Spain","EUROPE","FCO:FCO:28140-1","28140-1","95cb537c-74c5-4c1e-ae24-32e7ea08f380",NA,"FCO","395","Yepes. Yepes, cantera de Lafarge-Asland","85330135","es","FCO","FCO:FCO:28140-1","Collection","Reseda stricta Pers.",NA,NA,NA,NA,"23454f94-cf0f-472b-bba0-a16d3ff3be7f","ea0d0893-ee67-4c44-b164-fe1597332661","F. Fernández-González, R. Pérez Badia, S. Sardinero & V. Bouso",NA,NA,NA,NA,NA,NA,NA,NA,NA,NA,NA,NA,NA,NA,NA,NA,"Comunidades gipsícolas",NA,NA,NA,NA,NA,NA,NA,NA,NA,NA,NA,NA,NA,NA,NA,NA,NA,NA,NA,NA,NA,NA,NA,NA,NA,NA,NA,NA,NA,NA,NA,NA,NA,NA,NA,NA,NA,NA,NA,NA,NA,0,NA,NA,NA,NA,NA,NA,NA,NA,NA
"895175638","Reseda stricta Pers.",39.92,-3.68,"cdc,gass84,colmafu,inmafu","834a4794-f762-11e1-a439-00145eb45e9a","8209258a-80e8-4094-aba2-a3febe5ed45b","2a3f6a56-7591-4f05-8c4c-a1bb77aa4ea6","6c4a0bb0-2a4d-11d8-aa2d-b8a03c50a862","ES","EML","2026-04-18T01:37:24.691+00:00","2026-04-24T10:27:25.168+00:00",375,"PRESERVED_SPECIMEN",NA,"PRESENT",7275953,6,7707728,220,7225535,3110,3040250,7275953,7275953,"Reseda stricta Pers.","Plantae","Tracheophyta","Brassicales","Resedaceae","Reseda","Reseda stricta","Reseda","stricta","SPECIES","ACCEPTED",707,670,0,"EUROPE","Toledo",2004,6,22,"2004-06-22",174,174,"2025-11-03T14:20:45.000+00:00","2026-04-24T10:27:25.168+00:00","http://creativecommons.org/licenses/by-nc/4.0/legalcode",FALSE,"04896DBF-9368-4B71-9E45-63AE7CB3DAD4","none","none",TRUE,NA,"Colección de plantas vasculares del herbario de la Universitat de València (VAL)","F. Fernández-González, R. Pérez Badia, S. Sardinero & V. Bouso","none","WGS84","Magnoliopsida","ES","none","none","EUROPE","Spain","EUROPE","04896DBF-9368-4B71-9E45-63AE7CB3DAD4","156696-1","https://www.gbif.org/publisher/8209258a-80e8-4094-aba2-a3febe5ed45b",NA,"VAL","391","Yepes, cantera de Lafarge-Asland","895175638","es","VAL","04896DBF-9368-4B71-9E45-63AE7CB3DAD4","PhysicalObject","Reseda stricta Pers.",NA,NA,NA,NA,"c645b060-c130-45ee-97ab-b9fc94393523","6ceb64b5-0201-4a27-bcdb-8d62035e35d5",NA,"Pliego",NA,NA,NA,NA,NA,NA,NA,NA,NA,NA,NA,NA,"in collection",NA,NA,NA,NA,NA,NA,NA,NA,NA,NA,NA,"comunidades gipsícolas","22/06/2004",NA,NA,NA,NA,NA,NA,NA,NA,NA,NA,NA,"VAL","{Exsiccata: EXSICCATA DE FLORA IBEROMACARONESICA SELECTA}",NA,NA,NA,NA,NA,NA,NA,NA,NA,NA,NA,NA,NA,NA,NA,NA,NA,NA,NA,NA,NA,NA,NA,NA,NA,NA,NA,NA
"1050640783","Reseda stricta Pers.",39.92,-3.68,"cdc,gass84,mdativ,cdpi,osiic,colmano,inmafu","9f6f3c1c-b8b2-4d1d-be3e-36217e1cb9b8","4c91866b-3c2e-4568-aca0-3ab0a1c1a45e","2a3f6a56-7591-4f05-8c4c-a1bb77aa4ea6","6c4a0bb0-2a4d-11d8-aa2d-b8a03c50a862","ES","EML","2026-04-17T17:25:51.802+00:00","2026-04-24T02:22:08.254+00:00",432,"PRESERVED_SPECIMEN",1,"PRESENT",7275953,6,7707728,220,7225535,3110,3040250,7275953,7275953,"Reseda stricta Pers.","Plantae","Tracheophyta","Brassicales","Resedaceae","Reseda","Reseda stricta","Reseda","stricta","SPECIES","ACCEPTED",NA,672.5,2.5,"EUROPE","Toledo",2004,6,22,"2004-06-22",174,174,NA,"2026-04-24T02:22:08.254+00:00","http://creativecommons.org/licenses/by-nc/4.0/legalcode",FALSE,"VIT:VIT-Vasculares:76572-1","none","none",TRUE,NA,NA,"F. FERNANDEZ-GONZALEZ, R. PEREZ BADIA, S. SARDINERO & V. BOUSO","none","WGS84","Magnoliopsida","ES","none","none","EUROPE","Spain","EUROPE","VIT:VIT-Vasculares:76572-1","76572-1",NA,NA,"VIT","438","Yepes; Cantera de Lafarge-Asland","1050640783",NA,"VIT-Vasculares","VIT:VIT-Vasculares:76572-1",NA,"Reseda stricta Pers.",NA,NA,NA,NA,"a4c92107-b55e-433c-8db1-6c0dfe31eace",NA,NA,"Herbarium specimen",NA,NA,NA,NA,NA,NA,NA,NA,NA,NA,NA,NA,NA,NA,NA,"AHIM, Centuria IX  (2004), nº 950; Comunidades gipsícolas",NA,NA,NA,NA,NA,NA,NA,NA,NA,NA,NA,NA,NA,NA,NA,NA,NA,NA,NA,NA,NA,NA,NA,NA,NA,NA,NA,NA,NA,NA,NA,NA,NA,NA,NA,NA,NA,NA,NA,NA,NA,NA,NA,NA,NA,NA,NA,NA,NA,NA,NA
"1053986585","Reseda stricta Pers.",39.92,-3.68,"cdc,incomis,inmafu","95e9f2dc-f762-11e1-a439-00145eb45e9a","fbcad409-9d05-41d7-a869-1ddcab51e091","2a3f6a56-7591-4f05-8c4c-a1bb77aa4ea6","6c4a0bb0-2a4d-11d8-aa2d-b8a03c50a862","ES","EML","2026-04-17T22:12:56.461+00:00","2026-04-24T08:43:20.736+00:00",395,"PRESERVED_SPECIMEN",NA,"PRESENT",7275953,6,7707728,220,7225535,3110,3040250,7275953,7275953,"Reseda stricta Pers.","Plantae","Tracheophyta","Brassicales","Resedaceae","Reseda","Reseda stricta","Reseda","stricta","SPECIES","ACCEPTED",707,670,0,"EUROPE","Toledo",2004,6,22,"2004-06-22",174,174,"2017-10-19T11:32:52.000+00:00","2026-04-24T08:43:20.736+00:00","http://creativecommons.org/licenses/by/4.0/legalcode",FALSE,"UPNA:H:10147","none","none",TRUE,NA,NA,"F. Fernández-González, R. Pérez Badia, S. Sardinero & V. Bouso","none","WGS84","Magnoliopsida","ES","none","none","EUROPE","Spain","EUROPE","UPNA:H:10147","10147",NA,NA,"UPNA","401","Yepes, cantera de Lafarge-Asland","1053986585","es","H","UPNA:H:10147","PhysicalObject","Reseda stricta Pers.",NA,NA,NA,NA,"78788916-f293-4d75-b4b0-c4336237c9e2",NA,"F. Fernández-González, R. Pérez Badia, S. Sardinero & V. Bouso",NA,NA,NA,NA,NA,NA,NA,NA,NA,NA,NA,NA,NA,NA,NA,NA,NA,NA,NA,NA,NA,NA,NA,NA,NA,"comunidades gipsícolas",NA,NA,NA,NA,NA,NA,NA,NA,NA,NA,NA,NA,"UPNA-H",NA,NA,NA,NA,NA,NA,NA,NA,NA,NA,NA,NA,NA,NA,NA,NA,NA,NA,NA,NA,NA,NA,NA,NA,NA,NA,NA,NA,NA
"1851576503","Reseda stricta Pers.",39.92,-3.68,"cdc,gass84,osiic,colmafu,inmafu","835852b2-f762-11e1-a439-00145eb45e9a","30b36805-4849-4abb-a39c-01b3a7fa3f2e","2a3f6a56-7591-4f05-8c4c-a1bb77aa4ea6","6c4a0bb0-2a4d-11d8-aa2d-b8a03c50a862","ES","EML","2026-04-18T01:37:27.890+00:00","2026-04-24T04:49:27.886+00:00",354,"PRESERVED_SPECIMEN",1,"PRESENT",7275953,6,7707728,220,7225535,3110,3040250,7275953,7275953,"Reseda stricta Pers.","Plantae","Tracheophyta","Brassicales","Resedaceae","Reseda","Reseda stricta","Reseda","stricta","SPECIES","ACCEPTED",707,670,0,"EUROPE","Toledo",2004,6,22,"2004-06-22",174,174,"2016-09-02T13:05:52.000+00:00","2026-04-24T04:49:27.886+00:00","http://creativecommons.org/licenses/by/4.0/legalcode",FALSE,"A5332D03-D34E-4FDB-AF79-21FDA39C4989","none","none",TRUE,NA,NA,"F.Fernández-González, R.Pérez Badia, S.Sardinero & V.Bouso","none","WGS84","Magnoliopsida","ES","none","none","EUROPE","Spain","EUROPE","A5332D03-D34E-4FDB-AF79-21FDA39C4989","49240-1",NA,NA,"ABH","360","Yepes; cantera de Lafarge-Asland","1851576503",NA,"ABH","A5332D03-D34E-4FDB-AF79-21FDA39C4989",NA,"Reseda stricta Pers.",NA,NA,NA,NA,"8aa53465-012a-4394-bc5a-5f99beee1ce7","189e886d-b24c-4f29-8ee3-3827e567e7df",NA,NA,NA,NA,NA,NA,NA,NA,NA,NA,NA,NA,NA,NA,NA,NA,NA,NA,NA,NA,NA,NA,NA,NA,NA,NA,NA,"22062004",NA,NA,NA,NA,NA,NA,NA,NA,NA,NA,NA,"ABH",NA,NA,NA,NA,NA,NA,NA,NA,NA,NA,NA,NA,NA,NA,NA,NA,NA,NA,NA,NA,NA,NA,NA,NA,NA,NA,NA,NA,NA
"1936650374","Reseda stricta Pers.",39.9172,-3.6916,"cdc,gass84,inmano","834c9918-f762-11e1-a439-00145eb45e9a","0363cbd4-f666-455e-8e86-0bbddcf51950","2a3f6a56-7591-4f05-8c4c-a1bb77aa4ea6","6c4a0bb0-2a4d-11d8-aa2d-b8a03c50a862","ES","EML","2026-04-18T01:37:27.366+00:00","2026-04-24T05:21:24.194+00:00",423,"PRESERVED_SPECIMEN",NA,"PRESENT",7275953,6,7707728,220,7225535,3110,3040250,7275953,7275953,"Reseda stricta Pers.","Plantae","Tracheophyta","Brassicales","Resedaceae","Reseda","Reseda stricta","Reseda","stricta","SPECIES","ACCEPTED",NA,NA,NA,"EUROPE","Toledo",2004,6,22,"2004-06-22",174,174,NA,"2026-04-24T05:21:24.194+00:00","http://creativecommons.org/licenses/by-nc/4.0/legalcode",FALSE,"5c6a13ba-20fe-11e3-9e2e-000c29035824","none","none",FALSE,"834c9918-f762-11e1-a439-00145eb45e9a",NA,"F. Fdez.-Gonzalez","none","WGS84","Magnoliopsida","ES","none","none","EUROPE","Spain","EUROPE","5c6a13ba-20fe-11e3-9e2e-000c29035824","MA-01-00732894","0363cbd4-f666-455e-8e86-0bbddcf51950",NA,"MA","429","Yepes, cantera de Lafarge-Asland.","1936650374","es","MA","5c6a13ba-20fe-11e3-9e2e-000c29035824","Collection","Reseda stricta Pers.",NA,NA,NA,NA,NA,NA,NA,NA,NA,NA,NA,NA,NA,NA,NA,NA,NA,NA,NA,NA,NA,NA,"MA",NA,NA,NA,NA,NA,NA,NA,"MA-732894-1",NA,NA,"22062004",NA,NA,NA,NA,NA,NA,NA,NA,NA,NA,NA,"MA",NA,NA,NA,NA,NA,"17abcf75-2f1e-46dd-bf75-a5b21dd02655",NA,NA,NA,NA,NA,NA,NA,"7275953",NA,"c92cc410-20fe-11e3-9e2e-000c29035824",NA,NA,NA,NA,NA,NA,NA,NA,NA,NA,NA,NA,NA
"2592093645","Reseda stricta Pers.",39.92,-3.68,"cdc,gass84,colmafu,inmafu","835613da-f762-11e1-a439-00145eb45e9a","a7ae8a07-cb3f-42e6-8f4e-22868f8cdb27","2a3f6a56-7591-4f05-8c4c-a1bb77aa4ea6","6c4a0bb0-2a4d-11d8-aa2d-b8a03c50a862","ES","EML","2026-04-18T01:37:25.210+00:00","2026-04-29T14:10:37.317+00:00",344,"PRESERVED_SPECIMEN",NA,"PRESENT",7275953,6,7707728,220,7225535,3110,3040250,7275953,7275953,"Reseda stricta Pers.","Plantae","Tracheophyta","Brassicales","Resedaceae","Reseda","Reseda stricta","Reseda","stricta","SPECIES","ACCEPTED",707,670,0,"EUROPE","Toledo",2004,6,22,"2004-06-22",174,174,"2006-01-19T11:12:04.000+00:00","2026-04-29T14:10:37.317+00:00","http://creativecommons.org/licenses/by-nc/4.0/legalcode",FALSE,"59EC36DF-8B9E-4CC5-B449-08AFB1F34132","none","none",TRUE,NA,"Herbario de la Facultad de Farmacia de la Universidad Complutense de Madrid (MAF)","F. Fdez. Glez, R. Pérez Badia, S. Sardinero & V. Bouso","none","WGS84","Magnoliopsida","ES","none","none","EUROPE","Spain","EUROPE","59EC36DF-8B9E-4CC5-B449-08AFB1F34132","165332-1",NA,NA,"MAF","350","Yepes, cantera de Lafarge-Asland","2592093645","es","MAF","59EC36DF-8B9E-4CC5-B449-08AFB1F34132","PhysicalObject","Reseda stricta Pers.","MAF",NA,NA,NA,"80a05c0a-8097-45ea-9554-004144d588a3","b33fcd4a-da2d-4e10-869a-6dfb9d6effc0","F. Fdez. Glez, R. Pérez Badia, S. Sardinero & V. Bouso",NA,NA,NA,NA,NA,NA,NA,NA,NA,NA,NA,NA,NA,NA,NA,NA,NA,NA,NA,NA,NA,NA,NA,NA,NA,"comunidades gipsícolas","22-06-2004",NA,NA,NA,NA,NA,NA,NA,NA,NA,NA,NA,"MAF",NA,NA,NA,NA,NA,NA,NA,NA,NA,NA,NA,NA,NA,NA,NA,NA,NA,NA,NA,NA,NA,NA,NA,NA,NA,NA,NA,NA,NA
"2960551345","Reseda stricta Pers.",39.924,-3.685,"cdc,gass84,mdativ,colmafu,inmafu","ceff8c75-950b-4405-a116-60247d1adacb","21936918-2ce6-4314-a15e-91f9f6735361","2a3f6a56-7591-4f05-8c4c-a1bb77aa4ea6","6c4a0bb0-2a4d-11d8-aa2d-b8a03c50a862","ES","EML","2026-05-08T11:20:57.240+00:00","2026-05-08T11:22:30.827+00:00",281,"PRESERVED_SPECIMEN",NA,"PRESENT",7275953,6,7707728,220,7225535,3110,3040250,7275953,7275953,"Reseda stricta Pers.","Plantae","Tracheophyta","Brassicales","Resedaceae","Reseda","Reseda stricta","Reseda","stricta","SPECIES","ACCEPTED",707.11,670,0,"EUROPE","Toledo",2004,6,22,"2004-06-22",174,174,NA,"2026-05-08T11:22:30.827+00:00","http://creativecommons.org/licenses/by-nc/4.0/legalcode",FALSE,"BFF6CDC9-DF40-4A18-A925-0C9BCC492D7B","none","none",TRUE,"doi:10.15470/akznrb","Herbario de la Facultad de Ciencias Biológicas de la Universidad Complutense de Madrid (MACB)","F. Fernández-González, R. Pérez Badia, S. Sardinero & V. Bouso","none","WGS84","Magnoliopsida","ES","none","none","EUROPE","Spain","EUROPE","BFF6CDC9-DF40-4A18-A925-0C9BCC492D7B","91828-1","https://www.gbif.org/publisher/21936918-2ce6-4314-a15e-91f9f6735361",NA,"MACB","281","Yepes, cantera de Lafarge-Asland","2960551345","es","MACB","BFF6CDC9-DF40-4A18-A925-0C9BCC492D7B","PhysicalObject","Reseda stricta Pers.",NA,NA,NA,NA,"8ccf3bd0-c0ae-437e-9948-8cc60608f14b","7302692a-9ae7-43ed-9449-c5c5626921fc","F. Fernández-González & a",NA,NA,NA,NA,NA,NA,NA,NA,NA,NA,NA,NA,NA,NA,NA,NA,NA,NA,NA,NA,NA,NA,NA,NA,NA,"en comunidades gipsícolas","22/06/2004",NA,NA,NA,NA,NA,NA,NA,NA,NA,NA,NA,NA,NA,NA,NA,NA,NA,NA,NA,NA,NA,NA,NA,NA,NA,NA,NA,NA,NA,NA,NA,NA,NA,NA,NA,NA,NA,NA,NA,NA,NA
"3033686108","Reseda stricta Pers.",39.92,-3.68,"cdc,gass84,mdativ,colmano,inmafu","834f1756-f762-11e1-a439-00145eb45e9a","cb202839-87c6-456a-821c-dc5b268a200f","2a3f6a56-7591-4f05-8c4c-a1bb77aa4ea6","6c4a0bb0-2a4d-11d8-aa2d-b8a03c50a862","ES","EML","2026-04-18T01:36:55.261+00:00","2026-04-23T23:48:45.430+00:00",326,"PRESERVED_SPECIMEN",NA,"PRESENT",7275953,6,7707728,220,7225535,3110,3040250,7275953,7275953,"Reseda stricta Pers.","Plantae","Tracheophyta","Brassicales","Resedaceae","Reseda","Reseda stricta","Reseda","stricta","SPECIES","ACCEPTED",707,670,0,"EUROPE","Toledo",2004,6,22,"2004-06-22",174,174,NA,"2026-04-23T23:48:45.430+00:00","http://creativecommons.org/licenses/by-nc/4.0/legalcode",FALSE,"BCN 36955","none","none",TRUE,NA,"Col·lecció de Cormòfits de l'herbari BCN","Fernández González, F.; Pérez Badia, R.; Sardinero, S. & Bouso, V.","none","WGS84","Magnoliopsida","ES","none","none","EUROPE","Spain","EUROPE","BCN 36955","36955",NA,NA,"BCN","350","Toledo: Yepes, cantera de Lafarge-Asland","3033686108",NA,"Corm","BCN 36955",NA,"Reseda stricta Pers.",NA,NA,NA,NA,"5db0342e-533f-461c-a97e-0ec9dc79a95c",NA,"Fernández González, F.; Pérez Badia, R.; Sardinero, S. & Bouso, V.",NA,NA,"CRAI CeDocBiV - Universitat de Barcelona",NA,NA,NA,NA,NA,NA,NA,NA,NA,NA,NA,NA,"UB",NA,NA,NA,NA,NA,NA,NA,NA,NA,"Comunidades gipsícolas",NA,NA,NA,NA,NA,NA,NA,NA,NA,NA,NA,NA,"BCN-Cormophyta",NA,NA,NA,NA,NA,NA,NA,NA,"Reseda stricta Pers.; Reseda stricta Pers.","36873",NA,NA,NA,NA,NA,NA,NA,NA,NA,NA,NA,NA,NA,NA,NA,NA,NA,NA,NA
"3713845584","Reseda stricta Pers.",39.92,-3.68,"cdc,gass84,mdativ,osiic,incomis,inmafu","83504144-f762-11e1-a439-00145eb45e9a","c1564d80-1b9d-471c-b84d-8d5dd2efbf0a","2a3f6a56-7591-4f05-8c4c-a1bb77aa4ea6","6c4a0bb0-2a4d-11d8-aa2d-b8a03c50a862","ES","EML","2026-04-18T01:37:24.938+00:00","2026-04-24T07:24:47.856+00:00",344,"PRESERVED_SPECIMEN",1,"PRESENT",7275953,6,7707728,220,7225535,3110,3040250,7275953,7275953,"Reseda stricta Pers.","Plantae","Tracheophyta","Brassicales","Resedaceae","Reseda","Reseda stricta","Reseda","stricta","SPECIES","ACCEPTED",707,670,0,"EUROPE","Toledo",2004,6,22,"2004-06-22",174,174,NA,"2026-04-24T07:24:47.856+00:00","http://creativecommons.org/licenses/by/4.0/legalcode",FALSE,"A8AF7228-37ED-4FD6-9DF7-FB10F95F3AE9","none","none",TRUE,NA,"Herbario de la Universidad de Almería","F. Fernández-González, R. Pérez Badia, S. Sardinero & V. Bouso","none","WGS84","Magnoliopsida","ES","none","none","EUROPE","Spain","EUROPE","A8AF7228-37ED-4FD6-9DF7-FB10F95F3AE9","17600-1",NA,NA,"JP","350","Cantera de Lafarge-Asland","3713845584","es","HUAL","A8AF7228-37ED-4FD6-9DF7-FB10F95F3AE9","PhysicalObject","Reseda stricta Pers.","HUAL",NA,NA,NA,"a8343e51-cda3-4e7a-9eb6-4431f432fde4",NA,"F. Fernández-González","Pliego",NA,NA,NA,NA,NA,NA,NA,NA,NA,NA,NA,NA,NA,NA,NA,NA,NA,NA,NA,NA,NA,NA,NA,NA,"Comunidades gipsícolas","22/06/2004",NA,"Yepes",NA,NA,NA,NA,NA,NA,NA,NA,NA,"HUAL",NA,NA,NA,NA,NA,NA,NA,NA,NA,NA,NA,NA,NA,NA,NA,NA,NA,NA,NA,NA,NA,NA,NA,NA,NA,NA,NA,NA,NA
"3829879637","Reseda stricta Pers.",39.9188076,-3.6811989,"cdc,cdrep,inmano","834dcb62-f762-11e1-a439-00145eb45e9a","e8fb330c-5750-4698-afba-5438618af521","2a3f6a56-7591-4f05-8c4c-a1bb77aa4ea6","6c4a0bb0-2a4d-11d8-aa2d-b8a03c50a862","ES","EML","2026-04-18T01:37:26.846+00:00","2026-04-24T06:43:50.657+00:00",400,"PRESERVED_SPECIMEN",NA,"PRESENT",7275953,6,7707728,220,7225535,3110,3040250,7275953,7275953,"Reseda stricta Pers.","Plantae","Tracheophyta","Brassicales","Resedaceae","Reseda","Reseda stricta","Reseda","stricta","SPECIES","ACCEPTED",707,670,0,"EUROPE","Toledo",2004,6,22,"2004-06-22",174,174,"2021-06-08T10:49:06.000+00:00","2026-04-24T06:43:50.657+00:00","http://creativecommons.org/licenses/by-nc/4.0/legalcode",FALSE,"BAD11F1D-7A0C-4C04-8974-071B413CE03D","none","none",FALSE,"doi:10.15468/xtjld4","Herbario BIO de Plantas Vasculares (BIO), Universidad del Pais Vasco (UPV/EHU)","F. Fdez.-González|R. Pérez Badia|S. Sardinero|V. Bouso","none","WGS84","Magnoliopsida","ES","none","none","EUROPE","Spain","EUROPE","BAD11F1D-7A0C-4C04-8974-071B413CE03D","42461-1","e8fb330c-5750-4698-afba-5438618af521","ICBN","Universidad del Pais Vasco (UPV/EHU)","406","Cantera de Lafarge-Asland","3829879637","es | en","BIO","BAD11F1D-7A0C-4C04-8974-071B413CE03D","PhysicalObject","Reseda stricta Pers.",NA,NA,NA,NA,NA,NA,"F. Fernández-González|R. Pérez Badia|S. Sardinero…","Pliego",NA,NA,NA,NA,NA,NA,NA,NA,NA,NA,NA,NA,"in collection",NA,NA,NA,NA,NA,NA,NA,NA,NA,NA,NA,"comunidades gipsícolas","22/06/2004",NA,"Yepes",NA,NA,NA,NA,NA,NA,NA,NA,NA,"BIO",NA,"in bloom",NA,NA,NA,NA,NA,NA,NA,NA,NA,NA,NA,NA,NA,NA,NA,NA,NA,NA,NA,NA,NA,NA,NA,NA,NA,NA,NA
"3855041852","Reseda stricta Pers.",39.92,-3.68,"cdc,gass84,osiic","6a7575fa-ae03-4ba3-b322-2da15b5033e2","d68c4230-a271-11d8-a9b3-b8a03c50a862","2a3f6a56-7591-4f05-8c4c-a1bb77aa4ea6","6c4a0bb0-2a4d-11d8-aa2d-b8a03c50a862","ES","EML","2026-04-17T19:28:29.248+00:00","2026-04-24T04:39:32.238+00:00",394,"PRESERVED_SPECIMEN",1,"PRESENT",7275953,6,7707728,220,7225535,3110,3040250,7275953,7275953,"Reseda stricta Pers.","Plantae","Tracheophyta","Brassicales","Resedaceae","Reseda","Reseda stricta","Reseda","stricta","SPECIES","ACCEPTED",707,670,0,"EUROPE","Toledo",2004,6,22,"2004-06-22",174,174,"2022-06-24T10:36:01.000+00:00","2026-04-24T04:39:32.238+00:00","http://creativecommons.org/licenses/by-nc/4.0/legalcode",FALSE,"FE2192BE-1D00-49E7-907D-68462141A4D9","none","none",TRUE,NA,"Herbario de la Universidad de Granada: Colección GDA-Fanerogamia","F. Fernández-González, R. Pérez Badía, S. Sardinero & V. Bouso","none","WGS84","Magnoliopsida","ES","none","none","EUROPE","Spain","EUROPE","FE2192BE-1D00-49E7-907D-68462141A4D9","49978-1","https://www.gbif.org/grscicoll/institution/a46ced27-ecc3-43df-981f-d6de329f50b4",NA,"GDA","400","Toledo, Yepes, cantera de Lafarge-Asland","3855041852","es","GDA-Fanero","FE2192BE-1D00-49E7-907D-68462141A4D9","PhysicalObject","Reseda stricta Pers.",NA,NA,NA,NA,"a46ced27-ecc3-43df-981f-d6de329f50b4","82d87a2a-f701-46ca-a1c0-292e83fc790a","F. Fernández-González et al.","Pliego",NA,"Herbarium University of Granada, Spain",NA,NA,NA,NA,NA,NA,NA,NA,NA,NA,"in collection",NA,"GDA",NA,NA,NA,NA,"https://www.gbif.org/grscicoll/collection/82d87a2a-f701-46ca-a1c0-292e83fc790a",NA,NA,NA,NA,"comunidades gipsícolas.","22/06/2004",NA,NA,NA,NA,NA,NA,0,0,NA,NA,NA,NA,NA,NA,NA,NA,NA,NA,NA,NA,NA,NA,NA,NA,NA,NA,NA,NA,NA,NA,NA,NA,NA,NA,NA,NA,NA,NA,NA,NA,NA
"4454724045","Reseda stricta Pers.",39.924,-3.685,"cdc,gass84,incomis,inmafu","bd2be1e9-f2fc-404a-8246-783af0055829","c8977993-5d56-4dbf-a27d-828e0ede7984","2a3f6a56-7591-4f05-8c4c-a1bb77aa4ea6","6c4a0bb0-2a4d-11d8-aa2d-b8a03c50a862","ES","EML","2026-04-17T19:28:39.888+00:00","2026-04-24T09:22:33.275+00:00",394,"PRESERVED_SPECIMEN",NA,"PRESENT",7275953,6,7707728,220,7225535,3110,3040250,7275953,7275953,"Reseda stricta Pers.","Plantae","Tracheophyta","Brassicales","Resedaceae","Reseda","Reseda stricta","Reseda","stricta","SPECIES","ACCEPTED",NA,NA,NA,"EUROPE","Toledo",2004,6,22,"2004-06-22T00:00Z",174,174,NA,"2026-04-24T09:22:33.275+00:00","http://creativecommons.org/licenses/by-nc/4.0/legalcode",FALSE,"767620384","none","none",TRUE,NA,"Herbario del Jardín Botánico-Histórico La Concepción: HBC","F. Fdez-Glez, R. Pérez Badia, S. Sardinero et V. Bouso","none","WGS84","Magnoliopsida","ES","none","none","EUROPE","Spain","EUROPE","767620384","HSBC-2898",NA,NA,"HBC","400","Yepes. Toledo","4454724045","es","HBC","767620384","Collection","Reseda stricta Pers.",NA,NA,NA,NA,"f4336f4f-63f8-4db1-8b69-793c3ce4b95f",NA,"F. Fdez-Glez, R. Pérez Badia, S. Sardinero et V. Bouso",NA,NA,NA,NA,NA,NA,NA,NA,NA,NA,NA,NA,NA,NA,NA,NA,NA,NA,NA,NA,NA,NA,NA,NA,NA,NA,NA,NA,NA,NA,NA,NA,NA,NA,NA,NA,NA,NA,NA,NA,NA,NA,NA,NA,NA,NA,NA,NA,NA,NA,NA,NA,NA,NA,NA,NA,NA,NA,NA,NA,NA,NA,NA,NA,NA,NA,NA,NA
"1576193612","Reseda stricta Pers.",40.137847,-3.182115,"cdc,cdround,gass84,inmano","d15c4775-92dd-48fa-88d4-1b26b957d941","e1f82403-54f7-47dd-afc1-e07a42eeb4e7","09b8b1f4-0b79-4867-aab8-7e45e77c28e5","7a646477-bd22-4832-902c-19d9671f3ab1","ES","EML","2026-05-27T07:52:20.483+00:00","2026-05-27T07:53:55.018+00:00",408,"PRESERVED_SPECIMEN",1,"PRESENT",7275953,6,7707728,220,7225535,3110,3040250,7275953,7275953,"Reseda stricta Pers.","Plantae","Tracheophyta","Brassicales","Resedaceae","Reseda","Reseda stricta","Reseda","stricta","SPECIES","ACCEPTED",NA,NA,NA,"EUROPE","Comunidad de Madrid",2004,8,16,"2004-08-16",229,229,"2013-11-22T13:38:33.000+00:00","2026-05-27T07:53:55.018+00:00","http://creativecommons.org/licenses/by-nc/4.0/legalcode",FALSE,"RJBJCI:ALCA-BGV:ALCA-BG-0678/09","none","none",FALSE,NA,"Banco de Germoplasma del Real Jardín Botánico Juan Carlos I","Juan Pedro Zaballos","none","WGS84","Magnoliopsida","ES","none","none","EUROPE","Spain","EUROPE","RJBJCI:ALCA-BGV:ALCA-BG-0678/09","ALCA-BG-0678/09","Real Jardín Botánico Juan Carlos I",NA,"RJBJCI","408","_","1576193612","ES","ALCA-BGV","RJBJCI:ALCA-BGV:ALCA-BG-0678/09","PhysicalObject","Reseda stricta Pers.",NA,"SUDOESTE DE EUROPA",NA,NA,NA,NA,NA,NA,NA,NA,NA,NA,NA,NA,NA,NA,NA,NA,NA,NA,"In collection",NA,"RJBJCI",NA,NA,NA,NA,"Banco de Germoplasma del Real Jardín Botánico Juan Carlos I",NA,NA,NA,NA,NA,NA,NA,"Fuentidueña del Tajo",NA,NA,NA,NA,NA,NA,NA,NA,NA,NA,NA,NA,NA,NA,NA,NA,NA,NA,NA,"214731","MADRID","UTM",NA,NA,NA,NA,"RESCUED","2022-03-08T20:25:11Z","http://www.aimjb.net:8080/ipt/archive.do?r=rjbjci",NA,NA,NA,NA,NA,NA,NA,NA,NA,NA
"232591426","Reseda stricta Pers.",38.465,-1.504,"cdc,gass84,cdpi,colmano,inmafu","96b9eec4-f762-11e1-a439-00145eb45e9a","eba6daa8-0281-479e-aa2d-d78a2614db93","2a3f6a56-7591-4f05-8c4c-a1bb77aa4ea6","6c4a0bb0-2a4d-11d8-aa2d-b8a03c50a862","ES","EML","2026-04-17T22:02:24.702+00:00","2026-04-24T08:46:51.830+00:00",360,"PRESERVED_SPECIMEN",NA,"PRESENT",7275953,6,7707728,220,7225535,3110,3040250,7275953,7275953,"Reseda stricta Pers.","Plantae","Tracheophyta","Brassicales","Resedaceae","Reseda","Reseda stricta","Reseda","stricta","SPECIES","ACCEPTED",NA,1,0,"EUROPE","Ab",2003,4,11,"2003-04-11",101,101,NA,"2026-04-24T08:46:51.830+00:00","http://creativecommons.org/licenses/by-nc/4.0/legalcode",FALSE,"232591426","none","none",FALSE,NA,NA,"J. F. Jiménez","none","WGS84","Magnoliopsida","ES","none","none","EUROPE","Spain","EUROPE",NA,"101117-1",NA,NA,"MUB","366","Hellin; Cerro de las Minas","232591426",NA,"SURESTE","232591426",NA,"Reseda stricta Pers.",NA,NA,NA,NA,"0d3bc86d-03b3-4475-b018-67c8c79d97cd",NA,"J. F. Jiménez",NA,NA,NA,NA,NA,NA,NA,NA,NA,NA,NA,NA,NA,NA,NA,NA,NA,NA,NA,NA,NA,NA,NA,NA,NA,NA,NA,NA,NA,NA,NA,NA,NA,0,0,NA,NA,NA,"MUB",NA,NA,NA,NA,NA,NA,NA,NA,NA,NA,NA,NA,NA,NA,NA,NA,NA,NA,NA,NA,NA,NA,NA,NA,NA,NA,NA,NA,NA
"895205160","Reseda stricta Pers.",38.65,-0.92,"cdc,gass84,colmafu,inmafu","834a4794-f762-11e1-a439-00145eb45e9a","8209258a-80e8-4094-aba2-a3febe5ed45b","2a3f6a56-7591-4f05-8c4c-a1bb77aa4ea6","6c4a0bb0-2a4d-11d8-aa2d-b8a03c50a862","ES","EML","2026-04-18T01:37:24.691+00:00","2026-04-24T10:27:06.216+00:00",375,"PRESERVED_SPECIMEN",NA,"PRESENT",7275953,6,7707728,220,7225535,3110,3040250,7275953,7275953,"Reseda stricta Pers.","Plantae","Tracheophyta","Brassicales","Resedaceae","Reseda","Reseda stricta","Reseda","stricta","SPECIES","ACCEPTED",707,500,0,"EUROPE","Alacant",2003,5,30,"2003-05-30",150,150,"2025-11-03T14:20:45.000+00:00","2026-04-24T10:27:06.216+00:00","http://creativecommons.org/licenses/by-nc/4.0/legalcode",FALSE,"311C96F0-5F28-4417-86D6-84DA9EEC7C5F","none","none",TRUE,NA,"Colección de plantas vasculares del herbario de la Universitat de València (VAL)","J. Riera","none","WGS84","Magnoliopsida","ES","none","none","EUROPE","Spain","EUROPE","311C96F0-5F28-4417-86D6-84DA9EEC7C5F","189588-1","https://www.gbif.org/publisher/8209258a-80e8-4094-aba2-a3febe5ed45b",NA,"VAL","391","Villena (L´Alt Vinalopó), Los Cabezos","895205160","es","VAL","311C96F0-5F28-4417-86D6-84DA9EEC7C5F","PhysicalObject","Reseda stricta Pers.",NA,NA,NA,NA,"c645b060-c130-45ee-97ab-b9fc94393523","6ceb64b5-0201-4a27-bcdb-8d62035e35d5",NA,"Pliego",NA,NA,NA,NA,NA,NA,NA,NA,NA,NA,NA,NA,"in collection",NA,NA,NA,NA,NA,NA,NA,NA,NA,NA,NA,"matorrales y tomillares sobre yesos triásicos","30052003",NA,"Villena (Alt Vinalopó)",NA,NA,NA,NA,NA,NA,"JRV-4574",NA,NA,"VAL",NA,NA,NA,NA,NA,NA,NA,NA,NA,NA,NA,NA,NA,NA,NA,NA,NA,NA,NA,NA,NA,NA,NA,NA,NA,NA,NA,NA,NA
"3033681607","Reseda stricta Pers.",38.65,-0.92,"cdc,gass84,mdativ,colmano,inmafu","834f1756-f762-11e1-a439-00145eb45e9a","cb202839-87c6-456a-821c-dc5b268a200f","2a3f6a56-7591-4f05-8c4c-a1bb77aa4ea6","6c4a0bb0-2a4d-11d8-aa2d-b8a03c50a862","ES","EML","2026-04-18T01:36:55.261+00:00","2026-04-23T23:49:15.257+00:00",326,"PRESERVED_SPECIMEN",NA,"PRESENT",7275953,6,7707728,220,7225535,3110,3040250,7275953,7275953,"Reseda stricta Pers.","Plantae","Tracheophyta","Brassicales","Resedaceae","Reseda","Reseda stricta","Reseda","stricta","SPECIES","ACCEPTED",707,500,0,"EUROPE","Alacant",2003,5,30,"2003-05-30",150,150,NA,"2026-04-23T23:49:15.257+00:00","http://creativecommons.org/licenses/by-nc/4.0/legalcode",FALSE,"BCN 6260","none","none",TRUE,NA,"Col·lecció de Cormòfits de l'herbari BCN","Vicens Fandos, Josep","none","WGS84","Magnoliopsida","ES","none","none","EUROPE","Spain","EUROPE","BCN 6260","6260",NA,NA,"BCN","350","Villena (Alt Vinalopó), Los Cabezos","3033681607",NA,"Corm","BCN 6260",NA,"Reseda stricta Pers.",NA,NA,NA,NA,"5db0342e-533f-461c-a97e-0ec9dc79a95c",NA,NA,NA,NA,"CRAI CeDocBiV - Universitat de Barcelona",NA,NA,NA,NA,NA,NA,NA,NA,NA,NA,NA,NA,"UB",NA,NA,NA,NA,NA,NA,NA,NA,NA,"Tomillares y matorrales sobre yesos triásicos del Keuper",NA,NA,NA,NA,NA,NA,NA,NA,NA,NA,NA,NA,"BCN-Cormophyta",NA,NA,NA,NA,NA,NA,NA,NA,"Reseda stricta Pers.","6205",NA,NA,NA,NA,NA,NA,NA,NA,NA,NA,NA,NA,NA,NA,NA,NA,NA,NA,NA
"3033704182","Reseda stricta Pers.",42.31,1.07,"cdc,gass84,mdativ,colmano,inmafu","834f1756-f762-11e1-a439-00145eb45e9a","cb202839-87c6-456a-821c-dc5b268a200f","2a3f6a56-7591-4f05-8c4c-a1bb77aa4ea6","6c4a0bb0-2a4d-11d8-aa2d-b8a03c50a862","ES","EML","2026-04-18T01:36:55.261+00:00","2026-04-23T23:49:12.020+00:00",326,"PRESERVED_SPECIMEN",NA,"PRESENT",7275953,6,7707728,220,7225535,3110,3040250,7275953,7275953,"Reseda stricta Pers.","Plantae","Tracheophyta","Brassicales","Resedaceae","Reseda","Reseda stricta","Reseda","stricta","SPECIES","ACCEPTED",707,800,0,"EUROPE","Lleida",2003,5,28,"2003-05-28",148,148,NA,"2026-04-23T23:49:12.020+00:00","http://creativecommons.org/licenses/by-nc/4.0/legalcode",FALSE,"BCN 58705","none","none",FALSE,NA,"Col·lecció de Cormòfits de l'herbari BCN","Carrillo Ortuño, Empar & Ninot Sugrañes, Josep Maria","none","WGS84","Magnoliopsida","ES","none","none","EUROPE","Spain","EUROPE","BCN 58705","58705",NA,NA,"BCN","350","Sola Bresca, camí d'Useu. Baix Pallars","3033704182",NA,"Corm","BCN 58705",NA,"Reseda stricta Pers.",NA,NA,NA,NA,"5db0342e-533f-461c-a97e-0ec9dc79a95c",NA,NA,NA,NA,"CRAI CeDocBiV - Universitat de Barcelona",NA,NA,NA,NA,NA,NA,NA,NA,NA,NA,NA,NA,"UB",NA,NA,NA,NA,NA,NA,NA,NA,NA,"coster guixenc",NA,NA,NA,NA,NA,NA,NA,NA,NA,NA,NA,NA,"BCN-Cormophyta",NA,NA,NA,NA,NA,NA,NA,NA,"Reseda stricta Pers.","58704",NA,NA,NA,NA,NA,NA,NA,NA,NA,NA,NA,NA,NA,NA,NA,NA,NA,NA,NA
"4529133169","Reseda stricta Pers.",42.301819,1.119538,"cdc,cdround,cdpi,inmano","a4b7c71e-fc73-434e-a008-d63c222179d0","7b4f2f30-a456-11d9-8049-b8a03c50a862","2a3f6a56-7591-4f05-8c4c-a1bb77aa4ea6","6c4a0bb0-2a4d-11d8-aa2d-b8a03c50a862","ES","EML","2026-04-17T15:02:28.711+00:00","2026-04-24T02:24:16.293+00:00",415,"PRESERVED_SPECIMEN",NA,"PRESENT",7275953,6,7707728,220,7225535,3110,3040250,7275953,7275953,"Reseda stricta Pers.","Plantae","Tracheophyta","Brassicales","Resedaceae","Reseda","Reseda stricta","Reseda","stricta","SPECIES","ACCEPTED",NA,NA,NA,"EUROPE",NA,2003,5,28,"2003-05-28",148,148,"2024-01-08T00:00:00.000+00:00","2026-04-24T02:24:16.293+00:00","http://creativecommons.org/licenses/by-nc/4.0/legalcode",FALSE,"BDBC-C.3969.154.886.154","none","none",FALSE,"doi:10.15470/fzwiiu","FloraCAT: Banco de datos de los cormófitos de Cataluña","E. Carrillo & J.M. Ninot, BCN, () 3","none","WGS84","Magnoliopsida","ES","none","none","EUROPE","Spain","EUROPE","BDBC-C.3969.154.886.154","BCN",NA,NA,"BDBC","421","Sota Bresca camÃ­ d'Useu (Baix Pallars ,)","4529133169","es","BDBC-Floracat","BDBC-C.3969.154.886.154","Dataset","Reseda stricta Pers.","BDBC",NA,"original",NA,NA,NA,"E. Carrillo & J.M. Ninot",NA,NA,"Generalitat de Catalunya",NA,NA,"800",NA,NA,NA,NA,NA,NA,NA,NA,"C000935",NA,NA,NA,"SÃ¡ez, Ll.; Molero, J.; Carrillo, E.; Ninot, J.M.; Guardiola, M.; GuÃ rdia, L.; MacÃ­as, C.; Aymerich, P. (2008). Noves contribucions al coneixement de la flora vascular del massÃ­s de Boumort (Prepirineus ibÃ¨rics, NE de la penÃ­nsula IbÃ¨rica) Orsis, 23: 137-162",NA,NA,NA,NA,NA,NA,NA,NA,NA,NA,NA,NA,NA,NA,NA,NA,NA,NA,NA,NA,NA,NA,NA,NA,NA,NA,NA,NA,NA,NA,"Catalonia","UTM","{""percentNN"":0.9779,""countNN"":354,""distanceNN"":0.09}","C000935","Reseda stricta Pers.",NA,NA,NA,NA,NA,NA,NA,NA,NA,NA,NA,NA,NA,NA
"4529639002","Reseda stricta Pers.",42.301819,1.119538,"cdc,cdround,cdpi,inmano","a4b7c71e-fc73-434e-a008-d63c222179d0","7b4f2f30-a456-11d9-8049-b8a03c50a862","2a3f6a56-7591-4f05-8c4c-a1bb77aa4ea6","6c4a0bb0-2a4d-11d8-aa2d-b8a03c50a862","ES","EML","2026-04-17T15:02:28.711+00:00","2026-04-24T02:24:16.821+00:00",415,"PRESERVED_SPECIMEN",NA,"PRESENT",7275953,6,7707728,220,7225535,3110,3040250,7275953,7275953,"Reseda stricta Pers.","Plantae","Tracheophyta","Brassicales","Resedaceae","Reseda","Reseda stricta","Reseda","stricta","SPECIES","ACCEPTED",NA,NA,NA,"EUROPE",NA,2003,5,28,"2003-05-28",148,148,"2024-01-08T00:00:00.000+00:00","2026-04-24T02:24:16.821+00:00","http://creativecommons.org/licenses/by-nc/4.0/legalcode",FALSE,"BDBC-C.6833.0.161668.45907","none","none",FALSE,"doi:10.15470/fzwiiu","FloraCAT: Banco de datos de los cormófitos de Cataluña","Carrillo OrtuÃ±o, Empar & Ninot SugraÃ±es, Josep Maria, BCN 58705, () 3","none","WGS84","Magnoliopsida","ES","none","none","EUROPE","Spain","EUROPE","BDBC-C.6833.0.161668.45907","BCN 58705",NA,NA,"BDBC","421","Sola Bresca, camÃ­ d'Useu. Baix Pallars. Lleida","4529639002","es","BDBC-Floracat","BDBC-C.6833.0.161668.45907","Dataset","Reseda stricta Pers.","BDBC",NA,"original",NA,NA,NA,"Carrillo OrtuÃ±o, Empar & Ninot SugraÃ±es, Josep Maria",NA,NA,"Generalitat de Catalunya",NA,NA,"800",NA,NA,NA,NA,NA,NA,NA,NA,"C000935",NA,NA,NA,"BCN (2017). Plecs Herbari BCN. CEDOCBIV",NA,NA,NA,NA,NA,NA,NA,NA,NA,NA,NA,NA,NA,NA,NA,NA,NA,NA,NA,NA,NA,NA,NA,NA,NA,NA,NA,NA,NA,NA,"Catalonia","UTM","{""percentNN"":0.9779,""countNN"":354,""distanceNN"":0.09}","C000935","Reseda stricta Pers.",NA,NA,NA,NA,NA,NA,NA,NA,NA,NA,NA,NA,NA,NA
"1053985427","Reseda stricta Pers.",42.58,-3.21,"cdc,incomis,inmafu","95e9f2dc-f762-11e1-a439-00145eb45e9a","fbcad409-9d05-41d7-a869-1ddcab51e091","2a3f6a56-7591-4f05-8c4c-a1bb77aa4ea6","6c4a0bb0-2a4d-11d8-aa2d-b8a03c50a862","ES","EML","2026-04-17T22:12:56.461+00:00","2026-04-24T08:43:32.193+00:00",395,"PRESERVED_SPECIMEN",NA,"PRESENT",7275953,6,7707728,220,7225535,3110,3040250,7275953,7275953,"Reseda stricta Pers.","Plantae","Tracheophyta","Brassicales","Resedaceae","Reseda","Reseda stricta","Reseda","stricta","SPECIES","ACCEPTED",707,790,0,"EUROPE","Burgos",2003,6,1,"2003-06-01",152,152,"2017-10-19T11:32:52.000+00:00","2026-04-24T08:43:32.193+00:00","http://creativecommons.org/licenses/by/4.0/legalcode",FALSE,"UPNA:H:7931","none","none",TRUE,NA,NA,"J.A. Alejandre & M.J. Escalante","none","WGS84","Magnoliopsida","ES","none","none","EUROPE","Spain","EUROPE","UPNA:H:7931","7931",NA,NA,"UPNA","401","Vallarta de bureba, laderas hacia la solana en la cabecera del barranco del arroyo de los Frailes","1053985427","es","H","UPNA:H:7931","PhysicalObject","Reseda stricta Pers.",NA,NA,NA,NA,"78788916-f293-4d75-b4b0-c4336237c9e2",NA,NA,NA,NA,NA,NA,NA,NA,NA,NA,NA,NA,NA,NA,NA,NA,NA,NA,NA,NA,NA,NA,NA,NA,NA,NA,NA,"Pastos y matorral abierto sobre arcillas y yesos.",NA,NA,NA,NA,NA,NA,NA,NA,NA,NA,NA,NA,"UPNA-H",NA,NA,NA,NA,NA,NA,NA,NA,NA,NA,"Vallarta de bureba",NA,NA,NA,NA,NA,NA,NA,NA,NA,NA,NA,NA,NA,NA,NA,NA,NA,NA
"1842855862","Reseda stricta Pers.",34.4883,-3.9077,"gass84,rdativ,inmano","838475f4-f762-11e1-a439-00145eb45e9a","6f3ccc65-0a54-4e65-ae7e-13b92d618e7c","2a3f6a56-7591-4f05-8c4c-a1bb77aa4ea6","6c4a0bb0-2a4d-11d8-aa2d-b8a03c50a862","ES","EML","2026-05-14T18:31:27.870+00:00","2026-05-19T13:30:12.102+00:00",396,"PRESERVED_SPECIMEN",NA,"PRESENT",7275953,6,7707728,220,7225535,3110,3040250,7275953,7275953,"Reseda stricta Pers.","Plantae","Tracheophyta","Brassicales","Resedaceae","Reseda","Reseda stricta","Reseda","stricta","SPECIES","ACCEPTED",500,NA,NA,"AFRICA","TAZA - AL HOCEIMA - TAOUNATE",2003,6,10,"2003-06-10",161,161,"2018-11-23T00:00:00.000+00:00","2026-05-19T13:30:12.102+00:00","http://creativecommons.org/licenses/by-nc/4.0/legalcode",FALSE,"366bcf35-28ff-450f-883a-ec0576e5a346","none","none",FALSE,NA,"Institut Botànic de Barcelona (CSIC-CMCNB) – BC","B. Valdés, J.M. Montserrat, J. Díez, F.J. Pina & H. Márquez","none","WGS84","Magnoliopsida","MA","none","none","AFRICA","Morocco","EUROPE","366bcf35-28ff-450f-883a-ec0576e5a346","BC-841555","6f3ccc65-0a54-4e65-ae7e-13b92d618e7c",NA,"BC","410","Tsoul, Alrededores de Dar Caid-Med-Bol","1842855862",NA,"BC","366bcf35-28ff-450f-883a-ec0576e5a346",NA,"Reseda stricta Pers.",NA,NA,NA,NA,NA,NA,"B. Valdés","Herbarium specimen",NA,NA,NA,NA,NA,"187/03",NA,NA,NA,NA,NA,NA,NA,NA,NA,NA,NA,NA,NA,NA,NA,NA,NA,NA,"Yesos miocénicos","10/06/2003",NA,NA,NA,NA,NA,NA,NA,NA,NA,NA,NA,"BC",NA,NA,"HERBARIUM UNIVERSITATIS HISPALENSIS PROYECTO BIOGEO (SEV)","Last label. Date Identified: 00-2003. Notes: DEPARTAMENTO DE BOTANICA FACULTAD DE BIOLOGIA DE SEVILLA",NA,NA,NA,NA,NA,NA,NA,NA,NA,NA,NA,NA,NA,NA,NA,NA,NA,NA,NA,NA,NA,NA,NA,NA,NA
"3855068010","Reseda stricta Pers.",37.73,-2.56,"cdc,gass84,iddativ,osiic","6a7575fa-ae03-4ba3-b322-2da15b5033e2","d68c4230-a271-11d8-a9b3-b8a03c50a862","2a3f6a56-7591-4f05-8c4c-a1bb77aa4ea6","6c4a0bb0-2a4d-11d8-aa2d-b8a03c50a862","ES","EML","2026-04-17T19:28:29.248+00:00","2026-04-24T04:39:00.218+00:00",394,"PRESERVED_SPECIMEN",1,"PRESENT",7275953,6,7707728,220,7225535,3110,3040250,7275953,7275953,"Reseda stricta Pers.","Plantae","Tracheophyta","Brassicales","Resedaceae","Reseda","Reseda stricta","Reseda","stricta","SPECIES","ACCEPTED",707,900,0,"EUROPE","Granada",2003,6,10,"2003-06-10",161,161,"2022-06-24T10:36:01.000+00:00","2026-04-24T04:39:00.218+00:00","http://creativecommons.org/licenses/by-nc/4.0/legalcode",FALSE,"7BAF0190-46F1-4120-B21D-0C69C52011E6","none","none",FALSE,NA,"Herbario de la Universidad de Granada: Colección GDA-Fanerogamia","F.B. Navarro","none","WGS84","Magnoliopsida","ES","none","none","EUROPE","Spain","EUROPE","7BAF0190-46F1-4120-B21D-0C69C52011E6","50232-1","https://www.gbif.org/grscicoll/institution/a46ced27-ecc3-43df-981f-d6de329f50b4",NA,"GDA","400","Granada, Galera, Barranco del Agua","3855068010","es","GDA-Fanero","7BAF0190-46F1-4120-B21D-0C69C52011E6","PhysicalObject","Reseda stricta Pers.",NA,NA,NA,NA,"a46ced27-ecc3-43df-981f-d6de329f50b4","82d87a2a-f701-46ca-a1c0-292e83fc790a","Martín Bravo, S.","Pliego",NA,"Herbarium University of Granada, Spain",NA,NA,NA,NA,NA,NA,NA,NA,NA,NA,"in collection",NA,"GDA",NA,NA,NA,NA,"https://www.gbif.org/grscicoll/collection/82d87a2a-f701-46ca-a1c0-292e83fc790a",NA,NA,NA,NA,"espartales y matorrales fruticosos sobre margas yepsíferas, mesomediterráneo semiárido.","10/06/2003",NA,NA,NA,NA,NA,NA,0,0,NA,NA,NA,NA,NA,NA,NA,"Etiqueta de revisión para Flora de Andalucía Oriental",NA,NA,NA,NA,NA,NA,NA,NA,NA,NA,NA,NA,NA,NA,NA,NA,NA,NA,NA,NA,NA,NA,NA,NA,NA
"3855068435","Reseda stricta Pers.",37.51,-3.09,"cdc,gass84,iddativ,osiic","6a7575fa-ae03-4ba3-b322-2da15b5033e2","d68c4230-a271-11d8-a9b3-b8a03c50a862","2a3f6a56-7591-4f05-8c4c-a1bb77aa4ea6","6c4a0bb0-2a4d-11d8-aa2d-b8a03c50a862","ES","EML","2026-04-17T19:28:29.248+00:00","2026-04-24T04:39:45.948+00:00",394,"PRESERVED_SPECIMEN",1,"PRESENT",7275953,6,7707728,220,7225535,3110,3040250,7275953,7275953,"Reseda stricta Pers.","Plantae","Tracheophyta","Brassicales","Resedaceae","Reseda","Reseda stricta","Reseda","stricta","SPECIES","ACCEPTED",707,850,0,"EUROPE","Granada",2003,6,15,"2003-06-15",166,166,"2022-06-24T10:36:01.000+00:00","2026-04-24T04:39:45.948+00:00","http://creativecommons.org/licenses/by-nc/4.0/legalcode",FALSE,"9F62E4AC-1662-4180-89CF-01B1B1FDCD14","none","none",FALSE,NA,"Herbario de la Universidad de Granada: Colección GDA-Fanerogamia","F.B. Navarro & M.N. Jiménez","none","WGS84","Magnoliopsida","ES","none","none","EUROPE","Spain","EUROPE","9F62E4AC-1662-4180-89CF-01B1B1FDCD14","50231-1","https://www.gbif.org/grscicoll/institution/a46ced27-ecc3-43df-981f-d6de329f50b4",NA,"GDA","400","Granada, Guadix, Baños de Alicún","3855068435","es","GDA-Fanero","9F62E4AC-1662-4180-89CF-01B1B1FDCD14","PhysicalObject","Reseda stricta Pers.",NA,NA,NA,NA,"a46ced27-ecc3-43df-981f-d6de329f50b4","82d87a2a-f701-46ca-a1c0-292e83fc790a","Martín Bravo, S.","Pliego",NA,"Herbarium University of Granada, Spain",NA,NA,NA,NA,NA,NA,NA,NA,NA,NA,"in collection",NA,"GDA",NA,NA,NA,NA,"https://www.gbif.org/grscicoll/collection/82d87a2a-f701-46ca-a1c0-292e83fc790a",NA,NA,NA,NA,"taludes de carreteras en margas, mesomediterráneo semiárido.","15/06/2003",NA,NA,NA,NA,NA,NA,0,0,NA,NA,NA,NA,NA,NA,NA,"Etiqueta de revisión para Flora de Andalucía Oriental",NA,NA,NA,NA,NA,NA,NA,NA,NA,NA,NA,NA,NA,NA,NA,NA,NA,NA,NA,NA,NA,NA,NA,NA,NA
"4454724030","Reseda stricta Pers.",42.583,-3.213,"cdc,gass84,incomis,inmafu","bd2be1e9-f2fc-404a-8246-783af0055829","c8977993-5d56-4dbf-a27d-828e0ede7984","2a3f6a56-7591-4f05-8c4c-a1bb77aa4ea6","6c4a0bb0-2a4d-11d8-aa2d-b8a03c50a862","ES","EML","2026-04-17T19:28:39.888+00:00","2026-04-24T09:22:28.640+00:00",394,"PRESERVED_SPECIMEN",NA,"PRESENT",7275953,6,7707728,220,7225535,3110,3040250,7275953,7275953,"Reseda stricta Pers.","Plantae","Tracheophyta","Brassicales","Resedaceae","Reseda","Reseda stricta","Reseda","stricta","SPECIES","ACCEPTED",NA,NA,NA,"EUROPE","Burgos",2003,6,1,"2003-06-01T00:00Z",152,152,NA,"2026-04-24T09:22:28.640+00:00","http://creativecommons.org/licenses/by-nc/4.0/legalcode",FALSE,"767624797","none","none",TRUE,NA,"Herbario del Jardín Botánico-Histórico La Concepción: HBC","J.A. Alejandre, M.J. Escalante","none","WGS84","Magnoliopsida","ES","none","none","EUROPE","Spain","EUROPE","767624797","HSBC-4138",NA,NA,"HBC","400","Vallarta de bureba, barranco del arroyo de los Frailes. Burgos","4454724030","es","HBC","767624797","Collection","Reseda stricta Pers.",NA,NA,NA,NA,"f4336f4f-63f8-4db1-8b69-793c3ce4b95f",NA,NA,NA,NA,NA,NA,NA,NA,NA,NA,NA,NA,NA,NA,NA,NA,NA,NA,NA,NA,NA,NA,NA,NA,NA,NA,NA,NA,NA,NA,NA,NA,NA,NA,NA,NA,NA,NA,NA,NA,NA,NA,NA,NA,NA,NA,NA,NA,NA,NA,NA,NA,NA,NA,NA,NA,NA,NA,NA,NA,NA,NA,NA,NA,NA,NA,NA,NA,NA,NA
"895176836","Reseda stricta Pers.",40.26,-2.15,"cdc,gass84,colmafu,inmafu","834a4794-f762-11e1-a439-00145eb45e9a","8209258a-80e8-4094-aba2-a3febe5ed45b","2a3f6a56-7591-4f05-8c4c-a1bb77aa4ea6","6c4a0bb0-2a4d-11d8-aa2d-b8a03c50a862","ES","EML","2026-04-18T01:37:24.691+00:00","2026-04-24T10:27:06.370+00:00",375,"PRESERVED_SPECIMEN",NA,"PRESENT",7275953,6,7707728,220,7225535,3110,3040250,7275953,7275953,"Reseda stricta Pers.","Plantae","Tracheophyta","Brassicales","Resedaceae","Reseda","Reseda stricta","Reseda","stricta","SPECIES","ACCEPTED",707,1030,0,"EUROPE","Cuenca",2003,7,1,"2003-07-01",182,182,"2025-11-03T14:20:45.000+00:00","2026-04-24T10:27:06.370+00:00","http://creativecommons.org/licenses/by-nc/4.0/legalcode",FALSE,"1F53078F-CD3F-4A8D-B9B0-B4726D7EC45C","none","none",FALSE,NA,"Colección de plantas vasculares del herbario de la Universitat de València (VAL)","A. Coronado","none","WGS84","Magnoliopsida","ES","none","none","EUROPE","Spain","EUROPE","1F53078F-CD3F-4A8D-B9B0-B4726D7EC45C","158794-1","https://www.gbif.org/publisher/8209258a-80e8-4094-aba2-a3febe5ed45b",NA,"VAL","391","Collados, El Salitral","895176836","es","VAL","1F53078F-CD3F-4A8D-B9B0-B4726D7EC45C","PhysicalObject","Reseda stricta Pers.",NA,NA,NA,NA,"c645b060-c130-45ee-97ab-b9fc94393523","6ceb64b5-0201-4a27-bcdb-8d62035e35d5",NA,"Pliego",NA,NA,NA,NA,NA,NA,NA,NA,NA,NA,NA,NA,"in collection",NA,NA,NA,NA,NA,NA,NA,NA,NA,NA,NA,"pendiente yesosa","01072003",NA,"Sotorribas",NA,NA,NA,NA,NA,NA,NA,NA,NA,"VAL",NA,NA,NA,NA,NA,NA,NA,NA,NA,NA,NA,NA,NA,NA,NA,NA,NA,NA,NA,NA,NA,NA,NA,NA,NA,NA,NA,NA,NA
"115889041","Reseda stricta Pers.",37.64,-2.57,"cdc,gass84,osiic,colmafu,inmafu","8353c5bc-f762-11e1-a439-00145eb45e9a","857b3f90-230f-474d-9559-6f740efadbba","2a3f6a56-7591-4f05-8c4c-a1bb77aa4ea6","6c4a0bb0-2a4d-11d8-aa2d-b8a03c50a862","ES","EML","2026-04-18T01:37:26.992+00:00","2026-04-24T05:11:28.154+00:00",339,"PRESERVED_SPECIMEN",1,"PRESENT",7275953,6,7707728,220,7225535,3110,3040250,7275953,7275953,"Reseda stricta Pers.","Plantae","Tracheophyta","Brassicales","Resedaceae","Reseda","Reseda stricta","Reseda","stricta","SPECIES","ACCEPTED",707,NA,NA,"EUROPE","Granada",2002,4,26,"2002-04-26",116,116,"2017-09-12T09:30:32.000+00:00","2026-04-24T05:11:28.154+00:00","http://creativecommons.org/licenses/by/4.0/legalcode",FALSE,"10984FB0-ACD5-4E0C-0AF2-45FDBFCBF15B","none","none",FALSE,NA,"ardín Botánico de Córdoba: Herbarium COA","A. Pujadas, E. Triano y C. Burgarella","none","WGS84","Magnoliopsida","ES","none","none","EUROPE","Spain","EUROPE","10984FB0-ACD5-4E0C-0AF2-45FDBFCBF15B","33086-1",NA,NA,"COA","345","Almargen","115889041","es","COA","10984FB0-ACD5-4E0C-0AF2-45FDBFCBF15B","PhysicalObject","Reseda stricta Pers.",NA,NA,NA,NA,"d9c5994e-45c4-4f46-8579-50f60f174d10","54dc0fad-9516-42b4-b1e7-b43d5b7281f1","A. Pujadas",NA,NA,NA,NA,NA,NA,NA,NA,NA,NA,NA,NA,NA,NA,NA,NA,NA,NA,NA,NA,NA,NA,NA,NA,NA,NA,"26042002",NA,NA,NA,NA,NA,NA,NA,NA,NA,NA,NA,"COA",NA,NA,NA,NA,NA,NA,NA,NA,NA,NA,NA,NA,NA,NA,NA,NA,NA,NA,NA,NA,NA,NA,NA,NA,NA,NA,NA,NA,NA
"1135460272","Reseda stricta Pers.",36.96667,-1.96667,"cdc,colmafu,inmafu","0afba960-be3b-4202-a7de-736ae05aec9e","58520c30-bafb-11d9-8e53-b8a03c50a862","f0e191c4-2ef2-4e3d-9768-34d58d14ba2d","58520c30-bafb-11d9-8e53-b8a03c50a862","AT","BIOCASE","2026-05-26T12:46:26.056+00:00","2026-05-26T12:54:38.285+00:00",404,"PRESERVED_SPECIMEN",NA,"PRESENT",7275953,6,7707728,220,7225535,3110,3040250,7275953,7275953,"Reseda stricta Pers.","Plantae","Tracheophyta","Brassicales","Resedaceae","Reseda","Reseda stricta","Reseda","stricta","SPECIES","ACCEPTED",500,160,10,"EUROPE",NA,2001,3,29,"2001-03-29",88,88,"2004-11-26T19:20:22.000+00:00","2026-05-26T12:54:38.285+00:00","http://creativecommons.org/licenses/by/4.0/legalcode",FALSE,"0024404","none","none",FALSE,NA,NA,"Schneeweiß,G. & Weiss-Schneeweiß,H. 7528","none","WGS84","Magnoliopsida","ES",NA,"none","EUROPE","Spain","EUROPE","0024404","0024404",NA,NA,"WU","404","Almería, Sierra del Cabo de Gata: Parque Natural Cabo de Gata-Níjar: ca. 7-8 km WSW Carboneras, 1,5-2 km WSW Castillico (177 m) S der Staatsstraße nach Carboneras.","1135460272",NA,"Herbarium WU","https://wu.jacq.org/WU0024404",NA,"Reseda stricta Pers.",NA,"Andalucía",NA,NA,"0b7d2b05-71f6-4654-8682-afaa0a3bcfd1","92f12d36-0d03-4a0c-9716-0f04c9dc359e","G. Schneeweiß (WU)",NA,NA,NA,NA,NA,NA,"7528",NA,NA,NA,NA,NA,NA,NA,NA,NA,NA,NA,NA,"Resedaceae",NA,NA,NA,NA,NA,NA,NA,"133749",NA,NA,NA,NA,NA,NA,NA,NA,NA,NA,NA,NA,NA,NA,NA,NA,"80edc711-19b9-464c-a8b3-2cc15be80e26",NA,NA,NA,NA,NA,NA,NA,NA,NA,NA,NA,NA,NA,NA,NA,NA,NA,NA,NA,NA,NA,NA,NA
"232591607","Reseda stricta Pers.",38.499,-1.354,"cdc,gass84,cdpi,colmano,inmafu","96b9eec4-f762-11e1-a439-00145eb45e9a","eba6daa8-0281-479e-aa2d-d78a2614db93","2a3f6a56-7591-4f05-8c4c-a1bb77aa4ea6","6c4a0bb0-2a4d-11d8-aa2d-b8a03c50a862","ES","EML","2026-04-17T22:02:24.702+00:00","2026-04-24T08:46:53.735+00:00",360,"PRESERVED_SPECIMEN",NA,"PRESENT",7275953,6,7707728,220,7225535,3110,3040250,7275953,7275953,"Reseda stricta Pers.","Plantae","Tracheophyta","Brassicales","Resedaceae","Reseda","Reseda stricta","Reseda","stricta","SPECIES","ACCEPTED",NA,650,0,"EUROPE","Mu",2001,5,11,"2001-05-11",131,131,NA,"2026-04-24T08:46:53.735+00:00","http://creativecommons.org/licenses/by-nc/4.0/legalcode",FALSE,"232591607","none","none",FALSE,NA,NA,"P. Sánchez-Gómez, A. Hernández & E. Muñiz","none","WGS84","Magnoliopsida","ES","none","none","EUROPE","Spain","EUROPE",NA,"106623-1",NA,NA,"MUB","366","Jumilla; Prox. De Jumilla","232591607",NA,"SURESTE","232591607",NA,"Reseda stricta Pers.",NA,NA,NA,NA,"0d3bc86d-03b3-4475-b018-67c8c79d97cd",NA,"P. Sánchez-Gómez",NA,NA,NA,NA,NA,NA,NA,NA,NA,NA,NA,NA,NA,NA,NA,NA,NA,NA,NA,NA,NA,NA,NA,NA,NA,NA,NA,NA,NA,NA,NA,NA,NA,0,0,NA,NA,NA,"MUB",NA,NA,NA,NA,NA,NA,NA,NA,NA,NA,NA,NA,NA,NA,NA,NA,NA,NA,NA,NA,NA,NA,NA,NA,NA,NA,NA,NA,NA
"1050628676","Reseda stricta Pers.",41.93,-1.63,"cdc,gass84,mdativ,cdpi,osiic,colmano,inmafu","9f6f3c1c-b8b2-4d1d-be3e-36217e1cb9b8","4c91866b-3c2e-4568-aca0-3ab0a1c1a45e","2a3f6a56-7591-4f05-8c4c-a1bb77aa4ea6","6c4a0bb0-2a4d-11d8-aa2d-b8a03c50a862","ES","EML","2026-04-17T17:25:51.802+00:00","2026-04-24T02:23:35.309+00:00",432,"PRESERVED_SPECIMEN",1,"PRESENT",7275953,6,7707728,220,7225535,3110,3040250,7275953,7275953,"Reseda stricta Pers.","Plantae","Tracheophyta","Brassicales","Resedaceae","Reseda","Reseda stricta","Reseda","stricta","SPECIES","ACCEPTED",NA,477.5,2.5,"EUROPE","Zaragoza",2001,5,21,"2001-05-21",141,141,NA,"2026-04-24T02:23:35.309+00:00","http://creativecommons.org/licenses/by-nc/4.0/legalcode",FALSE,"VIT:VIT-Vasculares:65587-1","none","none",FALSE,NA,NA,"P.M. URIBE-ECHEBARRIA","none","WGS84","Magnoliopsida","ES","none","none","EUROPE","Spain","EUROPE","VIT:VIT-Vasculares:65587-1","65587-1",NA,NA,"VIT","438","Tarazona; Mochales, corral del Bosque","1050628676",NA,"VIT-Vasculares","VIT:VIT-Vasculares:65587-1",NA,"Reseda stricta Pers.",NA,NA,NA,NA,"a4c92107-b55e-433c-8db1-6c0dfe31eace",NA,NA,"Herbarium specimen",NA,NA,NA,NA,NA,NA,NA,NA,NA,NA,NA,NA,NA,NA,NA,"Cerros arcilloso-yesosos, con matorral mediterráneo",NA,NA,NA,NA,NA,NA,NA,NA,NA,NA,NA,NA,NA,NA,NA,NA,NA,NA,NA,NA,NA,NA,NA,NA,NA,NA,NA,NA,NA,NA,NA,NA,NA,NA,NA,NA,NA,NA,NA,NA,NA,NA,NA,NA,NA,NA,NA,NA,NA,NA,NA
"1050626146","Reseda stricta Pers.",41.92,-1.63,"cdc,gass84,mdativ,cdpi,osiic,colmano,inmafu","9f6f3c1c-b8b2-4d1d-be3e-36217e1cb9b8","4c91866b-3c2e-4568-aca0-3ab0a1c1a45e","2a3f6a56-7591-4f05-8c4c-a1bb77aa4ea6","6c4a0bb0-2a4d-11d8-aa2d-b8a03c50a862","ES","EML","2026-04-17T17:25:51.802+00:00","2026-04-24T02:24:07.303+00:00",432,"PRESERVED_SPECIMEN",1,"PRESENT",7275953,6,7707728,220,7225535,3110,3040250,7275953,7275953,"Reseda stricta Pers.","Plantae","Tracheophyta","Brassicales","Resedaceae","Reseda","Reseda stricta","Reseda","stricta","SPECIES","ACCEPTED",NA,442.5,22.5,"EUROPE","Zaragoza",2000,4,5,"2000-04-05",96,96,NA,"2026-04-24T02:24:07.303+00:00","http://creativecommons.org/licenses/by-nc/4.0/legalcode",FALSE,"VIT:VIT-Vasculares:63406-1","none","none",FALSE,NA,NA,"S. PATINO & P.M. URIBE-ECHEBARRIA","none","WGS84","Magnoliopsida","ES","none","none","EUROPE","Spain","EUROPE","VIT:VIT-Vasculares:63406-1","63406-1",NA,NA,"VIT","438","Tarazona; Desierto de Mochales","1050626146",NA,"VIT-Vasculares","VIT:VIT-Vasculares:63406-1",NA,"Reseda stricta Pers.",NA,NA,NA,NA,"a4c92107-b55e-433c-8db1-6c0dfe31eace",NA,NA,"Herbarium specimen",NA,NA,NA,NA,NA,NA,NA,NA,NA,NA,NA,NA,NA,NA,NA,"Intercambio SEST; Cerros de yeso y pedernal; ambiente muy seco y soleado",NA,NA,NA,NA,NA,NA,NA,NA,NA,NA,NA,NA,NA,NA,NA,NA,NA,NA,NA,NA,NA,NA,NA,NA,NA,NA,NA,NA,NA,NA,NA,NA,NA,NA,NA,NA,NA,NA,NA,NA,NA,NA,NA,NA,NA,NA,NA,NA,NA,NA,NA
"232591608","Reseda stricta Pers.",38.7,-1.33,"cdc,gass84,cdpi,colmano,inmafu","96b9eec4-f762-11e1-a439-00145eb45e9a","eba6daa8-0281-479e-aa2d-d78a2614db93","2a3f6a56-7591-4f05-8c4c-a1bb77aa4ea6","6c4a0bb0-2a4d-11d8-aa2d-b8a03c50a862","ES","EML","2026-04-17T22:02:24.702+00:00","2026-04-24T08:46:54.624+00:00",360,"PRESERVED_SPECIMEN",NA,"PRESENT",7275953,6,7707728,220,7225535,3110,3040250,7275953,7275953,"Reseda stricta Pers.","Plantae","Tracheophyta","Brassicales","Resedaceae","Reseda","Reseda stricta","Reseda","stricta","SPECIES","ACCEPTED",NA,600,0,"EUROPE","Mu",2000,5,NA,"2000-05",NA,NA,NA,"2026-04-24T08:46:54.624+00:00","http://creativecommons.org/licenses/by-nc/4.0/legalcode",FALSE,"232591608","none","none",FALSE,NA,NA,"J. B. Vera","none","WGS84","Magnoliopsida","ES","none","none","EUROPE","Spain","EUROPE",NA,"106624-1",NA,NA,"MUB","366","Yecla; Monte Arabí, Casa del Teta","232591608",NA,"SURESTE","232591608",NA,"Reseda stricta Pers.",NA,NA,NA,NA,"0d3bc86d-03b3-4475-b018-67c8c79d97cd",NA,"P. Sánchez-Gómez",NA,NA,NA,NA,NA,NA,NA,NA,NA,NA,NA,NA,NA,NA,NA,NA,NA,NA,NA,NA,NA,NA,NA,NA,NA,NA,NA,NA,NA,NA,NA,NA,NA,0,0,NA,NA,NA,"MUB",NA,NA,NA,NA,NA,NA,NA,NA,NA,NA,NA,NA,NA,NA,NA,NA,NA,NA,NA,NA,NA,NA,NA,NA,NA,NA,NA,NA,NA
"1050626556","Reseda stricta Pers.",41.95,-1.61,"cdc,gass84,mdativ,cdpi,osiic,colmano,inmafu","9f6f3c1c-b8b2-4d1d-be3e-36217e1cb9b8","4c91866b-3c2e-4568-aca0-3ab0a1c1a45e","2a3f6a56-7591-4f05-8c4c-a1bb77aa4ea6","6c4a0bb0-2a4d-11d8-aa2d-b8a03c50a862","ES","EML","2026-04-17T17:25:51.802+00:00","2026-04-24T02:23:17.222+00:00",432,"PRESERVED_SPECIMEN",1,"PRESENT",7275953,6,7707728,220,7225535,3110,3040250,7275953,7275953,"Reseda stricta Pers.","Plantae","Tracheophyta","Brassicales","Resedaceae","Reseda","Reseda stricta","Reseda","stricta","SPECIES","ACCEPTED",NA,455,5,"EUROPE","Zaragoza",2000,5,24,"2000-05-24",145,145,NA,"2026-04-24T02:23:17.222+00:00","http://creativecommons.org/licenses/by-nc/4.0/legalcode",FALSE,"VIT:VIT-Vasculares:63944-1","none","none",FALSE,NA,NA,"D. GOMEZ & P.M. URIBE-ECHEBARRIA","none","WGS84","Magnoliopsida","ES","none","none","EUROPE","Spain","EUROPE","VIT:VIT-Vasculares:63944-1","63944-1",NA,NA,"VIT","438","Tarazona; Mochales","1050626556",NA,"VIT-Vasculares","VIT:VIT-Vasculares:63944-1",NA,"Reseda stricta Pers.",NA,NA,NA,NA,"a4c92107-b55e-433c-8db1-6c0dfe31eace",NA,NA,"Herbarium specimen",NA,NA,NA,NA,NA,NA,NA,NA,NA,NA,NA,NA,NA,NA,NA,"Cerros de yeso y pedernal; seco",NA,NA,NA,NA,NA,NA,NA,NA,NA,NA,NA,NA,NA,NA,NA,NA,NA,NA,NA,NA,NA,NA,NA,NA,NA,NA,NA,NA,NA,NA,NA,NA,NA,NA,NA,NA,NA,NA,NA,NA,NA,NA,NA,NA,NA,NA,NA,NA,NA,NA,NA
"3713841769","Reseda stricta Pers.",37.13,-2.06,"cdc,gass84,mdativ,osiic,incomis,inmafu","83504144-f762-11e1-a439-00145eb45e9a","c1564d80-1b9d-471c-b84d-8d5dd2efbf0a","2a3f6a56-7591-4f05-8c4c-a1bb77aa4ea6","6c4a0bb0-2a4d-11d8-aa2d-b8a03c50a862","ES","EML","2026-04-18T01:37:24.938+00:00","2026-04-24T07:24:14.456+00:00",344,"PRESERVED_SPECIMEN",1,"PRESENT",7275953,6,7707728,220,7225535,3110,3040250,7275953,7275953,"Reseda stricta Pers.","Plantae","Tracheophyta","Brassicales","Resedaceae","Reseda","Reseda stricta","Reseda","stricta","SPECIES","ACCEPTED",1,400,0,"EUROPE","ALMERíA",2000,5,17,"2000-05-17",138,138,NA,"2026-04-24T07:24:14.456+00:00","http://creativecommons.org/licenses/by/4.0/legalcode",FALSE,"F796932F-9999-4811-A2D0-0091306D98B5","none","none",FALSE,NA,"Herbario de la Universidad de Almería",NA,"none","WGS84","Magnoliopsida","ES","none","none","EUROPE","Spain","EUROPE","F796932F-9999-4811-A2D0-0091306D98B5","8920-1",NA,NA,"JP","350","Sorbas","3713841769","es","HUAL","F796932F-9999-4811-A2D0-0091306D98B5","PhysicalObject","Reseda stricta Pers.","HUAL",NA,NA,NA,"a8343e51-cda3-4e7a-9eb6-4431f432fde4",NA,"S.Martín Bravo",NA,NA,NA,NA,NA,NA,NA,NA,NA,NA,NA,NA,NA,NA,NA,NA,NA,NA,NA,NA,NA,NA,NA,NA,NA,"Yesos","17/05/2000",NA,"Sorbas",NA,NA,NA,NA,NA,NA,NA,NA,NA,"HUAL",NA,NA,NA,NA,NA,NA,NA,NA,NA,NA,NA,NA,NA,NA,NA,NA,NA,NA,NA,NA,NA,NA,NA,NA,NA,NA,NA,NA,NA
"1936568228","Reseda stricta Pers.",37.6386,-2.5819,"cdc,gass84,inmano","834c9918-f762-11e1-a439-00145eb45e9a","0363cbd4-f666-455e-8e86-0bbddcf51950","2a3f6a56-7591-4f05-8c4c-a1bb77aa4ea6","6c4a0bb0-2a4d-11d8-aa2d-b8a03c50a862","ES","EML","2026-04-18T01:37:27.366+00:00","2026-04-24T05:20:31.001+00:00",423,"PRESERVED_SPECIMEN",NA,"PRESENT",7275953,6,7707728,220,7225535,3110,3040250,7275953,7275953,"Reseda stricta Pers.","Plantae","Tracheophyta","Brassicales","Resedaceae","Reseda","Reseda stricta","Reseda","stricta","SPECIES","ACCEPTED",NA,NA,NA,"EUROPE","Granada",2000,6,8,"2000-06-08",160,160,NA,"2026-04-24T05:20:31.001+00:00","http://creativecommons.org/licenses/by-nc/4.0/legalcode",FALSE,"55b7e5ea-20fe-11e3-9e2e-000c29035824","none","none",FALSE,"834c9918-f762-11e1-a439-00145eb45e9a",NA,"M.Velayos, M.A.Carrasco, C.Navarro & C.Santamaría","none","WGS84","Magnoliopsida","ES","none","none","EUROPE","Spain","EUROPE","55b7e5ea-20fe-11e3-9e2e-000c29035824","MA-01-00644610","0363cbd4-f666-455e-8e86-0bbddcf51950",NA,"MA","429","Cullar Baza, El Márgen, arroyo El Márgen","1936568228","es","MA","55b7e5ea-20fe-11e3-9e2e-000c29035824","Collection","Reseda stricta Pers.",NA,NA,NA,NA,NA,NA,NA,NA,NA,NA,NA,NA,NA,"9569",NA,NA,NA,NA,NA,NA,NA,NA,"MA",NA,NA,NA,NA,NA,NA,NA,"MA-644610-1",NA,"Habitat: saladares","8-VI-2000",NA,NA,NA,NA,NA,NA,NA,NA,NA,NA,NA,"MA",NA,NA,NA,NA,NA,"17abcf75-2f1e-46dd-bf75-a5b21dd02655",NA,NA,NA,NA,NA,NA,NA,"7275953",NA,"c32deb9e-20fe-11e3-9e2e-000c29035824",NA,NA,NA,NA,NA,NA,NA,NA,NA,NA,NA,NA,NA
"2558237651","Reseda stricta Pers.",37.64,-2.57,"cdc,gass84,colmafu,inmafu","834a4794-f762-11e1-a439-00145eb45e9a","8209258a-80e8-4094-aba2-a3febe5ed45b","2a3f6a56-7591-4f05-8c4c-a1bb77aa4ea6","6c4a0bb0-2a4d-11d8-aa2d-b8a03c50a862","ES","EML","2026-04-18T01:37:24.691+00:00","2026-04-24T10:27:26.533+00:00",375,"PRESERVED_SPECIMEN",NA,"PRESENT",7275953,6,7707728,220,7225535,3110,3040250,7275953,7275953,"Reseda stricta Pers.","Plantae","Tracheophyta","Brassicales","Resedaceae","Reseda","Reseda stricta","Reseda","stricta","SPECIES","ACCEPTED",707,860,0,"EUROPE","Granada",2000,6,8,"2000-06-08",160,160,"2025-11-03T14:20:45.000+00:00","2026-04-24T10:27:26.533+00:00","http://creativecommons.org/licenses/by-nc/4.0/legalcode",FALSE,"3A3AD48B-EF2A-479D-AB96-77F3CD3DC81D","none","none",TRUE,NA,"Colección de plantas vasculares del herbario de la Universitat de València (VAL)","J. Riera & P. Marco","none","WGS84","Magnoliopsida","ES","none","none","EUROPE","Spain","EUROPE","3A3AD48B-EF2A-479D-AB96-77F3CD3DC81D","226680-1","https://www.gbif.org/publisher/8209258a-80e8-4094-aba2-a3febe5ed45b",NA,"VAL","391","Cullar-Baza, Márgen de Arriba","2558237651","es","VAL","3A3AD48B-EF2A-479D-AB96-77F3CD3DC81D","PhysicalObject","Reseda stricta Pers.",NA,NA,NA,NA,"c645b060-c130-45ee-97ab-b9fc94393523","6ceb64b5-0201-4a27-bcdb-8d62035e35d5",NA,"Pliego",NA,NA,NA,NA,NA,NA,NA,NA,NA,NA,NA,NA,"in collection",NA,NA,NA,NA,NA,NA,NA,NA,NA,NA,NA,"algeps","08062000",NA,"Cúllar",NA,NA,NA,NA,NA,NA,"JRV-4012",NA,NA,"VAL",NA,NA,NA,NA,NA,NA,NA,NA,NA,NA,NA,NA,NA,NA,NA,NA,NA,NA,NA,NA,NA,NA,NA,NA,NA,NA,NA,NA,NA
"2592081305","Reseda stricta Pers.",40.33,-3.23,"cdc,gass84,colmafu,inmafu","835613da-f762-11e1-a439-00145eb45e9a","a7ae8a07-cb3f-42e6-8f4e-22868f8cdb27","2a3f6a56-7591-4f05-8c4c-a1bb77aa4ea6","6c4a0bb0-2a4d-11d8-aa2d-b8a03c50a862","ES","EML","2026-04-18T01:37:25.210+00:00","2026-04-29T14:10:49.366+00:00",344,"PRESERVED_SPECIMEN",NA,"PRESENT",7275953,6,7707728,220,7225535,3110,3040250,7275953,7275953,"Reseda stricta Pers.","Plantae","Tracheophyta","Brassicales","Resedaceae","Reseda","Reseda stricta","Reseda","stricta","SPECIES","ACCEPTED",NA,750,0,"EUROPE","Madrid",2000,6,6,"2000-06-06",158,158,"2005-12-02T11:38:14.000+00:00","2026-04-29T14:10:49.366+00:00","http://creativecommons.org/licenses/by-nc/4.0/legalcode",FALSE,"C289C950-2783-40A3-9C39-C757E6C15D50","none","none",FALSE,NA,"Herbario de la Facultad de Farmacia de la Universidad Complutense de Madrid (MAF)","J. A. Molina Abril & P. S. Moreno","none","WGS84","Magnoliopsida","ES","none","none","EUROPE","Spain","EUROPE","C289C950-2783-40A3-9C39-C757E6C15D50","165195-1",NA,NA,"MAF","350","Villar del Olmo, Cerro del Otero","2592081305","es","MAF","C289C950-2783-40A3-9C39-C757E6C15D50","PhysicalObject","Reseda stricta Pers.","MAF",NA,NA,NA,"80a05c0a-8097-45ea-9554-004144d588a3","b33fcd4a-da2d-4e10-869a-6dfb9d6effc0",NA,NA,NA,NA,NA,NA,NA,NA,NA,NA,NA,NA,NA,NA,NA,NA,NA,"CAM-16",NA,NA,NA,NA,NA,NA,NA,NA,"margas, entorno de coscojar","06-06-2000",NA,NA,NA,NA,NA,NA,NA,NA,"060600/2",NA,NA,"MAF",NA,NA,NA,NA,NA,NA,NA,NA,NA,NA,NA,NA,NA,NA,NA,NA,NA,NA,NA,NA,NA,NA,NA,NA,NA,NA,NA,NA,NA
"2592088627","Reseda stricta Pers.",40.33,-3.22,"cdc,gass84,colmafu,inmafu","835613da-f762-11e1-a439-00145eb45e9a","a7ae8a07-cb3f-42e6-8f4e-22868f8cdb27","2a3f6a56-7591-4f05-8c4c-a1bb77aa4ea6","6c4a0bb0-2a4d-11d8-aa2d-b8a03c50a862","ES","EML","2026-04-18T01:37:25.210+00:00","2026-04-29T14:10:36.661+00:00",344,"PRESERVED_SPECIMEN",NA,"PRESENT",7275953,6,7707728,220,7225535,3110,3040250,7275953,7275953,"Reseda stricta Pers.","Plantae","Tracheophyta","Brassicales","Resedaceae","Reseda","Reseda stricta","Reseda","stricta","SPECIES","ACCEPTED",NA,750,0,"EUROPE","Madrid",2000,6,6,"2000-06-06",158,158,"2006-02-09T11:16:55.000+00:00","2026-04-29T14:10:36.661+00:00","http://creativecommons.org/licenses/by-nc/4.0/legalcode",FALSE,"A824777E-3ABF-4911-85C7-0827EB1C9F6C","none","none",FALSE,NA,"Herbario de la Facultad de Farmacia de la Universidad Complutense de Madrid (MAF)","J. A. Molina Abril & P. S. Moreno","none","WGS84","Magnoliopsida","ES","none","none","EUROPE","Spain","EUROPE","A824777E-3ABF-4911-85C7-0827EB1C9F6C","165414-1",NA,NA,"MAF","350","Villar del Olmo, Peña Roldán","2592088627","es","MAF","A824777E-3ABF-4911-85C7-0827EB1C9F6C","PhysicalObject","Reseda stricta Pers.","MAF",NA,NA,NA,"80a05c0a-8097-45ea-9554-004144d588a3","b33fcd4a-da2d-4e10-869a-6dfb9d6effc0",NA,NA,NA,NA,NA,NA,NA,NA,NA,NA,NA,NA,NA,NA,NA,NA,NA,"CAM-15",NA,NA,NA,NA,NA,NA,NA,NA,NA,"06-06-2000",NA,NA,NA,NA,NA,NA,NA,NA,"060600/4",NA,NA,"MAF",NA,NA,NA,NA,NA,NA,NA,NA,NA,NA,NA,NA,NA,NA,NA,NA,NA,NA,NA,NA,NA,NA,NA,NA,NA,NA,NA,NA,NA
"3855037046","Reseda stricta Pers.",37.64,-2.57,"cdc,gass84,iddativ,osiic","6a7575fa-ae03-4ba3-b322-2da15b5033e2","d68c4230-a271-11d8-a9b3-b8a03c50a862","2a3f6a56-7591-4f05-8c4c-a1bb77aa4ea6","6c4a0bb0-2a4d-11d8-aa2d-b8a03c50a862","ES","EML","2026-04-17T19:28:29.248+00:00","2026-04-24T04:39:27.491+00:00",394,"PRESERVED_SPECIMEN",1,"PRESENT",7275953,6,7707728,220,7225535,3110,3040250,7275953,7275953,"Reseda stricta Pers.","Plantae","Tracheophyta","Brassicales","Resedaceae","Reseda","Reseda stricta","Reseda","stricta","SPECIES","ACCEPTED",707,872,0,"EUROPE","Granada",2000,6,8,"2000-06-08",160,160,"2022-06-24T10:36:01.000+00:00","2026-04-24T04:39:27.491+00:00","http://creativecommons.org/licenses/by-nc/4.0/legalcode",FALSE,"07B1C7E3-D80D-4378-8DE1-E2DEFD64D1A4","none","none",TRUE,NA,"Herbario de la Universidad de Granada: Colección GDA-Fanerogamia","C. Morales, C. Quesada, L. Baena & J.E. Linares","none","WGS84","Magnoliopsida","ES","none","none","EUROPE","Spain","EUROPE","07B1C7E3-D80D-4378-8DE1-E2DEFD64D1A4","42774-1","https://www.gbif.org/grscicoll/institution/a46ced27-ecc3-43df-981f-d6de329f50b4",NA,"GDA","400","Granada, Cúllar Baza, El Margen, Arroyo del Margen.","3855037046","es","GDA-Fanero","07B1C7E3-D80D-4378-8DE1-E2DEFD64D1A4","PhysicalObject","Reseda stricta Pers.",NA,NA,NA,NA,"a46ced27-ecc3-43df-981f-d6de329f50b4","82d87a2a-f701-46ca-a1c0-292e83fc790a","Martín Bravo, S.","Pliego",NA,"Herbarium University of Granada, Spain",NA,NA,NA,NA,NA,NA,NA,NA,NA,NA,"in collection",NA,"GDA",NA,NA,NA,NA,"https://www.gbif.org/grscicoll/collection/82d87a2a-f701-46ca-a1c0-292e83fc790a",NA,NA,NA,NA,"claros del matorral sobre sustratos ricos en yesos.","08/06/2000",NA,NA,NA,NA,NA,NA,0,0,NA,NA,NA,NA,NA,NA,NA,"Etiqueta de revisión para Flora de Andalucía Oriental",NA,NA,NA,NA,NA,NA,NA,NA,NA,NA,NA,NA,NA,NA,NA,NA,NA,NA,NA,NA,NA,NA,NA,NA,NA
"895172739","Reseda stricta Pers.",39.97,-2.71,"cdc,gass84,colmafu,inmafu","834a4794-f762-11e1-a439-00145eb45e9a","8209258a-80e8-4094-aba2-a3febe5ed45b","2a3f6a56-7591-4f05-8c4c-a1bb77aa4ea6","6c4a0bb0-2a4d-11d8-aa2d-b8a03c50a862","ES","EML","2026-04-18T01:37:24.691+00:00","2026-04-24T10:27:30.033+00:00",375,"PRESERVED_SPECIMEN",NA,"PRESENT",7275953,6,7707728,220,7225535,3110,3040250,7275953,7275953,"Reseda stricta Pers.","Plantae","Tracheophyta","Brassicales","Resedaceae","Reseda","Reseda stricta","Reseda","stricta","SPECIES","ACCEPTED",7071,NA,NA,"EUROPE","Cuenca",1999,9,27,"1999-09-27",270,270,"2025-11-03T14:20:45.000+00:00","2026-04-24T10:27:30.033+00:00","http://creativecommons.org/licenses/by-nc/4.0/legalcode",FALSE,"896E0B6E-6CB2-460B-BBE0-012425441011","none","none",FALSE,NA,"Colección de plantas vasculares del herbario de la Universitat de València (VAL)","J. A. Pinillos","none","WGS84","Magnoliopsida","ES","none","none","EUROPE","Spain","EUROPE","896E0B6E-6CB2-460B-BBE0-012425441011","152597-1","https://www.gbif.org/publisher/8209258a-80e8-4094-aba2-a3febe5ed45b",NA,"VAL","391","Casas de Villalva Perea, hacia Palomares del Campo","895172739","es","VAL","896E0B6E-6CB2-460B-BBE0-012425441011","PhysicalObject","Reseda stricta Pers.",NA,NA,NA,NA,"c645b060-c130-45ee-97ab-b9fc94393523","6ceb64b5-0201-4a27-bcdb-8d62035e35d5",NA,"Pliego",NA,NA,NA,NA,NA,NA,NA,NA,NA,NA,NA,NA,"in collection",NA,NA,NA,NA,NA,NA,NA,NA,NA,NA,NA,NA,"27091999",NA,"Palomares del Campo",NA,NA,NA,NA,NA,NA,NA,NA,NA,"VAL",NA,NA,NA,NA,NA,NA,NA,NA,NA,NA,NA,NA,NA,NA,NA,NA,NA,NA,NA,NA,NA,NA,NA,NA,NA,NA,NA,NA,NA
"1851369086","Reseda stricta Pers.",38.376,-0.968,"cdc,gass84,mdativ,osiic,colmafu,inmafu","7b74be32-f762-11e1-a439-00145eb45e9a","730cd32c-627f-44a8-9d93-fcfb23ade969","2a3f6a56-7591-4f05-8c4c-a1bb77aa4ea6","6c4a0bb0-2a4d-11d8-aa2d-b8a03c50a862","ES","EML","2026-04-17T20:40:41.625+00:00","2026-04-29T14:09:08.830+00:00",434,"PRESERVED_SPECIMEN",1,"PRESENT",7275953,6,7707728,220,7225535,3110,3040250,7275953,7275953,"Reseda stricta Pers.","Plantae","Tracheophyta","Brassicales","Resedaceae","Reseda","Reseda stricta","Reseda","stricta","SPECIES","ACCEPTED",707,800,0,"EUROPE","Alicante",1997,3,10,"1997-03-10",69,69,NA,"2026-04-29T14:09:08.830+00:00","http://creativecommons.org/licenses/by-nc/4.0/legalcode",FALSE,"8AC1D81E-6ADE-45E0-99A1-38BB46C3B05D","none","none",FALSE,"doi:10.15470/j3rugb","Colección de plantas vasculares del Herbario Jaime Andrés Rodríguez. LEB","A.Navarro & L.Serra","none","WGS84","Magnoliopsida","ES","none","none","EUROPE","Spain","EUROPE","8AC1D81E-6ADE-45E0-99A1-38BB46C3B05D","82204-1",NA,NA,"LEB","440","Pinoso. Sierra del Reclot. Barranco de la Quitranera","1851369086","ES","LEB","8AC1D81E-6ADE-45E0-99A1-38BB46C3B05D","PhysicalObject","Reseda stricta Pers.",NA,NA,NA,NA,"2af539a2-4f55-473c-9ad2-9ee7b20cb63a","1ba310c1-85e9-4c21-810b-09b5da025e80",NA,"Pliego",NA,NA,NA,NA,NA,NA,NA,NA,NA,NA,NA,NA,"in collection",NA,NA,NA,NA,NA,NA,NA,NA,NA,NA,NA,NA,"10-03-1997",NA,NA,NA,NA,NA,NA,NA,NA,NA,NA,NA,"LEB",NA,NA,NA,NA,NA,NA,NA,NA,NA,NA,NA,NA,NA,NA,NA,NA,NA,NA,NA,NA,NA,NA,NA,NA,NA,NA,NA,NA,NA
"1851572122","Reseda stricta Pers.",38.37,-0.96,"cdc,gass84,osiic,colmafu,inmafu","835852b2-f762-11e1-a439-00145eb45e9a","30b36805-4849-4abb-a39c-01b3a7fa3f2e","2a3f6a56-7591-4f05-8c4c-a1bb77aa4ea6","6c4a0bb0-2a4d-11d8-aa2d-b8a03c50a862","ES","EML","2026-04-18T01:37:27.890+00:00","2026-04-24T04:49:58.050+00:00",354,"PRESERVED_SPECIMEN",1,"PRESENT",7275953,6,7707728,220,7225535,3110,3040250,7275953,7275953,"Reseda stricta Pers.","Plantae","Tracheophyta","Brassicales","Resedaceae","Reseda","Reseda stricta","Reseda","stricta","SPECIES","ACCEPTED",707,800,0,"EUROPE","Alicante",1997,3,10,"1997-03-10",69,69,"2016-09-06T13:51:28.000+00:00","2026-04-24T04:49:58.050+00:00","http://creativecommons.org/licenses/by/4.0/legalcode",FALSE,"C16047D8-68D6-44B8-A4E1-0F36D7011AFD","none","none",FALSE,NA,NA,"A.Navarro & L.Serra","none","WGS84","Magnoliopsida","ES","none","none","EUROPE","Spain","EUROPE","C16047D8-68D6-44B8-A4E1-0F36D7011AFD","33604-1",NA,NA,"ABH","360","Pinoso; Sierra del Reclot, barranco de la Quitranera","1851572122",NA,"ABH","C16047D8-68D6-44B8-A4E1-0F36D7011AFD",NA,"Reseda stricta Pers.",NA,NA,NA,NA,"8aa53465-012a-4394-bc5a-5f99beee1ce7","189e886d-b24c-4f29-8ee3-3827e567e7df",NA,NA,NA,NA,NA,NA,NA,NA,NA,NA,NA,NA,NA,NA,NA,NA,NA,NA,NA,NA,NA,NA,NA,NA,NA,NA,NA,"10/3/1997",NA,NA,NA,NA,NA,NA,NA,NA,NA,NA,NA,"ABH",NA,NA,NA,NA,NA,NA,NA,NA,NA,NA,NA,NA,NA,NA,NA,NA,NA,NA,NA,NA,NA,NA,NA,NA,NA,NA,NA,NA,NA
"3713854302","Reseda stricta Pers.",36.83,-2.49,"cdc,gass84,mdativ,osiic,incomis,inmafu","83504144-f762-11e1-a439-00145eb45e9a","c1564d80-1b9d-471c-b84d-8d5dd2efbf0a","2a3f6a56-7591-4f05-8c4c-a1bb77aa4ea6","6c4a0bb0-2a4d-11d8-aa2d-b8a03c50a862","ES","EML","2026-04-18T01:37:24.938+00:00","2026-04-24T07:24:41.852+00:00",344,"PRESERVED_SPECIMEN",1,"PRESENT",7275953,6,7707728,220,7225535,3110,3040250,7275953,7275953,"Reseda stricta Pers.","Plantae","Tracheophyta","Brassicales","Resedaceae","Reseda","Reseda stricta","Reseda","stricta","SPECIES","ACCEPTED",707,NA,NA,"EUROPE","ALMERíA",1997,3,7,"1997-03-07",66,66,NA,"2026-04-24T07:24:41.852+00:00","http://creativecommons.org/licenses/by/4.0/legalcode",FALSE,"5F60A178-6CB8-47C8-8B19-4191A8955444","none","none",FALSE,NA,"Herbario de la Universidad de Almería","E. Giménez & F. Gómez Mercado","none","WGS84","Magnoliopsida","ES","none","none","EUROPE","Spain","EUROPE","5F60A178-6CB8-47C8-8B19-4191A8955444","1828-1",NA,NA,"JP","350","Sª de Gádor, Bco. de San Telmo","3713854302","es","HUAL","5F60A178-6CB8-47C8-8B19-4191A8955444","PhysicalObject","Reseda stricta Pers.","HUAL",NA,NA,NA,"a8343e51-cda3-4e7a-9eb6-4431f432fde4",NA,"S.Martín Bravo",NA,NA,NA,NA,NA,NA,NA,NA,NA,NA,NA,NA,NA,NA,NA,NA,NA,NA,NA,NA,NA,NA,NA,NA,NA,NA,"07/03/1997",NA,NA,NA,NA,NA,NA,NA,NA,NA,NA,NA,"HUAL",NA,NA,NA,NA,NA,NA,NA,NA,NA,NA,NA,NA,NA,NA,NA,NA,NA,NA,NA,NA,NA,NA,NA,NA,NA,NA,NA,NA,NA
"2521377837","Reseda stricta Pers.",37.09,-2.16,"gass84,inmano","838475f4-f762-11e1-a439-00145eb45e9a","6f3ccc65-0a54-4e65-ae7e-13b92d618e7c","2a3f6a56-7591-4f05-8c4c-a1bb77aa4ea6","6c4a0bb0-2a4d-11d8-aa2d-b8a03c50a862","ES","EML","2026-05-14T18:31:27.870+00:00","2026-05-19T13:30:16.637+00:00",396,"PRESERVED_SPECIMEN",NA,"PRESENT",7275953,6,7707728,220,7225535,3110,3040250,7275953,7275953,"Reseda stricta Pers.","Plantae","Tracheophyta","Brassicales","Resedaceae","Reseda","Reseda stricta","Reseda","stricta","SPECIES","ACCEPTED",7071.07,NA,NA,"EUROPE","Almería",1997,4,24,"1997-04-24",114,114,"2017-10-19T00:00:00.000+00:00","2026-05-19T13:30:16.637+00:00","http://creativecommons.org/licenses/by-nc/4.0/legalcode",FALSE,"3f72bd50-737f-41af-b046-c4e79c320f2d","none","none",FALSE,NA,"Institut Botànic de Barcelona (CSIC-CMCNB) – BC","E. del Castillo","none","WGS84","Magnoliopsida","ES","none","none","EUROPE","Spain","EUROPE","3f72bd50-737f-41af-b046-c4e79c320f2d","BC-914796","6f3ccc65-0a54-4e65-ae7e-13b92d618e7c",NA,"BC","410","Sorbas; Sorbas, Los Yesos","2521377837",NA,"BC","3f72bd50-737f-41af-b046-c4e79c320f2d",NA,"Reseda stricta Pers.",NA,NA,NA,NA,NA,NA,NA,"Herbarium specimen",NA,NA,NA,NA,NA,NA,NA,NA,NA,NA,NA,NA,NA,NA,NA,NA,NA,NA,NA,NA,NA,NA,NA,NA,"sòl àrid, voltants pedrera de guix","24/04/1997",NA,NA,NA,NA,NA,NA,NA,NA,NA,NA,NA,"BC",NA,NA,"HERBARI E. del CASTILLO JAQUOLOT","Last label",NA,NA,NA,NA,NA,NA,NA,NA,NA,NA,NA,NA,NA,NA,NA,NA,NA,NA,NA,NA,NA,NA,NA,NA,NA
"895141276","Reseda stricta Pers.",39.43,-2.71,"cdc,gass84,colmafu,inmafu","834a4794-f762-11e1-a439-00145eb45e9a","8209258a-80e8-4094-aba2-a3febe5ed45b","2a3f6a56-7591-4f05-8c4c-a1bb77aa4ea6","6c4a0bb0-2a4d-11d8-aa2d-b8a03c50a862","ES","EML","2026-04-18T01:37:24.691+00:00","2026-04-24T10:27:23.751+00:00",375,"PRESERVED_SPECIMEN",NA,"PRESENT",7275953,6,7707728,220,7225535,3110,3040250,7275953,7275953,"Reseda stricta Pers.","Plantae","Tracheophyta","Brassicales","Resedaceae","Reseda","Reseda stricta","Reseda","stricta","SPECIES","ACCEPTED",7071,700,0,"EUROPE","Cuenca",1997,5,17,"1997-05-17",137,137,"2025-11-03T14:20:45.000+00:00","2026-04-24T10:27:23.751+00:00","http://creativecommons.org/licenses/by-nc/4.0/legalcode",FALSE,"DBDFDA9F-08D0-47E1-AE29-EB3C669F7149","none","none",FALSE,NA,"Colección de plantas vasculares del herbario de la Universitat de València (VAL)","Mateo, Arán","none","WGS84","Magnoliopsida","ES","none","none","EUROPE","Spain","EUROPE","DBDFDA9F-08D0-47E1-AE29-EB3C669F7149","102127-1","https://www.gbif.org/publisher/8209258a-80e8-4094-aba2-a3febe5ed45b",NA,"VAL","391","El Pedernoso; pr. Charco del Soldado","895141276","es","VAL","DBDFDA9F-08D0-47E1-AE29-EB3C669F7149","PhysicalObject","Reseda stricta Pers.",NA,NA,NA,NA,"c645b060-c130-45ee-97ab-b9fc94393523","6ceb64b5-0201-4a27-bcdb-8d62035e35d5",NA,"Pliego",NA,NA,NA,NA,NA,NA,NA,NA,NA,NA,NA,NA,"in collection",NA,NA,"ex VAB-971731",NA,NA,NA,NA,NA,NA,NA,NA,"pinar en arenas","17/05/1997",NA,"el Pedernoso",NA,NA,NA,NA,NA,NA,NA,NA,NA,"VAL",NA,NA,NA,NA,NA,NA,NA,NA,NA,NA,NA,NA,NA,NA,NA,NA,NA,NA,NA,NA,NA,NA,NA,NA,NA,NA,NA,NA,NA
"2997761729","Reseda stricta Pers.",0,0,"cucdmis,gass84,iddativ,txmathi,zerocd,colmafu,inmafu","f5d836d5-cb15-4178-8f57-68ef1d6551e9","838537fc-4aeb-4980-8b58-97fbdcd1d91a","ecb15bdf-98de-4937-84f5-4f93ee9efc73","838537fc-4aeb-4980-8b58-97fbdcd1d91a","BR","EML","2026-05-02T08:30:38.814+00:00","2026-05-02T09:01:03.176+00:00",297,"PRESERVED_SPECIMEN",NA,"PRESENT",7275953,6,7707728,220,7225535,3110,3040250,7275953,7275953,"Reseda stricta Pers.","Plantae","Tracheophyta","Brassicales","Resedaceae","Reseda","Reseda stricta","Reseda","stricta","SPECIES","ACCEPTED",NA,NA,NA,NA,"Madrid",1997,5,30,"1997-05-30",150,150,NA,"2026-05-02T09:01:03.176+00:00","http://creativecommons.org/licenses/by/4.0/legalcode",FALSE,"4289507","none","none",FALSE,NA,NA,"Cantó, P","none","WGS84","Magnoliopsida","ES","none","none","EUROPE","Spain","LATIN_AMERICA","4289507","SPF00163505",NA,NA,"SPF","298","Terrenos margosos.","2997761729",NA,"SPF","4289507",NA,"Reseda stricta Pers.",NA,NA,NA,NA,"d32ef874-a248-451e-bd16-8bf91e742241","2c7d1b6e-14bb-4c1a-b689-1b89226fbf0f","Anônimo",NA,NA,"SPF",NA,NA,NA,"s.n.",NA,NA,NA,NA,NA,NA,NA,NA,NA,NA,NA,"Herbário Virtual REFLORA Disponível em: http://herbariovirtualreflora.jbrj.gov.br/reflora/herbarioVirtual/ConsultaPublicoHVUC/ConsultaPublicoHVUC.do?idTestemunho=4289507",NA,NA,NA,"none",NA,NA,NA,"30/05/97",NA,"Aranjuez",NA,NA,NA,NA,NA,NA,NA,NA,NA,NA,NA,NA,NA,NA,NA,"4b0d8edb-7504-42c4-9349-63e86c01bf97",NA,NA,NA,NA,NA,NA,NA,NA,NA,NA,NA,NA,NA,NA,NA,NA,NA,NA,NA,NA,NA,NA,NA
"895141444","Reseda stricta Pers.",39.47,-1.23,"cdc,gass84,colmafu,inmafu","834a4794-f762-11e1-a439-00145eb45e9a","8209258a-80e8-4094-aba2-a3febe5ed45b","2a3f6a56-7591-4f05-8c4c-a1bb77aa4ea6","6c4a0bb0-2a4d-11d8-aa2d-b8a03c50a862","ES","EML","2026-04-18T01:37:24.691+00:00","2026-04-24T10:27:15.600+00:00",375,"PRESERVED_SPECIMEN",NA,"PRESENT",7275953,6,7707728,220,7225535,3110,3040250,7275953,7275953,"Reseda stricta Pers.","Plantae","Tracheophyta","Brassicales","Resedaceae","Reseda","Reseda stricta","Reseda","stricta","SPECIES","ACCEPTED",707,680,0,"EUROPE","València",1997,6,7,"1997-06-07",158,158,"2025-11-03T14:20:45.000+00:00","2026-04-24T10:27:15.600+00:00","http://creativecommons.org/licenses/by-nc/4.0/legalcode",FALSE,"8794CF9A-70A0-498B-8712-D09F1ADE839B","none","none",FALSE,NA,"Colección de plantas vasculares del herbario de la Universitat de València (VAL)","Mateo, Torres, Muñoz","none","WGS84","Magnoliopsida","ES","none","none","EUROPE","Spain","EUROPE","8794CF9A-70A0-498B-8712-D09F1ADE839B","102445-1","https://www.gbif.org/publisher/8209258a-80e8-4094-aba2-a3febe5ed45b",NA,"VAL","391","Requena; Los Ruices, rambla los Calabachos","895141444","es","VAL","8794CF9A-70A0-498B-8712-D09F1ADE839B","PhysicalObject","Reseda stricta Pers.",NA,NA,NA,NA,"c645b060-c130-45ee-97ab-b9fc94393523","6ceb64b5-0201-4a27-bcdb-8d62035e35d5",NA,"Pliego",NA,NA,NA,NA,NA,NA,NA,NA,NA,NA,NA,NA,"in collection",NA,NA,"ex VAB-972049",NA,NA,NA,NA,NA,NA,NA,NA,NA,"07/06/1997",NA,"Requena (Plana d´Utiel-Requena)",NA,NA,NA,NA,NA,NA,NA,NA,NA,"VAL",NA,NA,NA,NA,NA,NA,NA,NA,NA,NA,NA,NA,NA,NA,NA,NA,NA,NA,NA,NA,NA,NA,NA,NA,NA,NA,NA,NA,NA
"4529441163","Reseda stricta Pers.",41.485275,0.784013,"cdc,cdround,cdpi,inmano","a4b7c71e-fc73-434e-a008-d63c222179d0","7b4f2f30-a456-11d9-8049-b8a03c50a862","2a3f6a56-7591-4f05-8c4c-a1bb77aa4ea6","6c4a0bb0-2a4d-11d8-aa2d-b8a03c50a862","ES","EML","2026-04-17T15:02:28.711+00:00","2026-04-24T02:23:58.682+00:00",415,"PRESERVED_SPECIMEN",NA,"PRESENT",7275953,6,7707728,220,7225535,3110,3040250,7275953,7275953,"Reseda stricta Pers.","Plantae","Tracheophyta","Brassicales","Resedaceae","Reseda","Reseda stricta","Reseda","stricta","SPECIES","ACCEPTED",NA,NA,NA,"EUROPE",NA,1997,6,2,"1997-06-02",153,153,"2024-01-08T00:00:00.000+00:00","2026-04-24T02:23:58.682+00:00","http://creativecommons.org/licenses/by-nc/4.0/legalcode",FALSE,"BDBC-C.2236.0.31750.18305","none","none",FALSE,"doi:10.15470/fzwiiu","FloraCAT: Banco de datos de los cormófitos de Cataluña","M. Juanola, HGI-23845, * 3","none","WGS84","Magnoliopsida","ES","none","none","EUROPE","Spain","EUROPE","BDBC-C.2236.0.31750.18305","HGI-23845",NA,NA,"BDBC","421","LES BORGES BLANQUES, en una brolla calcÃ­cola cap a Castelldans; BORGES BLANQUES, LES; Garrigues","4529441163","es","BDBC-Floracat","BDBC-C.2236.0.31750.18305","Dataset","Reseda stricta Pers.","BDBC",NA,"original",NA,NA,NA,"M. Juanola",NA,NA,"Generalitat de Catalunya",NA,NA,NA,NA,NA,NA,NA,NA,NA,NA,NA,"C000935",NA,NA,NA,"Herbari de l'Universitat de Girona. (2021). Plecs Herbari HGI. Herbari de Girona",NA,NA,NA,NA,NA,NA,NA,NA,NA,NA,NA,NA,NA,NA,NA,NA,NA,NA,NA,NA,NA,NA,NA,NA,NA,NA,NA,NA,NA,NA,"Catalonia","UTM","{""percentNN"":0.9779,""countNN"":354,""distanceNN"":0.09}","C000935a","Reseda stricta stricta",NA,NA,NA,NA,NA,NA,NA,NA,NA,NA,NA,NA,NA,NA
"30937990","Reseda stricta Pers.",40.27,-3.44,"cdc,gass84,colmafu,inmafu","835613da-f762-11e1-a439-00145eb45e9a","a7ae8a07-cb3f-42e6-8f4e-22868f8cdb27","2a3f6a56-7591-4f05-8c4c-a1bb77aa4ea6","6c4a0bb0-2a4d-11d8-aa2d-b8a03c50a862","ES","EML","2026-04-18T01:37:25.210+00:00","2026-04-29T14:10:57.239+00:00",344,"PRESERVED_SPECIMEN",NA,"PRESENT",7275953,6,7707728,220,7225535,3110,3040250,7275953,7275953,"Reseda stricta Pers.","Plantae","Tracheophyta","Brassicales","Resedaceae","Reseda","Reseda stricta","Reseda","stricta","SPECIES","ACCEPTED",707,680,0,"EUROPE","Madrid",1996,4,29,"1996-04-29",120,120,"2005-10-10T10:15:19.000+00:00","2026-04-29T14:10:57.239+00:00","http://creativecommons.org/licenses/by-nc/4.0/legalcode",FALSE,"88BFBFA0-9CFD-4AE4-831D-2C4877B5698D","none","none",TRUE,NA,"Herbario de la Facultad de Farmacia de la Universidad Complutense de Madrid (MAF)","J.M. Sobrados","none","WGS84","Magnoliopsida","ES","none","none","EUROPE","Spain","EUROPE","88BFBFA0-9CFD-4AE4-831D-2C4877B5698D","159164-1",NA,NA,"MAF","350","Arganda del Rey","30937990","es","MAF","88BFBFA0-9CFD-4AE4-831D-2C4877B5698D","PhysicalObject","Reseda stricta Pers.","MAF",NA,NA,NA,"80a05c0a-8097-45ea-9554-004144d588a3","b33fcd4a-da2d-4e10-869a-6dfb9d6effc0",NA,NA,NA,NA,NA,NA,NA,NA,NA,NA,NA,NA,NA,NA,NA,NA,NA,NA,NA,NA,NA,NA,NA,NA,NA,NA,"afloramientos de yeso en terrenos margosos","29- 4-1996",NA,NA,NA,NA,NA,NA,NA,NA,NA,NA,NA,"MAF",NA,NA,NA,NA,NA,NA,NA,NA,NA,NA,NA,NA,NA,NA,NA,NA,NA,NA,NA,NA,NA,NA,NA,NA,NA,NA,NA,NA,NA
"895166661","Reseda stricta Pers.",40.27,-3.44,"cdc,gass84,colmafu,inmafu","834a4794-f762-11e1-a439-00145eb45e9a","8209258a-80e8-4094-aba2-a3febe5ed45b","2a3f6a56-7591-4f05-8c4c-a1bb77aa4ea6","6c4a0bb0-2a4d-11d8-aa2d-b8a03c50a862","ES","EML","2026-04-18T01:37:24.691+00:00","2026-04-24T10:27:15.545+00:00",375,"PRESERVED_SPECIMEN",NA,"PRESENT",7275953,6,7707728,220,7225535,3110,3040250,7275953,7275953,"Reseda stricta Pers.","Plantae","Tracheophyta","Brassicales","Resedaceae","Reseda","Reseda stricta","Reseda","stricta","SPECIES","ACCEPTED",707,680,0,"EUROPE","Madrid",1996,4,29,"1996-04-29",120,120,"2025-11-03T14:20:45.000+00:00","2026-04-24T10:27:15.545+00:00","http://creativecommons.org/licenses/by-nc/4.0/legalcode",FALSE,"7340CD8D-2D75-4EE5-0861-D8A080AE9824","none","none",TRUE,NA,"Colección de plantas vasculares del herbario de la Universitat de València (VAL)","J.M. Sobrados","none","WGS84","Magnoliopsida","ES","none","none","EUROPE","Spain","EUROPE","7340CD8D-2D75-4EE5-0861-D8A080AE9824","142279-1","https://www.gbif.org/publisher/8209258a-80e8-4094-aba2-a3febe5ed45b",NA,"VAL","391","Arganda del Rey","895166661","es","VAL","7340CD8D-2D75-4EE5-0861-D8A080AE9824","PhysicalObject","Reseda stricta Pers.",NA,NA,NA,NA,"c645b060-c130-45ee-97ab-b9fc94393523","6ceb64b5-0201-4a27-bcdb-8d62035e35d5",NA,"Pliego",NA,NA,NA,NA,NA,NA,NA,NA,NA,NA,NA,NA,"in collection",NA,NA,NA,NA,NA,NA,NA,NA,NA,NA,NA,"Afloramientos de yeso en terrenos margosos.","29041996",NA,NA,NA,NA,NA,NA,NA,NA,NA,NA,NA,"VAL","{Exsiccata: Société pour l'echange des plantes vasculaires}",NA,NA,NA,NA,NA,NA,NA,NA,NA,NA,NA,NA,NA,NA,NA,NA,NA,NA,NA,NA,NA,NA,NA,NA,NA,NA,NA,NA
"1050625962","Reseda stricta Pers.",40.27,-3.44,"cdc,gass84,mdativ,cdpi,osiic,colmano,inmafu","9f6f3c1c-b8b2-4d1d-be3e-36217e1cb9b8","4c91866b-3c2e-4568-aca0-3ab0a1c1a45e","2a3f6a56-7591-4f05-8c4c-a1bb77aa4ea6","6c4a0bb0-2a4d-11d8-aa2d-b8a03c50a862","ES","EML","2026-04-17T17:25:51.802+00:00","2026-04-24T02:23:02.022+00:00",432,"PRESERVED_SPECIMEN",1,"PRESENT",7275953,6,7707728,220,7225535,3110,3040250,7275953,7275953,"Reseda stricta Pers.","Plantae","Tracheophyta","Brassicales","Resedaceae","Reseda","Reseda stricta","Reseda","stricta","SPECIES","ACCEPTED",NA,682.5,2.5,"EUROPE","Madrid",1996,4,29,"1996-04-29",120,120,NA,"2026-04-24T02:23:02.022+00:00","http://creativecommons.org/licenses/by-nc/4.0/legalcode",FALSE,"VIT:VIT-Vasculares:63224-1","none","none",TRUE,NA,NA,"J.M. SOBRADOS [LIEJA 17950]","none","WGS84","Magnoliopsida","ES","none","none","EUROPE","Spain","EUROPE","VIT:VIT-Vasculares:63224-1","63224-1",NA,NA,"VIT","438","Arganda del Rey","1050625962",NA,"VIT-Vasculares","VIT:VIT-Vasculares:63224-1",NA,"Reseda stricta Pers.",NA,NA,NA,NA,"a4c92107-b55e-433c-8db1-6c0dfe31eace",NA,NA,"Herbarium specimen",NA,NA,NA,NA,NA,NA,NA,NA,NA,NA,NA,NA,NA,NA,NA,"Afloramientos de yeso en terrenos margosos",NA,NA,NA,NA,NA,NA,NA,NA,NA,NA,NA,NA,NA,NA,NA,NA,NA,NA,NA,NA,NA,NA,NA,NA,NA,NA,NA,NA,NA,NA,NA,NA,NA,NA,NA,NA,NA,NA,NA,NA,NA,NA,NA,NA,NA,NA,NA,NA,NA,NA,NA
"1936550512","Reseda stricta Pers.",40.2697,-3.4482,"cdc,gass84,inmano","834c9918-f762-11e1-a439-00145eb45e9a","0363cbd4-f666-455e-8e86-0bbddcf51950","2a3f6a56-7591-4f05-8c4c-a1bb77aa4ea6","6c4a0bb0-2a4d-11d8-aa2d-b8a03c50a862","ES","EML","2026-04-18T01:37:27.366+00:00","2026-04-24T05:20:27.419+00:00",423,"PRESERVED_SPECIMEN",NA,"PRESENT",7275953,6,7707728,220,7225535,3110,3040250,7275953,7275953,"Reseda stricta Pers.","Plantae","Tracheophyta","Brassicales","Resedaceae","Reseda","Reseda stricta","Reseda","stricta","SPECIES","ACCEPTED",NA,680,NA,"EUROPE","Madrid",1996,4,29,"1996-04-29",120,120,NA,"2026-04-24T05:20:27.419+00:00","http://creativecommons.org/licenses/by-nc/4.0/legalcode",FALSE,"53bc0822-20fe-11e3-9e2e-000c29035824","none","none",FALSE,"834c9918-f762-11e1-a439-00145eb45e9a",NA,"J.M. Sobrados","none","WGS84","Magnoliopsida","ES","none","none","EUROPE","Spain","EUROPE","53bc0822-20fe-11e3-9e2e-000c29035824","MA-01-00625458","0363cbd4-f666-455e-8e86-0bbddcf51950",NA,"MA","429","Arganda del Rey","1936550512","es","MA","53bc0822-20fe-11e3-9e2e-000c29035824","Collection","Reseda stricta Pers.",NA,NA,NA,NA,NA,NA,"J.M. Sobrados",NA,NA,NA,NA,NA,NA,NA,NA,NA,NA,NA,NA,NA,NA,NA,"MA",NA,NA,NA,NA,NA,NA,NA,"MA-625458-1",NA,"Habitat: afloramientos de yeso en terrenos margosos","29041996",NA,NA,NA,NA,NA,NA,NA,NA,NA,NA,NA,"MA",NA,NA,NA,NA,NA,"17abcf75-2f1e-46dd-bf75-a5b21dd02655",NA,NA,NA,NA,NA,NA,NA,"7275953",NA,"c1d4c4d1-20fe-11e3-9e2e-000c29035824",NA,NA,NA,NA,NA,NA,NA,NA,NA,NA,NA,NA,NA
"3829874501","Reseda stricta Pers.",40.2688171,-3.4412006,"cdc,cdrep,inmano","834dcb62-f762-11e1-a439-00145eb45e9a","e8fb330c-5750-4698-afba-5438618af521","2a3f6a56-7591-4f05-8c4c-a1bb77aa4ea6","6c4a0bb0-2a4d-11d8-aa2d-b8a03c50a862","ES","EML","2026-04-18T01:37:26.846+00:00","2026-04-24T06:43:54.661+00:00",400,"PRESERVED_SPECIMEN",NA,"PRESENT",7275953,6,7707728,220,7225535,3110,3040250,7275953,7275953,"Reseda stricta Pers.","Plantae","Tracheophyta","Brassicales","Resedaceae","Reseda","Reseda stricta","Reseda","stricta","SPECIES","ACCEPTED",707,680,0,"EUROPE","Madrid",1996,4,29,"1996-04-29",120,120,"2021-06-08T10:49:06.000+00:00","2026-04-24T06:43:54.661+00:00","http://creativecommons.org/licenses/by-nc/4.0/legalcode",FALSE,"00FF4E9D-E999-4DF3-A7F8-8B3EBFB8D5FD","none","none",FALSE,"doi:10.15468/xtjld4","Herbario BIO de Plantas Vasculares (BIO), Universidad del Pais Vasco (UPV/EHU)","J.M. Sobrados Ferradal","none","WGS84","Magnoliopsida","ES","none","none","EUROPE","Spain","EUROPE","00FF4E9D-E999-4DF3-A7F8-8B3EBFB8D5FD","29464-1","e8fb330c-5750-4698-afba-5438618af521","ICBN","Universidad del Pais Vasco (UPV/EHU)","406","Arganda del Rey","3829874501","es | en","BIO","00FF4E9D-E999-4DF3-A7F8-8B3EBFB8D5FD","PhysicalObject","Reseda stricta Pers.",NA,NA,NA,NA,NA,NA,"J.M. Sobrados","Pliego",NA,NA,NA,NA,NA,NA,NA,NA,NA,NA,NA,NA,"in collection",NA,NA,NA,NA,NA,NA,NA,NA,NA,NA,NA,"Afloramientos de yeso en terrenos margosos","29/04/1996",NA,NA,NA,NA,NA,NA,NA,NA,NA,NA,NA,"BIO",NA,NA,NA,NA,NA,NA,NA,NA,NA,NA,NA,NA,NA,NA,NA,NA,NA,NA,NA,NA,NA,NA,NA,NA,NA,NA,NA,NA,NA
"3829881467","Reseda stricta Pers.",40.2688171,-3.4412006,"cdc,cdrep,inmano","834dcb62-f762-11e1-a439-00145eb45e9a","e8fb330c-5750-4698-afba-5438618af521","2a3f6a56-7591-4f05-8c4c-a1bb77aa4ea6","6c4a0bb0-2a4d-11d8-aa2d-b8a03c50a862","ES","EML","2026-04-18T01:37:26.846+00:00","2026-04-24T06:44:12.958+00:00",400,"PRESERVED_SPECIMEN",NA,"PRESENT",7275953,6,7707728,220,7225535,3110,3040250,7275953,7275953,"Reseda stricta Pers.","Plantae","Tracheophyta","Brassicales","Resedaceae","Reseda","Reseda stricta","Reseda","stricta","SPECIES","ACCEPTED",707,680,0,"EUROPE","Madrid",1996,4,29,"1996-04-29",120,120,"2021-06-08T10:49:06.000+00:00","2026-04-24T06:44:12.958+00:00","http://creativecommons.org/licenses/by-nc/4.0/legalcode",FALSE,"57EB54AD-5736-4414-8FB0-82E96BA8F89A","none","none",FALSE,"doi:10.15468/xtjld4","Herbario BIO de Plantas Vasculares (BIO), Universidad del Pais Vasco (UPV/EHU)","J.M. Sobrados Ferradal","none","WGS84","Magnoliopsida","ES","none","none","EUROPE","Spain","EUROPE","57EB54AD-5736-4414-8FB0-82E96BA8F89A","30632-1","e8fb330c-5750-4698-afba-5438618af521","ICBN","Universidad del Pais Vasco (UPV/EHU)","406","Arganda del Rey","3829881467","es | en","BIO","57EB54AD-5736-4414-8FB0-82E96BA8F89A","PhysicalObject","Reseda stricta Pers.",NA,NA,NA,NA,NA,NA,"J.M. Sobrados.","Pliego",NA,NA,NA,NA,NA,NA,NA,NA,NA,NA,NA,NA,"in collection",NA,NA,NA,NA,NA,NA,NA,NA,NA,NA,NA,"Afloramientos de yeso en terrenos margosos.","29/04/1996",NA,NA,NA,NA,NA,NA,NA,NA,NA,NA,NA,"BIO",NA,NA,NA,NA,NA,NA,NA,NA,NA,NA,NA,NA,NA,NA,NA,NA,NA,NA,NA,NA,NA,NA,NA,NA,NA,NA,NA,NA,NA
"5890540586","Reseda stricta Pers.",40.27,-3.44,"cdc,iddativ,colmafu,inmafu","c3b131e0-e7fd-48de-bafb-6ce794018af9","245ca00d-9f35-4094-886c-f1df056cd684","2a3f6a56-7591-4f05-8c4c-a1bb77aa4ea6","6c4a0bb0-2a4d-11d8-aa2d-b8a03c50a862","ES","EML","2026-04-22T03:29:58.225+00:00","2026-04-24T07:53:44.364+00:00",159,"PRESERVED_SPECIMEN",NA,"PRESENT",7275953,6,7707728,220,7225535,3110,3040250,7275953,7275953,"Reseda stricta Pers.","Plantae","Tracheophyta","Brassicales","Resedaceae","Reseda","Reseda stricta","Reseda","stricta","SPECIES","ACCEPTED",707,NA,NA,"EUROPE","Madrid",1996,4,29,"1996-04-29",120,120,"2025-04-25T12:05:33.000+00:00","2026-04-24T07:53:44.364+00:00","http://creativecommons.org/licenses/by-nc/4.0/legalcode",FALSE,"D3FA4B06-E76D-4976-9CDC-079D89A49C9D","none","none",TRUE,"doi:10.15470/wiadvo","Universidad de Jaén - Herbario de la Universidad de Jaén (JAEN)","J.M. Sobrados","none","WGS84","Magnoliopsida","ES","none","none","EUROPE","Spain","EUROPE","D3FA4B06-E76D-4976-9CDC-079D89A49C9D","655738-1",NA,NA,"JAEN","181","Arganda del Rey","5890540586","es","JAEN","D3FA4B06-E76D-4976-9CDC-079D89A49C9D","PhysicalObject","Reseda stricta Pers.",NA,NA,NA,NA,"49a198b0-7ef5-45bb-8685-70c360fe8d82","aa248eeb-5d01-4120-8edb-82a10e430533","S. Martín Bravo",NA,NA,NA,NA,NA,NA,NA,NA,NA,NA,NA,NA,NA,NA,NA,NA,"Société pour l'Échange des Plantes Vasculaires de l'Europe et du Bassin Méditerranéen,",NA,NA,NA,NA,NA,NA,NA,NA,"Afloramientos de yeso en terrenos margosos","29/04/1996",NA,"Arganda del Rey",NA,NA,NA,NA,NA,NA,NA,NA,NA,NA,NA,NA,NA,NA,"{Exsicc:Société pour l'Échange des Plantes Vasculaires Exsicc Number:17950}",NA,NA,NA,NA,NA,NA,NA,NA,NA,NA,NA,NA,NA,NA,NA,NA,NA,NA,NA,NA,NA,NA,NA,NA
"895172952","Reseda stricta Pers.",39.7,-2.24,"cdc,gass84,colmafu,inmafu","834a4794-f762-11e1-a439-00145eb45e9a","8209258a-80e8-4094-aba2-a3febe5ed45b","2a3f6a56-7591-4f05-8c4c-a1bb77aa4ea6","6c4a0bb0-2a4d-11d8-aa2d-b8a03c50a862","ES","EML","2026-04-18T01:37:24.691+00:00","2026-04-24T10:27:22.610+00:00",375,"PRESERVED_SPECIMEN",NA,"PRESENT",7275953,6,7707728,220,7225535,3110,3040250,7275953,7275953,"Reseda stricta Pers.","Plantae","Tracheophyta","Brassicales","Resedaceae","Reseda","Reseda stricta","Reseda","stricta","SPECIES","ACCEPTED",7071,NA,NA,"EUROPE","Cuenca",1996,5,12,"1996-05-12",133,133,"2025-11-03T14:20:45.000+00:00","2026-04-24T10:27:22.610+00:00","http://creativecommons.org/licenses/by-nc/4.0/legalcode",FALSE,"E108463D-4182-456C-9DBA-E66C25534E12","none","none",FALSE,NA,"Colección de plantas vasculares del herbario de la Universitat de València (VAL)","J. A. Pinillos","none","WGS84","Magnoliopsida","ES","none","none","EUROPE","Spain","EUROPE","E108463D-4182-456C-9DBA-E66C25534E12","152808-1","https://www.gbif.org/publisher/8209258a-80e8-4094-aba2-a3febe5ed45b",NA,"VAL","391","Valverde del Júcar","895172952","es","VAL","E108463D-4182-456C-9DBA-E66C25534E12","PhysicalObject","Reseda stricta Pers.",NA,NA,NA,NA,"c645b060-c130-45ee-97ab-b9fc94393523","6ceb64b5-0201-4a27-bcdb-8d62035e35d5",NA,"Pliego",NA,NA,NA,NA,NA,NA,NA,NA,NA,NA,NA,NA,"in collection",NA,NA,NA,NA,NA,NA,NA,NA,NA,NA,NA,"yesos","12051996",NA,"Valverde de Júcar",NA,NA,NA,NA,NA,NA,"0694/1JP",NA,NA,"VAL",NA,NA,NA,NA,NA,NA,NA,NA,NA,NA,NA,NA,NA,NA,NA,NA,NA,NA,NA,NA,NA,NA,NA,NA,NA,NA,NA,NA,NA
"895172991","Reseda stricta Pers.",39.79,-2.59,"cdc,gass84,colmafu,inmafu","834a4794-f762-11e1-a439-00145eb45e9a","8209258a-80e8-4094-aba2-a3febe5ed45b","2a3f6a56-7591-4f05-8c4c-a1bb77aa4ea6","6c4a0bb0-2a4d-11d8-aa2d-b8a03c50a862","ES","EML","2026-04-18T01:37:24.691+00:00","2026-04-24T10:27:08.190+00:00",375,"PRESERVED_SPECIMEN",NA,"PRESENT",7275953,6,7707728,220,7225535,3110,3040250,7275953,7275953,"Reseda stricta Pers.","Plantae","Tracheophyta","Brassicales","Resedaceae","Reseda","Reseda stricta","Reseda","stricta","SPECIES","ACCEPTED",7071,NA,NA,"EUROPE","Cuenca",1996,5,12,"1996-05-12",133,133,"2025-11-03T14:20:45.000+00:00","2026-04-24T10:27:08.190+00:00","http://creativecommons.org/licenses/by-nc/4.0/legalcode",FALSE,"3AA4A5DD-A4F0-4C4C-B6CD-AE6FBDEE334C","none","none",FALSE,NA,"Colección de plantas vasculares del herbario de la Universitat de València (VAL)","J. A. Pinillos & al.","none","WGS84","Magnoliopsida","ES","none","none","EUROPE","Spain","EUROPE","3AA4A5DD-A4F0-4C4C-B6CD-AE6FBDEE334C","152875-1","https://www.gbif.org/publisher/8209258a-80e8-4094-aba2-a3febe5ed45b",NA,"VAL","391","Villar de Cañas","895172991","es","VAL","3AA4A5DD-A4F0-4C4C-B6CD-AE6FBDEE334C","PhysicalObject","Reseda stricta Pers.",NA,NA,NA,NA,"c645b060-c130-45ee-97ab-b9fc94393523","6ceb64b5-0201-4a27-bcdb-8d62035e35d5",NA,"Pliego",NA,NA,NA,NA,NA,NA,NA,NA,NA,NA,NA,NA,"in collection",NA,NA,NA,NA,NA,NA,NA,NA,NA,NA,NA,NA,"12051996",NA,"Villar de Cañas",NA,NA,NA,NA,NA,NA,"0739/2-JP",NA,NA,"VAL",NA,NA,NA,NA,NA,NA,NA,NA,NA,NA,NA,NA,NA,NA,NA,NA,NA,NA,NA,NA,NA,NA,NA,NA,NA,NA,NA,NA,NA
"895289717","Reseda stricta Pers.",39.52,-1.55,"cdc,gass84,colmafu,inmafu","834a4794-f762-11e1-a439-00145eb45e9a","8209258a-80e8-4094-aba2-a3febe5ed45b","2a3f6a56-7591-4f05-8c4c-a1bb77aa4ea6","6c4a0bb0-2a4d-11d8-aa2d-b8a03c50a862","ES","EML","2026-04-18T01:37:24.691+00:00","2026-04-24T10:27:23.895+00:00",375,"PRESERVED_SPECIMEN",NA,"PRESENT",7275953,6,7707728,220,7225535,3110,3040250,7275953,7275953,"Reseda stricta Pers.","Plantae","Tracheophyta","Brassicales","Resedaceae","Reseda","Reseda stricta","Reseda","stricta","SPECIES","ACCEPTED",7071,580,0,"EUROPE","Cuenca",1996,5,26,"1996-05-26",147,147,"2025-11-03T14:20:45.000+00:00","2026-04-24T10:27:23.895+00:00","http://creativecommons.org/licenses/by-nc/4.0/legalcode",FALSE,"D3999A58-CEA4-4881-81FF-3FA1893DCDBF","none","none",FALSE,NA,"Colección de plantas vasculares del herbario de la Universitat de València (VAL)","G. Mateo","none","WGS84","Magnoliopsida","ES","none","none","EUROPE","Spain","EUROPE","D3999A58-CEA4-4881-81FF-3FA1893DCDBF","97502-1","https://www.gbif.org/publisher/8209258a-80e8-4094-aba2-a3febe5ed45b",NA,"VAL","391","Minglanilla; valle del Cabriel pr. Las Hoces","895289717","es","VAL","D3999A58-CEA4-4881-81FF-3FA1893DCDBF","PhysicalObject","Reseda stricta Pers.",NA,NA,NA,NA,"c645b060-c130-45ee-97ab-b9fc94393523","6ceb64b5-0201-4a27-bcdb-8d62035e35d5",NA,"Pliego",NA,NA,NA,NA,NA,NA,NA,NA,NA,NA,NA,NA,"in collection",NA,NA,"ex VAB-961750",NA,NA,NA,NA,NA,NA,NA,NA,"terrenos yesíferos secos","26/05/1996",NA,"Minglanilla",NA,NA,NA,NA,NA,NA,NA,NA,NA,"VAL",NA,NA,NA,NA,NA,NA,NA,NA,NA,NA,NA,NA,NA,NA,NA,NA,NA,NA,NA,NA,NA,NA,NA,NA,NA,NA,NA,NA,NA
"895289753","Reseda stricta Pers.",40.24,-2.24,"cdc,gass84,colmafu,inmafu","834a4794-f762-11e1-a439-00145eb45e9a","8209258a-80e8-4094-aba2-a3febe5ed45b","2a3f6a56-7591-4f05-8c4c-a1bb77aa4ea6","6c4a0bb0-2a4d-11d8-aa2d-b8a03c50a862","ES","EML","2026-04-18T01:37:24.691+00:00","2026-04-24T10:27:30.094+00:00",375,"PRESERVED_SPECIMEN",NA,"PRESENT",7275953,6,7707728,220,7225535,3110,3040250,7275953,7275953,"Reseda stricta Pers.","Plantae","Tracheophyta","Brassicales","Resedaceae","Reseda","Reseda stricta","Reseda","stricta","SPECIES","ACCEPTED",7071,1040,0,"EUROPE","Cuenca",1996,5,19,"1996-05-19",140,140,"2025-11-03T14:20:45.000+00:00","2026-04-24T10:27:30.094+00:00","http://creativecommons.org/licenses/by-nc/4.0/legalcode",FALSE,"88158D03-2DC7-4DEA-8A39-F0CA62D36A75","none","none",FALSE,NA,"Colección de plantas vasculares del herbario de la Universitat de València (VAL)","Mateo, Arán, Martínez Cabeza","none","WGS84","Magnoliopsida","ES","none","none","EUROPE","Spain","EUROPE","88158D03-2DC7-4DEA-8A39-F0CA62D36A75","97467-1","https://www.gbif.org/publisher/8209258a-80e8-4094-aba2-a3febe5ed45b",NA,"VAL","391","Villar de Domingo García; cerro Blanco","895289753","es","VAL","88158D03-2DC7-4DEA-8A39-F0CA62D36A75","PhysicalObject","Reseda stricta Pers.",NA,NA,NA,NA,"c645b060-c130-45ee-97ab-b9fc94393523","6ceb64b5-0201-4a27-bcdb-8d62035e35d5",NA,"Pliego",NA,NA,NA,NA,NA,NA,NA,NA,NA,NA,NA,NA,"in collection",NA,NA,"ex VAB-961715",NA,NA,NA,NA,NA,NA,NA,NA,"terrenos yesíferos","19/05/1996",NA,"Villar de Domingo García",NA,NA,NA,NA,NA,NA,NA,NA,NA,"VAL",NA,NA,NA,NA,NA,NA,NA,NA,NA,NA,NA,NA,NA,NA,NA,NA,NA,NA,NA,NA,NA,NA,NA,NA,NA,NA,NA,NA,NA
"895289754","Reseda stricta Pers.",40.25,-2.71,"cdc,gass84,colmafu,inmafu","834a4794-f762-11e1-a439-00145eb45e9a","8209258a-80e8-4094-aba2-a3febe5ed45b","2a3f6a56-7591-4f05-8c4c-a1bb77aa4ea6","6c4a0bb0-2a4d-11d8-aa2d-b8a03c50a862","ES","EML","2026-04-18T01:37:24.691+00:00","2026-04-24T10:27:19.526+00:00",375,"PRESERVED_SPECIMEN",NA,"PRESENT",7275953,6,7707728,220,7225535,3110,3040250,7275953,7275953,"Reseda stricta Pers.","Plantae","Tracheophyta","Brassicales","Resedaceae","Reseda","Reseda stricta","Reseda","stricta","SPECIES","ACCEPTED",7071,800,0,"EUROPE","Cuenca",1996,5,19,"1996-05-19",140,140,"2025-11-03T14:20:45.000+00:00","2026-04-24T10:27:19.526+00:00","http://creativecommons.org/licenses/by-nc/4.0/legalcode",FALSE,"A655953E-385C-451E-A7C2-D08C3F4EB458","none","none",FALSE,NA,"Colección de plantas vasculares del herbario de la Universitat de València (VAL)","Mateo, Arán, Martínez Cabeza","none","WGS84","Magnoliopsida","ES","none","none","EUROPE","Spain","EUROPE","A655953E-385C-451E-A7C2-D08C3F4EB458","97404-1","https://www.gbif.org/publisher/8209258a-80e8-4094-aba2-a3febe5ed45b",NA,"VAL","391","Moncalvillo de Huete; pr. El Gredal","895289754","es","VAL","A655953E-385C-451E-A7C2-D08C3F4EB458","PhysicalObject","Reseda stricta Pers.",NA,NA,NA,NA,"c645b060-c130-45ee-97ab-b9fc94393523","6ceb64b5-0201-4a27-bcdb-8d62035e35d5",NA,"Pliego",NA,NA,NA,NA,NA,NA,NA,NA,NA,NA,NA,NA,"in collection",NA,NA,"ex VAB-961652",NA,NA,NA,NA,NA,NA,NA,NA,"yesares","19/05/1996",NA,"Huete",NA,NA,NA,NA,NA,NA,NA,NA,NA,"VAL",NA,NA,NA,NA,NA,NA,NA,NA,NA,NA,NA,NA,NA,NA,NA,NA,NA,NA,NA,NA,NA,NA,NA,NA,NA,NA,NA,NA,NA
"895289911","Reseda stricta Pers.",39.49,-1.5,"cdc,gass84,colmafu,inmafu","834a4794-f762-11e1-a439-00145eb45e9a","8209258a-80e8-4094-aba2-a3febe5ed45b","2a3f6a56-7591-4f05-8c4c-a1bb77aa4ea6","6c4a0bb0-2a4d-11d8-aa2d-b8a03c50a862","ES","EML","2026-04-18T01:37:24.691+00:00","2026-04-24T10:27:18.164+00:00",375,"PRESERVED_SPECIMEN",NA,"PRESENT",7275953,6,7707728,220,7225535,3110,3040250,7275953,7275953,"Reseda stricta Pers.","Plantae","Tracheophyta","Brassicales","Resedaceae","Reseda","Reseda stricta","Reseda","stricta","SPECIES","ACCEPTED",707,560,0,"EUROPE","València",1996,5,26,"1996-05-26",147,147,"2025-11-03T14:20:45.000+00:00","2026-04-24T10:27:18.164+00:00","http://creativecommons.org/licenses/by-nc/4.0/legalcode",FALSE,"A933DD53-E4F5-4933-B92E-AD25C9A72163","none","none",FALSE,NA,"Colección de plantas vasculares del herbario de la Universitat de València (VAL)","G. Mateo","none","WGS84","Magnoliopsida","ES","none","none","EUROPE","Spain","EUROPE","A933DD53-E4F5-4933-B92E-AD25C9A72163","97518-1","https://www.gbif.org/publisher/8209258a-80e8-4094-aba2-a3febe5ed45b",NA,"VAL","391","Venta del Moro; valle del Cabriel pr. Las Hoces","895289911","es","VAL","A933DD53-E4F5-4933-B92E-AD25C9A72163","PhysicalObject","Reseda stricta Pers.",NA,NA,NA,NA,"c645b060-c130-45ee-97ab-b9fc94393523","6ceb64b5-0201-4a27-bcdb-8d62035e35d5",NA,"Pliego",NA,NA,NA,NA,NA,NA,NA,NA,NA,NA,NA,NA,"in collection",NA,NA,"ex VAB-961766",NA,NA,NA,NA,NA,NA,NA,NA,"terrenos yesíferos secos","26/05/1996",NA,"Venta del Moro (Plana d´Utiel-Requena)",NA,NA,NA,NA,NA,NA,NA,NA,NA,"VAL",NA,NA,NA,NA,NA,NA,NA,NA,NA,NA,NA,NA,NA,NA,NA,NA,NA,NA,NA,NA,NA,NA,NA,NA,NA,NA,NA,NA,NA
"1851570714","Reseda stricta Pers.",38.65,-1.01,"cdc,gass84,osiic,colmafu,inmafu","835852b2-f762-11e1-a439-00145eb45e9a","30b36805-4849-4abb-a39c-01b3a7fa3f2e","2a3f6a56-7591-4f05-8c4c-a1bb77aa4ea6","6c4a0bb0-2a4d-11d8-aa2d-b8a03c50a862","ES","EML","2026-04-18T01:37:27.890+00:00","2026-04-24T04:49:26.246+00:00",354,"PRESERVED_SPECIMEN",1,"PRESENT",7275953,6,7707728,220,7225535,3110,3040250,7275953,7275953,"Reseda stricta Pers.","Plantae","Tracheophyta","Brassicales","Resedaceae","Reseda","Reseda stricta","Reseda","stricta","SPECIES","ACCEPTED",707,680,0,"EUROPE","Alicante",1996,6,9,"1996-06-09",161,161,"2016-09-06T13:56:18.000+00:00","2026-04-24T04:49:26.246+00:00","http://creativecommons.org/licenses/by/4.0/legalcode",FALSE,"A368F3FE-D3EE-4307-9921-06F9B8DCBB8E","none","none",FALSE,NA,NA,"L.Serra","none","WGS84","Magnoliopsida","ES","none","none","EUROPE","Spain","EUROPE","A368F3FE-D3EE-4307-9921-06F9B8DCBB8E","19965-1",NA,NA,"ABH","360","Villena; Sierra de la Lácera","1851570714",NA,"ABH","A368F3FE-D3EE-4307-9921-06F9B8DCBB8E",NA,"Reseda stricta Pers.",NA,NA,NA,NA,"8aa53465-012a-4394-bc5a-5f99beee1ce7","189e886d-b24c-4f29-8ee3-3827e567e7df",NA,NA,NA,NA,NA,NA,NA,NA,NA,NA,NA,NA,NA,NA,NA,NA,NA,NA,NA,NA,NA,NA,NA,NA,NA,NA,NA,"9/6/1996",NA,NA,NA,NA,NA,NA,NA,NA,NA,NA,NA,"ABH",NA,NA,NA,NA,NA,NA,NA,NA,NA,NA,NA,NA,NA,NA,NA,NA,NA,NA,NA,NA,NA,NA,NA,NA,NA,NA,NA,NA,NA
"1851571015","Reseda stricta Pers.",38.65,-0.91,"cdc,gass84,osiic,colmafu,inmafu","835852b2-f762-11e1-a439-00145eb45e9a","30b36805-4849-4abb-a39c-01b3a7fa3f2e","2a3f6a56-7591-4f05-8c4c-a1bb77aa4ea6","6c4a0bb0-2a4d-11d8-aa2d-b8a03c50a862","ES","EML","2026-04-18T01:37:27.890+00:00","2026-04-24T04:49:11.051+00:00",354,"PRESERVED_SPECIMEN",1,"PRESENT",7275953,6,7707728,220,7225535,3110,3040250,7275953,7275953,"Reseda stricta Pers.","Plantae","Tracheophyta","Brassicales","Resedaceae","Reseda","Reseda stricta","Reseda","stricta","SPECIES","ACCEPTED",707,520,0,"EUROPE","Alicante",1996,6,9,"1996-06-09",161,161,"2016-08-31T10:24:22.000+00:00","2026-04-24T04:49:11.051+00:00","http://creativecommons.org/licenses/by/4.0/legalcode",FALSE,"D71514F9-37F0-4BAF-A362-48603A27846D","none","none",TRUE,NA,NA,"L.Serra","none","WGS84","Magnoliopsida","ES","none","none","EUROPE","Spain","EUROPE","D71514F9-37F0-4BAF-A362-48603A27846D","30090-1",NA,NA,"ABH","360","Villena; El Salero","1851571015",NA,"ABH","D71514F9-37F0-4BAF-A362-48603A27846D",NA,"Reseda stricta Pers.",NA,NA,NA,NA,"8aa53465-012a-4394-bc5a-5f99beee1ce7","189e886d-b24c-4f29-8ee3-3827e567e7df",NA,NA,NA,NA,NA,NA,NA,NA,NA,NA,NA,NA,NA,NA,NA,NA,NA,NA,NA,NA,NA,NA,NA,NA,NA,NA,NA,"9/6/1996",NA,NA,NA,NA,NA,NA,NA,NA,NA,NA,NA,"ABH",NA,NA,NA,NA,NA,NA,NA,NA,NA,NA,NA,NA,NA,NA,NA,NA,NA,NA,NA,NA,NA,NA,NA,NA,NA,NA,NA,NA,NA
"1851580803","Reseda stricta Pers.",38.37,-0.95,"cdc,gass84,osiic,colmafu,inmafu","835852b2-f762-11e1-a439-00145eb45e9a","30b36805-4849-4abb-a39c-01b3a7fa3f2e","2a3f6a56-7591-4f05-8c4c-a1bb77aa4ea6","6c4a0bb0-2a4d-11d8-aa2d-b8a03c50a862","ES","EML","2026-04-18T01:37:27.890+00:00","2026-04-24T04:47:57.058+00:00",354,"PRESERVED_SPECIMEN",1,"PRESENT",7275953,6,7707728,220,7225535,3110,3040250,7275953,7275953,"Reseda stricta Pers.","Plantae","Tracheophyta","Brassicales","Resedaceae","Reseda","Reseda stricta","Reseda","stricta","SPECIES","ACCEPTED",707,900,0,"EUROPE","Alicante",1996,6,7,"1996-06-07",159,159,"2016-09-06T13:51:28.000+00:00","2026-04-24T04:47:57.058+00:00","http://creativecommons.org/licenses/by/4.0/legalcode",FALSE,"7E44377F-31A5-489C-BC63-56A215C36574","none","none",FALSE,NA,NA,"A.Navarro & A.Juan","none","WGS84","Magnoliopsida","ES","none","none","EUROPE","Spain","EUROPE","7E44377F-31A5-489C-BC63-56A215C36574","57912-1",NA,NA,"ABH","360","Pinoso; Sierra del Reclot, barranco de la Quitranera","1851580803",NA,"ABH","7E44377F-31A5-489C-BC63-56A215C36574",NA,"Reseda stricta Pers.",NA,NA,NA,NA,"8aa53465-012a-4394-bc5a-5f99beee1ce7","189e886d-b24c-4f29-8ee3-3827e567e7df",NA,NA,NA,NA,NA,NA,NA,NA,NA,NA,NA,NA,NA,NA,NA,NA,NA,NA,NA,NA,NA,NA,NA,NA,NA,NA,NA,"07061996",NA,NA,NA,NA,NA,NA,NA,NA,NA,NA,NA,"ABH",NA,NA,NA,NA,NA,NA,NA,NA,NA,NA,NA,NA,NA,NA,NA,NA,NA,NA,NA,NA,NA,NA,NA,NA,NA,NA,NA,NA,NA
"1851568986","Reseda stricta Pers.",38.25,-0.92,"cdc,gass84,osiic,colmafu,inmafu","835852b2-f762-11e1-a439-00145eb45e9a","30b36805-4849-4abb-a39c-01b3a7fa3f2e","2a3f6a56-7591-4f05-8c4c-a1bb77aa4ea6","6c4a0bb0-2a4d-11d8-aa2d-b8a03c50a862","ES","EML","2026-04-18T01:37:27.890+00:00","2026-04-24T04:49:29.053+00:00",354,"PRESERVED_SPECIMEN",1,"PRESENT",7275953,6,7707728,220,7225535,3110,3040250,7275953,7275953,"Reseda stricta Pers.","Plantae","Tracheophyta","Brassicales","Resedaceae","Reseda","Reseda stricta","Reseda","stricta","SPECIES","ACCEPTED",707,600,0,"EUROPE","Alicante",1995,3,21,"1995-03-21",80,80,"2016-09-06T13:55:33.000+00:00","2026-04-24T04:49:29.053+00:00","http://creativecommons.org/licenses/by/4.0/legalcode",FALSE,"1D41BFA9-AF41-498D-AB21-1C9619FBC498","none","none",FALSE,NA,NA,"M.Vicedo & A.de la Torre","none","WGS84","Magnoliopsida","ES","none","none","EUROPE","Spain","EUROPE","1D41BFA9-AF41-498D-AB21-1C9619FBC498","12759-1",NA,NA,"ABH","360","Hondón de las Nieves; Sierra de Crevillente, subida al monte Alto","1851568986",NA,"ABH","1D41BFA9-AF41-498D-AB21-1C9619FBC498",NA,"Reseda stricta Pers.",NA,NA,NA,NA,"8aa53465-012a-4394-bc5a-5f99beee1ce7","189e886d-b24c-4f29-8ee3-3827e567e7df",NA,NA,NA,NA,NA,NA,NA,NA,NA,NA,NA,NA,NA,NA,NA,NA,NA,NA,NA,NA,NA,NA,NA,NA,NA,NA,NA,"21/3/1995",NA,NA,NA,NA,NA,NA,NA,NA,NA,NA,NA,"ABH",NA,NA,NA,NA,NA,NA,NA,NA,NA,NA,NA,NA,NA,NA,NA,NA,NA,NA,NA,NA,NA,NA,NA,NA,NA,NA,NA,NA,NA
"895286152","Reseda stricta Pers.",41.12,-0.56,"cdc,gass84,colmafu,inmafu","834a4794-f762-11e1-a439-00145eb45e9a","8209258a-80e8-4094-aba2-a3febe5ed45b","2a3f6a56-7591-4f05-8c4c-a1bb77aa4ea6","6c4a0bb0-2a4d-11d8-aa2d-b8a03c50a862","ES","EML","2026-04-18T01:37:24.691+00:00","2026-04-24T10:27:09.798+00:00",375,"PRESERVED_SPECIMEN",NA,"PRESENT",7275953,6,7707728,220,7225535,3110,3040250,7275953,7275953,"Reseda stricta Pers.","Plantae","Tracheophyta","Brassicales","Resedaceae","Reseda","Reseda stricta","Reseda","stricta","SPECIES","ACCEPTED",7071,360,0,"EUROPE","Teruel",1995,4,27,"1995-04-27",117,117,"2025-11-03T14:20:45.000+00:00","2026-04-24T10:27:09.798+00:00","http://creativecommons.org/licenses/by-nc/4.0/legalcode",FALSE,"42A6AE68-43C2-4FCC-0B20-01CEF5A571E2","none","none",FALSE,NA,"Colección de plantas vasculares del herbario de la Universitat de València (VAL)","N. E. Mercadal","none","WGS84","Magnoliopsida","ES","none","none","EUROPE","Spain","EUROPE","42A6AE68-43C2-4FCC-0B20-01CEF5A571E2","92552-1","https://www.gbif.org/publisher/8209258a-80e8-4094-aba2-a3febe5ed45b",NA,"VAL","391","Albalate del Arzobispo; pr. barranco del Borrego","895286152","es","VAL","42A6AE68-43C2-4FCC-0B20-01CEF5A571E2","PhysicalObject","Reseda stricta Pers.",NA,NA,NA,NA,"c645b060-c130-45ee-97ab-b9fc94393523","6ceb64b5-0201-4a27-bcdb-8d62035e35d5",NA,"Pliego",NA,NA,NA,NA,NA,NA,NA,NA,NA,NA,NA,NA,"in collection",NA,NA,"ex VAB-952650",NA,NA,NA,NA,NA,NA,NA,NA,NA,"27/04/1995",NA,"Albalate del Arzobispo (Bajo Martín)",NA,NA,NA,NA,NA,NA,NA,NA,NA,"VAL",NA,NA,NA,NA,NA,NA,NA,NA,NA,NA,NA,NA,NA,NA,NA,NA,NA,NA,NA,NA,NA,NA,NA,NA,NA,NA,NA,NA,NA
"895242519","Reseda stricta Pers.",41.02,-0.2,"cdc,gass84,colmafu,inmafu","834a4794-f762-11e1-a439-00145eb45e9a","8209258a-80e8-4094-aba2-a3febe5ed45b","2a3f6a56-7591-4f05-8c4c-a1bb77aa4ea6","6c4a0bb0-2a4d-11d8-aa2d-b8a03c50a862","ES","EML","2026-04-18T01:37:24.691+00:00","2026-04-24T10:27:21.600+00:00",375,"PRESERVED_SPECIMEN",NA,"PRESENT",7275953,6,7707728,220,7225535,3110,3040250,7275953,7275953,"Reseda stricta Pers.","Plantae","Tracheophyta","Brassicales","Resedaceae","Reseda","Reseda stricta","Reseda","stricta","SPECIES","ACCEPTED",7071,350,0,"EUROPE","Teruel",1995,5,18,"1995-05-18",138,138,"2025-11-03T14:20:45.000+00:00","2026-04-24T10:27:21.600+00:00","http://creativecommons.org/licenses/by-nc/4.0/legalcode",FALSE,"D8438F41-7A3B-44FB-A020-0851963F12B2","none","none",FALSE,NA,"Colección de plantas vasculares del herbario de la Universitat de València (VAL)","A. Aguilella & J. Riera","none","WGS84","Magnoliopsida","ES","none","none","EUROPE","Spain","EUROPE","D8438F41-7A3B-44FB-A020-0851963F12B2","30666-1","https://www.gbif.org/publisher/8209258a-80e8-4094-aba2-a3febe5ed45b",NA,"VAL","391","Calanda, La Salada","895242519","es","VAL","D8438F41-7A3B-44FB-A020-0851963F12B2","PhysicalObject","Reseda stricta Pers.",NA,NA,NA,NA,"c645b060-c130-45ee-97ab-b9fc94393523","6ceb64b5-0201-4a27-bcdb-8d62035e35d5",NA,"Pliego",NA,NA,NA,NA,NA,NA,NA,NA,NA,NA,NA,NA,"in collection",NA,NA,NA,NA,NA,NA,NA,NA,NA,NA,NA,NA,"18051995",NA,"Calanda (Bajo Aragón)",NA,NA,NA,NA,NA,NA,NA,NA,NA,"VAL",NA,NA,NA,NA,NA,NA,NA,NA,NA,NA,NA,NA,NA,NA,NA,NA,NA,NA,NA,NA,NA,NA,NA,NA,NA,NA,NA,NA,NA
"895143313","Reseda stricta Pers.",42.53,-3.1,"cdc,gass84,colmafu,inmafu","834a4794-f762-11e1-a439-00145eb45e9a","8209258a-80e8-4094-aba2-a3febe5ed45b","2a3f6a56-7591-4f05-8c4c-a1bb77aa4ea6","6c4a0bb0-2a4d-11d8-aa2d-b8a03c50a862","ES","EML","2026-04-18T01:37:24.691+00:00","2026-04-24T10:27:09.196+00:00",375,"PRESERVED_SPECIMEN",NA,"PRESENT",7275953,6,7707728,220,7225535,3110,3040250,7275953,7275953,"Reseda stricta Pers.","Plantae","Tracheophyta","Brassicales","Resedaceae","Reseda","Reseda stricta","Reseda","stricta","SPECIES","ACCEPTED",707,760,0,"EUROPE","La Rioja",1995,6,24,"1995-06-24",175,175,"2025-11-03T14:20:45.000+00:00","2026-04-24T10:27:09.196+00:00","http://creativecommons.org/licenses/by-nc/4.0/legalcode",FALSE,"46A4BF8D-E47A-4038-B7EE-05CDC1A718EA","none","none",FALSE,NA,"Colección de plantas vasculares del herbario de la Universitat de València (VAL)","Alejandre","none","WGS84","Magnoliopsida","ES","none","none","EUROPE","Spain","EUROPE","46A4BF8D-E47A-4038-B7EE-05CDC1A718EA","104981-1","https://www.gbif.org/publisher/8209258a-80e8-4094-aba2-a3febe5ed45b",NA,"VAL","391","San Millán de Yécora;","895143313","es","VAL","46A4BF8D-E47A-4038-B7EE-05CDC1A718EA","PhysicalObject","Reseda stricta Pers.",NA,NA,NA,NA,"c645b060-c130-45ee-97ab-b9fc94393523","6ceb64b5-0201-4a27-bcdb-8d62035e35d5",NA,"Pliego",NA,NA,NA,NA,NA,NA,NA,NA,NA,NA,NA,NA,"in collection",NA,NA,"ex VAB-980632",NA,NA,NA,NA,NA,NA,NA,NA,"yesos","24/06/1995",NA,"San Millán de Yécora",NA,NA,NA,NA,NA,NA,NA,NA,NA,"VAL",NA,NA,NA,NA,NA,NA,NA,NA,NA,NA,NA,NA,NA,NA,NA,NA,NA,NA,NA,NA,NA,NA,NA,NA,NA,NA,NA,NA,NA
"895303117","Reseda stricta Pers.",39.79,-2.12,"cdc,gass84,colmafu,inmafu","834a4794-f762-11e1-a439-00145eb45e9a","8209258a-80e8-4094-aba2-a3febe5ed45b","2a3f6a56-7591-4f05-8c4c-a1bb77aa4ea6","6c4a0bb0-2a4d-11d8-aa2d-b8a03c50a862","ES","EML","2026-04-18T01:37:24.691+00:00","2026-04-24T10:27:25.880+00:00",375,"PRESERVED_SPECIMEN",NA,"PRESENT",7275953,6,7707728,220,7225535,3110,3040250,7275953,7275953,"Reseda stricta Pers.","Plantae","Tracheophyta","Brassicales","Resedaceae","Reseda","Reseda stricta","Reseda","stricta","SPECIES","ACCEPTED",7071,NA,NA,"EUROPE","Cuenca",1995,6,3,"1995-06-03",154,154,"2025-11-03T14:20:45.000+00:00","2026-04-24T10:27:25.880+00:00","http://creativecommons.org/licenses/by-nc/4.0/legalcode",FALSE,"1B1865C0-0DB3-40F4-B750-063F49B167F4","none","none",FALSE,NA,"Colección de plantas vasculares del herbario de la Universitat de València (VAL)","J. A. Pinillos","none","WGS84","Magnoliopsida","ES","none","none","EUROPE","Spain","EUROPE","1B1865C0-0DB3-40F4-B750-063F49B167F4","195302-1","https://www.gbif.org/publisher/8209258a-80e8-4094-aba2-a3febe5ed45b",NA,"VAL","391","Olmeda del Rey a Valeria","895303117","es","VAL","1B1865C0-0DB3-40F4-B750-063F49B167F4","PhysicalObject","Reseda stricta Pers.",NA,NA,NA,NA,"c645b060-c130-45ee-97ab-b9fc94393523","6ceb64b5-0201-4a27-bcdb-8d62035e35d5","G. Mateo","Pliego",NA,NA,NA,NA,NA,NA,NA,NA,NA,NA,NA,NA,"in collection",NA,NA,NA,NA,NA,NA,NA,NA,NA,NA,NA,"yesos","03061995",NA,"Olmeda del Rey",NA,NA,NA,NA,NA,NA,NA,NA,"2009-11-01T00:00:00","VAL",NA,NA,NA,NA,NA,NA,NA,NA,NA,NA,NA,NA,NA,NA,NA,NA,NA,NA,NA,NA,NA,NA,NA,NA,NA,NA,NA,NA,NA
"3033650080","Reseda stricta Pers.",42.4,1.12,"cdc,gass84,mdativ,colmano,inmafu","834f1756-f762-11e1-a439-00145eb45e9a","cb202839-87c6-456a-821c-dc5b268a200f","2a3f6a56-7591-4f05-8c4c-a1bb77aa4ea6","6c4a0bb0-2a4d-11d8-aa2d-b8a03c50a862","ES","EML","2026-04-18T01:36:55.261+00:00","2026-04-23T23:49:03.524+00:00",326,"PRESERVED_SPECIMEN",NA,"PRESENT",7275953,6,7707728,220,7225535,3110,3040250,7275953,7275953,"Reseda stricta Pers.","Plantae","Tracheophyta","Brassicales","Resedaceae","Reseda","Reseda stricta","Reseda","stricta","SPECIES","ACCEPTED",707,720,0,"EUROPE","Lleida",1995,6,27,"1995-06-27",178,178,NA,"2026-04-23T23:49:03.524+00:00","http://creativecommons.org/licenses/by-nc/4.0/legalcode",FALSE,"BCN 100906","none","none",TRUE,NA,"Col·lecció de Cormòfits de l'herbari BCN","Ninot Sugrañes, Josep Maria","none","WGS84","Magnoliopsida","ES","none","none","EUROPE","Spain","EUROPE","BCN 100906","100906",NA,NA,"BCN","350","Vora Sort. sobre el cementiri","3033650080",NA,"Corm","BCN 100906",NA,"Reseda stricta Pers.",NA,NA,NA,NA,"5db0342e-533f-461c-a97e-0ec9dc79a95c",NA,NA,NA,NA,"CRAI CeDocBiV - Universitat de Barcelona",NA,NA,NA,NA,NA,NA,NA,NA,NA,NA,NA,NA,"UB",NA,NA,NA,NA,NA,NA,NA,"ex BCC",NA,"Brolla gipsícola (Gypsophilion)",NA,NA,NA,NA,NA,NA,NA,NA,NA,NA,NA,NA,"BCN-Cormophyta",NA,NA,NA,NA,NA,NA,NA,NA,"Reseda stricta Pers.","97038",NA,NA,NA,NA,NA,NA,NA,NA,NA,NA,NA,NA,NA,NA,NA,NA,NA,NA,NA
"4530886967","Reseda stricta Pers.",42.391832,1.116852,"cdc,cdround,cdpi,inmano","a4b7c71e-fc73-434e-a008-d63c222179d0","7b4f2f30-a456-11d9-8049-b8a03c50a862","2a3f6a56-7591-4f05-8c4c-a1bb77aa4ea6","6c4a0bb0-2a4d-11d8-aa2d-b8a03c50a862","ES","EML","2026-04-17T15:02:28.711+00:00","2026-04-24T02:24:00.252+00:00",415,"PRESERVED_SPECIMEN",NA,"PRESENT",7275953,6,7707728,220,7225535,3110,3040250,7275953,7275953,"Reseda stricta Pers.","Plantae","Tracheophyta","Brassicales","Resedaceae","Reseda","Reseda stricta","Reseda","stricta","SPECIES","ACCEPTED",NA,NA,NA,"EUROPE",NA,1995,6,27,"1995-06-27",178,178,"2024-01-08T00:00:00.000+00:00","2026-04-24T02:24:00.252+00:00","http://creativecommons.org/licenses/by-nc/4.0/legalcode",FALSE,"BDBC-C.6833.0.38353.11069","none","none",TRUE,"doi:10.15470/fzwiiu","FloraCAT: Banco de datos de los cormófitos de Cataluña","Ninot SugraÃ±es, Josep Maria, BCN 100906, () 3","none","WGS84","Magnoliopsida","ES","none","none","EUROPE","Spain","EUROPE","BDBC-C.6833.0.38353.11069","BCN 100906",NA,NA,"BDBC","421","Vora Sort. sobre el cementiri. Lleida","4530886967","es","BDBC-Floracat","BDBC-C.6833.0.38353.11069","Dataset","Reseda stricta Pers.","BDBC",NA,"original",NA,NA,NA,"Ninot SugraÃ±es, Josep Maria",NA,NA,"Generalitat de Catalunya",NA,NA,"720",NA,NA,NA,NA,NA,NA,NA,NA,"C000935",NA,NA,NA,"BCN (2017). Plecs Herbari BCN. CEDOCBIV",NA,NA,NA,NA,NA,NA,NA,NA,NA,NA,NA,NA,NA,NA,NA,NA,NA,NA,NA,NA,NA,NA,NA,NA,NA,NA,NA,NA,NA,NA,"Catalonia","UTM","{""percentNN"":0.9779,""countNN"":354,""distanceNN"":0.09}","C000935","Reseda stricta Pers.",NA,NA,NA,NA,NA,NA,NA,NA,NA,NA,NA,NA,NA,NA
"1851580434","Reseda stricta Pers.",38.37,-1.01,"cdc,gass84,osiic,colmafu,inmafu","835852b2-f762-11e1-a439-00145eb45e9a","30b36805-4849-4abb-a39c-01b3a7fa3f2e","2a3f6a56-7591-4f05-8c4c-a1bb77aa4ea6","6c4a0bb0-2a4d-11d8-aa2d-b8a03c50a862","ES","EML","2026-04-18T01:37:27.890+00:00","2026-04-24T04:47:52.796+00:00",354,"PRESERVED_SPECIMEN",1,"PRESENT",7275953,6,7707728,220,7225535,3110,3040250,7275953,7275953,"Reseda stricta Pers.","Plantae","Tracheophyta","Brassicales","Resedaceae","Reseda","Reseda stricta","Reseda","stricta","SPECIES","ACCEPTED",707,650,0,"EUROPE","Alicante",1995,7,9,"1995-07-09",190,190,"2016-09-06T13:51:33.000+00:00","2026-04-24T04:47:52.796+00:00","http://creativecommons.org/licenses/by/4.0/legalcode",FALSE,"5B03489D-DF2F-46C3-939F-4D479FE3FB27","none","none",FALSE,NA,NA,"A.Navarro & J.Escandell","none","WGS84","Magnoliopsida","ES","none","none","EUROPE","Spain","EUROPE","5B03489D-DF2F-46C3-939F-4D479FE3FB27","57920-1",NA,NA,"ABH","360","Pinoso; Sierra del Reclot, El Coto","1851580434",NA,"ABH","5B03489D-DF2F-46C3-939F-4D479FE3FB27",NA,"Reseda stricta Pers.",NA,NA,NA,NA,"8aa53465-012a-4394-bc5a-5f99beee1ce7","189e886d-b24c-4f29-8ee3-3827e567e7df",NA,NA,NA,NA,NA,NA,NA,NA,NA,NA,NA,NA,NA,NA,NA,NA,NA,NA,NA,NA,NA,NA,NA,NA,NA,NA,NA,"09071995",NA,NA,NA,NA,NA,NA,NA,NA,NA,NA,NA,"ABH",NA,NA,NA,NA,NA,NA,NA,NA,NA,NA,NA,NA,NA,NA,NA,NA,NA,NA,NA,NA,NA,NA,NA,NA,NA,NA,NA,NA,NA
"1050618634","Reseda stricta Pers.",40.16,-3.18,"cdc,gass84,mdativ,cdpi,osiic,colmano,inmafu","9f6f3c1c-b8b2-4d1d-be3e-36217e1cb9b8","4c91866b-3c2e-4568-aca0-3ab0a1c1a45e","2a3f6a56-7591-4f05-8c4c-a1bb77aa4ea6","6c4a0bb0-2a4d-11d8-aa2d-b8a03c50a862","ES","EML","2026-04-17T17:25:51.802+00:00","2026-04-24T02:23:35.955+00:00",432,"PRESERVED_SPECIMEN",1,"PRESENT",7275953,6,7707728,220,7225535,3110,3040250,7275953,7275953,"Reseda stricta Pers.","Plantae","Tracheophyta","Brassicales","Resedaceae","Reseda","Reseda stricta","Reseda","stricta","SPECIES","ACCEPTED",NA,602.5,2.5,"EUROPE","Madrid",1994,4,3,"1994-04-03",93,93,NA,"2026-04-24T02:23:35.955+00:00","http://creativecommons.org/licenses/by-nc/4.0/legalcode",FALSE,"VIT:VIT-Vasculares:54705-1","none","none",TRUE,NA,NA,"J. GÜEMES, J. RIERA & E. ESTRELLES [LIEJA 16970]","none","WGS84","Magnoliopsida","ES","none","none","EUROPE","Spain","EUROPE","VIT:VIT-Vasculares:54705-1","54705-1",NA,NA,"VIT","438","Fuentidueña de Tajo; Márgenes autovía A-III","1050618634",NA,"VIT-Vasculares","VIT:VIT-Vasculares:54705-1",NA,"Reseda stricta Pers.",NA,NA,NA,NA,"a4c92107-b55e-433c-8db1-6c0dfe31eace",NA,NA,"Herbarium specimen",NA,NA,NA,NA,NA,NA,NA,NA,NA,NA,NA,NA,NA,NA,NA,"Herbazales sobre suelos margoso-yesíferos",NA,NA,NA,NA,NA,NA,NA,NA,NA,NA,NA,NA,NA,NA,NA,NA,NA,NA,NA,NA,NA,NA,NA,NA,NA,NA,NA,NA,NA,NA,NA,NA,NA,NA,NA,NA,NA,NA,NA,NA,NA,NA,NA,NA,NA,NA,NA,NA,NA,NA,NA
"1851571887","Reseda stricta Pers.",38.61,-0.89,"cdc,gass84,osiic,colmafu,inmafu","835852b2-f762-11e1-a439-00145eb45e9a","30b36805-4849-4abb-a39c-01b3a7fa3f2e","2a3f6a56-7591-4f05-8c4c-a1bb77aa4ea6","6c4a0bb0-2a4d-11d8-aa2d-b8a03c50a862","ES","EML","2026-04-18T01:37:27.890+00:00","2026-04-24T04:49:57.087+00:00",354,"PRESERVED_SPECIMEN",1,"PRESENT",7275953,6,7707728,220,7225535,3110,3040250,7275953,7275953,"Reseda stricta Pers.","Plantae","Tracheophyta","Brassicales","Resedaceae","Reseda","Reseda stricta","Reseda","stricta","SPECIES","ACCEPTED",707,NA,NA,"EUROPE","Alicante",1994,4,9,"1994-04-09",99,99,"2016-09-02T13:05:11.000+00:00","2026-04-24T04:49:57.087+00:00","http://creativecommons.org/licenses/by/4.0/legalcode",FALSE,"9683F672-44F8-4DEF-0B4B-F363DD2C319D","none","none",FALSE,NA,NA,"M.A.Alonso & M.D.Vargas","none","WGS84","Magnoliopsida","ES","none","none","EUROPE","Spain","EUROPE","9683F672-44F8-4DEF-0B4B-F363DD2C319D","33497-1",NA,NA,"ABH","360","Villena","1851571887",NA,"ABH","9683F672-44F8-4DEF-0B4B-F363DD2C319D",NA,"Reseda stricta Pers.",NA,NA,NA,NA,"8aa53465-012a-4394-bc5a-5f99beee1ce7","189e886d-b24c-4f29-8ee3-3827e567e7df",NA,NA,NA,NA,NA,NA,NA,NA,NA,NA,NA,NA,NA,NA,NA,NA,NA,NA,NA,NA,NA,NA,NA,NA,NA,NA,NA,"9/4/1994",NA,NA,NA,NA,NA,NA,NA,NA,NA,NA,NA,"ABH",NA,NA,NA,NA,NA,NA,NA,NA,NA,NA,NA,NA,NA,NA,NA,NA,NA,NA,NA,NA,NA,NA,NA,NA,NA,NA,NA,NA,NA
"1851567398","Reseda stricta Pers.",38.43,-0.74,"cdc,gass84,osiic,colmafu,inmafu","835852b2-f762-11e1-a439-00145eb45e9a","30b36805-4849-4abb-a39c-01b3a7fa3f2e","2a3f6a56-7591-4f05-8c4c-a1bb77aa4ea6","6c4a0bb0-2a4d-11d8-aa2d-b8a03c50a862","ES","EML","2026-04-18T01:37:27.890+00:00","2026-04-24T04:48:58.683+00:00",354,"PRESERVED_SPECIMEN",1,"PRESENT",7275953,6,7707728,220,7225535,3110,3040250,7275953,7275953,"Reseda stricta Pers.","Plantae","Tracheophyta","Brassicales","Resedaceae","Reseda","Reseda stricta","Reseda","stricta","SPECIES","ACCEPTED",707,450,0,"EUROPE","Alicante",1994,5,12,"1994-05-12",132,132,"2016-09-06T13:50:08.000+00:00","2026-04-24T04:48:58.683+00:00","http://creativecommons.org/licenses/by/4.0/legalcode",FALSE,"D40ECC81-4789-4AD7-AA1B-1ABD3F936B53","none","none",TRUE,NA,NA,"A.Juan & I.Juan","none","WGS84","Magnoliopsida","ES","none","none","EUROPE","Spain","EUROPE","D40ECC81-4789-4AD7-AA1B-1ABD3F936B53","10089-1",NA,NA,"ABH","360","Monforte del Cid; Sierra del Cid","1851567398",NA,"ABH","D40ECC81-4789-4AD7-AA1B-1ABD3F936B53",NA,"Reseda stricta Pers.",NA,NA,NA,NA,"8aa53465-012a-4394-bc5a-5f99beee1ce7","189e886d-b24c-4f29-8ee3-3827e567e7df",NA,NA,NA,NA,NA,NA,NA,NA,NA,NA,NA,NA,NA,NA,NA,NA,NA,NA,NA,NA,NA,NA,NA,NA,NA,NA,NA,"12/5/1994",NA,NA,NA,NA,NA,NA,NA,NA,NA,NA,NA,"ABH",NA,NA,NA,NA,NA,NA,NA,NA,NA,NA,NA,NA,NA,NA,NA,NA,NA,NA,NA,NA,NA,NA,NA,NA,NA,NA,NA,NA,NA
"1851568213","Reseda stricta Pers.",38.43,-0.73,"cdc,gass84,osiic,colmafu,inmafu","835852b2-f762-11e1-a439-00145eb45e9a","30b36805-4849-4abb-a39c-01b3a7fa3f2e","2a3f6a56-7591-4f05-8c4c-a1bb77aa4ea6","6c4a0bb0-2a4d-11d8-aa2d-b8a03c50a862","ES","EML","2026-04-18T01:37:27.890+00:00","2026-04-24T04:48:38.361+00:00",354,"PRESERVED_SPECIMEN",1,"PRESENT",7275953,6,7707728,220,7225535,3110,3040250,7275953,7275953,"Reseda stricta Pers.","Plantae","Tracheophyta","Brassicales","Resedaceae","Reseda","Reseda stricta","Reseda","stricta","SPECIES","ACCEPTED",707,430,0,"EUROPE","Alicante",1994,5,12,"1994-05-12",132,132,"2016-09-06T13:50:08.000+00:00","2026-04-24T04:48:38.361+00:00","http://creativecommons.org/licenses/by/4.0/legalcode",FALSE,"2B29714D-0190-436C-9C54-0F69947D6DEC","none","none",FALSE,NA,NA,"A.Juan & I.Juan","none","WGS84","Magnoliopsida","ES","none","none","EUROPE","Spain","EUROPE","2B29714D-0190-436C-9C54-0F69947D6DEC","10093-1",NA,NA,"ABH","360","Monforte del Cid; Sierra del Cid","1851568213",NA,"ABH","2B29714D-0190-436C-9C54-0F69947D6DEC",NA,"Reseda stricta Pers.",NA,NA,NA,NA,"8aa53465-012a-4394-bc5a-5f99beee1ce7","189e886d-b24c-4f29-8ee3-3827e567e7df",NA,NA,NA,NA,NA,NA,NA,NA,NA,NA,NA,NA,NA,NA,NA,NA,NA,NA,NA,NA,NA,NA,NA,NA,NA,NA,NA,"12/5/1994",NA,NA,NA,NA,NA,NA,NA,NA,NA,NA,NA,"ABH",NA,NA,NA,NA,NA,NA,NA,NA,NA,NA,NA,NA,NA,NA,NA,NA,NA,NA,NA,NA,NA,NA,NA,NA,NA,NA,NA,NA,NA
"1851569631","Reseda stricta Pers.",38.35,-1.02,"cdc,gass84,osiic,colmafu,inmafu","835852b2-f762-11e1-a439-00145eb45e9a","30b36805-4849-4abb-a39c-01b3a7fa3f2e","2a3f6a56-7591-4f05-8c4c-a1bb77aa4ea6","6c4a0bb0-2a4d-11d8-aa2d-b8a03c50a862","ES","EML","2026-04-18T01:37:27.890+00:00","2026-04-24T04:48:34.354+00:00",354,"PRESERVED_SPECIMEN",1,"PRESENT",7275953,6,7707728,220,7225535,3110,3040250,7275953,7275953,"Reseda stricta Pers.","Plantae","Tracheophyta","Brassicales","Resedaceae","Reseda","Reseda stricta","Reseda","stricta","SPECIES","ACCEPTED",707,600,0,"EUROPE","Alicante",1994,5,5,"1994-05-05",125,125,"2016-09-06T13:50:52.000+00:00","2026-04-24T04:48:34.354+00:00","http://creativecommons.org/licenses/by/4.0/legalcode",FALSE,"EDDFDB8B-EAAB-4C8A-942D-BB8EB87B5B9B","none","none",FALSE,NA,NA,"A.Navarro","none","WGS84","Magnoliopsida","ES","none","none","EUROPE","Spain","EUROPE","EDDFDB8B-EAAB-4C8A-942D-BB8EB87B5B9B","15498-1",NA,NA,"ABH","360","Pinoso; Sierra del Reclot","1851569631",NA,"ABH","EDDFDB8B-EAAB-4C8A-942D-BB8EB87B5B9B",NA,"Reseda stricta Pers.",NA,NA,NA,NA,"8aa53465-012a-4394-bc5a-5f99beee1ce7","189e886d-b24c-4f29-8ee3-3827e567e7df",NA,NA,NA,NA,NA,NA,NA,NA,NA,NA,NA,NA,NA,NA,NA,NA,NA,NA,NA,NA,NA,NA,NA,NA,NA,NA,NA,"5/5/1994",NA,NA,NA,NA,NA,NA,NA,NA,NA,NA,NA,"ABH",NA,NA,NA,NA,NA,NA,NA,NA,NA,NA,NA,NA,NA,NA,NA,NA,NA,NA,NA,NA,NA,NA,NA,NA,NA,NA,NA,NA,NA
"199499219","Reseda stricta Pers.",37.07,-4.37,"cdc,gass84,iddativ,osiic,colmafu,inmafu","962cceea-f762-11e1-a439-00145eb45e9a","7fadb370-f921-11dd-af50-b8a03c50a862","2a3f6a56-7591-4f05-8c4c-a1bb77aa4ea6","6c4a0bb0-2a4d-11d8-aa2d-b8a03c50a862","ES","EML","2026-04-17T22:12:36.543+00:00","2026-04-24T14:10:14.776+00:00",392,"PRESERVED_SPECIMEN",1,"PRESENT",7275953,6,7707728,220,7225535,3110,3040250,7275953,7275953,"Reseda stricta Pers.","Plantae","Tracheophyta","Brassicales","Resedaceae","Reseda","Reseda stricta","Reseda","stricta","SPECIES","ACCEPTED",707,700,0,"EUROPE","Málaga",1994,11,29,"1994-11-29",333,333,"2018-02-01T13:22:34.000+00:00","2026-04-24T14:10:14.776+00:00","http://creativecommons.org/licenses/by-nc/4.0/legalcode",FALSE,"DA249AFC-43A3-442F-AE70-01B1825ABC41","none","none",FALSE,NA,"MGC Herbarium University of Malaga (Spain): MGC-Cormof dataset","A. V. Pérez Latorre, P. Navas & D. Navas","none","WGS84","Magnoliopsida","ES","none","none","EUROPE","Spain","EUROPE","DA249AFC-43A3-442F-AE70-01B1825ABC41","39284-1","https://www.gbif.org/publisher/7fadb370-f921-11dd-af50-b8a03c50a862",NA,"MGC","417","Hoz de Marín","199499219","es","MGC-Cormof","DA249AFC-43A3-442F-AE70-01B1825ABC41","PhysicalObject","Reseda stricta Pers.",NA,NA,NA,NA,"f9fd1a64-464a-4cbf-8a6c-60d7ca4e4446","dcf31393-fdcd-48d6-8e33-7eb584ab9ed3","S. Martín Bravo","Pliego",NA,NA,NA,NA,NA,NA,NA,NA,NA,NA,NA,NA,"in collection",NA,NA,NA,NA,NA,NA,NA,NA,NA,"MGC:MGC-Cormof:39284-1","2013-06-14T15:24:00.000+02:00","Pinar de Pinus halepensis. Yesos","29/11/1994","73157","Archidona","MGC-Cormof","http://digir.sourceforge.net/schema/conceptual/darwin/2003/1.0/darwin2.xsd","1000",NA,NA,NA,NA,NA,NA,NA,NA,NA,NA,"Confirmar",NA,NA,NA,NA,NA,NA,NA,NA,NA,NA,NA,NA,NA,NA,NA,NA,"?",NA,NA,NA,NA,NA,NA,NA,NA
"895302343","Reseda stricta Pers.",39.7,-2.24,"cdc,gass84,colmafu,inmafu","834a4794-f762-11e1-a439-00145eb45e9a","8209258a-80e8-4094-aba2-a3febe5ed45b","2a3f6a56-7591-4f05-8c4c-a1bb77aa4ea6","6c4a0bb0-2a4d-11d8-aa2d-b8a03c50a862","ES","EML","2026-04-18T01:37:24.691+00:00","2026-04-24T10:27:27.429+00:00",375,"PRESERVED_SPECIMEN",NA,"PRESENT",7275953,6,7707728,220,7225535,3110,3040250,7275953,7275953,"Reseda stricta Pers.","Plantae","Tracheophyta","Brassicales","Resedaceae","Reseda","Reseda stricta","Reseda","stricta","SPECIES","ACCEPTED",7071,NA,NA,"EUROPE","Cuenca",1993,5,2,"1993-05-02",122,122,"2025-11-03T14:20:45.000+00:00","2026-04-24T10:27:27.429+00:00","http://creativecommons.org/licenses/by-nc/4.0/legalcode",FALSE,"4D3C2019-6CC0-4331-9A35-B7E4BD67537C","none","none",FALSE,NA,"Colección de plantas vasculares del herbario de la Universitat de València (VAL)","J. Pinillos","none","WGS84","Magnoliopsida","ES","none","none","EUROPE","Spain","EUROPE","4D3C2019-6CC0-4331-9A35-B7E4BD67537C","186528-1","https://www.gbif.org/publisher/8209258a-80e8-4094-aba2-a3febe5ed45b",NA,"VAL","391","Valverde del Júcar, Yesares de Valverde hacia Valeria","895302343","es","VAL","4D3C2019-6CC0-4331-9A35-B7E4BD67537C","PhysicalObject","Reseda stricta Pers.",NA,NA,NA,NA,"c645b060-c130-45ee-97ab-b9fc94393523","6ceb64b5-0201-4a27-bcdb-8d62035e35d5","G. Mateo","Pliego",NA,NA,NA,NA,NA,NA,NA,NA,NA,NA,NA,NA,"in collection",NA,NA,NA,NA,NA,NA,NA,NA,NA,NA,NA,NA,"02051993",NA,"Valverde de Júcar",NA,NA,NA,NA,NA,NA,NA,NA,"2009-11-01T00:00:00","VAL",NA,NA,NA,NA,NA,NA,NA,NA,NA,NA,NA,NA,NA,NA,NA,NA,NA,NA,NA,NA,NA,NA,NA,NA,NA,NA,NA,NA,NA
"895228869","Reseda stricta Pers.",41.29,-1.6,"cdc,gass84,colmafu,inmafu","834a4794-f762-11e1-a439-00145eb45e9a","8209258a-80e8-4094-aba2-a3febe5ed45b","2a3f6a56-7591-4f05-8c4c-a1bb77aa4ea6","6c4a0bb0-2a4d-11d8-aa2d-b8a03c50a862","ES","EML","2026-04-18T01:37:24.691+00:00","2026-04-24T10:26:58.497+00:00",375,"PRESERVED_SPECIMEN",NA,"PRESENT",7275953,6,7707728,220,7225535,3110,3040250,7275953,7275953,"Reseda stricta Pers.","Plantae","Tracheophyta","Brassicales","Resedaceae","Reseda","Reseda stricta","Reseda","stricta","SPECIES","ACCEPTED",707,NA,NA,"EUROPE","Zaragoza",1993,6,24,"1993-06-24",175,175,"2025-11-03T14:20:45.000+00:00","2026-04-24T10:26:58.497+00:00","http://creativecommons.org/licenses/by-nc/4.0/legalcode",FALSE,"081F9011-08E8-45F2-BBBF-0167A6498636","none","none",FALSE,NA,"Colección de plantas vasculares del herbario de la Universitat de València (VAL)","A. Martínez","none","WGS84","Magnoliopsida","ES","none","none","EUROPE","Spain","EUROPE","081F9011-08E8-45F2-BBBF-0167A6498636","214121-1","https://www.gbif.org/publisher/8209258a-80e8-4094-aba2-a3febe5ed45b",NA,"VAL","391","Maluenda, barranco hacia la Ermita de San Caprasio","895228869","es","VAL","081F9011-08E8-45F2-BBBF-0167A6498636","PhysicalObject","Reseda stricta Pers.",NA,NA,NA,NA,"c645b060-c130-45ee-97ab-b9fc94393523","6ceb64b5-0201-4a27-bcdb-8d62035e35d5",NA,"Pliego",NA,NA,NA,NA,NA,NA,NA,NA,NA,NA,NA,NA,"in collection",NA,NA,"Herbari d'Alfredo Martínez Cabeza",NA,NA,NA,NA,NA,NA,NA,NA,"laderas y cerros","24061993",NA,"Maluenda (Calatayud)",NA,NA,NA,NA,NA,NA,NA,NA,NA,"VAL",NA,NA,NA,NA,NA,NA,NA,NA,NA,NA,NA,NA,NA,NA,NA,NA,NA,NA,NA,NA,NA,NA,NA,NA,NA,NA,NA,NA,NA
"1851566547","Reseda stricta Pers.",38.43,-1,"cdc,gass84,osiic,colmafu,inmafu","835852b2-f762-11e1-a439-00145eb45e9a","30b36805-4849-4abb-a39c-01b3a7fa3f2e","2a3f6a56-7591-4f05-8c4c-a1bb77aa4ea6","6c4a0bb0-2a4d-11d8-aa2d-b8a03c50a862","ES","EML","2026-04-18T01:37:27.890+00:00","2026-04-24T04:49:51.977+00:00",354,"PRESERVED_SPECIMEN",1,"PRESENT",7275953,6,7707728,220,7225535,3110,3040250,7275953,7275953,"Reseda stricta Pers.","Plantae","Tracheophyta","Brassicales","Resedaceae","Reseda","Reseda stricta","Reseda","stricta","SPECIES","ACCEPTED",7071,850,0,"EUROPE","Alicante",1993,6,6,"1993-06-06",157,157,"2016-08-03T12:11:08.000+00:00","2026-04-24T04:49:51.977+00:00","http://creativecommons.org/licenses/by/4.0/legalcode",FALSE,"FCDF46DE-5B5B-4E1F-B8EE-015C693151D3","none","none",TRUE,NA,NA,"L.Serra","none","WGS84","Magnoliopsida","ES","none","none","EUROPE","Spain","EUROPE","FCDF46DE-5B5B-4E1F-B8EE-015C693151D3","5295-1",NA,NA,"ABH","360","Pinoso; cerro de la Sal","1851566547",NA,"ABH","FCDF46DE-5B5B-4E1F-B8EE-015C693151D3",NA,"Reseda stricta Pers.",NA,NA,NA,NA,"8aa53465-012a-4394-bc5a-5f99beee1ce7","189e886d-b24c-4f29-8ee3-3827e567e7df",NA,NA,NA,NA,NA,NA,NA,NA,NA,NA,NA,NA,NA,NA,NA,NA,NA,"Matorrales secos gipsicolas",NA,NA,NA,NA,NA,NA,NA,NA,NA,"6/6/1993",NA,NA,NA,NA,NA,NA,NA,NA,NA,NA,NA,"ABH",NA,NA,NA,NA,NA,NA,NA,NA,NA,NA,NA,NA,NA,NA,NA,NA,NA,NA,NA,NA,NA,NA,NA,NA,NA,NA,NA,NA,NA
"1851567421","Reseda stricta Pers.",38.65,-0.92,"cdc,gass84,osiic,colmafu,inmafu","835852b2-f762-11e1-a439-00145eb45e9a","30b36805-4849-4abb-a39c-01b3a7fa3f2e","2a3f6a56-7591-4f05-8c4c-a1bb77aa4ea6","6c4a0bb0-2a4d-11d8-aa2d-b8a03c50a862","ES","EML","2026-04-18T01:37:27.890+00:00","2026-04-24T04:48:58.543+00:00",354,"PRESERVED_SPECIMEN",1,"PRESENT",7275953,6,7707728,220,7225535,3110,3040250,7275953,7275953,"Reseda stricta Pers.","Plantae","Tracheophyta","Brassicales","Resedaceae","Reseda","Reseda stricta","Reseda","stricta","SPECIES","ACCEPTED",707,500,0,"EUROPE","Alicante",1993,9,24,"1993-09-24",267,267,"2017-11-28T11:37:43.000+00:00","2026-04-24T04:48:58.543+00:00","http://creativecommons.org/licenses/by/4.0/legalcode",FALSE,"6AB94759-7421-4E81-A2D6-0BAC85267395","none","none",FALSE,NA,NA,"M.A.Alonso & al.","none","WGS84","Magnoliopsida","ES","none","none","EUROPE","Spain","EUROPE","6AB94759-7421-4E81-A2D6-0BAC85267395","6122-1",NA,NA,"ABH","360","Villena; Saleros de la Redonda","1851567421",NA,"ABH","6AB94759-7421-4E81-A2D6-0BAC85267395",NA,"Reseda stricta Pers.",NA,NA,NA,NA,"8aa53465-012a-4394-bc5a-5f99beee1ce7","189e886d-b24c-4f29-8ee3-3827e567e7df",NA,NA,NA,NA,NA,NA,NA,NA,NA,NA,NA,NA,NA,NA,NA,NA,NA,NA,NA,NA,NA,NA,NA,NA,NA,NA,NA,"24/9/1993",NA,NA,NA,NA,NA,NA,NA,NA,NA,NA,NA,"ABH",NA,NA,NA,NA,NA,NA,NA,NA,NA,NA,NA,NA,NA,NA,NA,NA,NA,NA,NA,NA,NA,NA,NA,NA,NA,NA,NA,NA,NA
"1851565688","Reseda stricta Pers.",38.51,-0.76,"cdc,gass84,osiic,colmafu,inmafu","835852b2-f762-11e1-a439-00145eb45e9a","30b36805-4849-4abb-a39c-01b3a7fa3f2e","2a3f6a56-7591-4f05-8c4c-a1bb77aa4ea6","6c4a0bb0-2a4d-11d8-aa2d-b8a03c50a862","ES","EML","2026-04-18T01:37:27.890+00:00","2026-04-24T04:49:29.286+00:00",354,"PRESERVED_SPECIMEN",1,"PRESENT",7275953,6,7707728,220,7225535,3110,3040250,7275953,7275953,"Reseda stricta Pers.","Plantae","Tracheophyta","Brassicales","Resedaceae","Reseda","Reseda stricta","Reseda","stricta","SPECIES","ACCEPTED",7071,NA,NA,"EUROPE","Alicante",1992,5,19,"1992-05-19",140,140,"2016-09-23T11:19:15.000+00:00","2026-04-24T04:49:29.286+00:00","http://creativecommons.org/licenses/by/4.0/legalcode",FALSE,"4BCFE08F-84EE-4A05-982D-EA12FFBC9F74","none","none",TRUE,NA,NA,"J.L.Solanas, A.de la Torre & M.B.Crespo","none","WGS84","Magnoliopsida","ES","none","none","EUROPE","Spain","EUROPE","4BCFE08F-84EE-4A05-982D-EA12FFBC9F74","1428-1",NA,NA,"ABH","360","Sax; hacia Petrel","1851565688",NA,"ABH","4BCFE08F-84EE-4A05-982D-EA12FFBC9F74",NA,"Reseda stricta Pers.",NA,NA,NA,NA,"8aa53465-012a-4394-bc5a-5f99beee1ce7","189e886d-b24c-4f29-8ee3-3827e567e7df",NA,NA,NA,NA,NA,NA,NA,NA,NA,NA,NA,NA,NA,NA,NA,NA,NA,"primera parada; yesos",NA,NA,NA,NA,NA,NA,NA,NA,NA,"19/5/1992",NA,NA,NA,NA,NA,NA,NA,NA,NA,NA,NA,"ABH",NA,NA,NA,NA,NA,NA,NA,NA,NA,NA,NA,NA,NA,NA,NA,NA,NA,NA,NA,NA,NA,NA,NA,NA,NA,NA,NA,NA,NA
"895225474","Reseda stricta Pers.",41.64,-1.22,"cdc,gass84,colmafu,inmafu","834a4794-f762-11e1-a439-00145eb45e9a","8209258a-80e8-4094-aba2-a3febe5ed45b","2a3f6a56-7591-4f05-8c4c-a1bb77aa4ea6","6c4a0bb0-2a4d-11d8-aa2d-b8a03c50a862","ES","EML","2026-04-18T01:37:24.691+00:00","2026-04-24T10:27:29.033+00:00",375,"PRESERVED_SPECIMEN",NA,"PRESENT",7275953,6,7707728,220,7225535,3110,3040250,7275953,7275953,"Reseda stricta Pers.","Plantae","Tracheophyta","Brassicales","Resedaceae","Reseda","Reseda stricta","Reseda","stricta","SPECIES","ACCEPTED",707,450,0,"EUROPE","Zaragoza",1992,6,6,"1992-06-06",158,158,"2025-11-03T14:20:45.000+00:00","2026-04-24T10:27:29.033+00:00","http://creativecommons.org/licenses/by-nc/4.0/legalcode",FALSE,"7487C608-CE0E-4241-99F4-3E9EB5834E2A","none","none",FALSE,NA,"Colección de plantas vasculares del herbario de la Universitat de València (VAL)","A. Martínez","none","WGS84","Magnoliopsida","ES","none","none","EUROPE","Spain","EUROPE","7487C608-CE0E-4241-99F4-3E9EB5834E2A","210932-1","https://www.gbif.org/publisher/8209258a-80e8-4094-aba2-a3febe5ed45b",NA,"VAL","391","Urrea de Jalón, pista hacia el Montolar","895225474","es","VAL","7487C608-CE0E-4241-99F4-3E9EB5834E2A","PhysicalObject","Reseda stricta Pers.",NA,NA,NA,NA,"c645b060-c130-45ee-97ab-b9fc94393523","6ceb64b5-0201-4a27-bcdb-8d62035e35d5",NA,"Pliego",NA,NA,NA,NA,NA,NA,NA,NA,NA,NA,NA,NA,"in collection",NA,NA,"Herbari d'Alfredo Martínez Cabeza",NA,NA,NA,NA,NA,NA,NA,NA,NA,"06061992",NA,"Urrea de Jalón (Valdejalón)",NA,NA,NA,NA,NA,NA,NA,NA,NA,"VAL",NA,NA,NA,NA,NA,NA,NA,NA,NA,NA,NA,NA,NA,NA,NA,NA,NA,NA,NA,NA,NA,NA,NA,NA,NA,NA,NA,NA,NA
"1936444277","Reseda stricta Pers.",39.6391,-2.5701,"cdc,gass84,inmano","834c9918-f762-11e1-a439-00145eb45e9a","0363cbd4-f666-455e-8e86-0bbddcf51950","2a3f6a56-7591-4f05-8c4c-a1bb77aa4ea6","6c4a0bb0-2a4d-11d8-aa2d-b8a03c50a862","ES","EML","2026-04-18T01:37:27.366+00:00","2026-04-24T05:20:16.341+00:00",423,"PRESERVED_SPECIMEN",NA,"PRESENT",7275953,6,7707728,220,7225535,3110,3040250,7275953,7275953,"Reseda stricta Pers.","Plantae","Tracheophyta","Brassicales","Resedaceae","Reseda","Reseda stricta","Reseda","stricta","SPECIES","ACCEPTED",NA,NA,NA,"EUROPE","Cuenca",1992,6,23,"1992-06-23",175,175,NA,"2026-04-24T05:20:16.341+00:00","http://creativecommons.org/licenses/by-nc/4.0/legalcode",FALSE,"4e37dbc8-20fe-11e3-9e2e-000c29035824","none","none",FALSE,"834c9918-f762-11e1-a439-00145eb45e9a",NA,"M.A. Carrasco, S. Cirujano & M. Velayos","none","WGS84","Magnoliopsida","ES","none","none","EUROPE","Spain","EUROPE","4e37dbc8-20fe-11e3-9e2e-000c29035824","MA-01-00559239","0363cbd4-f666-455e-8e86-0bbddcf51950",NA,"MA","429","Villar de la Encina, nacimiento de las Huertas","1936444277","es","MA","4e37dbc8-20fe-11e3-9e2e-000c29035824","Collection","Reseda stricta Pers.",NA,NA,NA,NA,NA,NA,NA,NA,NA,NA,NA,NA,NA,NA,NA,NA,NA,NA,NA,NA,NA,NA,"MA",NA,NA,NA,NA,NA,NA,NA,"MA-559239-1",NA,"Habitat: suelos halonitrófilos","23-VI-1992",NA,NA,NA,NA,NA,NA,NA,NA,NA,NA,NA,"MA",NA,NA,NA,NA,NA,"17abcf75-2f1e-46dd-bf75-a5b21dd02655",NA,NA,NA,NA,NA,NA,NA,"7275953",NA,"bcce0e24-20fe-11e3-9e2e-000c29035824",NA,NA,NA,NA,NA,NA,NA,NA,NA,NA,NA,NA,NA
"895280887","Reseda stricta Pers.",38.51,-0.88,"cdc,gass84,colmafu,inmafu","834a4794-f762-11e1-a439-00145eb45e9a","8209258a-80e8-4094-aba2-a3febe5ed45b","2a3f6a56-7591-4f05-8c4c-a1bb77aa4ea6","6c4a0bb0-2a4d-11d8-aa2d-b8a03c50a862","ES","EML","2026-04-18T01:37:24.691+00:00","2026-04-24T10:26:59.923+00:00",375,"PRESERVED_SPECIMEN",NA,"PRESENT",7275953,6,7707728,220,7225535,3110,3040250,7275953,7275953,"Reseda stricta Pers.","Plantae","Tracheophyta","Brassicales","Resedaceae","Reseda","Reseda stricta","Reseda","stricta","SPECIES","ACCEPTED",7071,550,0,"EUROPE","Alacant",1992,7,19,"1992-07-19",201,201,"2025-11-03T14:20:45.000+00:00","2026-04-24T10:26:59.923+00:00","http://creativecommons.org/licenses/by-nc/4.0/legalcode",FALSE,"166E124C-B4C8-4A12-0935-F4B2BB5ECFB5","none","none",TRUE,NA,"Colección de plantas vasculares del herbario de la Universitat de València (VAL)","Cuchillo","none","WGS84","Magnoliopsida","ES","none","none","EUROPE","Spain","EUROPE","166E124C-B4C8-4A12-0935-F4B2BB5ECFB5","85339-1","https://www.gbif.org/publisher/8209258a-80e8-4094-aba2-a3febe5ed45b",NA,"VAL","391","Sax; crtra. de Sax a Salinas","895280887","es","VAL","166E124C-B4C8-4A12-0935-F4B2BB5ECFB5","PhysicalObject","Reseda stricta Pers.",NA,NA,NA,NA,"c645b060-c130-45ee-97ab-b9fc94393523","6ceb64b5-0201-4a27-bcdb-8d62035e35d5",NA,"Pliego",NA,NA,NA,NA,NA,NA,NA,NA,NA,NA,NA,NA,"in collection",NA,NA,"ex VAB-943162",NA,NA,NA,NA,NA,NA,NA,NA,"pastizal seco con yesos","19/07/1992",NA,"Sax (Alt Vinalopó)",NA,NA,NA,NA,NA,NA,NA,NA,NA,"VAL",NA,NA,NA,NA,NA,NA,NA,NA,NA,NA,NA,NA,NA,NA,NA,NA,NA,NA,NA,NA,NA,NA,NA,NA,NA,NA,NA,NA,NA
"1851567044","Reseda stricta Pers.",38.65,-0.92,"cdc,gass84,osiic,colmafu,inmafu","835852b2-f762-11e1-a439-00145eb45e9a","30b36805-4849-4abb-a39c-01b3a7fa3f2e","2a3f6a56-7591-4f05-8c4c-a1bb77aa4ea6","6c4a0bb0-2a4d-11d8-aa2d-b8a03c50a862","ES","EML","2026-04-18T01:37:27.890+00:00","2026-04-24T04:49:42.811+00:00",354,"PRESERVED_SPECIMEN",1,"PRESENT",7275953,6,7707728,220,7225535,3110,3040250,7275953,7275953,"Reseda stricta Pers.","Plantae","Tracheophyta","Brassicales","Resedaceae","Reseda","Reseda stricta","Reseda","stricta","SPECIES","ACCEPTED",707,500,0,"EUROPE","Alicante",1991,10,27,"1991-10-27",300,300,"2017-11-28T11:34:43.000+00:00","2026-04-24T04:49:42.811+00:00","http://creativecommons.org/licenses/by/4.0/legalcode",FALSE,"52A6A114-168C-428C-BED7-C345BFF44150","none","none",FALSE,NA,NA,"M.A.Alonso","none","WGS84","Magnoliopsida","ES","none","none","EUROPE","Spain","EUROPE","52A6A114-168C-428C-BED7-C345BFF44150","8316-1",NA,NA,"ABH","360","Villena; Salinas José Sanchís","1851567044",NA,"ABH","52A6A114-168C-428C-BED7-C345BFF44150",NA,"Reseda stricta Pers.",NA,NA,NA,NA,"8aa53465-012a-4394-bc5a-5f99beee1ce7","189e886d-b24c-4f29-8ee3-3827e567e7df",NA,NA,NA,NA,NA,NA,NA,NA,NA,NA,NA,NA,NA,NA,NA,NA,NA,NA,NA,NA,NA,NA,NA,NA,NA,NA,NA,"27/10/1991",NA,NA,NA,NA,NA,NA,NA,NA,NA,NA,NA,"ABH",NA,NA,NA,NA,NA,NA,NA,NA,NA,NA,NA,NA,NA,NA,NA,NA,NA,NA,NA,NA,NA,NA,NA,NA,NA,NA,NA,NA,NA
"895302942","Reseda stricta Pers.",40.06,-3.64,"cdc,gass84,colmafu,inmafu","834a4794-f762-11e1-a439-00145eb45e9a","8209258a-80e8-4094-aba2-a3febe5ed45b","2a3f6a56-7591-4f05-8c4c-a1bb77aa4ea6","6c4a0bb0-2a4d-11d8-aa2d-b8a03c50a862","ES","EML","2026-04-18T01:37:24.691+00:00","2026-04-24T10:27:20.035+00:00",375,"PRESERVED_SPECIMEN",NA,"PRESENT",7275953,6,7707728,220,7225535,3110,3040250,7275953,7275953,"Reseda stricta Pers.","Plantae","Tracheophyta","Brassicales","Resedaceae","Reseda","Reseda stricta","Reseda","stricta","SPECIES","ACCEPTED",7071,600,0,"EUROPE","Madrid",1990,4,30,"1990-04-30",120,120,"2025-11-03T14:20:45.000+00:00","2026-04-24T10:27:20.035+00:00","http://creativecommons.org/licenses/by-nc/4.0/legalcode",FALSE,"BB56D54E-4A4D-448B-09BF-C436D01673FF","none","none",FALSE,NA,"Colección de plantas vasculares del herbario de la Universitat de València (VAL)","I. Mateu","none","WGS84","Magnoliopsida","ES","none","none","EUROPE","Spain","EUROPE","BB56D54E-4A4D-448B-09BF-C436D01673FF","195384-1","https://www.gbif.org/publisher/8209258a-80e8-4094-aba2-a3febe5ed45b",NA,"VAL","391","Aranjuez, laguna de Ontígola","895302942","es","VAL","BB56D54E-4A4D-448B-09BF-C436D01673FF","PhysicalObject","Reseda stricta Pers.",NA,NA,NA,NA,"c645b060-c130-45ee-97ab-b9fc94393523","6ceb64b5-0201-4a27-bcdb-8d62035e35d5","G. Mateo","Pliego",NA,NA,NA,NA,NA,NA,NA,NA,NA,NA,NA,NA,"in collection",NA,NA,NA,NA,NA,NA,NA,NA,NA,NA,NA,NA,"30041990",NA,NA,NA,NA,NA,NA,NA,NA,NA,NA,"2009-11-01T00:00:00","VAL",NA,NA,NA,NA,NA,NA,NA,NA,NA,NA,NA,NA,NA,NA,NA,NA,NA,NA,NA,NA,NA,NA,NA,NA,NA,NA,NA,NA,NA
"115888460","Reseda stricta Pers.",37.49,-2.75,"cdc,gass84,osiic,colmafu,inmafu","8353c5bc-f762-11e1-a439-00145eb45e9a","857b3f90-230f-474d-9559-6f740efadbba","2a3f6a56-7591-4f05-8c4c-a1bb77aa4ea6","6c4a0bb0-2a4d-11d8-aa2d-b8a03c50a862","ES","EML","2026-04-18T01:37:26.992+00:00","2026-04-24T05:11:58.411+00:00",339,"PRESERVED_SPECIMEN",1,"PRESENT",7275953,6,7707728,220,7225535,3110,3040250,7275953,7275953,"Reseda stricta Pers.","Plantae","Tracheophyta","Brassicales","Resedaceae","Reseda","Reseda stricta","Reseda","stricta","SPECIES","ACCEPTED",707,NA,NA,"EUROPE","Granada",1990,5,15,"1990-05-15",135,135,"2017-09-12T09:30:31.000+00:00","2026-04-24T05:11:58.411+00:00","http://creativecommons.org/licenses/by/4.0/legalcode",FALSE,"76EF9382-A00A-4006-A440-E4E717356D60","none","none",FALSE,NA,"ardín Botánico de Córdoba: Herbarium COA","M.E. Martínez","none","WGS84","Magnoliopsida","ES","none","none","EUROPE","Spain","EUROPE","76EF9382-A00A-4006-A440-E4E717356D60","21129-1",NA,NA,"COA","345","Los Charcos. Baza","115888460","es","COA","76EF9382-A00A-4006-A440-E4E717356D60","PhysicalObject","Reseda stricta Pers.",NA,NA,NA,NA,"d9c5994e-45c4-4f46-8579-50f60f174d10","54dc0fad-9516-42b4-b1e7-b43d5b7281f1","M.E. Martínez",NA,NA,NA,NA,NA,NA,NA,NA,NA,NA,NA,NA,NA,NA,NA,NA,NA,NA,NA,NA,NA,NA,NA,NA,NA,NA,"15/  V /1990",NA,NA,NA,NA,NA,NA,NA,NA,NA,NA,NA,"COA",NA,NA,NA,NA,NA,NA,NA,NA,NA,NA,NA,NA,NA,NA,NA,NA,NA,NA,NA,NA,NA,NA,NA,NA,NA,NA,NA,NA,NA
"895143507","Reseda stricta Pers.",39.52,-1.55,"cdc,gass84,colmafu,inmafu","834a4794-f762-11e1-a439-00145eb45e9a","8209258a-80e8-4094-aba2-a3febe5ed45b","2a3f6a56-7591-4f05-8c4c-a1bb77aa4ea6","6c4a0bb0-2a4d-11d8-aa2d-b8a03c50a862","ES","EML","2026-04-18T01:37:24.691+00:00","2026-04-24T10:27:06.294+00:00",375,"PRESERVED_SPECIMEN",NA,"PRESENT",7275953,6,7707728,220,7225535,3110,3040250,7275953,7275953,"Reseda stricta Pers.","Plantae","Tracheophyta","Brassicales","Resedaceae","Reseda","Reseda stricta","Reseda","stricta","SPECIES","ACCEPTED",7071,700,0,"EUROPE","València",1990,5,8,"1990-05-08",128,128,"2025-11-03T14:20:45.000+00:00","2026-04-24T10:27:06.294+00:00","http://creativecommons.org/licenses/by-nc/4.0/legalcode",FALSE,"30068527-54F1-4F5E-9433-29471624506D","none","none",FALSE,NA,"Colección de plantas vasculares del herbario de la Universitat de València (VAL)","García Navarro","none","WGS84","Magnoliopsida","ES","none","none","EUROPE","Spain","EUROPE","30068527-54F1-4F5E-9433-29471624506D","105049-1","https://www.gbif.org/publisher/8209258a-80e8-4094-aba2-a3febe5ed45b",NA,"VAL","391","Villargordo; hacia Los Cuchillos","895143507","es","VAL","30068527-54F1-4F5E-9433-29471624506D","PhysicalObject","Reseda stricta Pers.",NA,NA,NA,NA,"c645b060-c130-45ee-97ab-b9fc94393523","6ceb64b5-0201-4a27-bcdb-8d62035e35d5",NA,"Pliego",NA,NA,NA,NA,NA,NA,NA,NA,NA,NA,NA,NA,"in collection",NA,NA,"ex VAB-980700",NA,NA,NA,NA,NA,NA,NA,NA,NA,"08/05/1990",NA,"Villargordo del Cabriel (Plana d´Utiel-Requena)",NA,NA,NA,NA,NA,NA,NA,NA,NA,"VAL",NA,NA,NA,NA,NA,NA,NA,NA,NA,NA,NA,NA,NA,NA,NA,NA,NA,NA,NA,NA,NA,NA,NA,NA,NA,NA,NA,NA,NA
"895301544","Reseda stricta Pers.",39.52,-2.13,"cdc,gass84,colmafu,inmafu","834a4794-f762-11e1-a439-00145eb45e9a","8209258a-80e8-4094-aba2-a3febe5ed45b","2a3f6a56-7591-4f05-8c4c-a1bb77aa4ea6","6c4a0bb0-2a4d-11d8-aa2d-b8a03c50a862","ES","EML","2026-04-18T01:37:24.691+00:00","2026-04-24T10:27:16.294+00:00",375,"PRESERVED_SPECIMEN",NA,"PRESENT",7275953,6,7707728,220,7225535,3110,3040250,7275953,7275953,"Reseda stricta Pers.","Plantae","Tracheophyta","Brassicales","Resedaceae","Reseda","Reseda stricta","Reseda","stricta","SPECIES","ACCEPTED",7071,NA,NA,"EUROPE","Cuenca",1990,5,13,"1990-05-13",133,133,"2025-11-03T14:20:45.000+00:00","2026-04-24T10:27:16.294+00:00","http://creativecommons.org/licenses/by-nc/4.0/legalcode",FALSE,"815C5B49-A3B0-48D6-8BE1-902B55352023","none","none",FALSE,NA,"Colección de plantas vasculares del herbario de la Universitat de València (VAL)","J.A. Pinillos","none","WGS84","Magnoliopsida","ES","none","none","EUROPE","Spain","EUROPE","815C5B49-A3B0-48D6-8BE1-902B55352023","178128-1","https://www.gbif.org/publisher/8209258a-80e8-4094-aba2-a3febe5ed45b",NA,"VAL","391","Alarcón, Casas de la Gravera del Pantano","895301544","es","VAL","815C5B49-A3B0-48D6-8BE1-902B55352023","PhysicalObject","Reseda stricta Pers.",NA,NA,NA,NA,"c645b060-c130-45ee-97ab-b9fc94393523","6ceb64b5-0201-4a27-bcdb-8d62035e35d5","G. Mateo","Pliego",NA,NA,NA,NA,NA,NA,NA,NA,NA,NA,NA,NA,"in collection",NA,NA,NA,NA,NA,NA,NA,NA,NA,NA,NA,"yesos","13051990",NA,"Alarcón",NA,NA,NA,NA,NA,NA,NA,NA,"2009-11-01T00:00:00","VAL",NA,NA,NA,NA,NA,NA,NA,NA,NA,NA,NA,NA,NA,NA,NA,NA,NA,NA,NA,NA,NA,NA,NA,NA,NA,NA,NA,NA,NA
"895302295","Reseda stricta Pers.",39.88,-2.47,"cdc,gass84,colmafu,inmafu","834a4794-f762-11e1-a439-00145eb45e9a","8209258a-80e8-4094-aba2-a3febe5ed45b","2a3f6a56-7591-4f05-8c4c-a1bb77aa4ea6","6c4a0bb0-2a4d-11d8-aa2d-b8a03c50a862","ES","EML","2026-04-18T01:37:24.691+00:00","2026-04-24T10:27:21.936+00:00",375,"PRESERVED_SPECIMEN",NA,"PRESENT",7275953,6,7707728,220,7225535,3110,3040250,7275953,7275953,"Reseda stricta Pers.","Plantae","Tracheophyta","Brassicales","Resedaceae","Reseda","Reseda stricta","Reseda","stricta","SPECIES","ACCEPTED",7071,NA,NA,"EUROPE","Cuenca",1990,5,23,"1990-05-23",143,143,"2025-11-03T14:20:45.000+00:00","2026-04-24T10:27:21.936+00:00","http://creativecommons.org/licenses/by-nc/4.0/legalcode",FALSE,"C2A9AD80-EAEF-463C-B8B6-F55E5469434B","none","none",FALSE,NA,"Colección de plantas vasculares del herbario de la Universitat de València (VAL)","J. Pinillos","none","WGS84","Magnoliopsida","ES","none","none","EUROPE","Spain","EUROPE","C2A9AD80-EAEF-463C-B8B6-F55E5469434B","184576-1","https://www.gbif.org/publisher/8209258a-80e8-4094-aba2-a3febe5ed45b",NA,"VAL","391","Villarejo-Periesteban","895302295","es","VAL","C2A9AD80-EAEF-463C-B8B6-F55E5469434B","PhysicalObject","Reseda stricta Pers.",NA,NA,NA,NA,"c645b060-c130-45ee-97ab-b9fc94393523","6ceb64b5-0201-4a27-bcdb-8d62035e35d5","G. Mateo","Pliego",NA,NA,NA,NA,NA,NA,NA,NA,NA,NA,NA,NA,"in collection",NA,NA,NA,NA,NA,NA,NA,NA,NA,NA,NA,"campos de cultivo","23051990",NA,"Villarejo-Periesteban",NA,NA,NA,NA,NA,NA,NA,NA,"2009-11-01T00:00:00","VAL",NA,NA,NA,NA,NA,NA,NA,NA,NA,NA,NA,NA,NA,NA,NA,NA,NA,NA,NA,NA,NA,NA,NA,NA,NA,NA,NA,NA,NA
"3311394931","Reseda stricta Pers.",36.8,-2.82,"inmano","837acfc2-f762-11e1-a439-00145eb45e9a","bafca313-f02c-4ce7-9cba-760770a0e4b9","2a3f6a56-7591-4f05-8c4c-a1bb77aa4ea6","6c4a0bb0-2a4d-11d8-aa2d-b8a03c50a862","ES","EML","2026-04-18T01:36:56.844+00:00","2026-04-24T03:39:12.602+00:00",395,"PRESERVED_SPECIMEN",NA,"PRESENT",7275953,6,7707728,220,7225535,3110,3040250,7275953,7275953,"Reseda stricta Pers.","Plantae","Tracheophyta","Brassicales","Resedaceae","Reseda","Reseda stricta","Reseda","stricta","SPECIES","ACCEPTED",550,NA,NA,"EUROPE","Almería",1990,5,1,"1990-05-01",121,121,"2006-07-11T22:01:00.000+00:00","2026-04-24T03:39:12.602+00:00","http://creativecommons.org/licenses/by-nc/4.0/legalcode",FALSE,"HSS:HSS:04174","none","none",FALSE,NA,"Herbario HSS","F.M. Vázquez","none","WGS84","Magnoliopsida","ES","none","none","EUROPE","Spain","EUROPE","HSS:HSS:04174","04174","124407","ICBN","CICYTEX","401",NA,"3311394931","es","HSS","HSS:HSS:04174","PhysicalObject","Reseda stricta Pers.",NA,NA,"F. Márquez",NA,NA,NA,"F.M. Vázquez",NA,NA,"Centro de Investigaciones Científicas y Tecnológicas de Extremadura",NA,NA,NA,NA,NA,NA,NA,NA,NA,NA,"in collection",NA,NA,NA,NA,NA,NA,NA,NA,NA,NA,NA,"Zonas estepáricas semidesérticas",NA,NA,"El Ejido",NA,NA,NA,NA,NA,NA,NA,NA,NA,"HSS",NA,NA,NA,NA,NA,NA,NA,NA,NA,NA,NA,NA,NA,NA,NA,NA,NA,NA,NA,NA,NA,NA,NA,NA,NA,NA,NA,NA,NA
"3311394932","Reseda stricta Pers.",36.8,-2.82,"inmano","837acfc2-f762-11e1-a439-00145eb45e9a","bafca313-f02c-4ce7-9cba-760770a0e4b9","2a3f6a56-7591-4f05-8c4c-a1bb77aa4ea6","6c4a0bb0-2a4d-11d8-aa2d-b8a03c50a862","ES","EML","2026-04-18T01:36:56.844+00:00","2026-04-24T03:40:05.482+00:00",395,"PRESERVED_SPECIMEN",NA,"PRESENT",7275953,6,7707728,220,7225535,3110,3040250,7275953,7275953,"Reseda stricta Pers.","Plantae","Tracheophyta","Brassicales","Resedaceae","Reseda","Reseda stricta","Reseda","stricta","SPECIES","ACCEPTED",550,NA,NA,"EUROPE","Almería",1990,5,1,"1990-05-01",121,121,"2006-07-11T22:01:00.000+00:00","2026-04-24T03:40:05.482+00:00","http://creativecommons.org/licenses/by-nc/4.0/legalcode",FALSE,"HSS:HSS:04175","none","none",FALSE,NA,"Herbario HSS","F.M. Vázquez","none","WGS84","Magnoliopsida","ES","none","none","EUROPE","Spain","EUROPE","HSS:HSS:04175","04175","124407","ICBN","CICYTEX","401",NA,"3311394932","es","HSS","HSS:HSS:04175","PhysicalObject","Reseda stricta Pers.",NA,NA,"F. Márquez",NA,NA,NA,"F.M. Vázquez",NA,NA,"Centro de Investigaciones Científicas y Tecnológicas de Extremadura",NA,NA,NA,NA,NA,NA,NA,NA,NA,NA,"in collection",NA,NA,NA,NA,NA,NA,NA,NA,NA,NA,NA,"Zonas estepáricas semidesérticas",NA,NA,"El Ejido",NA,NA,NA,NA,NA,NA,NA,NA,NA,"HSS",NA,NA,NA,NA,NA,NA,NA,NA,NA,NA,NA,NA,NA,NA,NA,NA,NA,NA,NA,NA,NA,NA,NA,NA,NA,NA,NA,NA,NA
"3311394936","Reseda stricta Pers.",37,-1.89,"inmano","837acfc2-f762-11e1-a439-00145eb45e9a","bafca313-f02c-4ce7-9cba-760770a0e4b9","2a3f6a56-7591-4f05-8c4c-a1bb77aa4ea6","6c4a0bb0-2a4d-11d8-aa2d-b8a03c50a862","ES","EML","2026-04-18T01:36:56.844+00:00","2026-04-24T03:38:40.980+00:00",395,"PRESERVED_SPECIMEN",NA,"PRESENT",7275953,6,7707728,220,7225535,3110,3040250,7275953,7275953,"Reseda stricta Pers.","Plantae","Tracheophyta","Brassicales","Resedaceae","Reseda","Reseda stricta","Reseda","stricta","SPECIES","ACCEPTED",550,NA,NA,"EUROPE","Almería",1990,5,1,"1990-05-01",121,121,"2006-07-11T22:01:00.000+00:00","2026-04-24T03:38:40.980+00:00","http://creativecommons.org/licenses/by-nc/4.0/legalcode",FALSE,"HSS:HSS:04170","none","none",FALSE,NA,"Herbario HSS","F.M. Vázquez","none","WGS84","Magnoliopsida","ES","none","none","EUROPE","Spain","EUROPE","HSS:HSS:04170","04170","124407","ICBN","CICYTEX","401",NA,"3311394936","es","HSS","HSS:HSS:04170","PhysicalObject","Reseda stricta Pers.",NA,NA,"F. Márquez",NA,NA,NA,"F.M. Vázquez",NA,NA,"Centro de Investigaciones Científicas y Tecnológicas de Extremadura",NA,NA,NA,NA,NA,NA,NA,NA,NA,NA,"in collection",NA,NA,NA,NA,NA,NA,NA,NA,NA,NA,NA,NA,NA,NA,"Carboneras",NA,NA,NA,NA,NA,NA,NA,NA,NA,"HSS",NA,NA,NA,NA,NA,NA,NA,NA,NA,NA,NA,NA,NA,NA,NA,NA,NA,NA,NA,NA,NA,NA,NA,NA,NA,NA,NA,NA,NA
"3311394938","Reseda stricta Pers.",37.18,-4.14,"inmano","837acfc2-f762-11e1-a439-00145eb45e9a","bafca313-f02c-4ce7-9cba-760770a0e4b9","2a3f6a56-7591-4f05-8c4c-a1bb77aa4ea6","6c4a0bb0-2a4d-11d8-aa2d-b8a03c50a862","ES","EML","2026-04-18T01:36:56.844+00:00","2026-04-24T03:39:08.255+00:00",395,"PRESERVED_SPECIMEN",NA,"PRESENT",7275953,6,7707728,220,7225535,3110,3040250,7275953,7275953,"Reseda stricta Pers.","Plantae","Tracheophyta","Brassicales","Resedaceae","Reseda","Reseda stricta","Reseda","stricta","SPECIES","ACCEPTED",550,NA,NA,"EUROPE","Granada",1990,5,1,"1990-05-01",121,121,"2006-07-11T22:01:00.000+00:00","2026-04-24T03:39:08.255+00:00","http://creativecommons.org/licenses/by-nc/4.0/legalcode",FALSE,"HSS:HSS:04179","none","none",FALSE,NA,"Herbario HSS","F.M. Vázquez","none","WGS84","Magnoliopsida","ES","none","none","EUROPE","Spain","EUROPE","HSS:HSS:04179","04179","124407","ICBN","CICYTEX","401",NA,"3311394938","es","HSS","HSS:HSS:04179","PhysicalObject","Reseda stricta Pers.",NA,NA,"F. Márquez",NA,NA,NA,"F.M. Vázquez",NA,NA,"Centro de Investigaciones Científicas y Tecnológicas de Extremadura",NA,NA,NA,NA,NA,NA,NA,NA,NA,NA,"in collection",NA,NA,NA,NA,NA,NA,NA,NA,NA,NA,NA,NA,NA,NA,"Loja",NA,NA,NA,NA,NA,NA,NA,NA,NA,"HSS",NA,NA,NA,NA,NA,NA,NA,NA,NA,NA,NA,NA,NA,NA,NA,NA,NA,NA,NA,NA,NA,NA,NA,NA,NA,NA,NA,NA,NA
"3713854803","Reseda stricta Pers.",37.9,-2.03,"cdc,gass84,mdativ,osiic,incomis,inmafu","83504144-f762-11e1-a439-00145eb45e9a","c1564d80-1b9d-471c-b84d-8d5dd2efbf0a","2a3f6a56-7591-4f05-8c4c-a1bb77aa4ea6","6c4a0bb0-2a4d-11d8-aa2d-b8a03c50a862","ES","EML","2026-04-18T01:37:24.938+00:00","2026-04-24T07:24:42.044+00:00",344,"PRESERVED_SPECIMEN",1,"PRESENT",7275953,6,7707728,220,7225535,3110,3040250,7275953,7275953,"Reseda stricta Pers.","Plantae","Tracheophyta","Brassicales","Resedaceae","Reseda","Reseda stricta","Reseda","stricta","SPECIES","ACCEPTED",7071,NA,NA,"EUROPE","ALMERíA",1990,5,13,"1990-05-13",133,133,NA,"2026-04-24T07:24:42.044+00:00","http://creativecommons.org/licenses/by/4.0/legalcode",FALSE,"4799B15C-FF54-4E53-0917-0F5D43F9BEB3","none","none",FALSE,NA,"Herbario de la Universidad de Almería","L. Posadas & P. Soria","none","WGS84","Magnoliopsida","ES","none","none","EUROPE","Spain","EUROPE","4799B15C-FF54-4E53-0917-0F5D43F9BEB3","23957-1",NA,NA,"JP","350","Ctra. a Carboneras","3713854803","es","HUAL","4799B15C-FF54-4E53-0917-0F5D43F9BEB3","PhysicalObject","Reseda stricta Pers.","HUAL",NA,NA,NA,"a8343e51-cda3-4e7a-9eb6-4431f432fde4",NA,"L. Posadas","Pliego",NA,NA,NA,NA,NA,NA,NA,NA,NA,NA,NA,NA,NA,NA,NA,NA,NA,NA,NA,NA,NA,NA,NA,NA,"matorral","13/05/1990",NA,"Níjar",NA,NA,NA,NA,NA,NA,NA,NA,NA,"HUAL",NA,NA,NA,NA,NA,NA,NA,NA,NA,NA,NA,NA,NA,NA,NA,NA,NA,NA,NA,NA,NA,NA,NA,NA,NA,NA,NA,NA,NA
"3311394379","Reseda stricta Pers.",38.67,-2.48,"inmano","837acfc2-f762-11e1-a439-00145eb45e9a","bafca313-f02c-4ce7-9cba-760770a0e4b9","2a3f6a56-7591-4f05-8c4c-a1bb77aa4ea6","6c4a0bb0-2a4d-11d8-aa2d-b8a03c50a862","ES","EML","2026-04-18T01:36:56.844+00:00","2026-04-24T03:39:20.491+00:00",395,"PRESERVED_SPECIMEN",NA,"PRESENT",7275953,6,7707728,220,7225535,3110,3040250,7275953,7275953,"Reseda stricta Pers.","Plantae","Tracheophyta","Brassicales","Resedaceae","Reseda","Reseda stricta","Reseda","stricta","SPECIES","ACCEPTED",550,NA,NA,"EUROPE","Albacete",1990,6,1,"1990-06-01",152,152,"2006-07-11T22:01:00.000+00:00","2026-04-24T03:39:20.491+00:00","http://creativecommons.org/licenses/by-nc/4.0/legalcode",FALSE,"HSS:HSS:04705","none","none",FALSE,NA,"Herbario HSS","F.M. Vázquez","none","WGS84","Magnoliopsida","ES","none","none","EUROPE","Spain","EUROPE","HSS:HSS:04705","04705","124407","ICBN","CICYTEX","401","Proximidades","3311394379","es","HSS","HSS:HSS:04705","PhysicalObject","Reseda stricta Pers.",NA,NA,"F. Márquez",NA,NA,NA,"F.M. Vázquez",NA,NA,"Centro de Investigaciones Científicas y Tecnológicas de Extremadura",NA,NA,NA,NA,NA,NA,NA,NA,NA,NA,"in collection",NA,NA,NA,NA,NA,NA,NA,NA,NA,NA,NA,"Sierras calcáreas pastoreadas",NA,NA,"Alcaraz",NA,NA,NA,NA,NA,NA,NA,NA,NA,"HSS",NA,NA,NA,NA,NA,NA,NA,NA,NA,NA,NA,NA,NA,NA,NA,NA,NA,NA,NA,NA,NA,NA,NA,NA,NA,NA,NA,NA,NA
"3033652062","Reseda stricta Pers.",42.29,1.29,"cdc,gass84,mdativ,colmano,inmafu","834f1756-f762-11e1-a439-00145eb45e9a","cb202839-87c6-456a-821c-dc5b268a200f","2a3f6a56-7591-4f05-8c4c-a1bb77aa4ea6","6c4a0bb0-2a4d-11d8-aa2d-b8a03c50a862","ES","EML","2026-04-18T01:36:55.261+00:00","2026-04-23T23:49:40.970+00:00",326,"PRESERVED_SPECIMEN",NA,"PRESENT",7275953,6,7707728,220,7225535,3110,3040250,7275953,7275953,"Reseda stricta Pers.","Plantae","Tracheophyta","Brassicales","Resedaceae","Reseda","Reseda stricta","Reseda","stricta","SPECIES","ACCEPTED",5214,680,0,"EUROPE","Lleida",1990,10,13,"1990-10-13",286,286,NA,"2026-04-23T23:49:40.970+00:00","http://creativecommons.org/licenses/by-nc/4.0/legalcode",FALSE,"BCN 100907","none","none",FALSE,NA,"Col·lecció de Cormòfits de l'herbari BCN","Carrillo Ortuño, Empar & Ninot Sugrañes, Josep Maria","none","WGS84","Magnoliopsida","ES","none","none","EUROPE","Spain","EUROPE","BCN 100907","100907",NA,NA,"BCN","350","Vora Noves de Segre, en direcció a Taús","3033652062",NA,"Corm","BCN 100907",NA,"Reseda stricta Pers.",NA,NA,NA,NA,"5db0342e-533f-461c-a97e-0ec9dc79a95c",NA,NA,NA,NA,"CRAI CeDocBiV - Universitat de Barcelona",NA,NA,NA,NA,NA,NA,NA,NA,NA,NA,NA,NA,"UB",NA,NA,NA,NA,NA,NA,NA,"ex BCC",NA,"Marge de camí",NA,NA,NA,NA,NA,NA,NA,NA,NA,NA,NA,NA,"BCN-Cormophyta",NA,NA,NA,NA,NA,NA,NA,NA,"Reseda stricta Pers.","97039",NA,NA,NA,NA,NA,NA,NA,NA,NA,NA,NA,NA,NA,NA,NA,NA,NA,NA,NA
"2960583686","Reseda stricta Pers.",38.917,-3.075,"cdc,gass84,mdativ,colmafu,inmafu","ceff8c75-950b-4405-a116-60247d1adacb","21936918-2ce6-4314-a15e-91f9f6735361","2a3f6a56-7591-4f05-8c4c-a1bb77aa4ea6","6c4a0bb0-2a4d-11d8-aa2d-b8a03c50a862","ES","EML","2026-05-08T11:20:57.240+00:00","2026-05-08T11:22:55.176+00:00",281,"PRESERVED_SPECIMEN",NA,"PRESENT",7275953,6,7707728,220,7225535,3110,3040250,7275953,7275953,"Reseda stricta Pers.","Plantae","Tracheophyta","Brassicales","Resedaceae","Reseda","Reseda stricta","Reseda","stricta","SPECIES","ACCEPTED",707.11,NA,NA,"EUROPE","Ciudad Real",1989,6,17,"1989-06-17",168,168,NA,"2026-05-08T11:22:55.176+00:00","http://creativecommons.org/licenses/by-nc/4.0/legalcode",FALSE,"E819724E-5D14-41C1-A461-56A8F1AD337C","none","none",FALSE,"doi:10.15470/akznrb","Herbario de la Facultad de Ciencias Biológicas de la Universidad Complutense de Madrid (MACB)","Monge & Romero","none","WGS84","Magnoliopsida","ES","none","none","EUROPE","Spain","EUROPE","E819724E-5D14-41C1-A461-56A8F1AD337C","55881-1","https://www.gbif.org/publisher/21936918-2ce6-4314-a15e-91f9f6735361",NA,"MACB","281","Alhambra, arroyo de Los Gredales","2960583686","es","MACB","E819724E-5D14-41C1-A461-56A8F1AD337C","PhysicalObject","Reseda stricta Pers.",NA,NA,NA,NA,"8ccf3bd0-c0ae-437e-9948-8cc60608f14b","7302692a-9ae7-43ed-9449-c5c5626921fc","C. Monge",NA,NA,NA,NA,NA,NA,NA,NA,NA,NA,NA,NA,NA,NA,NA,NA,NA,NA,NA,NA,NA,NA,NA,NA,NA,"En saladar","17/06/1989",NA,NA,NA,NA,NA,NA,NA,NA,NA,NA,NA,NA,NA,NA,NA,NA,NA,NA,NA,NA,NA,NA,NA,NA,NA,NA,NA,NA,NA,NA,NA,NA,NA,NA,NA,NA,NA,NA,NA,NA,NA
"3033606242","Reseda stricta Pers.",41.81,0.58,"cdc,gass84,mdativ,colmano,inmafu","834f1756-f762-11e1-a439-00145eb45e9a","cb202839-87c6-456a-821c-dc5b268a200f","2a3f6a56-7591-4f05-8c4c-a1bb77aa4ea6","6c4a0bb0-2a4d-11d8-aa2d-b8a03c50a862","ES","EML","2026-04-18T01:36:55.261+00:00","2026-04-23T23:47:40.648+00:00",326,"PRESERVED_SPECIMEN",NA,"PRESENT",7275953,6,7707728,220,7225535,3110,3040250,7275953,7275953,"Reseda stricta Pers.","Plantae","Tracheophyta","Brassicales","Resedaceae","Reseda","Reseda stricta","Reseda","stricta","SPECIES","ACCEPTED",7311,NA,NA,"EUROPE","Lleida",1989,7,3,"1989-07-03",184,184,NA,"2026-04-23T23:47:40.648+00:00","http://creativecommons.org/licenses/by-nc/4.0/legalcode",FALSE,"BCN 19147","none","none",FALSE,NA,"Col·lecció de Cormòfits de l'herbari BCN","Molero Briones, Julià","none","WGS84","Magnoliopsida","ES","none","none","EUROPE","Spain","EUROPE","BCN 19147","19147",NA,NA,"BCN","350","Alfarràs","3033606242",NA,"Corm","BCN 19147",NA,"Reseda stricta Pers.",NA,NA,NA,NA,"5db0342e-533f-461c-a97e-0ec9dc79a95c",NA,NA,NA,NA,"CRAI CeDocBiV - Universitat de Barcelona",NA,NA,NA,NA,NA,NA,NA,NA,NA,NA,NA,NA,"UB",NA,NA,NA,NA,NA,NA,NA,"ex BCF 44124",NA,"guixos de la marge esquerra del riu",NA,NA,NA,NA,NA,NA,NA,NA,NA,NA,NA,NA,"BCN-Cormophyta",NA,NA,NA,NA,NA,NA,NA,NA,"Reseda stricta Pers.","19071",NA,NA,NA,NA,NA,NA,NA,NA,NA,NA,NA,NA,NA,NA,NA,NA,NA,NA,NA
"1936360887","Reseda stricta Pers.",41.9056,-1.241,"cdc,gass84,inmano","834c9918-f762-11e1-a439-00145eb45e9a","0363cbd4-f666-455e-8e86-0bbddcf51950","2a3f6a56-7591-4f05-8c4c-a1bb77aa4ea6","6c4a0bb0-2a4d-11d8-aa2d-b8a03c50a862","ES","EML","2026-04-18T01:37:27.366+00:00","2026-04-24T05:21:15.134+00:00",423,"PRESERVED_SPECIMEN",NA,"PRESENT",7275953,6,7707728,220,7225535,3110,3040250,7275953,7275953,"Reseda stricta Pers.","Plantae","Tracheophyta","Brassicales","Resedaceae","Reseda","Reseda stricta","Reseda","stricta","SPECIES","ACCEPTED",NA,NA,NA,"EUROPE","Zaragoza",1988,5,2,"1988-05-02",123,123,NA,"2026-04-24T05:21:15.134+00:00","http://creativecommons.org/licenses/by-nc/4.0/legalcode",FALSE,"459bddd7-20fe-11e3-9e2e-000c29035824","none","none",FALSE,"834c9918-f762-11e1-a439-00145eb45e9a",NA,"J. Pedrol","none","WGS84","Magnoliopsida","ES","none","none","EUROPE","Spain","EUROPE","459bddd7-20fe-11e3-9e2e-000c29035824","MA-01-00437690","0363cbd4-f666-455e-8e86-0bbddcf51950",NA,"MA","429","Entre Tauste y Remolinos","1936360887","es","MA","459bddd7-20fe-11e3-9e2e-000c29035824","Collection","Reseda stricta Pers.",NA,NA,NA,NA,NA,NA,NA,NA,NA,NA,NA,NA,NA,NA,NA,NA,NA,NA,NA,NA,NA,NA,"MA",NA,NA,NA,NA,NA,NA,NA,"MA-437690-1",NA,"margas yesíferas","02051988",NA,NA,NA,NA,NA,NA,NA,NA,NA,NA,NA,"MA",NA,NA,NA,NA,NA,"17abcf75-2f1e-46dd-bf75-a5b21dd02655",NA,NA,NA,NA,NA,NA,NA,"7275953",NA,"b5771552-20fe-11e3-9e2e-000c29035824",NA,NA,NA,NA,NA,NA,NA,NA,NA,NA,NA,NA,NA
"895261548","Reseda stricta Pers.",40.41,-1.06,"cdc,gass84,colmafu,inmafu","834a4794-f762-11e1-a439-00145eb45e9a","8209258a-80e8-4094-aba2-a3febe5ed45b","2a3f6a56-7591-4f05-8c4c-a1bb77aa4ea6","6c4a0bb0-2a4d-11d8-aa2d-b8a03c50a862","ES","EML","2026-04-18T01:37:24.691+00:00","2026-04-24T10:27:17.509+00:00",375,"PRESERVED_SPECIMEN",NA,"PRESENT",7275953,6,7707728,220,7225535,3110,3040250,7275953,7275953,"Reseda stricta Pers.","Plantae","Tracheophyta","Brassicales","Resedaceae","Reseda","Reseda stricta","Reseda","stricta","SPECIES","ACCEPTED",7071,980,0,"EUROPE","Teruel",1988,6,12,"1988-06-12",164,164,"2025-11-03T14:20:45.000+00:00","2026-04-24T10:27:17.509+00:00","http://creativecommons.org/licenses/by-nc/4.0/legalcode",FALSE,"976EF1B5-F746-4F57-B47A-601EC531C924","none","none",FALSE,NA,"Colección de plantas vasculares del herbario de la Universitat de València (VAL)","G. Mateo","none","WGS84","Magnoliopsida","ES","none","none","EUROPE","Spain","EUROPE","976EF1B5-F746-4F57-B47A-601EC531C924","58915-1","https://www.gbif.org/publisher/8209258a-80e8-4094-aba2-a3febe5ed45b",NA,"VAL","391","Cuevas Labradas;","895261548","es","VAL","976EF1B5-F746-4F57-B47A-601EC531C924","PhysicalObject","Reseda stricta Pers.",NA,NA,NA,NA,"c645b060-c130-45ee-97ab-b9fc94393523","6ceb64b5-0201-4a27-bcdb-8d62035e35d5",NA,"Pliego",NA,NA,NA,NA,NA,NA,NA,NA,NA,NA,NA,NA,"in collection",NA,NA,"ex VAB-882026",NA,NA,NA,NA,NA,NA,NA,NA,NA,"12/06/1988",NA,"Cuevas Labradas (Comunidad de Teruel)",NA,NA,NA,NA,NA,NA,NA,NA,NA,"VAL",NA,NA,NA,NA,NA,NA,NA,NA,NA,NA,NA,NA,NA,NA,NA,NA,NA,NA,NA,NA,NA,NA,NA,NA,NA,NA,NA,NA,NA
"2960535430","Reseda stricta Pers.",42.043,-4.42,"cdc,gass84,mdativ,colmafu,inmafu","ceff8c75-950b-4405-a116-60247d1adacb","21936918-2ce6-4314-a15e-91f9f6735361","2a3f6a56-7591-4f05-8c4c-a1bb77aa4ea6","6c4a0bb0-2a4d-11d8-aa2d-b8a03c50a862","ES","EML","2026-05-08T11:20:57.240+00:00","2026-05-08T11:22:15.377+00:00",281,"PRESERVED_SPECIMEN",NA,"PRESENT",7275953,6,7707728,220,7225535,3110,3040250,7275953,7275953,"Reseda stricta Pers.","Plantae","Tracheophyta","Brassicales","Resedaceae","Reseda","Reseda stricta","Reseda","stricta","SPECIES","ACCEPTED",707.11,NA,NA,"EUROPE","Palencia",1988,6,17,"1988-06-17",169,169,NA,"2026-05-08T11:22:15.377+00:00","http://creativecommons.org/licenses/by-nc/4.0/legalcode",FALSE,"87AA8EED-3F53-48EA-0B5B-63D4809A8AF2","none","none",FALSE,"doi:10.15470/akznrb","Herbario de la Facultad de Ciencias Biológicas de la Universidad Complutense de Madrid (MACB)","C. López & A. Romero Abelló","none","WGS84","Magnoliopsida","ES","none","none","EUROPE","Spain","EUROPE","87AA8EED-3F53-48EA-0B5B-63D4809A8AF2","49986-1","https://www.gbif.org/publisher/21936918-2ce6-4314-a15e-91f9f6735361",NA,"MACB","281","Valdeolmillos, Pico de Solapeña","2960535430","es","MACB","87AA8EED-3F53-48EA-0B5B-63D4809A8AF2","PhysicalObject","Reseda stricta Pers.",NA,NA,NA,NA,"8ccf3bd0-c0ae-437e-9948-8cc60608f14b","7302692a-9ae7-43ed-9449-c5c5626921fc","A. Romero Abelló",NA,NA,NA,NA,NA,NA,NA,NA,NA,NA,NA,NA,NA,NA,NA,NA,NA,NA,NA,NA,NA,NA,NA,NA,NA,"En cuestas yesosas","17/06/1988",NA,NA,NA,NA,NA,NA,NA,NA,NA,NA,NA,NA,NA,NA,NA,NA,NA,NA,NA,NA,NA,NA,NA,NA,NA,NA,NA,NA,NA,NA,NA,NA,NA,NA,NA,NA,NA,NA,NA,NA,NA
"1936441156","Reseda stricta Pers.",41.3354,-1.7106,"cdc,gass84,inmano","834c9918-f762-11e1-a439-00145eb45e9a","0363cbd4-f666-455e-8e86-0bbddcf51950","2a3f6a56-7591-4f05-8c4c-a1bb77aa4ea6","6c4a0bb0-2a4d-11d8-aa2d-b8a03c50a862","ES","EML","2026-04-18T01:37:27.366+00:00","2026-04-24T05:20:15.625+00:00",423,"PRESERVED_SPECIMEN",NA,"PRESENT",7275953,6,7707728,220,7225535,3110,3040250,7275953,7275953,"Reseda stricta Pers.","Plantae","Tracheophyta","Brassicales","Resedaceae","Reseda","Reseda stricta","Reseda","stricta","SPECIES","ACCEPTED",NA,NA,NA,"EUROPE","Zaragoza",1988,7,9,"1988-07-09",191,191,NA,"2026-04-24T05:20:15.625+00:00","http://creativecommons.org/licenses/by-nc/4.0/legalcode",FALSE,"4d396b14-20fe-11e3-9e2e-000c29035824","none","none",FALSE,"834c9918-f762-11e1-a439-00145eb45e9a",NA,"A. Rubio","none","WGS84","Magnoliopsida","ES","none","none","EUROPE","Spain","EUROPE","4d396b14-20fe-11e3-9e2e-000c29035824","MA-01-00555642","0363cbd4-f666-455e-8e86-0bbddcf51950",NA,"MA","429","Calatayud - Terrer","1936441156","es","MA","4d396b14-20fe-11e3-9e2e-000c29035824","Collection","Reseda stricta Pers.",NA,NA,NA,NA,NA,NA,NA,NA,NA,NA,NA,NA,NA,NA,NA,NA,NA,NA,NA,NA,NA,NA,"MA",NA,NA,NA,NA,NA,NA,NA,"MA-555642-1",NA,NA,"9-VII-1988",NA,NA,NA,NA,NA,NA,NA,NA,NA,NA,NA,"MA",NA,NA,NA,NA,NA,"17abcf75-2f1e-46dd-bf75-a5b21dd02655",NA,NA,NA,NA,NA,NA,NA,"7275953",NA,"bc9f945c-20fe-11e3-9e2e-000c29035824",NA,NA,NA,NA,NA,NA,NA,NA,NA,NA,NA,NA,NA
"2960569616","Reseda stricta Pers.",41.35,-1.655,"cdc,gass84,mdativ,colmafu,inmafu","ceff8c75-950b-4405-a116-60247d1adacb","21936918-2ce6-4314-a15e-91f9f6735361","2a3f6a56-7591-4f05-8c4c-a1bb77aa4ea6","6c4a0bb0-2a4d-11d8-aa2d-b8a03c50a862","ES","EML","2026-05-08T11:20:57.240+00:00","2026-05-08T11:22:43.083+00:00",281,"PRESERVED_SPECIMEN",NA,"PRESENT",7275953,6,7707728,220,7225535,3110,3040250,7275953,7275953,"Reseda stricta Pers.","Plantae","Tracheophyta","Brassicales","Resedaceae","Reseda","Reseda stricta","Reseda","stricta","SPECIES","ACCEPTED",707.11,NA,NA,"EUROPE","Zaragoza",1988,7,9,"1988-07-09",191,191,NA,"2026-05-08T11:22:43.083+00:00","http://creativecommons.org/licenses/by-nc/4.0/legalcode",FALSE,"6DA01CAF-5564-40E8-9C95-85A76B3E3B28","none","none",FALSE,"doi:10.15470/akznrb","Herbario de la Facultad de Ciencias Biológicas de la Universidad Complutense de Madrid (MACB)","A. Rubio","none","WGS84","Magnoliopsida","ES","none","none","EUROPE","Spain","EUROPE","6DA01CAF-5564-40E8-9C95-85A76B3E3B28","31455-1","https://www.gbif.org/publisher/21936918-2ce6-4314-a15e-91f9f6735361",NA,"MACB","281","Calatayud","2960569616","es","MACB","6DA01CAF-5564-40E8-9C95-85A76B3E3B28","PhysicalObject","Reseda stricta Pers.",NA,NA,NA,NA,"8ccf3bd0-c0ae-437e-9948-8cc60608f14b","7302692a-9ae7-43ed-9449-c5c5626921fc",NA,NA,NA,NA,NA,NA,NA,NA,NA,NA,NA,NA,NA,NA,NA,NA,NA,NA,NA,NA,NA,NA,NA,NA,NA,NA,NA,"09/07/1988",NA,NA,NA,NA,NA,NA,NA,NA,NA,NA,NA,NA,NA,NA,NA,NA,NA,NA,NA,NA,NA,NA,NA,NA,NA,NA,NA,NA,NA,NA,NA,NA,NA,NA,NA,NA,NA,NA,NA,NA,NA
"895279005","Reseda stricta Pers.",41.32,-1.63,"cdc,gass84,colmafu,inmafu","834a4794-f762-11e1-a439-00145eb45e9a","8209258a-80e8-4094-aba2-a3febe5ed45b","2a3f6a56-7591-4f05-8c4c-a1bb77aa4ea6","6c4a0bb0-2a4d-11d8-aa2d-b8a03c50a862","ES","EML","2026-04-18T01:37:24.691+00:00","2026-04-24T10:27:32.459+00:00",375,"PRESERVED_SPECIMEN",NA,"PRESENT",7275953,6,7707728,220,7225535,3110,3040250,7275953,7275953,"Reseda stricta Pers.","Plantae","Tracheophyta","Brassicales","Resedaceae","Reseda","Reseda stricta","Reseda","stricta","SPECIES","ACCEPTED",7071,NA,NA,"EUROPE","Zaragoza",1988,8,1,"1988-08-01",214,214,"2025-11-03T14:20:45.000+00:00","2026-04-24T10:27:32.459+00:00","http://creativecommons.org/licenses/by-nc/4.0/legalcode",FALSE,"C62FE69C-6467-4C99-AEB0-2F3EF21B2988","none","none",FALSE,NA,"Colección de plantas vasculares del herbario de la Universitat de València (VAL)","Urzay","none","WGS84","Magnoliopsida","ES","none","none","EUROPE","Spain","EUROPE","C62FE69C-6467-4C99-AEB0-2F3EF21B2988","82636-1","https://www.gbif.org/publisher/8209258a-80e8-4094-aba2-a3febe5ed45b",NA,"VAL","391","Calatayud; San Roque","895279005","es","VAL","C62FE69C-6467-4C99-AEB0-2F3EF21B2988","PhysicalObject","Reseda stricta Pers.",NA,NA,NA,NA,"c645b060-c130-45ee-97ab-b9fc94393523","6ceb64b5-0201-4a27-bcdb-8d62035e35d5",NA,"Pliego",NA,NA,NA,NA,NA,NA,NA,NA,NA,NA,NA,NA,"in collection",NA,NA,"ex VAB-940365",NA,NA,NA,NA,NA,NA,NA,NA,"yesos","01/08/1988",NA,"Calatayud (Calatayud)",NA,NA,NA,NA,NA,NA,NA,NA,NA,"VAL",NA,NA,NA,NA,NA,NA,NA,NA,NA,NA,NA,NA,NA,NA,NA,NA,NA,NA,NA,NA,NA,NA,NA,NA,NA,NA,NA,NA,NA
"1050608626","Reseda stricta Pers.",42.47,-1.92,"cdc,gass84,mdativ,cdpi,osiic,colmano,inmafu","9f6f3c1c-b8b2-4d1d-be3e-36217e1cb9b8","4c91866b-3c2e-4568-aca0-3ab0a1c1a45e","2a3f6a56-7591-4f05-8c4c-a1bb77aa4ea6","6c4a0bb0-2a4d-11d8-aa2d-b8a03c50a862","ES","EML","2026-04-17T17:25:51.802+00:00","2026-04-24T02:23:36.367+00:00",432,"PRESERVED_SPECIMEN",1,"PRESENT",7275953,6,7707728,220,7225535,3110,3040250,7275953,7275953,"Reseda stricta Pers.","Plantae","Tracheophyta","Brassicales","Resedaceae","Reseda","Reseda stricta","Reseda","stricta","SPECIES","ACCEPTED",NA,502.5,2.5,"EUROPE","Navarra",1987,6,9,"1987-06-09",160,160,NA,"2026-04-24T02:23:36.367+00:00","http://creativecommons.org/licenses/by-nc/4.0/legalcode",FALSE,"VIT:VIT-Vasculares:44734-1","none","none",FALSE,NA,NA,"P.M. URIBE-ECHEBARRIA","none","WGS84","Magnoliopsida","ES","none","none","EUROPE","Spain","EUROPE","VIT:VIT-Vasculares:44734-1","44734-1",NA,NA,"VIT","438","Lerín","1050608626",NA,"VIT-Vasculares","VIT:VIT-Vasculares:44734-1",NA,"Reseda stricta Pers.",NA,NA,NA,NA,"a4c92107-b55e-433c-8db1-6c0dfe31eace",NA,NA,"Herbarium specimen",NA,NA,NA,NA,NA,NA,NA,NA,NA,NA,NA,NA,NA,NA,NA,"Cerro de yeso. Romeral y pinar de p. carrasco.",NA,NA,NA,NA,NA,NA,NA,NA,NA,NA,NA,NA,NA,NA,NA,NA,NA,NA,NA,NA,NA,NA,NA,NA,NA,NA,NA,NA,NA,NA,NA,NA,NA,NA,NA,NA,NA,NA,NA,NA,NA,NA,NA,NA,NA,NA,NA,NA,NA,NA,NA
"1050608645","Reseda stricta Pers.",42.41,-1.91,"cdc,gass84,mdativ,cdpi,osiic,colmano,inmafu","9f6f3c1c-b8b2-4d1d-be3e-36217e1cb9b8","4c91866b-3c2e-4568-aca0-3ab0a1c1a45e","2a3f6a56-7591-4f05-8c4c-a1bb77aa4ea6","6c4a0bb0-2a4d-11d8-aa2d-b8a03c50a862","ES","EML","2026-04-17T17:25:51.802+00:00","2026-04-24T02:23:41.470+00:00",432,"PRESERVED_SPECIMEN",1,"PRESENT",7275953,6,7707728,220,7225535,3110,3040250,7275953,7275953,"Reseda stricta Pers.","Plantae","Tracheophyta","Brassicales","Resedaceae","Reseda","Reseda stricta","Reseda","stricta","SPECIES","ACCEPTED",NA,422.5,2.5,"EUROPE","Navarra",1987,6,11,"1987-06-11",162,162,NA,"2026-04-24T02:23:41.470+00:00","http://creativecommons.org/licenses/by-nc/4.0/legalcode",FALSE,"VIT:VIT-Vasculares:44732-1","none","none",FALSE,NA,NA,"P.M. URIBE-ECHEBARRIA","none","WGS84","Magnoliopsida","ES","none","none","EUROPE","Spain","EUROPE","VIT:VIT-Vasculares:44732-1","44732-1",NA,NA,"VIT","438","Andosilla; Suertes Viejas","1050608645",NA,"VIT-Vasculares","VIT:VIT-Vasculares:44732-1",NA,"Reseda stricta Pers.",NA,NA,NA,NA,"a4c92107-b55e-433c-8db1-6c0dfe31eace",NA,NA,"Herbarium specimen",NA,NA,NA,NA,NA,NA,NA,NA,NA,NA,NA,NA,NA,NA,NA,"Cerros pedregosos; yesos. Mosaico de coscojar y aulagar-pasto xerófilo",NA,NA,NA,NA,NA,NA,NA,NA,NA,NA,NA,NA,NA,NA,NA,NA,NA,NA,NA,NA,NA,NA,NA,NA,NA,NA,NA,NA,NA,NA,NA,NA,NA,NA,NA,NA,NA,NA,NA,NA,NA,NA,NA,NA,NA,NA,NA,NA,NA,NA,NA
"1050608659","Reseda stricta Pers.",42.36,-1.87,"cdc,gass84,mdativ,cdpi,osiic,colmano,inmafu","9f6f3c1c-b8b2-4d1d-be3e-36217e1cb9b8","4c91866b-3c2e-4568-aca0-3ab0a1c1a45e","2a3f6a56-7591-4f05-8c4c-a1bb77aa4ea6","6c4a0bb0-2a4d-11d8-aa2d-b8a03c50a862","ES","EML","2026-04-17T17:25:51.802+00:00","2026-04-24T02:23:27.246+00:00",432,"PRESERVED_SPECIMEN",1,"PRESENT",7275953,6,7707728,220,7225535,3110,3040250,7275953,7275953,"Reseda stricta Pers.","Plantae","Tracheophyta","Brassicales","Resedaceae","Reseda","Reseda stricta","Reseda","stricta","SPECIES","ACCEPTED",NA,402.5,2.5,"EUROPE","Navarra",1987,6,12,"1987-06-12",163,163,NA,"2026-04-24T02:23:27.246+00:00","http://creativecommons.org/licenses/by-nc/4.0/legalcode",FALSE,"VIT:VIT-Vasculares:44737-1","none","none",FALSE,NA,NA,"P.M. URIBE-ECHEBARRIA","none","WGS84","Magnoliopsida","ES","none","none","EUROPE","Spain","EUROPE","VIT:VIT-Vasculares:44737-1","44737-1",NA,NA,"VIT","438","Peralta; Cabizgordo","1050608659",NA,"VIT-Vasculares","VIT:VIT-Vasculares:44737-1",NA,"Reseda stricta Pers.",NA,NA,NA,NA,"a4c92107-b55e-433c-8db1-6c0dfe31eace",NA,NA,"Herbarium specimen",NA,NA,NA,NA,NA,NA,NA,NA,NA,NA,NA,NA,NA,NA,NA,"Ribazos con aulagar-pasto xerófilo.",NA,NA,NA,NA,NA,NA,NA,NA,NA,NA,NA,NA,NA,NA,NA,NA,NA,NA,NA,NA,NA,NA,NA,NA,NA,NA,NA,NA,NA,NA,NA,NA,NA,NA,NA,NA,NA,NA,NA,NA,NA,NA,NA,NA,NA,NA,NA,NA,NA,NA,NA
"1050608676","Reseda stricta Pers.",42.38,-1.81,"cdc,gass84,mdativ,cdpi,osiic,colmano,inmafu","9f6f3c1c-b8b2-4d1d-be3e-36217e1cb9b8","4c91866b-3c2e-4568-aca0-3ab0a1c1a45e","2a3f6a56-7591-4f05-8c4c-a1bb77aa4ea6","6c4a0bb0-2a4d-11d8-aa2d-b8a03c50a862","ES","EML","2026-04-17T17:25:51.802+00:00","2026-04-24T02:20:25.857+00:00",432,"PRESERVED_SPECIMEN",1,"PRESENT",7275953,6,7707728,220,7225535,3110,3040250,7275953,7275953,"Reseda stricta Pers.","Plantae","Tracheophyta","Brassicales","Resedaceae","Reseda","Reseda stricta","Reseda","stricta","SPECIES","ACCEPTED",NA,442.5,2.5,"EUROPE","Navarra",1987,6,11,"1987-06-11",162,162,NA,"2026-04-24T02:20:25.857+00:00","http://creativecommons.org/licenses/by-nc/4.0/legalcode",FALSE,"VIT:VIT-Vasculares:44733-1","none","none",FALSE,NA,NA,"P.M. URIBE-ECHEBARRIA","none","WGS84","Magnoliopsida","ES","none","none","EUROPE","Spain","EUROPE","VIT:VIT-Vasculares:44733-1","44733-1",NA,NA,"VIT","438","Falces; Vedadillo","1050608676",NA,"VIT-Vasculares","VIT:VIT-Vasculares:44733-1",NA,"Reseda stricta Pers.",NA,NA,NA,NA,"a4c92107-b55e-433c-8db1-6c0dfe31eace",NA,NA,"Herbarium specimen",NA,NA,NA,NA,NA,NA,NA,NA,NA,NA,NA,NA,NA,NA,NA,"Ribazos junto a la carretera.",NA,NA,NA,NA,NA,NA,NA,NA,NA,NA,NA,NA,NA,NA,NA,NA,NA,NA,NA,NA,NA,NA,NA,NA,NA,NA,NA,NA,NA,NA,NA,NA,NA,NA,NA,NA,NA,NA,NA,NA,NA,NA,NA,NA,NA,NA,NA,NA,NA,NA,NA
"1851326960","Reseda stricta Pers.",42.47,-1.923,"cdc,gass84,mdativ,osiic,colmafu,inmafu","7b74be32-f762-11e1-a439-00145eb45e9a","730cd32c-627f-44a8-9d93-fcfb23ade969","2a3f6a56-7591-4f05-8c4c-a1bb77aa4ea6","6c4a0bb0-2a4d-11d8-aa2d-b8a03c50a862","ES","EML","2026-04-17T20:40:41.625+00:00","2026-04-29T14:08:52.330+00:00",434,"PRESERVED_SPECIMEN",1,"PRESENT",7275953,6,7707728,220,7225535,3110,3040250,7275953,7275953,"Reseda stricta Pers.","Plantae","Tracheophyta","Brassicales","Resedaceae","Reseda","Reseda stricta","Reseda","stricta","SPECIES","ACCEPTED",707,500,0,"EUROPE","Navarra",1987,6,9,"1987-06-09",160,160,NA,"2026-04-29T14:08:52.330+00:00","http://creativecommons.org/licenses/by-nc/4.0/legalcode",FALSE,"19073F39-B910-481C-AF5C-59F58DD09EDC","none","none",FALSE,"doi:10.15470/j3rugb","Colección de plantas vasculares del Herbario Jaime Andrés Rodríguez. LEB","P.M.Uribe-Echebarría","none","WGS84","Magnoliopsida","ES","none","none","EUROPE","Spain","EUROPE","19073F39-B910-481C-AF5C-59F58DD09EDC","43031-1",NA,NA,"LEB","440","Lerín","1851326960","ES","LEB","19073F39-B910-481C-AF5C-59F58DD09EDC","PhysicalObject","Reseda stricta Pers.",NA,NA,NA,NA,"2af539a2-4f55-473c-9ad2-9ee7b20cb63a","1ba310c1-85e9-4c21-810b-09b5da025e80",NA,"Pliego",NA,NA,NA,NA,NA,NA,NA,NA,NA,NA,NA,NA,"in collection",NA,NA,NA,NA,NA,NA,NA,NA,NA,NA,NA,"Cerro de yeso","09-06-1987",NA,NA,NA,NA,NA,NA,NA,NA,NA,NA,NA,"LEB",NA,NA,NA,NA,NA,NA,NA,NA,NA,NA,NA,NA,NA,NA,NA,NA,NA,NA,NA,NA,NA,NA,NA,NA,NA,NA,NA,NA,NA
"1936376946","Reseda stricta Pers.",42.4544,-1.9189,"cdc,gass84,inmano","834c9918-f762-11e1-a439-00145eb45e9a","0363cbd4-f666-455e-8e86-0bbddcf51950","2a3f6a56-7591-4f05-8c4c-a1bb77aa4ea6","6c4a0bb0-2a4d-11d8-aa2d-b8a03c50a862","ES","EML","2026-04-18T01:37:27.366+00:00","2026-04-24T05:20:07.159+00:00",423,"PRESERVED_SPECIMEN",NA,"PRESENT",7275953,6,7707728,220,7225535,3110,3040250,7275953,7275953,"Reseda stricta Pers.","Plantae","Tracheophyta","Brassicales","Resedaceae","Reseda","Reseda stricta","Reseda","stricta","SPECIES","ACCEPTED",NA,NA,NA,"EUROPE","Navarra",1987,6,9,"1987-06-09",160,160,NA,"2026-04-24T05:20:07.159+00:00","http://creativecommons.org/licenses/by-nc/4.0/legalcode",FALSE,"46b1b0c8-20fe-11e3-9e2e-000c29035824","none","none",FALSE,"834c9918-f762-11e1-a439-00145eb45e9a",NA,"P.M. Uribe-Echebarría","none","WGS84","Magnoliopsida","ES","none","none","EUROPE","Spain","EUROPE","46b1b0c8-20fe-11e3-9e2e-000c29035824","MA-01-00465519","0363cbd4-f666-455e-8e86-0bbddcf51950",NA,"MA","429","Lerín","1936376946","es","MA","46b1b0c8-20fe-11e3-9e2e-000c29035824","Collection","Reseda stricta Pers.",NA,NA,NA,NA,NA,NA,NA,NA,NA,NA,NA,NA,NA,NA,NA,NA,NA,NA,NA,NA,NA,NA,"MA",NA,NA,NA,NA,NA,NA,NA,"MA-465519-1",NA,"Habitat: cerro de yeso, romeral con Pinus halepensis","09061987",NA,NA,NA,NA,NA,NA,NA,NA,NA,NA,NA,"MA",NA,NA,NA,NA,NA,"17abcf75-2f1e-46dd-bf75-a5b21dd02655",NA,NA,NA,NA,NA,NA,NA,"7275953",NA,"b6701824-20fe-11e3-9e2e-000c29035824",NA,NA,NA,NA,NA,NA,NA,NA,NA,NA,NA,NA,NA
"128032187","Reseda stricta Pers.",38.4,-6.5,"cdc,gass84,mdativ,colmafu,inmafu","835d30de-f762-11e1-a439-00145eb45e9a","bf8bcf77-da9f-4df3-929a-d1dbb6ab5e5f","2a3f6a56-7591-4f05-8c4c-a1bb77aa4ea6","6c4a0bb0-2a4d-11d8-aa2d-b8a03c50a862","ES","EML","2026-04-18T01:36:56.049+00:00","2026-04-24T06:06:05.037+00:00",392,"PRESERVED_SPECIMEN",NA,"PRESENT",7275953,6,7707728,220,7225535,3110,3040250,7275953,7275953,"Reseda stricta Pers.","Plantae","Tracheophyta","Brassicales","Resedaceae","Reseda","Reseda stricta","Reseda","stricta","SPECIES","ACCEPTED",NA,NA,NA,"EUROPE","Badajoz",1987,7,19,"1987-07-19",200,200,NA,"2026-04-24T06:06:05.037+00:00","http://creativecommons.org/licenses/by-nc/4.0/legalcode",FALSE,"NEX:UNEX:06888-1","none","none",FALSE,NA,"Herbario de la Universidad de Extremadura (UNEX)","F.M. Vázquez","none","WGS84","Magnoliopsida","ES","none","none","EUROPE","Spain","EUROPE","NEX:UNEX:06888-1","06888-1","https://www.gbif.org/publisher/bf8bcf77-da9f-4df3-929a-d1dbb6ab5e5f",NA,"UNEX","409","Zafra: Cultivos.  29SQC25","128032187","es","UNEX","NEX:UNEX:06888-1","Collection","Reseda stricta Pers.",NA,NA,NA,NA,"e7fed358-fb6b-4afd-be39-fe6eb7cdd167","90c55ab4-cea9-41e4-b47e-1e1e6010b9be","F.M. Vázquez & J.A. Devesa","herbarium specimen",NA,NA,NA,NA,NA,NA,NA,NA,NA,NA,NA,NA,NA,NA,NA,NA,NA,NA,NA,NA,NA,NA,NA,NA,NA,NA,NA,NA,NA,NA,NA,NA,NA,NA,NA,NA,NA,NA,NA,NA,NA,NA,NA,NA,NA,NA,NA,NA,NA,NA,NA,NA,"Reseda stricta Pers.",NA,NA,NA,NA,NA,NA,"Datos de Georreferenciación obtenidos de la Red",NA,NA,NA,NA,NA,NA,NA
"3033680240","Reseda stricta Pers.",41.8,0.8,"cdc,gass84,mdativ,colmano,inmafu","834f1756-f762-11e1-a439-00145eb45e9a","cb202839-87c6-456a-821c-dc5b268a200f","2a3f6a56-7591-4f05-8c4c-a1bb77aa4ea6","6c4a0bb0-2a4d-11d8-aa2d-b8a03c50a862","ES","EML","2026-04-18T01:36:55.261+00:00","2026-04-23T23:49:21.398+00:00",326,"PRESERVED_SPECIMEN",NA,"PRESENT",7275953,6,7707728,220,7225535,3110,3040250,7275953,7275953,"Reseda stricta Pers.","Plantae","Tracheophyta","Brassicales","Resedaceae","Reseda","Reseda stricta","Reseda","stricta","SPECIES","ACCEPTED",1753,400,0,"EUROPE","Lleida",1987,7,20,"1987-07-20",201,201,NA,"2026-04-23T23:49:21.398+00:00","http://creativecommons.org/licenses/by-nc/4.0/legalcode",FALSE,"BCN 19156","none","none",FALSE,NA,"Col·lecció de Cormòfits de l'herbari BCN","Molero Briones, Julià","none","WGS84","Magnoliopsida","ES","none","none","EUROPE","Spain","EUROPE","BCN 19156","19156",NA,NA,"BCN","350","Balaguer, cap a Gerb","3033680240",NA,"Corm","BCN 19156",NA,"Reseda stricta Pers.",NA,NA,NA,NA,"5db0342e-533f-461c-a97e-0ec9dc79a95c",NA,NA,NA,NA,"CRAI CeDocBiV - Universitat de Barcelona",NA,NA,NA,NA,NA,NA,NA,NA,NA,NA,NA,NA,"UB",NA,NA,NA,NA,NA,NA,NA,"ex BCF 44138",NA,"margues, pedregars àrids, gipsoses",NA,NA,NA,NA,NA,NA,NA,NA,NA,NA,NA,NA,"BCN-Cormophyta",NA,NA,NA,NA,NA,NA,NA,NA,"Reseda stricta Pers.","19080",NA,NA,NA,NA,NA,NA,NA,NA,NA,NA,NA,NA,NA,NA,NA,NA,NA,NA,NA
"1936120831","Reseda stricta Pers.",39.1884,-1.4729,"cdc,gass84,inmano","834c9918-f762-11e1-a439-00145eb45e9a","0363cbd4-f666-455e-8e86-0bbddcf51950","2a3f6a56-7591-4f05-8c4c-a1bb77aa4ea6","6c4a0bb0-2a4d-11d8-aa2d-b8a03c50a862","ES","EML","2026-04-18T01:37:27.366+00:00","2026-04-24T05:19:59.155+00:00",423,"PRESERVED_SPECIMEN",NA,"PRESENT",7275953,6,7707728,220,7225535,3110,3040250,7275953,7275953,"Reseda stricta Pers.","Plantae","Tracheophyta","Brassicales","Resedaceae","Reseda","Reseda stricta","Reseda","stricta","SPECIES","ACCEPTED",NA,NA,NA,"EUROPE","Albacete",1986,5,10,"1986-05-10",130,130,NA,"2026-04-24T05:19:59.155+00:00","http://creativecommons.org/licenses/by-nc/4.0/legalcode",FALSE,"3fcfc313-20fe-11e3-9e2e-000c29035824","none","none",FALSE,"834c9918-f762-11e1-a439-00145eb45e9a",NA,NA,"none","WGS84","Magnoliopsida","ES","none","none","EUROPE","Spain","EUROPE","3fcfc313-20fe-11e3-9e2e-000c29035824","MA-01-00356133","0363cbd4-f666-455e-8e86-0bbddcf51950",NA,"MA","429","Entre La Recueja y Alcalá de Jucar","1936120831","es","MA","3fcfc313-20fe-11e3-9e2e-000c29035824","Collection","Reseda stricta Pers.",NA,NA,NA,NA,NA,NA,NA,NA,NA,NA,NA,NA,NA,NA,NA,NA,NA,NA,NA,NA,NA,NA,"MA",NA,NA,NA,NA,NA,NA,NA,"MA-356133-1",NA,"matorrales. Calizas con yesos","10051986",NA,NA,NA,NA,NA,NA,NA,NA,NA,NA,NA,"MA",NA,NA,NA,NA,NA,"17abcf75-2f1e-46dd-bf75-a5b21dd02655",NA,NA,NA,NA,NA,NA,NA,"7275953",NA,"b0cf5148-20fe-11e3-9e2e-000c29035824",NA,NA,NA,NA,NA,NA,NA,NA,NA,NA,NA,NA,NA
"1936120819","Reseda stricta Pers.",38.8003,-2.3794,"cdc,gass84,inmano","834c9918-f762-11e1-a439-00145eb45e9a","0363cbd4-f666-455e-8e86-0bbddcf51950","2a3f6a56-7591-4f05-8c4c-a1bb77aa4ea6","6c4a0bb0-2a4d-11d8-aa2d-b8a03c50a862","ES","EML","2026-04-18T01:37:27.366+00:00","2026-04-24T05:19:59.452+00:00",423,"PRESERVED_SPECIMEN",NA,"PRESENT",7275953,6,7707728,220,7225535,3110,3040250,7275953,7275953,"Reseda stricta Pers.","Plantae","Tracheophyta","Brassicales","Resedaceae","Reseda","Reseda stricta","Reseda","stricta","SPECIES","ACCEPTED",NA,NA,NA,"EUROPE","Albacete",1986,6,21,"1986-06-21",172,172,NA,"2026-04-24T05:19:59.452+00:00","http://creativecommons.org/licenses/by-nc/4.0/legalcode",FALSE,"3fcfc80d-20fe-11e3-9e2e-000c29035824","none","none",FALSE,"834c9918-f762-11e1-a439-00145eb45e9a",NA,NA,"none","WGS84","Magnoliopsida","ES","none","none","EUROPE","Spain","EUROPE","3fcfc80d-20fe-11e3-9e2e-000c29035824","MA-01-00356134","0363cbd4-f666-455e-8e86-0bbddcf51950",NA,"MA","429","Zona Laguna Ojos de Villaverde","1936120819","es","MA","3fcfc80d-20fe-11e3-9e2e-000c29035824","Collection","Reseda stricta Pers.",NA,NA,NA,NA,NA,NA,NA,NA,NA,NA,NA,NA,NA,NA,NA,NA,NA,NA,NA,NA,NA,NA,"MA",NA,NA,NA,NA,NA,NA,NA,"MA-356134-1",NA,NA,"21061986",NA,NA,NA,NA,NA,NA,NA,NA,NA,NA,NA,"MA",NA,NA,NA,NA,NA,"17abcf75-2f1e-46dd-bf75-a5b21dd02655",NA,NA,NA,NA,NA,NA,NA,"7275953",NA,"b0cf5439-20fe-11e3-9e2e-000c29035824",NA,NA,NA,NA,NA,NA,NA,NA,NA,NA,NA,NA,NA
"1936385313","Reseda stricta Pers.",40.0333,-3.59773,"cdc,gass84,inmano","834c9918-f762-11e1-a439-00145eb45e9a","0363cbd4-f666-455e-8e86-0bbddcf51950","2a3f6a56-7591-4f05-8c4c-a1bb77aa4ea6","6c4a0bb0-2a4d-11d8-aa2d-b8a03c50a862","ES","EML","2026-04-18T01:37:27.366+00:00","2026-04-24T05:21:15.631+00:00",423,"PRESERVED_SPECIMEN",NA,"PRESENT",7275953,6,7707728,220,7225535,3110,3040250,7275953,7275953,"Reseda stricta Pers.","Plantae","Tracheophyta","Brassicales","Resedaceae","Reseda","Reseda stricta","Reseda","stricta","SPECIES","ACCEPTED",NA,NA,NA,"EUROPE","Madrid",1986,6,5,"1986-06-05",156,156,NA,"2026-04-24T05:21:15.631+00:00","http://creativecommons.org/licenses/by-nc/4.0/legalcode",FALSE,"4828ef0d-20fe-11e3-9e2e-000c29035824","none","none",FALSE,"834c9918-f762-11e1-a439-00145eb45e9a",NA,"Carrasco & Giráldez","none","WGS84","Magnoliopsida","ES","none","none","EUROPE","Spain","EUROPE","4828ef0d-20fe-11e3-9e2e-000c29035824","MA-01-00477553","0363cbd4-f666-455e-8e86-0bbddcf51950",NA,"MA","429","Aranjuez","1936385313","es","MA","4828ef0d-20fe-11e3-9e2e-000c29035824","Collection","Reseda stricta Pers.",NA,NA,NA,NA,NA,NA,"Carrasco",NA,NA,NA,NA,NA,NA,NA,NA,NA,NA,NA,NA,NA,NA,NA,"MA",NA,NA,NA,NA,NA,NA,NA,"MA-477553-1",NA,"Habitat: cerros yesosos","05061986",NA,NA,NA,NA,NA,NA,NA,NA,NA,NA,NA,"MA",NA,NA,NA,NA,NA,"17abcf75-2f1e-46dd-bf75-a5b21dd02655",NA,NA,NA,NA,NA,NA,NA,"7275953",NA,"b78dfdb7-20fe-11e3-9e2e-000c29035824",NA,NA,NA,NA,NA,NA,NA,NA,NA,NA,NA,NA,NA
"1936615034","Reseda stricta Pers.",40.1069,-3.5879,"cdc,gass84,inmano","834c9918-f762-11e1-a439-00145eb45e9a","0363cbd4-f666-455e-8e86-0bbddcf51950","2a3f6a56-7591-4f05-8c4c-a1bb77aa4ea6","6c4a0bb0-2a4d-11d8-aa2d-b8a03c50a862","ES","EML","2026-04-18T01:37:27.366+00:00","2026-04-24T05:20:35.070+00:00",423,"PRESERVED_SPECIMEN",NA,"PRESENT",7275953,6,7707728,220,7225535,3110,3040250,7275953,7275953,"Reseda stricta Pers.","Plantae","Tracheophyta","Brassicales","Resedaceae","Reseda","Reseda stricta","Reseda","stricta","SPECIES","ACCEPTED",NA,NA,NA,"EUROPE","Madrid",1986,8,10,"1986-08-10",222,222,NA,"2026-04-24T05:20:35.070+00:00","http://creativecommons.org/licenses/by-nc/4.0/legalcode",FALSE,"58bdf0b5-20fe-11e3-9e2e-000c29035824","none","none",FALSE,"834c9918-f762-11e1-a439-00145eb45e9a",NA,"P. Egido","none","WGS84","Magnoliopsida","ES","none","none","EUROPE","Spain","EUROPE","58bdf0b5-20fe-11e3-9e2e-000c29035824","MA-01-00697521","0363cbd4-f666-455e-8e86-0bbddcf51950",NA,"MA","429","Chinchón, bordes de caminos próximos a la Laguna de San Juan","1936615034","es","MA","58bdf0b5-20fe-11e3-9e2e-000c29035824","Collection","Reseda stricta Pers.",NA,NA,NA,NA,NA,NA,"G. Aragón",NA,NA,NA,NA,NA,NA,"PE.226",NA,NA,NA,NA,NA,NA,NA,NA,"MA",NA,NA,NA,NA,NA,NA,NA,"MA-697521-1",NA,"Habitat: yesos","10081986",NA,NA,NA,NA,NA,NA,NA,NA,NA,NA,NA,"MA",NA,NA,NA,NA,NA,"17abcf75-2f1e-46dd-bf75-a5b21dd02655",NA,NA,NA,NA,NA,NA,NA,"7275953",NA,"c618776d-20fe-11e3-9e2e-000c29035824",NA,NA,NA,NA,NA,NA,NA,NA,NA,NA,NA,NA,NA
"1050608664","Reseda stricta Pers.",42.37,-1.82,"cdc,gass84,mdativ,cdpi,osiic,colmano,inmafu","9f6f3c1c-b8b2-4d1d-be3e-36217e1cb9b8","4c91866b-3c2e-4568-aca0-3ab0a1c1a45e","2a3f6a56-7591-4f05-8c4c-a1bb77aa4ea6","6c4a0bb0-2a4d-11d8-aa2d-b8a03c50a862","ES","EML","2026-04-17T17:25:51.802+00:00","2026-04-24T02:22:10.176+00:00",432,"PRESERVED_SPECIMEN",1,"PRESENT",7275953,6,7707728,220,7225535,3110,3040250,7275953,7275953,"Reseda stricta Pers.","Plantae","Tracheophyta","Brassicales","Resedaceae","Reseda","Reseda stricta","Reseda","stricta","SPECIES","ACCEPTED",NA,402.5,2.5,"EUROPE","Navarra",1985,5,26,"1985-05-26",146,146,NA,"2026-04-24T02:22:10.176+00:00","http://creativecommons.org/licenses/by-nc/4.0/legalcode",FALSE,"VIT:VIT-Vasculares:44729-1","none","none",FALSE,NA,NA,"J.A. ALEJANDRE, G. MORANTE & P.M. URIBE-ECHEBARRIA","none","WGS84","Magnoliopsida","ES","none","none","EUROPE","Spain","EUROPE","VIT:VIT-Vasculares:44729-1","44729-1",NA,NA,"VIT","438","Peralta","1050608664",NA,"VIT-Vasculares","VIT:VIT-Vasculares:44729-1",NA,"Reseda stricta Pers.",NA,NA,NA,NA,"a4c92107-b55e-433c-8db1-6c0dfe31eace",NA,NA,"Herbarium specimen",NA,NA,NA,NA,NA,NA,NA,NA,NA,NA,NA,NA,NA,NA,NA,"Cerros soleados yesosos.",NA,NA,NA,NA,NA,NA,NA,NA,NA,NA,NA,NA,NA,NA,NA,NA,NA,NA,NA,NA,NA,NA,NA,NA,NA,NA,NA,NA,NA,NA,NA,NA,NA,NA,NA,NA,NA,NA,NA,NA,NA,NA,NA,NA,NA,NA,NA,NA,NA,NA,NA
"1936107410","Reseda stricta Pers.",42.3546,-1.8478,"cdc,gass84,inmano","834c9918-f762-11e1-a439-00145eb45e9a","0363cbd4-f666-455e-8e86-0bbddcf51950","2a3f6a56-7591-4f05-8c4c-a1bb77aa4ea6","6c4a0bb0-2a4d-11d8-aa2d-b8a03c50a862","ES","EML","2026-04-18T01:37:27.366+00:00","2026-04-24T05:21:12.407+00:00",423,"PRESERVED_SPECIMEN",NA,"PRESENT",7275953,6,7707728,220,7225535,3110,3040250,7275953,7275953,"Reseda stricta Pers.","Plantae","Tracheophyta","Brassicales","Resedaceae","Reseda","Reseda stricta","Reseda","stricta","SPECIES","ACCEPTED",NA,NA,NA,"EUROPE","Navarra",1985,5,26,"1985-05-26",146,146,NA,"2026-04-24T05:21:12.407+00:00","http://creativecommons.org/licenses/by-nc/4.0/legalcode",FALSE,"3df4e6e5-20fe-11e3-9e2e-000c29035824","none","none",FALSE,"834c9918-f762-11e1-a439-00145eb45e9a",NA,"P. Uribe, G. Morante & J.A. Alejandre","none","WGS84","Magnoliopsida","ES","none","none","EUROPE","Spain","EUROPE","3df4e6e5-20fe-11e3-9e2e-000c29035824","MA-01-00338259","0363cbd4-f666-455e-8e86-0bbddcf51950",NA,"MA","429","Peralta: Royuela","1936107410","es","MA","3df4e6e5-20fe-11e3-9e2e-000c29035824","Collection","Reseda stricta Pers.",NA,NA,NA,NA,NA,NA,NA,NA,NA,NA,NA,NA,NA,NA,NA,NA,NA,NA,NA,NA,NA,NA,"MA",NA,NA,NA,NA,NA,NA,NA,"MA-338259-1",NA,"cerros de yesos. Solana","26051985",NA,NA,NA,NA,NA,NA,NA,NA,NA,NA,NA,"MA",NA,NA,NA,"Identificación confirmada por E. Valdés Bermejo en 1991. Revisión para Flora Ibérica",NA,"17abcf75-2f1e-46dd-bf75-a5b21dd02655",NA,NA,NA,NA,NA,NA,NA,"7275953",NA,"af7a170b-20fe-11e3-9e2e-000c29035824",NA,NA,NA,NA,NA,NA,NA,NA,NA,NA,NA,NA,NA
"3033654053","Reseda stricta Pers.",41.85,0.89,"cdc,gass84,mdativ,colmano,inmafu","834f1756-f762-11e1-a439-00145eb45e9a","cb202839-87c6-456a-821c-dc5b268a200f","2a3f6a56-7591-4f05-8c4c-a1bb77aa4ea6","6c4a0bb0-2a4d-11d8-aa2d-b8a03c50a862","ES","EML","2026-04-18T01:36:55.261+00:00","2026-04-23T23:49:09.803+00:00",326,"PRESERVED_SPECIMEN",NA,"PRESENT",7275953,6,7707728,220,7225535,3110,3040250,7275953,7275953,"Reseda stricta Pers.","Plantae","Tracheophyta","Brassicales","Resedaceae","Reseda","Reseda stricta","Reseda","stricta","SPECIES","ACCEPTED",7071,NA,NA,"EUROPE","Lleida",1985,5,25,"1985-05-25",145,145,NA,"2026-04-23T23:49:09.803+00:00","http://creativecommons.org/licenses/by-nc/4.0/legalcode",FALSE,"BCN 100909","none","none",TRUE,NA,"Col·lecció de Cormòfits de l'herbari BCN","Guàrdia Rúbies, Roser","none","WGS84","Magnoliopsida","ES","none","none","EUROPE","Spain","EUROPE","BCN 100909","100909",NA,NA,"BCN","350","La Sentiu","3033654053",NA,"Corm","BCN 100909",NA,"Reseda stricta Pers.",NA,NA,NA,NA,"5db0342e-533f-461c-a97e-0ec9dc79a95c",NA,NA,NA,NA,"CRAI CeDocBiV - Universitat de Barcelona",NA,NA,NA,NA,NA,NA,NA,NA,NA,NA,NA,NA,"UB",NA,NA,NA,NA,NA,NA,NA,"ex BCC",NA,NA,NA,NA,NA,NA,NA,NA,NA,NA,NA,NA,NA,NA,"BCN-Cormophyta",NA,NA,NA,NA,NA,NA,NA,NA,"Reseda stricta Pers.","97041",NA,NA,NA,NA,NA,NA,NA,NA,NA,NA,NA,NA,NA,NA,NA,NA,NA,NA,NA
"4530880595","Reseda stricta Pers.",41.847565,0.892,"cdc,cdround,cdpi,inmano","a4b7c71e-fc73-434e-a008-d63c222179d0","7b4f2f30-a456-11d9-8049-b8a03c50a862","2a3f6a56-7591-4f05-8c4c-a1bb77aa4ea6","6c4a0bb0-2a4d-11d8-aa2d-b8a03c50a862","ES","EML","2026-04-17T15:02:28.711+00:00","2026-04-24T02:24:00.092+00:00",415,"PRESERVED_SPECIMEN",NA,"PRESENT",7275953,6,7707728,220,7225535,3110,3040250,7275953,7275953,"Reseda stricta Pers.","Plantae","Tracheophyta","Brassicales","Resedaceae","Reseda","Reseda stricta","Reseda","stricta","SPECIES","ACCEPTED",NA,NA,NA,"EUROPE",NA,1985,5,25,"1985-05-25",145,145,"2024-01-08T00:00:00.000+00:00","2026-04-24T02:24:00.092+00:00","http://creativecommons.org/licenses/by-nc/4.0/legalcode",FALSE,"BDBC-C.6833.0.38355.11070","none","none",TRUE,"doi:10.15470/fzwiiu","FloraCAT: Banco de datos de los cormófitos de Cataluña","GuÃ rdia RÃºbies, Roser, BCN 100909, () 3","none","WGS84","Magnoliopsida","ES","none","none","EUROPE","Spain","EUROPE","BDBC-C.6833.0.38355.11070","BCN 100909",NA,NA,"BDBC","421","La Sentiu. Lleida","4530880595","es","BDBC-Floracat","BDBC-C.6833.0.38355.11070","Dataset","Reseda stricta Pers.","BDBC",NA,"original",NA,NA,NA,"GuÃ rdia RÃºbies, Roser",NA,NA,"Generalitat de Catalunya",NA,NA,NA,NA,NA,NA,NA,NA,NA,NA,NA,"C000935",NA,NA,NA,"BCN (2017). Plecs Herbari BCN. CEDOCBIV",NA,NA,NA,NA,NA,NA,NA,NA,NA,NA,NA,NA,NA,NA,NA,NA,NA,NA,NA,NA,NA,NA,NA,NA,NA,NA,NA,NA,NA,NA,"Catalonia","UTM","{""percentNN"":0.9779,""countNN"":354,""distanceNN"":0.09}","C000935","Reseda stricta Pers.",NA,NA,NA,NA,NA,NA,NA,NA,NA,NA,NA,NA,NA,NA
"895158611","Reseda stricta Pers.",39.61,-2.24,"cdc,gass84,colmafu,inmafu","834a4794-f762-11e1-a439-00145eb45e9a","8209258a-80e8-4094-aba2-a3febe5ed45b","2a3f6a56-7591-4f05-8c4c-a1bb77aa4ea6","6c4a0bb0-2a4d-11d8-aa2d-b8a03c50a862","ES","EML","2026-04-18T01:37:24.691+00:00","2026-04-24T10:27:00.645+00:00",375,"PRESERVED_SPECIMEN",NA,"PRESENT",7275953,6,7707728,220,7225535,3110,3040250,7275953,7275953,"Reseda stricta Pers.","Plantae","Tracheophyta","Brassicales","Resedaceae","Reseda","Reseda stricta","Reseda","stricta","SPECIES","ACCEPTED",7071,800,0,"EUROPE","Cuenca",1985,6,9,"1985-06-09",160,160,"2025-11-03T14:20:45.000+00:00","2026-04-24T10:27:00.645+00:00","http://creativecommons.org/licenses/by-nc/4.0/legalcode",FALSE,"07ED0C36-8FF9-4E3C-913C-00C84BDA11AA","none","none",FALSE,NA,"Colección de plantas vasculares del herbario de la Universitat de València (VAL)","A. Aguilella","none","WGS84","Magnoliopsida","ES","none","none","EUROPE","Spain","EUROPE","07ED0C36-8FF9-4E3C-913C-00C84BDA11AA","12913-1","https://www.gbif.org/publisher/8209258a-80e8-4094-aba2-a3febe5ed45b",NA,"VAL","391","Belinchón","895158611","es","VAL","07ED0C36-8FF9-4E3C-913C-00C84BDA11AA","PhysicalObject","Reseda stricta Pers.",NA,NA,NA,NA,"c645b060-c130-45ee-97ab-b9fc94393523","6ceb64b5-0201-4a27-bcdb-8d62035e35d5",NA,"Pliego",NA,NA,NA,NA,NA,NA,NA,NA,NA,NA,NA,NA,"in collection",NA,NA,NA,NA,NA,NA,NA,NA,NA,NA,NA,"sòls algepsífers nitrificats","09061985",NA,"Belinchón",NA,NA,NA,NA,NA,NA,NA,NA,NA,"VAL",NA,NA,NA,NA,NA,NA,NA,NA,NA,NA,NA,NA,NA,NA,NA,NA,NA,NA,NA,NA,NA,NA,NA,NA,NA,NA,NA,NA,NA
"1936087482","Reseda stricta Pers.",41.9936,0.2221,"cdc,gass84,inmano","834c9918-f762-11e1-a439-00145eb45e9a","0363cbd4-f666-455e-8e86-0bbddcf51950","2a3f6a56-7591-4f05-8c4c-a1bb77aa4ea6","6c4a0bb0-2a4d-11d8-aa2d-b8a03c50a862","ES","EML","2026-04-18T01:37:27.366+00:00","2026-04-24T05:19:56.480+00:00",423,"PRESERVED_SPECIMEN",NA,"PRESENT",7275953,6,7707728,220,7225535,3110,3040250,7275953,7275953,"Reseda stricta Pers.","Plantae","Tracheophyta","Brassicales","Resedaceae","Reseda","Reseda stricta","Reseda","stricta","SPECIES","ACCEPTED",NA,400,NA,"EUROPE","Huesca",1985,6,17,"1985-06-17",168,168,NA,"2026-04-24T05:19:56.480+00:00","http://creativecommons.org/licenses/by-nc/4.0/legalcode",FALSE,"3c64f8a9-20fe-11e3-9e2e-000c29035824","none","none",FALSE,"834c9918-f762-11e1-a439-00145eb45e9a",NA,"J. Pedrol","none","WGS84","Magnoliopsida","ES","none","none","EUROPE","Spain","EUROPE","3c64f8a9-20fe-11e3-9e2e-000c29035824","MA-01-00314034","0363cbd4-f666-455e-8e86-0bbddcf51950",NA,"MA","429","Fonz","1936087482","es","MA","3c64f8a9-20fe-11e3-9e2e-000c29035824","Collection","Reseda stricta Pers.",NA,NA,NA,NA,NA,NA,NA,NA,NA,NA,NA,NA,NA,NA,NA,NA,NA,NA,NA,NA,NA,NA,"MA",NA,NA,NA,NA,NA,NA,NA,"MA-314034-1",NA,"margas yesíferas","17061985",NA,NA,NA,NA,NA,NA,NA,NA,NA,NA,NA,"MA",NA,NA,NA,"Identificación confirmada por E. Valdés Bermejo en 1991. Revisión para Flora Ibérica",NA,"17abcf75-2f1e-46dd-bf75-a5b21dd02655",NA,NA,NA,NA,NA,NA,NA,"7275953",NA,"add86f8f-20fe-11e3-9e2e-000c29035824",NA,NA,NA,NA,NA,NA,NA,NA,NA,NA,NA,NA,NA
"1936087500","Reseda stricta Pers.",41.8074,0.7718,"cdc,gass84,inmano","834c9918-f762-11e1-a439-00145eb45e9a","0363cbd4-f666-455e-8e86-0bbddcf51950","2a3f6a56-7591-4f05-8c4c-a1bb77aa4ea6","6c4a0bb0-2a4d-11d8-aa2d-b8a03c50a862","ES","EML","2026-04-18T01:37:27.366+00:00","2026-04-24T05:19:57.267+00:00",423,"PRESERVED_SPECIMEN",NA,"PRESENT",7275953,6,7707728,220,7225535,3110,3040250,7275953,7275953,"Reseda stricta Pers.","Plantae","Tracheophyta","Brassicales","Resedaceae","Reseda","Reseda stricta","Reseda","stricta","SPECIES","ACCEPTED",NA,NA,NA,"EUROPE","Lérida",1985,6,4,"1985-06-04",155,155,NA,"2026-04-24T05:19:57.267+00:00","http://creativecommons.org/licenses/by-nc/4.0/legalcode",FALSE,"3c64fde7-20fe-11e3-9e2e-000c29035824","none","none",FALSE,"834c9918-f762-11e1-a439-00145eb45e9a",NA,"J. Pedrol","none","WGS84","Magnoliopsida","ES","none","none","EUROPE","Spain","EUROPE","3c64fde7-20fe-11e3-9e2e-000c29035824","MA-01-00314035","0363cbd4-f666-455e-8e86-0bbddcf51950",NA,"MA","429","Balaguer","1936087500","es","MA","3c64fde7-20fe-11e3-9e2e-000c29035824","Collection","Reseda stricta Pers.",NA,NA,NA,NA,NA,NA,NA,NA,NA,NA,NA,NA,NA,NA,NA,NA,NA,NA,NA,NA,NA,NA,"MA",NA,NA,NA,NA,NA,NA,NA,"MA-314035-1",NA,"matorral sobre margas yesíferas","04061985",NA,NA,NA,NA,NA,NA,NA,NA,NA,NA,NA,"MA",NA,NA,NA,"Identificación confirmada por E. Valdés Bermejo en 1991. Revisión para Flora Ibérica",NA,"17abcf75-2f1e-46dd-bf75-a5b21dd02655",NA,NA,NA,NA,NA,NA,NA,"7275953",NA,"add8729c-20fe-11e3-9e2e-000c29035824",NA,NA,NA,NA,NA,NA,NA,NA,NA,NA,NA,NA,NA
"1936163036","Reseda stricta Pers.",41.8966,1.2388,"cdc,gass84,inmano","834c9918-f762-11e1-a439-00145eb45e9a","0363cbd4-f666-455e-8e86-0bbddcf51950","2a3f6a56-7591-4f05-8c4c-a1bb77aa4ea6","6c4a0bb0-2a4d-11d8-aa2d-b8a03c50a862","ES","EML","2026-04-18T01:37:27.366+00:00","2026-04-24T05:21:16.075+00:00",423,"PRESERVED_SPECIMEN",NA,"PRESENT",7275953,6,7707728,220,7225535,3110,3040250,7275953,7275953,"Reseda stricta Pers.","Plantae","Tracheophyta","Brassicales","Resedaceae","Reseda","Reseda stricta","Reseda","stricta","SPECIES","ACCEPTED",NA,NA,NA,"EUROPE","Lérida",1985,6,11,"1985-06-11",162,162,NA,"2026-04-24T05:21:16.075+00:00","http://creativecommons.org/licenses/by-nc/4.0/legalcode",FALSE,"4453e649-20fe-11e3-9e2e-000c29035824","none","none",FALSE,"834c9918-f762-11e1-a439-00145eb45e9a",NA,"J. Pedrol","none","WGS84","Magnoliopsida","ES","none","none","EUROPE","Spain","EUROPE","4453e649-20fe-11e3-9e2e-000c29035824","MA-01-00418351","0363cbd4-f666-455e-8e86-0bbddcf51950",NA,"MA","429","Vilanova de l´Aguda","1936163036","es","MA","4453e649-20fe-11e3-9e2e-000c29035824","Collection","Reseda stricta Pers.",NA,NA,NA,NA,NA,NA,NA,NA,NA,NA,NA,NA,NA,NA,NA,NA,NA,NA,NA,NA,NA,NA,"MA",NA,NA,NA,NA,NA,NA,NA,"MA-418351-1",NA,"pendiente S sobre materiales yesíferos","11061985",NA,NA,NA,NA,NA,NA,NA,NA,NA,NA,NA,"MA",NA,NA,NA,NA,NA,"17abcf75-2f1e-46dd-bf75-a5b21dd02655",NA,NA,NA,NA,NA,NA,NA,"7275953",NA,"b42a43f8-20fe-11e3-9e2e-000c29035824",NA,NA,NA,NA,NA,NA,NA,NA,NA,NA,NA,NA,NA
"1936163949","Reseda stricta Pers.",42.0504,-0.0221,"cdc,gass84,inmano","834c9918-f762-11e1-a439-00145eb45e9a","0363cbd4-f666-455e-8e86-0bbddcf51950","2a3f6a56-7591-4f05-8c4c-a1bb77aa4ea6","6c4a0bb0-2a4d-11d8-aa2d-b8a03c50a862","ES","EML","2026-04-18T01:37:27.366+00:00","2026-04-24T05:20:03.508+00:00",423,"PRESERVED_SPECIMEN",NA,"PRESENT",7275953,6,7707728,220,7225535,3110,3040250,7275953,7275953,"Reseda stricta Pers.","Plantae","Tracheophyta","Brassicales","Resedaceae","Reseda","Reseda stricta","Reseda","stricta","SPECIES","ACCEPTED",NA,NA,NA,"EUROPE","Huesca",1985,6,18,"1985-06-18",169,169,NA,"2026-04-24T05:20:03.508+00:00","http://creativecommons.org/licenses/by-nc/4.0/legalcode",FALSE,"44579a5b-20fe-11e3-9e2e-000c29035824","none","none",FALSE,"834c9918-f762-11e1-a439-00145eb45e9a",NA,"J. Pedrol","none","WGS84","Magnoliopsida","ES","none","none","EUROPE","Spain","EUROPE","44579a5b-20fe-11e3-9e2e-000c29035824","MA-01-00418571","0363cbd4-f666-455e-8e86-0bbddcf51950",NA,"MA","429","Peraltilla","1936163949","es","MA","44579a5b-20fe-11e3-9e2e-000c29035824","Collection","Reseda stricta Pers.",NA,NA,NA,NA,NA,NA,NA,NA,NA,NA,NA,NA,NA,NA,NA,NA,NA,NA,NA,NA,NA,NA,"MA",NA,NA,NA,NA,NA,NA,NA,"MA-418571-1",NA,"margas yesíferas","18061985",NA,NA,NA,NA,NA,NA,NA,NA,NA,NA,NA,"MA",NA,NA,NA,NA,NA,"17abcf75-2f1e-46dd-bf75-a5b21dd02655",NA,NA,NA,NA,NA,NA,NA,"7275953",NA,"b434b0f3-20fe-11e3-9e2e-000c29035824",NA,NA,NA,NA,NA,NA,NA,NA,NA,NA,NA,NA,NA
"3033681237","Reseda stricta Pers.",39.95,-3.49,"cdc,gass84,mdativ,colmano,inmafu","834f1756-f762-11e1-a439-00145eb45e9a","cb202839-87c6-456a-821c-dc5b268a200f","2a3f6a56-7591-4f05-8c4c-a1bb77aa4ea6","6c4a0bb0-2a4d-11d8-aa2d-b8a03c50a862","ES","EML","2026-04-18T01:36:55.261+00:00","2026-04-23T23:48:40.119+00:00",326,"PRESERVED_SPECIMEN",NA,"PRESENT",7275953,6,7707728,220,7225535,3110,3040250,7275953,7275953,"Reseda stricta Pers.","Plantae","Tracheophyta","Brassicales","Resedaceae","Reseda","Reseda stricta","Reseda","stricta","SPECIES","ACCEPTED",473,NA,NA,"EUROPE","Toledo",1985,6,7,"1985-06-07",158,158,NA,"2026-04-23T23:48:40.119+00:00","http://creativecommons.org/licenses/by-nc/4.0/legalcode",FALSE,"BCN 19155","none","none",FALSE,NA,"Col·lecció de Cormòfits de l'herbari BCN","Molero Briones, Julià","none","WGS84","Magnoliopsida","ES","none","none","EUROPE","Spain","EUROPE","BCN 19155","19155",NA,NA,"BCN","350","Ocaña, junto al penal","3033681237",NA,"Corm","BCN 19155",NA,"Reseda stricta Pers.",NA,NA,NA,NA,"5db0342e-533f-461c-a97e-0ec9dc79a95c",NA,NA,NA,NA,"CRAI CeDocBiV - Universitat de Barcelona",NA,NA,NA,NA,NA,NA,NA,NA,NA,NA,NA,NA,"UB",NA,NA,NA,NA,NA,NA,NA,"ex BCF 44137",NA,"sobre yesos",NA,NA,NA,NA,NA,NA,NA,NA,NA,NA,NA,NA,"BCN-Cormophyta",NA,NA,NA,NA,NA,NA,NA,NA,"Reseda stricta Pers.","19079",NA,NA,NA,NA,NA,NA,NA,NA,NA,NA,NA,NA,NA,NA,NA,NA,NA,NA,NA
"1053981830","Reseda stricta Pers.",42.39,-1.8,"cdc,incomis,inmafu","95e9f2dc-f762-11e1-a439-00145eb45e9a","fbcad409-9d05-41d7-a869-1ddcab51e091","2a3f6a56-7591-4f05-8c4c-a1bb77aa4ea6","6c4a0bb0-2a4d-11d8-aa2d-b8a03c50a862","ES","EML","2026-04-17T22:12:56.461+00:00","2026-04-24T08:43:33.327+00:00",395,"PRESERVED_SPECIMEN",NA,"PRESENT",7275953,6,7707728,220,7225535,3110,3040250,7275953,7275953,"Reseda stricta Pers.","Plantae","Tracheophyta","Brassicales","Resedaceae","Reseda","Reseda stricta","Reseda","stricta","SPECIES","ACCEPTED",707,350,50,"EUROPE","Navarra",1985,7,21,"1985-07-21",202,202,"2017-10-19T11:32:52.000+00:00","2026-04-24T08:43:33.327+00:00","http://creativecommons.org/licenses/by/4.0/legalcode",FALSE,"UPNA:H:2133","none","none",FALSE,NA,NA,"C. Ursúa","none","WGS84","Magnoliopsida","ES","none","none","EUROPE","Spain","EUROPE","UPNA:H:2133","2133",NA,NA,"UPNA","401",NA,"1053981830","es","H","UPNA:H:2133","PhysicalObject","Reseda stricta Pers.",NA,NA,NA,NA,"78788916-f293-4d75-b4b0-c4336237c9e2",NA,"C. Ursúa",NA,NA,NA,NA,NA,NA,NA,NA,NA,NA,NA,NA,NA,NA,NA,NA,NA,NA,NA,NA,NA,NA,NA,NA,NA,NA,NA,NA,NA,NA,NA,NA,NA,NA,NA,NA,NA,NA,"UPNA-H",NA,NA,NA,NA,NA,NA,NA,NA,NA,NA,"Falces",NA,NA,NA,NA,NA,NA,NA,NA,NA,NA,NA,NA,NA,NA,NA,NA,NA,NA
"1712604973","Reseda stricta Pers.",42.422078,-1.900831,"cdc,gass84,osiic,colmano,inmafu","c4ab57b5-b2f5-477f-b3fb-b42092074054","2f390a80-56f3-11da-880b-b8a03c50a862","2a3f6a56-7591-4f05-8c4c-a1bb77aa4ea6","6c4a0bb0-2a4d-11d8-aa2d-b8a03c50a862","ES","EML","2026-04-16T08:20:23.794+00:00","2026-04-24T09:27:03.503+00:00",399,"PRESERVED_SPECIMEN",1,"PRESENT",7275953,6,7707728,220,7225535,3110,3040250,7275953,7275953,"Reseda stricta Pers.","Plantae","Tracheophyta","Brassicales","Resedaceae","Reseda","Reseda stricta","Reseda","stricta","SPECIES","ACCEPTED",8800,NA,NA,"EUROPE","Navarra",1984,5,21,"1984-05-21",142,142,"2016-02-26T12:24:22.000+00:00","2026-04-24T09:27:03.503+00:00","http://creativecommons.org/licenses/by/4.0/legalcode",FALSE,"PAMP:TRACHEO-LG:37267-1","none","none",FALSE,"doi:10.15470/jxutdq",NA,"L. Garde","none","WGS84","Magnoliopsida","ES","none","none","EUROPE","Spain","EUROPE","PAMP:TRACHEO-LG:37267-1","37267-1",NA,NA,"PAMP","405","entre Falces y Lerín","1712604973",NA,"TRACHEO-LG","PAMP:TRACHEO-LG:37267-1",NA,"Reseda stricta Pers.",NA,NA,NA,NA,"cb850a57-5506-41a2-97b6-8906453d7c4e",NA,"L. Garde","Herbarium specimen",NA,NA,NA,NA,NA,NA,NA,NA,NA,NA,NA,NA,NA,NA,NA,NA,NA,NA,NA,NA,NA,NA,NA,NA,NA,NA,NA,NA,NA,NA,NA,NA,NA,NA,NA,NA,NA,NA,NA,NA,NA,NA,NA,"17abcf75-2f1e-46dd-bf75-a5b21dd02655",NA,NA,NA,NA,NA,NA,NA,NA,NA,NA,NA,NA,NA,NA,NA,NA,NA,NA,NA,NA,NA,NA,NA
"1936087628","Reseda stricta Pers.",41.8558,0.9508,"cdc,gass84,inmano","834c9918-f762-11e1-a439-00145eb45e9a","0363cbd4-f666-455e-8e86-0bbddcf51950","2a3f6a56-7591-4f05-8c4c-a1bb77aa4ea6","6c4a0bb0-2a4d-11d8-aa2d-b8a03c50a862","ES","EML","2026-04-18T01:37:27.366+00:00","2026-04-24T05:19:56.510+00:00",423,"PRESERVED_SPECIMEN",NA,"PRESENT",7275953,6,7707728,220,7225535,3110,3040250,7275953,7275953,"Reseda stricta Pers.","Plantae","Tracheophyta","Brassicales","Resedaceae","Reseda","Reseda stricta","Reseda","stricta","SPECIES","ACCEPTED",NA,NA,NA,"EUROPE","Lérida",1984,5,27,"1984-05-27",148,148,NA,"2026-04-24T05:19:56.510+00:00","http://creativecommons.org/licenses/by-nc/4.0/legalcode",FALSE,"3c650326-20fe-11e3-9e2e-000c29035824","none","none",FALSE,"834c9918-f762-11e1-a439-00145eb45e9a",NA,"J. Pedrol","none","WGS84","Magnoliopsida","ES","none","none","EUROPE","Spain","EUROPE","3c650326-20fe-11e3-9e2e-000c29035824","MA-01-00314036","0363cbd4-f666-455e-8e86-0bbddcf51950",NA,"MA","429","Cubells","1936087628","es","MA","3c650326-20fe-11e3-9e2e-000c29035824","Collection","Reseda stricta Pers.",NA,NA,NA,NA,NA,NA,NA,NA,NA,NA,NA,NA,NA,NA,NA,NA,NA,NA,NA,NA,NA,NA,"MA",NA,NA,NA,NA,NA,NA,NA,"MA-314036-1",NA,"margas yesíferas","27051984",NA,NA,NA,NA,NA,NA,NA,NA,NA,NA,NA,"MA",NA,NA,NA,NA,NA,"17abcf75-2f1e-46dd-bf75-a5b21dd02655",NA,NA,NA,NA,NA,NA,NA,"7275953",NA,"add8759f-20fe-11e3-9e2e-000c29035824",NA,NA,NA,NA,NA,NA,NA,NA,NA,NA,NA,NA,NA
"1936095151","Reseda stricta Pers.",38.6504,-1.0477,"cdc,gass84,inmano","834c9918-f762-11e1-a439-00145eb45e9a","0363cbd4-f666-455e-8e86-0bbddcf51950","2a3f6a56-7591-4f05-8c4c-a1bb77aa4ea6","6c4a0bb0-2a4d-11d8-aa2d-b8a03c50a862","ES","EML","2026-04-18T01:37:27.366+00:00","2026-04-24T05:21:12.653+00:00",423,"PRESERVED_SPECIMEN",NA,"PRESENT",7275953,6,7707728,220,7225535,3110,3040250,7275953,7275953,"Reseda stricta Pers.","Plantae","Tracheophyta","Brassicales","Resedaceae","Reseda","Reseda stricta","Reseda","stricta","SPECIES","ACCEPTED",NA,NA,NA,"EUROPE","Albacete",1984,5,30,"1984-05-30",151,151,NA,"2026-04-24T05:21:12.653+00:00","http://creativecommons.org/licenses/by-nc/4.0/legalcode",FALSE,"3ce6623d-20fe-11e3-9e2e-000c29035824","none","none",FALSE,"834c9918-f762-11e1-a439-00145eb45e9a",NA,"G. Mateo & R. Figuerola","none","WGS84","Magnoliopsida","ES","none","none","EUROPE","Spain","EUROPE","3ce6623d-20fe-11e3-9e2e-000c29035824","MA-01-00323098","0363cbd4-f666-455e-8e86-0bbddcf51950",NA,"MA","429","Caudete","1936095151","es","MA","3ce6623d-20fe-11e3-9e2e-000c29035824","Collection","Reseda stricta Pers.",NA,NA,NA,NA,NA,NA,"Enrique Valdés Bermejo",NA,NA,NA,NA,NA,NA,NA,NA,NA,NA,NA,NA,NA,NA,NA,"MA",NA,NA,NA,NA,NA,NA,NA,"MA-323098-1",NA,"colinas margosas","30051984",NA,NA,NA,NA,NA,NA,NA,NA,NA,NA,"1991-10-01T00:00:00","MA",NA,NA,NA,"Revisión para Flora Ibérica",NA,"17abcf75-2f1e-46dd-bf75-a5b21dd02655",NA,NA,NA,NA,NA,NA,NA,"7275953",NA,"ae70d999-20fe-11e3-9e2e-000c29035824",NA,NA,NA,NA,NA,NA,NA,NA,NA,NA,NA,NA,NA
"1936163379","Reseda stricta Pers.",41.8558,0.9508,"cdc,gass84,inmano","834c9918-f762-11e1-a439-00145eb45e9a","0363cbd4-f666-455e-8e86-0bbddcf51950","2a3f6a56-7591-4f05-8c4c-a1bb77aa4ea6","6c4a0bb0-2a4d-11d8-aa2d-b8a03c50a862","ES","EML","2026-04-18T01:37:27.366+00:00","2026-04-24T05:21:13.255+00:00",423,"PRESERVED_SPECIMEN",NA,"PRESENT",7275953,6,7707728,220,7225535,3110,3040250,7275953,7275953,"Reseda stricta Pers.","Plantae","Tracheophyta","Brassicales","Resedaceae","Reseda","Reseda stricta","Reseda","stricta","SPECIES","ACCEPTED",NA,NA,NA,"EUROPE","Lérida",1984,5,27,"1984-05-27",148,148,NA,"2026-04-24T05:21:13.255+00:00","http://creativecommons.org/licenses/by-nc/4.0/legalcode",FALSE,"44576f91-20fe-11e3-9e2e-000c29035824","none","none",FALSE,"834c9918-f762-11e1-a439-00145eb45e9a",NA,"J. Pedrol","none","WGS84","Magnoliopsida","ES","none","none","EUROPE","Spain","EUROPE","44576f91-20fe-11e3-9e2e-000c29035824","MA-01-00418548","0363cbd4-f666-455e-8e86-0bbddcf51950",NA,"MA","429","Cubells","1936163379","es","MA","44576f91-20fe-11e3-9e2e-000c29035824","Collection","Reseda stricta Pers.",NA,NA,NA,NA,NA,NA,NA,NA,NA,NA,NA,NA,NA,NA,NA,NA,NA,NA,NA,NA,NA,NA,"MA",NA,NA,NA,NA,NA,NA,NA,"MA-418548-1",NA,"margas yesíferas","27051984",NA,NA,NA,NA,NA,NA,NA,NA,NA,NA,NA,"MA",NA,NA,NA,NA,NA,"17abcf75-2f1e-46dd-bf75-a5b21dd02655",NA,NA,NA,NA,NA,NA,NA,"7275953",NA,"b4347747-20fe-11e3-9e2e-000c29035824",NA,NA,NA,NA,NA,NA,NA,NA,NA,NA,NA,NA,NA
"3033647066","Reseda stricta Pers.",41.81,1.39,"cdc,gass84,mdativ,colmano,inmafu","834f1756-f762-11e1-a439-00145eb45e9a","cb202839-87c6-456a-821c-dc5b268a200f","2a3f6a56-7591-4f05-8c4c-a1bb77aa4ea6","6c4a0bb0-2a4d-11d8-aa2d-b8a03c50a862","ES","EML","2026-04-18T01:36:55.261+00:00","2026-04-23T23:49:11.849+00:00",326,"PRESERVED_SPECIMEN",NA,"PRESENT",7275953,6,7707728,220,7225535,3110,3040250,7275953,7275953,"Reseda stricta Pers.","Plantae","Tracheophyta","Brassicales","Resedaceae","Reseda","Reseda stricta","Reseda","stricta","SPECIES","ACCEPTED",7311,NA,NA,"EUROPE","Lleida",1984,5,23,"1984-05-23",144,144,NA,"2026-04-23T23:49:11.849+00:00","http://creativecommons.org/licenses/by-nc/4.0/legalcode",FALSE,"BCN 100908","none","none",FALSE,NA,"Col·lecció de Cormòfits de l'herbari BCN","Ninot Sugrañes, Josep Maria","none","WGS84","Magnoliopsida","ES","none","none","EUROPE","Spain","EUROPE","BCN 100908","100908",NA,NA,"BCN","350","Torà","3033647066",NA,"Corm","BCN 100908",NA,"Reseda stricta Pers.",NA,NA,NA,NA,"5db0342e-533f-461c-a97e-0ec9dc79a95c",NA,NA,NA,NA,"CRAI CeDocBiV - Universitat de Barcelona",NA,NA,NA,NA,NA,NA,NA,NA,NA,NA,NA,NA,"UB",NA,NA,NA,NA,NA,NA,NA,"ex BCC",NA,"Ononidetum tridentatae",NA,NA,NA,NA,NA,NA,NA,NA,NA,NA,NA,NA,"BCN-Cormophyta",NA,NA,NA,NA,NA,NA,NA,NA,"Reseda stricta Pers.","97040","Segarra",NA,NA,NA,NA,NA,NA,NA,NA,NA,NA,NA,NA,NA,NA,NA,NA,NA,NA
"85328021","Reseda stricta Pers.",40.1,-3.51,"cdc,gass84,indci,colmafu,inmafu","835177da-f762-11e1-a439-00145eb45e9a","95cb537c-74c5-4c1e-ae24-32e7ea08f380","2a3f6a56-7591-4f05-8c4c-a1bb77aa4ea6","6c4a0bb0-2a4d-11d8-aa2d-b8a03c50a862","ES","EML","2026-04-18T01:36:55.524+00:00","2026-04-24T06:32:06.985+00:00",389,"PRESERVED_SPECIMEN",NA,"PRESENT",7275953,6,7707728,220,7225535,3110,3040250,7275953,7275953,"Reseda stricta Pers.","Plantae","Tracheophyta","Brassicales","Resedaceae","Reseda","Reseda stricta","Reseda","stricta","SPECIES","ACCEPTED",NA,NA,NA,"EUROPE","Madrid",1983,5,30,"1983-05-30",150,150,"2006-03-16T10:02:01.000+00:00","2026-04-24T06:32:06.985+00:00","http://creativecommons.org/licenses/by-nc/4.0/legalcode",FALSE,"FCO:FCO:16453-1","none","none",TRUE,NA,"Universidad de Oviedo. Departamento de Biología de Organismos y Sistemas: FCO","Fdez. Diez","none","WGS84","Magnoliopsida","ES","none","none","EUROPE","Spain","EUROPE","FCO:FCO:16453-1","16453-1","95cb537c-74c5-4c1e-ae24-32e7ea08f380",NA,"FCO","395","Villaconejos","85328021","es","FCO","FCO:FCO:16453-1","Collection","Reseda stricta Pers.",NA,NA,NA,NA,"23454f94-cf0f-472b-bba0-a16d3ff3be7f","ea0d0893-ee67-4c44-b164-fe1597332661","Fdez. Diez",NA,NA,NA,NA,NA,NA,NA,NA,NA,NA,NA,NA,NA,NA,NA,NA,"Sobre suelos de costra yesífera en comunidades de Lepidion subulati",NA,NA,NA,NA,NA,NA,NA,NA,NA,NA,NA,NA,NA,NA,NA,NA,NA,NA,NA,NA,NA,NA,NA,NA,NA,NA,NA,NA,NA,NA,NA,NA,NA,NA,NA,NA,NA,NA,NA,NA,NA,0,NA,NA,NA,NA,NA,NA,NA,NA,NA
"128032371","Reseda stricta Pers.",40.113475,-3.499095,"cdc,cdround,gass84,mdativ,colmafu,inmafu","835d30de-f762-11e1-a439-00145eb45e9a","bf8bcf77-da9f-4df3-929a-d1dbb6ab5e5f","2a3f6a56-7591-4f05-8c4c-a1bb77aa4ea6","6c4a0bb0-2a4d-11d8-aa2d-b8a03c50a862","ES","EML","2026-04-18T01:36:56.049+00:00","2026-04-24T06:05:39.542+00:00",392,"PRESERVED_SPECIMEN",NA,"PRESENT",7275953,6,7707728,220,7225535,3110,3040250,7275953,7275953,"Reseda stricta Pers.","Plantae","Tracheophyta","Brassicales","Resedaceae","Reseda","Reseda stricta","Reseda","stricta","SPECIES","ACCEPTED",NA,NA,NA,"EUROPE","Madrid",1983,5,30,"1983-05-30",150,150,NA,"2026-04-24T06:05:39.542+00:00","http://creativecommons.org/licenses/by-nc/4.0/legalcode",FALSE,"NEX:UNEX:17993-1","none","none",FALSE,NA,"Herbario de la Universidad de Extremadura (UNEX)","Fernández Díez","none","WGS84","Magnoliopsida","ES","none","none","EUROPE","Spain","EUROPE","NEX:UNEX:17993-1","17993-1","https://www.gbif.org/publisher/bf8bcf77-da9f-4df3-929a-d1dbb6ab5e5f",NA,"UNEX","409","Villaconejos: Sobre suelos de costra yesífera.","128032371","es","UNEX","NEX:UNEX:17993-1","Collection","Reseda stricta Pers.",NA,NA,NA,NA,"e7fed358-fb6b-4afd-be39-fe6eb7cdd167","90c55ab4-cea9-41e4-b47e-1e1e6010b9be","R. Tormo","herbarium specimen",NA,NA,NA,NA,NA,NA,NA,NA,NA,NA,NA,NA,NA,NA,NA,NA,NA,NA,NA,NA,NA,NA,NA,NA,NA,NA,NA,NA,NA,NA,NA,NA,NA,NA,NA,NA,NA,NA,NA,NA,NA,NA,NA,NA,NA,NA,NA,NA,NA,NA,NA,NA,"Reseda stricta Pers.",NA,NA,NA,NA,NA,NA,"Datos de Georreferenciación obtenidos de la Red",NA,NA,NA,NA,NA,NA,NA
"199498922","Reseda stricta Pers.",40.1,-3.51,"cdc,gass84,osiic,colmafu,inmafu","962cceea-f762-11e1-a439-00145eb45e9a","7fadb370-f921-11dd-af50-b8a03c50a862","2a3f6a56-7591-4f05-8c4c-a1bb77aa4ea6","6c4a0bb0-2a4d-11d8-aa2d-b8a03c50a862","ES","EML","2026-04-17T22:12:36.543+00:00","2026-04-24T14:09:33.712+00:00",392,"PRESERVED_SPECIMEN",1,"PRESENT",7275953,6,7707728,220,7225535,3110,3040250,7275953,7275953,"Reseda stricta Pers.","Plantae","Tracheophyta","Brassicales","Resedaceae","Reseda","Reseda stricta","Reseda","stricta","SPECIES","ACCEPTED",707,650,0,"EUROPE","Madrid",1983,5,30,"1983-05-30",150,150,NA,"2026-04-24T14:09:33.712+00:00","http://creativecommons.org/licenses/by-nc/4.0/legalcode",FALSE,"8565B20D-5D11-4835-89AE-0E50988ACE6A","none","none",TRUE,NA,"MGC Herbarium University of Malaga (Spain): MGC-Cormof dataset","Fdez. Díez","none","WGS84","Magnoliopsida","ES","none","none","EUROPE","Spain","EUROPE","8565B20D-5D11-4835-89AE-0E50988ACE6A","23345-1","https://www.gbif.org/publisher/7fadb370-f921-11dd-af50-b8a03c50a862",NA,"MGC","417",NA,"199498922","es","MGC-Cormof","8565B20D-5D11-4835-89AE-0E50988ACE6A","PhysicalObject","Reseda stricta Pers.",NA,NA,NA,NA,"f9fd1a64-464a-4cbf-8a6c-60d7ca4e4446","dcf31393-fdcd-48d6-8e33-7eb584ab9ed3","Fdez. Díez","Pliego",NA,NA,NA,NA,NA,NA,NA,NA,NA,NA,NA,NA,"in collection",NA,NA,NA,NA,NA,NA,NA,NA,NA,"MGC:MGC-Cormof:23345-1","2013-06-14T15:24:00.000+02:00","Sobre suelos de costra yesífera, en comunidades de Lepidion subulati","30/05/1983","73157","Villaconejos","MGC-Cormof","http://digir.sourceforge.net/schema/conceptual/darwin/2003/1.0/darwin2.xsd","1000",NA,NA,NA,NA,NA,NA,NA,NA,NA,NA,NA,"{Exsicc:Herbarium SALA Exsicc Number:}",NA,NA,NA,NA,NA,NA,NA,NA,NA,NA,NA,NA,NA,NA,NA,NA,NA,NA,NA,NA,NA,NA,NA,NA
"241461120","Reseda stricta Pers.",40.105,-3.51,"cdc,gass84,osiic,colmano,inmafu","837c0162-f762-11e1-a439-00145eb45e9a","5a21e58d-5a4c-4ee4-b2e0-b67f5ce28720","2a3f6a56-7591-4f05-8c4c-a1bb77aa4ea6","6c4a0bb0-2a4d-11d8-aa2d-b8a03c50a862","ES","EML","2026-04-18T01:37:28.749+00:00","2026-04-24T04:40:36.180+00:00",394,"PRESERVED_SPECIMEN",2,"PRESENT",7275953,6,7707728,220,7225535,3110,3040250,7275953,7275953,"Reseda stricta Pers.","Plantae","Tracheophyta","Brassicales","Resedaceae","Reseda","Reseda stricta","Reseda","stricta","SPECIES","ACCEPTED",707,650,0,"EUROPE","Madrid",1983,5,30,"1983-05-30",150,150,NA,"2026-04-24T04:40:36.180+00:00","http://creativecommons.org/licenses/by-nc/4.0/legalcode",FALSE,"95CB7FB4-E3A1-476E-8BC9-D1E2171216D4","none","none",TRUE,NA,"Herbario COFC de la Universidad de Córdoba: colección general de plantas vasculares","Fernández Díez","none","WGS84","Magnoliopsida","ES","none","none","EUROPE","Spain","EUROPE","95CB7FB4-E3A1-476E-8BC9-D1E2171216D4","55180-1",NA,NA,"COFC","400","Villaconejos","241461120","es","Herbario_cofc","95CB7FB4-E3A1-476E-8BC9-D1E2171216D4",NA,"Reseda stricta Pers.","CGL2008-02982-C03-03; CGL2011-28613-C03-02; CGL2014-52787-C3-3-P; CGL2017-85204-C3-3-P",NA,NA,NA,"4d2698bd-08d1-4f94-af6a-b505de34fe3e",NA,"Fernández Díez",NA,NA,NA,NA,NA,NA,NA,NA,NA,NA,NA,NA,NA,NA,NA,NA,NA,NA,NA,NA,NA,NA,NA,NA,NA,"sobre suelos de costra yesífera, en comunidades de Lepidion subulati","19830530",NA,NA,NA,NA,NA,NA,NA,NA,NA,NA,NA,"COFC",NA,NA,NA,NA,NA,NA,NA,NA,NA,NA,NA,NA,NA,NA,NA,NA,NA,NA,NA,NA,NA,NA,NA,NA,NA,NA,NA,NA,NA
"1050608644","Reseda stricta Pers.",41.62,-0.68,"cdc,gass84,mdativ,cdpi,osiic,colmano,inmafu","9f6f3c1c-b8b2-4d1d-be3e-36217e1cb9b8","4c91866b-3c2e-4568-aca0-3ab0a1c1a45e","2a3f6a56-7591-4f05-8c4c-a1bb77aa4ea6","6c4a0bb0-2a4d-11d8-aa2d-b8a03c50a862","ES","EML","2026-04-17T17:25:51.802+00:00","2026-04-24T02:20:37.345+00:00",432,"PRESERVED_SPECIMEN",1,"PRESENT",7275953,6,7707728,220,7225535,3110,3040250,7275953,7275953,"Reseda stricta Pers.","Plantae","Tracheophyta","Brassicales","Resedaceae","Reseda","Reseda stricta","Reseda","stricta","SPECIES","ACCEPTED",NA,225,25,"EUROPE","Zaragoza",1983,5,25,"1983-05-25",145,145,NA,"2026-04-24T02:20:37.345+00:00","http://creativecommons.org/licenses/by-nc/4.0/legalcode",FALSE,"VIT:VIT-Vasculares:44730-1","none","none",FALSE,NA,NA,"G. MONTSERRAT & D. GOMEZ","none","WGS84","Magnoliopsida","ES","none","none","EUROPE","Spain","EUROPE","VIT:VIT-Vasculares:44730-1","44730-1",NA,NA,"VIT","438","Alfajarín; Castillo","1050608644",NA,"VIT-Vasculares","VIT:VIT-Vasculares:44730-1",NA,"Reseda stricta Pers.",NA,NA,NA,NA,"a4c92107-b55e-433c-8db1-6c0dfe31eace",NA,NA,"Herbarium specimen",NA,NA,NA,NA,NA,NA,NA,NA,NA,NA,NA,NA,NA,NA,NA,"Yesos.",NA,NA,NA,NA,NA,NA,NA,NA,NA,NA,NA,NA,NA,NA,NA,NA,NA,NA,NA,NA,NA,NA,NA,NA,NA,NA,NA,NA,NA,NA,NA,NA,NA,NA,NA,NA,NA,NA,NA,NA,NA,NA,NA,NA,NA,NA,NA,NA,NA,NA,NA
"1712604942","Reseda stricta Pers.",42.480397,-1.958332,"cdc,gass84,osiic,colmano,inmafu","c4ab57b5-b2f5-477f-b3fb-b42092074054","2f390a80-56f3-11da-880b-b8a03c50a862","2a3f6a56-7591-4f05-8c4c-a1bb77aa4ea6","6c4a0bb0-2a4d-11d8-aa2d-b8a03c50a862","ES","EML","2026-04-16T08:20:23.794+00:00","2026-04-24T09:27:02.914+00:00",399,"PRESERVED_SPECIMEN",1,"PRESENT",7275953,6,7707728,220,7225535,3110,3040250,7275953,7275953,"Reseda stricta Pers.","Plantae","Tracheophyta","Brassicales","Resedaceae","Reseda","Reseda stricta","Reseda","stricta","SPECIES","ACCEPTED",6750,NA,NA,"EUROPE","Navarra",1983,5,16,"1983-05-16",136,136,"2016-02-26T12:24:22.000+00:00","2026-04-24T09:27:02.914+00:00","http://creativecommons.org/licenses/by/4.0/legalcode",FALSE,"PAMP:TRACHEO-LG:37266-1","none","none",FALSE,"doi:10.15470/jxutdq",NA,"L. Garde","none","WGS84","Magnoliopsida","ES","none","none","EUROPE","Spain","EUROPE","PAMP:TRACHEO-LG:37266-1","37266-1",NA,NA,"PAMP","405","Lerín; Lerín","1712604942",NA,"TRACHEO-LG","PAMP:TRACHEO-LG:37266-1",NA,"Reseda stricta Pers.",NA,NA,NA,NA,"cb850a57-5506-41a2-97b6-8906453d7c4e",NA,"L. Garde","Herbarium specimen",NA,NA,NA,NA,NA,NA,NA,NA,NA,NA,NA,NA,NA,NA,NA,NA,NA,NA,NA,NA,NA,NA,NA,NA,NA,NA,NA,NA,NA,NA,NA,NA,NA,NA,NA,NA,NA,NA,NA,NA,NA,NA,NA,"17abcf75-2f1e-46dd-bf75-a5b21dd02655",NA,NA,NA,NA,NA,NA,NA,NA,NA,NA,NA,NA,NA,NA,NA,NA,NA,NA,NA,NA,NA,NA,NA
"1851391729","Reseda stricta Pers.",40.105,-3.51,"cdc,gass84,mdativ,osiic,colmafu,inmafu","7b74be32-f762-11e1-a439-00145eb45e9a","730cd32c-627f-44a8-9d93-fcfb23ade969","2a3f6a56-7591-4f05-8c4c-a1bb77aa4ea6","6c4a0bb0-2a4d-11d8-aa2d-b8a03c50a862","ES","EML","2026-04-17T20:40:41.625+00:00","2026-04-29T14:09:12.719+00:00",434,"PRESERVED_SPECIMEN",1,"PRESENT",7275953,6,7707728,220,7225535,3110,3040250,7275953,7275953,"Reseda stricta Pers.","Plantae","Tracheophyta","Brassicales","Resedaceae","Reseda","Reseda stricta","Reseda","stricta","SPECIES","ACCEPTED",707,650,0,"EUROPE","Madrid",1983,5,30,"1983-05-30",150,150,NA,"2026-04-29T14:09:12.719+00:00","http://creativecommons.org/licenses/by-nc/4.0/legalcode",FALSE,"C41163CF-0646-4E2E-BBE4-338851D9701D","none","none",TRUE,"doi:10.15470/j3rugb","Colección de plantas vasculares del Herbario Jaime Andrés Rodríguez. LEB","Fernández Díez","none","WGS84","Magnoliopsida","ES","none","none","EUROPE","Spain","EUROPE","C41163CF-0646-4E2E-BBE4-338851D9701D","40656-1",NA,NA,"LEB","440","Villaconejos","1851391729","ES","LEB","C41163CF-0646-4E2E-BBE4-338851D9701D","PhysicalObject","Reseda stricta Pers.",NA,NA,NA,NA,"2af539a2-4f55-473c-9ad2-9ee7b20cb63a","1ba310c1-85e9-4c21-810b-09b5da025e80",NA,"Pliego",NA,NA,NA,NA,NA,NA,NA,NA,NA,NA,NA,NA,"in collection",NA,NA,NA,NA,NA,NA,NA,NA,NA,NA,NA,"Sobre suelos de costra yesífera, en comunidades de Lepidion subulati","30-05-1983",NA,NA,NA,NA,NA,NA,NA,NA,NA,NA,NA,"LEB",NA,NA,NA,NA,NA,NA,NA,NA,NA,NA,NA,NA,NA,NA,NA,NA,NA,NA,NA,NA,NA,NA,NA,NA,NA,NA,NA,NA,NA
"1936094710","Reseda stricta Pers.",37.1397,-2.0442,"cdc,gass84,inmano","834c9918-f762-11e1-a439-00145eb45e9a","0363cbd4-f666-455e-8e86-0bbddcf51950","2a3f6a56-7591-4f05-8c4c-a1bb77aa4ea6","6c4a0bb0-2a4d-11d8-aa2d-b8a03c50a862","ES","EML","2026-04-18T01:37:27.366+00:00","2026-04-24T05:19:57.067+00:00",423,"PRESERVED_SPECIMEN",NA,"PRESENT",7275953,6,7707728,220,7225535,3110,3040250,7275953,7275953,"Reseda stricta Pers.","Plantae","Tracheophyta","Brassicales","Resedaceae","Reseda","Reseda stricta","Reseda","stricta","SPECIES","ACCEPTED",NA,NA,NA,"EUROPE","Almería",1983,5,22,"1983-05-22",142,142,NA,"2026-04-24T05:19:57.067+00:00","http://creativecommons.org/licenses/by-nc/4.0/legalcode",FALSE,"3ce78cea-20fe-11e3-9e2e-000c29035824","none","none",FALSE,"834c9918-f762-11e1-a439-00145eb45e9a",NA,"E. Bayón, G. López, F. Muñoz, J. Grau & al.","none","WGS84","Magnoliopsida","ES","none","none","EUROPE","Spain","EUROPE","3ce78cea-20fe-11e3-9e2e-000c29035824","MA-01-00323150","0363cbd4-f666-455e-8e86-0bbddcf51950",NA,"MA","429","Venta de los Castaños","1936094710","es","MA","3ce78cea-20fe-11e3-9e2e-000c29035824","Collection","Reseda stricta Pers.",NA,NA,NA,NA,NA,NA,"Enrique Valdés Bermejo",NA,NA,NA,NA,NA,NA,NA,NA,NA,NA,NA,NA,NA,NA,NA,"MA",NA,NA,NA,NA,NA,NA,NA,"MA-323150-1",NA,"margas yesíferas","22051983",NA,NA,NA,NA,NA,NA,NA,NA,NA,NA,"1991-10-01T00:00:00","MA",NA,NA,NA,"Revisión para Flora Ibérica",NA,"17abcf75-2f1e-46dd-bf75-a5b21dd02655",NA,NA,NA,NA,NA,NA,NA,"7275953",NA,"ae71deaf-20fe-11e3-9e2e-000c29035824",NA,NA,NA,NA,NA,NA,NA,NA,NA,NA,NA,NA,NA
"1936101542","Reseda stricta Pers.",40.4225,-3.5317,"cdc,gass84,inmano","834c9918-f762-11e1-a439-00145eb45e9a","0363cbd4-f666-455e-8e86-0bbddcf51950","2a3f6a56-7591-4f05-8c4c-a1bb77aa4ea6","6c4a0bb0-2a4d-11d8-aa2d-b8a03c50a862","ES","EML","2026-04-18T01:37:27.366+00:00","2026-04-24T05:19:57.325+00:00",423,"PRESERVED_SPECIMEN",NA,"PRESENT",7275953,6,7707728,220,7225535,3110,3040250,7275953,7275953,"Reseda stricta Pers.","Plantae","Tracheophyta","Brassicales","Resedaceae","Reseda","Reseda stricta","Reseda","stricta","SPECIES","ACCEPTED",NA,NA,NA,"EUROPE","Madrid",1983,5,NA,"1983-05",NA,NA,NA,"2026-04-24T05:19:57.325+00:00","http://creativecommons.org/licenses/by-nc/4.0/legalcode",FALSE,"3d5cc33d-20fe-11e3-9e2e-000c29035824","none","none",FALSE,"834c9918-f762-11e1-a439-00145eb45e9a",NA,"M. Luceño","none","WGS84","Magnoliopsida","ES","none","none","EUROPE","Spain","EUROPE","3d5cc33d-20fe-11e3-9e2e-000c29035824","MA-01-00330747","0363cbd4-f666-455e-8e86-0bbddcf51950",NA,"MA","429","S. Fernando de Henares","1936101542","es","MA","3d5cc33d-20fe-11e3-9e2e-000c29035824","Collection","Reseda stricta Pers.",NA,NA,NA,NA,NA,NA,"Enrique Valdés Bermejo",NA,NA,NA,NA,NA,NA,NA,NA,NA,NA,NA,NA,NA,NA,NA,"MA",NA,NA,NA,NA,NA,NA,NA,"MA-330747-1",NA,"yesos","00051983",NA,NA,NA,NA,NA,NA,NA,NA,NA,NA,"1991-10-01T00:00:00","MA",NA,NA,NA,"Revisión para Flora Ibérica",NA,"17abcf75-2f1e-46dd-bf75-a5b21dd02655",NA,NA,NA,NA,NA,NA,NA,"7275953",NA,"af0dde96-20fe-11e3-9e2e-000c29035824",NA,NA,NA,NA,NA,NA,NA,NA,NA,NA,NA,NA,NA
"1936370841","Reseda stricta Pers.",40.0983,-3.5175,"cdc,gass84,inmano","834c9918-f762-11e1-a439-00145eb45e9a","0363cbd4-f666-455e-8e86-0bbddcf51950","2a3f6a56-7591-4f05-8c4c-a1bb77aa4ea6","6c4a0bb0-2a4d-11d8-aa2d-b8a03c50a862","ES","EML","2026-04-18T01:37:27.366+00:00","2026-04-24T05:20:07.197+00:00",423,"PRESERVED_SPECIMEN",NA,"PRESENT",7275953,6,7707728,220,7225535,3110,3040250,7275953,7275953,"Reseda stricta Pers.","Plantae","Tracheophyta","Brassicales","Resedaceae","Reseda","Reseda stricta","Reseda","stricta","SPECIES","ACCEPTED",NA,NA,NA,"EUROPE","Madrid",1983,5,30,"1983-05-30",150,150,NA,"2026-04-24T05:20:07.197+00:00","http://creativecommons.org/licenses/by-nc/4.0/legalcode",FALSE,"474c7fc4-20fe-11e3-9e2e-000c29035824","none","none",FALSE,"834c9918-f762-11e1-a439-00145eb45e9a",NA,"Fdez. Diez","none","WGS84","Magnoliopsida","ES","none","none","EUROPE","Spain","EUROPE","474c7fc4-20fe-11e3-9e2e-000c29035824","MA-01-00456979","0363cbd4-f666-455e-8e86-0bbddcf51950",NA,"MA","429","Villaconejos","1936370841","es","MA","474c7fc4-20fe-11e3-9e2e-000c29035824","Collection","Reseda stricta Pers.",NA,NA,NA,NA,NA,NA,NA,NA,NA,NA,NA,NA,NA,NA,NA,NA,NA,NA,NA,NA,NA,NA,"MA",NA,NA,NA,NA,NA,NA,NA,"MA-456979-1",NA,"sobre suelos de costra yesífera, en comunidades de Lepidion subulati","30051983",NA,NA,NA,NA,NA,NA,NA,NA,NA,NA,NA,"MA",NA,NA,NA,NA,NA,"17abcf75-2f1e-46dd-bf75-a5b21dd02655",NA,NA,NA,NA,NA,NA,NA,"7275953",NA,"b69b2058-20fe-11e3-9e2e-000c29035824",NA,NA,NA,NA,NA,NA,NA,NA,NA,NA,NA,NA,NA
"2960523622","Reseda stricta Pers.",40.105,-3.51,"cdc,gass84,mdativ,colmafu,inmafu","ceff8c75-950b-4405-a116-60247d1adacb","21936918-2ce6-4314-a15e-91f9f6735361","2a3f6a56-7591-4f05-8c4c-a1bb77aa4ea6","6c4a0bb0-2a4d-11d8-aa2d-b8a03c50a862","ES","EML","2026-05-08T11:20:57.240+00:00","2026-05-08T11:22:02.877+00:00",281,"PRESERVED_SPECIMEN",NA,"PRESENT",7275953,6,7707728,220,7225535,3110,3040250,7275953,7275953,"Reseda stricta Pers.","Plantae","Tracheophyta","Brassicales","Resedaceae","Reseda","Reseda stricta","Reseda","stricta","SPECIES","ACCEPTED",707.11,650,0,"EUROPE","Madrid",1983,5,30,"1983-05-30",150,150,NA,"2026-05-08T11:22:02.877+00:00","http://creativecommons.org/licenses/by-nc/4.0/legalcode",FALSE,"895C34D0-8C32-4108-A874-05BABB544317","none","none",TRUE,"doi:10.15470/akznrb","Herbario de la Facultad de Ciencias Biológicas de la Universidad Complutense de Madrid (MACB)","Fernández Diez","none","WGS84","Magnoliopsida","ES","none","none","EUROPE","Spain","EUROPE","895C34D0-8C32-4108-A874-05BABB544317","31242-1","https://www.gbif.org/publisher/21936918-2ce6-4314-a15e-91f9f6735361",NA,"MACB","281","Villaconejos","2960523622","es","MACB","895C34D0-8C32-4108-A874-05BABB544317","PhysicalObject","Reseda stricta Pers.",NA,NA,NA,NA,"8ccf3bd0-c0ae-437e-9948-8cc60608f14b","7302692a-9ae7-43ed-9449-c5c5626921fc",NA,NA,NA,NA,NA,NA,NA,NA,NA,NA,NA,NA,NA,NA,NA,NA,NA,NA,NA,NA,NA,NA,NA,NA,NA,NA,"Sobre suelos de costra yesífera, en comunidades de Lepidion subulati Bellot & Rivas Goday in Rivas Goday","30/05/1983",NA,NA,NA,NA,NA,NA,NA,NA,NA,NA,NA,NA,NA,NA,NA,NA,NA,NA,NA,NA,NA,NA,NA,NA,NA,NA,NA,NA,NA,NA,NA,NA,NA,NA,NA,NA,NA,NA,NA,NA,NA
"3033653075","Reseda stricta Pers.",40.11,-3.15,"cdc,gass84,mdativ,colmano,inmafu","834f1756-f762-11e1-a439-00145eb45e9a","cb202839-87c6-456a-821c-dc5b268a200f","2a3f6a56-7591-4f05-8c4c-a1bb77aa4ea6","6c4a0bb0-2a4d-11d8-aa2d-b8a03c50a862","ES","EML","2026-04-18T01:36:55.261+00:00","2026-04-23T23:49:31.035+00:00",326,"PRESERVED_SPECIMEN",NA,"PRESENT",7275953,6,7707728,220,7225535,3110,3040250,7275953,7275953,"Reseda stricta Pers.","Plantae","Tracheophyta","Brassicales","Resedaceae","Reseda","Reseda stricta","Reseda","stricta","SPECIES","ACCEPTED",3000,NA,NA,"EUROPE","Madrid",1983,5,6,"1983-05-06",126,126,NA,"2026-04-23T23:49:31.035+00:00","http://creativecommons.org/licenses/by-nc/4.0/legalcode",FALSE,"BCN 100903","none","none",FALSE,NA,"Col·lecció de Cormòfits de l'herbari BCN","Fernández Díez, Fco. Javier","none","WGS84","Magnoliopsida","ES","none","none","EUROPE","Spain","EUROPE","BCN 100903","100903",NA,NA,"BCN","350","Fuentidueña de Tajo","3033653075",NA,"Corm","BCN 100903",NA,"Reseda stricta Pers.",NA,NA,NA,NA,"5db0342e-533f-461c-a97e-0ec9dc79a95c",NA,NA,NA,NA,"CRAI CeDocBiV - Universitat de Barcelona",NA,NA,NA,NA,NA,NA,NA,NA,NA,NA,NA,NA,"UB",NA,NA,NA,NA,NA,NA,NA,"ex BCC",NA,NA,NA,NA,NA,NA,NA,NA,NA,NA,NA,NA,NA,NA,"BCN-Cormophyta",NA,NA,NA,NA,NA,NA,NA,NA,"Reseda stricta Pers.","97035",NA,NA,NA,NA,NA,NA,NA,NA,NA,NA,NA,NA,NA,NA,NA,NA,NA,NA,NA
"3033678234","Reseda stricta Pers.",40.1,-3.51,"cdc,gass84,mdativ,colmano,inmafu","834f1756-f762-11e1-a439-00145eb45e9a","cb202839-87c6-456a-821c-dc5b268a200f","2a3f6a56-7591-4f05-8c4c-a1bb77aa4ea6","6c4a0bb0-2a4d-11d8-aa2d-b8a03c50a862","ES","EML","2026-04-18T01:36:55.261+00:00","2026-04-23T23:49:28.902+00:00",326,"PRESERVED_SPECIMEN",NA,"PRESENT",7275953,6,7707728,220,7225535,3110,3040250,7275953,7275953,"Reseda stricta Pers.","Plantae","Tracheophyta","Brassicales","Resedaceae","Reseda","Reseda stricta","Reseda","stricta","SPECIES","ACCEPTED",707,650,0,"EUROPE","Madrid",1983,5,30,"1983-05-30",150,150,NA,"2026-04-23T23:49:28.902+00:00","http://creativecommons.org/licenses/by-nc/4.0/legalcode",FALSE,"BCN 19153","none","none",TRUE,NA,"Col·lecció de Cormòfits de l'herbari BCN","Fernández Díez, Fco. Javier","none","WGS84","Magnoliopsida","ES","none","none","EUROPE","Spain","EUROPE","BCN 19153","19153",NA,NA,"BCN","350","Villaconejos","3033678234",NA,"Corm","BCN 19153",NA,"Reseda stricta Pers.",NA,NA,NA,NA,"5db0342e-533f-461c-a97e-0ec9dc79a95c",NA,NA,NA,NA,"CRAI CeDocBiV - Universitat de Barcelona",NA,NA,NA,NA,NA,NA,NA,NA,NA,NA,NA,NA,"UB",NA,NA,NA,NA,NA,NA,NA,"ex BCF 44135",NA,"sobre suelos de costra yesífera, en Lepidion subulati",NA,NA,NA,NA,NA,NA,NA,NA,NA,NA,NA,NA,"BCN-Cormophyta",NA,NA,NA,NA,NA,NA,NA,NA,"Reseda stricta Pers.","19077",NA,NA,NA,NA,NA,NA,NA,NA,NA,NA,NA,NA,NA,NA,NA,NA,NA,NA,NA
"3713841799","Reseda stricta Pers.",37,-2.04,"cdc,gass84,mdativ,osiic,incomis,inmafu","83504144-f762-11e1-a439-00145eb45e9a","c1564d80-1b9d-471c-b84d-8d5dd2efbf0a","2a3f6a56-7591-4f05-8c4c-a1bb77aa4ea6","6c4a0bb0-2a4d-11d8-aa2d-b8a03c50a862","ES","EML","2026-04-18T01:37:24.938+00:00","2026-04-24T07:24:31.386+00:00",344,"PRESERVED_SPECIMEN",1,"PRESENT",7275953,6,7707728,220,7225535,3110,3040250,7275953,7275953,"Reseda stricta Pers.","Plantae","Tracheophyta","Brassicales","Resedaceae","Reseda","Reseda stricta","Reseda","stricta","SPECIES","ACCEPTED",7071,NA,NA,"EUROPE","ALMERíA",1983,5,28,"1983-05-28",148,148,NA,"2026-04-24T07:24:31.386+00:00","http://creativecommons.org/licenses/by/4.0/legalcode",FALSE,"D1E40303-C5E8-448E-AF83-8A4DF71C5651","none","none",FALSE,NA,"Herbario de la Universidad de Almería","R. Lázaro Suau","none","WGS84","Magnoliopsida","ES","none","none","EUROPE","Spain","EUROPE","D1E40303-C5E8-448E-AF83-8A4DF71C5651","23580-1",NA,NA,"JP","350","Cerro de las Cuevas","3713841799","es","HUAL","D1E40303-C5E8-448E-AF83-8A4DF71C5651","PhysicalObject","Reseda stricta Pers.","HUAL",NA,NA,NA,"a8343e51-cda3-4e7a-9eb6-4431f432fde4",NA,"R. Lázaro Suau","Pliego",NA,NA,NA,NA,NA,NA,NA,NA,NA,NA,NA,NA,NA,NA,NA,NA,NA,NA,NA,NA,NA,NA,NA,NA,NA,"28/05/1983",NA,NA,NA,NA,NA,NA,NA,NA,NA,NA,NA,"HUAL",NA,NA,NA,NA,NA,NA,NA,NA,NA,NA,NA,NA,NA,NA,NA,NA,NA,NA,NA,NA,NA,NA,NA,NA,NA,NA,NA,NA,NA
"3713845139","Reseda stricta Pers.",37.02,-1.97,"cdc,gass84,mdativ,osiic,incomis,inmafu","83504144-f762-11e1-a439-00145eb45e9a","c1564d80-1b9d-471c-b84d-8d5dd2efbf0a","2a3f6a56-7591-4f05-8c4c-a1bb77aa4ea6","6c4a0bb0-2a4d-11d8-aa2d-b8a03c50a862","ES","EML","2026-04-18T01:37:24.938+00:00","2026-04-24T07:24:33.103+00:00",344,"PRESERVED_SPECIMEN",1,"PRESENT",7275953,6,7707728,220,7225535,3110,3040250,7275953,7275953,"Reseda stricta Pers.","Plantae","Tracheophyta","Brassicales","Resedaceae","Reseda","Reseda stricta","Reseda","stricta","SPECIES","ACCEPTED",707,NA,NA,"EUROPE","ALMERíA",1983,5,14,"1983-05-14",134,134,NA,"2026-04-24T07:24:33.103+00:00","http://creativecommons.org/licenses/by/4.0/legalcode",FALSE,"1BD88620-BE2F-43AD-8974-248F9075D1F5","none","none",FALSE,NA,"Herbario de la Universidad de Almería","R. Lázaro Suau","none","WGS84","Magnoliopsida","ES","none","none","EUROPE","Spain","EUROPE","1BD88620-BE2F-43AD-8974-248F9075D1F5","23724-1",NA,NA,"JP","350","Loma de los Yesares","3713845139","es","HUAL","1BD88620-BE2F-43AD-8974-248F9075D1F5","PhysicalObject","Reseda stricta Pers.","HUAL",NA,NA,NA,"a8343e51-cda3-4e7a-9eb6-4431f432fde4",NA,"R. Lázaro Suau","Pliego",NA,NA,NA,NA,NA,NA,NA,NA,NA,NA,NA,NA,NA,NA,NA,NA,NA,NA,NA,NA,NA,NA,NA,NA,NA,"14/05/1983",NA,NA,NA,NA,NA,NA,NA,NA,NA,NA,NA,"HUAL",NA,NA,NA,NA,NA,NA,NA,NA,NA,NA,NA,NA,NA,NA,NA,NA,NA,NA,NA,NA,NA,NA,NA,NA,NA,NA,NA,NA,NA
"3713850399","Reseda stricta Pers.",37.18,-2.04,"cdc,gass84,mdativ,osiic,incomis,inmafu","83504144-f762-11e1-a439-00145eb45e9a","c1564d80-1b9d-471c-b84d-8d5dd2efbf0a","2a3f6a56-7591-4f05-8c4c-a1bb77aa4ea6","6c4a0bb0-2a4d-11d8-aa2d-b8a03c50a862","ES","EML","2026-04-18T01:37:24.938+00:00","2026-04-24T07:24:20.091+00:00",344,"PRESERVED_SPECIMEN",1,"PRESENT",7275953,6,7707728,220,7225535,3110,3040250,7275953,7275953,"Reseda stricta Pers.","Plantae","Tracheophyta","Brassicales","Resedaceae","Reseda","Reseda stricta","Reseda","stricta","SPECIES","ACCEPTED",7071,NA,NA,"EUROPE","ALMERíA",1983,5,7,"1983-05-07",127,127,NA,"2026-04-24T07:24:20.091+00:00","http://creativecommons.org/licenses/by/4.0/legalcode",FALSE,"6C99E4CF-4301-4A92-ADF9-44B06D46ED75","none","none",FALSE,NA,"Herbario de la Universidad de Almería","R. Lázaro Suau","none","WGS84","Magnoliopsida","ES","none","none","EUROPE","Spain","EUROPE","6C99E4CF-4301-4A92-ADF9-44B06D46ED75","23757-1",NA,NA,"JP","350","Los Castaños, cerca del Cerro del Mojón","3713850399","es","HUAL","6C99E4CF-4301-4A92-ADF9-44B06D46ED75","PhysicalObject","Reseda stricta Pers.","HUAL",NA,NA,NA,"a8343e51-cda3-4e7a-9eb6-4431f432fde4",NA,"R. Lázaro Suau","Pliego",NA,NA,NA,NA,NA,NA,NA,NA,NA,NA,NA,NA,NA,NA,NA,NA,NA,NA,NA,NA,NA,NA,NA,NA,NA,"07/05/1983",NA,NA,NA,NA,NA,NA,NA,NA,NA,NA,NA,"HUAL",NA,NA,NA,NA,NA,NA,NA,NA,NA,NA,NA,NA,NA,NA,NA,NA,NA,NA,NA,NA,NA,NA,NA,NA,NA,NA,NA,NA,NA
"3713855973","Reseda stricta Pers.",37.02,-1.97,"cdc,gass84,mdativ,osiic,incomis,inmafu","83504144-f762-11e1-a439-00145eb45e9a","c1564d80-1b9d-471c-b84d-8d5dd2efbf0a","2a3f6a56-7591-4f05-8c4c-a1bb77aa4ea6","6c4a0bb0-2a4d-11d8-aa2d-b8a03c50a862","ES","EML","2026-04-18T01:37:24.938+00:00","2026-04-24T07:24:42.922+00:00",344,"PRESERVED_SPECIMEN",1,"PRESENT",7275953,6,7707728,220,7225535,3110,3040250,7275953,7275953,"Reseda stricta Pers.","Plantae","Tracheophyta","Brassicales","Resedaceae","Reseda","Reseda stricta","Reseda","stricta","SPECIES","ACCEPTED",707,NA,NA,"EUROPE","ALMERíA",1983,5,14,"1983-05-14",134,134,NA,"2026-04-24T07:24:42.922+00:00","http://creativecommons.org/licenses/by/4.0/legalcode",FALSE,"4287E601-2622-49D9-BF45-DA92E2F32018","none","none",FALSE,NA,"Herbario de la Universidad de Almería","R. Lázaro Suau","none","WGS84","Magnoliopsida","ES","none","none","EUROPE","Spain","EUROPE","4287E601-2622-49D9-BF45-DA92E2F32018","23722-1",NA,NA,"JP","350","Loma de los Yesares","3713855973","es","HUAL","4287E601-2622-49D9-BF45-DA92E2F32018","PhysicalObject","Reseda stricta Pers.","HUAL",NA,NA,NA,"a8343e51-cda3-4e7a-9eb6-4431f432fde4",NA,"R. Lázaro Suau","Pliego",NA,NA,NA,NA,NA,NA,NA,NA,NA,NA,NA,NA,NA,NA,NA,NA,NA,NA,NA,NA,NA,NA,NA,NA,NA,"14/05/1983",NA,NA,NA,NA,NA,NA,NA,NA,NA,NA,NA,"HUAL",NA,NA,NA,NA,NA,NA,NA,NA,NA,NA,NA,NA,NA,NA,NA,NA,NA,NA,NA,NA,NA,NA,NA,NA,NA,NA,NA,NA,NA
"3713867739","Reseda stricta Pers.",37.02,-1.97,"cdc,gass84,mdativ,osiic,incomis,inmafu","83504144-f762-11e1-a439-00145eb45e9a","c1564d80-1b9d-471c-b84d-8d5dd2efbf0a","2a3f6a56-7591-4f05-8c4c-a1bb77aa4ea6","6c4a0bb0-2a4d-11d8-aa2d-b8a03c50a862","ES","EML","2026-04-18T01:37:24.938+00:00","2026-04-24T07:24:42.814+00:00",344,"PRESERVED_SPECIMEN",1,"PRESENT",7275953,6,7707728,220,7225535,3110,3040250,7275953,7275953,"Reseda stricta Pers.","Plantae","Tracheophyta","Brassicales","Resedaceae","Reseda","Reseda stricta","Reseda","stricta","SPECIES","ACCEPTED",707,NA,NA,"EUROPE","ALMERíA",1983,5,14,"1983-05-14",134,134,NA,"2026-04-24T07:24:42.814+00:00","http://creativecommons.org/licenses/by/4.0/legalcode",FALSE,"0848CFF2-CFDD-4B81-9B34-C1355F13B1F9","none","none",FALSE,NA,"Herbario de la Universidad de Almería","R. Lázaro Suau","none","WGS84","Magnoliopsida","ES","none","none","EUROPE","Spain","EUROPE","0848CFF2-CFDD-4B81-9B34-C1355F13B1F9","23723-1",NA,NA,"JP","350","Loma de los Yesares","3713867739","es","HUAL","0848CFF2-CFDD-4B81-9B34-C1355F13B1F9","PhysicalObject","Reseda stricta Pers.","HUAL",NA,NA,NA,"a8343e51-cda3-4e7a-9eb6-4431f432fde4",NA,"R. Lázaro Suau","Pliego",NA,NA,NA,NA,NA,NA,NA,NA,NA,NA,NA,NA,NA,NA,NA,NA,NA,NA,NA,NA,NA,NA,NA,NA,NA,"14/05/1983",NA,NA,NA,NA,NA,NA,NA,NA,NA,NA,NA,"HUAL",NA,NA,NA,NA,NA,NA,NA,NA,NA,NA,NA,NA,NA,NA,NA,NA,NA,NA,NA,NA,NA,NA,NA,NA,NA,NA,NA,NA,NA
"3855079711","Reseda stricta Pers.",40.1,-3.51,"cdc,gass84,osiic","6a7575fa-ae03-4ba3-b322-2da15b5033e2","d68c4230-a271-11d8-a9b3-b8a03c50a862","2a3f6a56-7591-4f05-8c4c-a1bb77aa4ea6","6c4a0bb0-2a4d-11d8-aa2d-b8a03c50a862","ES","EML","2026-04-17T19:28:29.248+00:00","2026-04-24T04:39:30.425+00:00",394,"PRESERVED_SPECIMEN",1,"PRESENT",7275953,6,7707728,220,7225535,3110,3040250,7275953,7275953,"Reseda stricta Pers.","Plantae","Tracheophyta","Brassicales","Resedaceae","Reseda","Reseda stricta","Reseda","stricta","SPECIES","ACCEPTED",707,650,0,"EUROPE","Madrid",1983,5,30,"1983-05-30",150,150,"2022-06-24T10:36:01.000+00:00","2026-04-24T04:39:30.425+00:00","http://creativecommons.org/licenses/by-nc/4.0/legalcode",FALSE,"00DEC02D-F79C-4113-BBD2-F33AAA5A6E4F","none","none",TRUE,NA,"Herbario de la Universidad de Granada: Colección GDA-Fanerogamia","Fernández Díez","none","WGS84","Magnoliopsida","ES","none","none","EUROPE","Spain","EUROPE","00DEC02D-F79C-4113-BBD2-F33AAA5A6E4F","24012-1","https://www.gbif.org/grscicoll/institution/a46ced27-ecc3-43df-981f-d6de329f50b4",NA,"GDA","400","Madrid, Villaconejos.","3855079711","es","GDA-Fanero","00DEC02D-F79C-4113-BBD2-F33AAA5A6E4F","PhysicalObject","Reseda stricta Pers.",NA,NA,NA,NA,"a46ced27-ecc3-43df-981f-d6de329f50b4","82d87a2a-f701-46ca-a1c0-292e83fc790a",NA,"Pliego",NA,"Herbarium University of Granada, Spain",NA,NA,NA,NA,NA,NA,NA,NA,NA,NA,"in collection",NA,"GDA",NA,NA,NA,NA,"https://www.gbif.org/grscicoll/collection/82d87a2a-f701-46ca-a1c0-292e83fc790a",NA,NA,NA,NA,"sobre suelos de costra yesífera, comunidades de Lepidion ...","30/05/1983",NA,NA,NA,NA,NA,NA,0,0,NA,NA,NA,NA,NA,NA,NA,NA,NA,NA,NA,NA,NA,NA,NA,NA,NA,NA,NA,NA,NA,NA,NA,NA,NA,NA,NA,NA,NA,NA,NA,NA,NA
"5066601395","Reseda stricta Pers.",37.17755,-2.04243,"cdc,gass84,inmano","ea372491-cebb-41e1-9a2b-a5354cc6c126","ce5a9e85-93f6-43fd-b993-b76064456b1b","2a3f6a56-7591-4f05-8c4c-a1bb77aa4ea6","6c4a0bb0-2a4d-11d8-aa2d-b8a03c50a862","ES","EML","2026-04-18T04:24:36.170+00:00","2026-04-24T08:32:15.727+00:00",62,"PRESERVED_SPECIMEN",NA,"PRESENT",7275953,6,7707728,220,7225535,3110,3040250,7275953,7275953,"Reseda stricta Pers.","Plantae","Tracheophyta","Brassicales","Resedaceae","Reseda","Reseda stricta","Reseda","stricta","SPECIES","ACCEPTED",NA,400,0,"EUROPE","Almería",1983,5,7,"1983-05-07",127,127,"2025-01-01T00:00:00.000+00:00","2026-04-24T08:32:15.727+00:00","http://creativecommons.org/licenses/by/4.0/legalcode",FALSE,"ddfbf96d-eba1-470e-8893-4a0f85e0353e","none","none",FALSE,"doi:10.15470/ttw9mc","Herbario EEZA - Colección de Angiospermae","R. Lázaro Suau","none","WGS84","Magnoliopsida","ES","none","none","EUROPE","Spain","EUROPE","ddfbf96d-eba1-470e-8893-4a0f85e0353e","7332-1-1",NA,NA,"EEZA-CSIC","71","Los Castaños; cerca del Cerro del Mojón","5066601395","es","ALME-ANGIOSPERMAS","ddfbf96d-eba1-470e-8893-4a0f85e0353e","Collection","Reseda stricta Pers.",NA,NA,NA,NA,NA,NA,"R. Lázaro Suau",NA,NA,NA,NA,NA,NA,NA,NA,NA,NA,NA,NA,NA,"In collection",NA,NA,"Identificación confirmada por S. Martin Bravo; 9-2007; FLORANDOR",NA,NA,NA,NA,NA,NA,NA,NA,"Afloramiento de yesos miocénicos (yesos de la cuadrícula WG 81, al sur de la misma)",NA,NA,NA,NA,NA,NA,NA,NA,NA,NA,NA,NA,NA,NA,NA,NA,NA,NA,NA,NA,NA,NA,NA,NA,NA,NA,NA,NA,NA,NA,NA,NA,NA,NA,NA,NA,NA,NA,NA,NA,NA,NA
"5066602042","Reseda stricta Pers.",37.02824,-1.97127,"cdc,gass84,inmano","ea372491-cebb-41e1-9a2b-a5354cc6c126","ce5a9e85-93f6-43fd-b993-b76064456b1b","2a3f6a56-7591-4f05-8c4c-a1bb77aa4ea6","6c4a0bb0-2a4d-11d8-aa2d-b8a03c50a862","ES","EML","2026-04-18T04:24:36.170+00:00","2026-04-24T08:32:05.364+00:00",62,"PRESERVED_SPECIMEN",NA,"PRESENT",7275953,6,7707728,220,7225535,3110,3040250,7275953,7275953,"Reseda stricta Pers.","Plantae","Tracheophyta","Brassicales","Resedaceae","Reseda","Reseda stricta","Reseda","stricta","SPECIES","ACCEPTED",NA,250,50,"EUROPE","Almería",1983,5,14,"1983-05-14",134,134,"2025-01-01T00:00:00.000+00:00","2026-04-24T08:32:05.364+00:00","http://creativecommons.org/licenses/by/4.0/legalcode",FALSE,"b68b4360-5fc6-4978-87a6-d57614d3b090","none","none",FALSE,"doi:10.15470/ttw9mc","Herbario EEZA - Colección de Angiospermae","R. Lázaro Suau","none","WGS84","Magnoliopsida","ES","none","none","EUROPE","Spain","EUROPE","b68b4360-5fc6-4978-87a6-d57614d3b090","7331-1-1",NA,NA,"EEZA-CSIC","71","Base sur de Sierra Cabrera; cerca de Carboneras; Loma de los Yesares","5066602042","es","ALME-ANGIOSPERMAS","b68b4360-5fc6-4978-87a6-d57614d3b090","Collection","Reseda stricta Pers.",NA,NA,NA,NA,NA,NA,"R. Lázaro Suau",NA,NA,NA,NA,NA,NA,NA,NA,NA,NA,NA,NA,NA,"In collection",NA,NA,"Identificación confirmada por S. Martin Bravo; 9-2007; FLORANDOR",NA,NA,NA,NA,NA,NA,NA,NA,"En yesos del Mioceno Superior",NA,NA,NA,NA,NA,NA,NA,NA,NA,NA,NA,NA,NA,NA,NA,NA,NA,NA,NA,NA,NA,NA,NA,NA,NA,NA,NA,NA,NA,NA,NA,NA,NA,NA,NA,NA,NA,NA,NA,NA,NA,NA
"5066602096","Reseda stricta Pers.",36.99729,-2.0447,"cdc,gass84,inmano","ea372491-cebb-41e1-9a2b-a5354cc6c126","ce5a9e85-93f6-43fd-b993-b76064456b1b","2a3f6a56-7591-4f05-8c4c-a1bb77aa4ea6","6c4a0bb0-2a4d-11d8-aa2d-b8a03c50a862","ES","EML","2026-04-18T04:24:36.170+00:00","2026-04-24T08:32:15.149+00:00",62,"PRESERVED_SPECIMEN",NA,"PRESENT",7275953,6,7707728,220,7225535,3110,3040250,7275953,7275953,"Reseda stricta Pers.","Plantae","Tracheophyta","Brassicales","Resedaceae","Reseda","Reseda stricta","Reseda","stricta","SPECIES","ACCEPTED",NA,280,20,"EUROPE","Almería",1983,5,28,"1983-05-28",148,148,"2025-01-01T00:00:00.000+00:00","2026-04-24T08:32:15.149+00:00","http://creativecommons.org/licenses/by/4.0/legalcode",FALSE,"4e9851e1-4536-4e71-94fe-47e3bfbd6294","none","none",FALSE,"doi:10.15470/ttw9mc","Herbario EEZA - Colección de Angiospermae","R. Lázaro Suau","none","WGS84","Magnoliopsida","ES","none","none","EUROPE","Spain","EUROPE","4e9851e1-4536-4e71-94fe-47e3bfbd6294","7339-1-1",NA,NA,"EEZA-CSIC","71","Entre Polopos y la carretera Sórbas-Níjar","5066602096","es","ALME-ANGIOSPERMAS","4e9851e1-4536-4e71-94fe-47e3bfbd6294","Collection","Reseda stricta Pers.",NA,NA,NA,NA,NA,NA,"R. Lázaro Suau",NA,NA,NA,NA,NA,NA,NA,NA,NA,NA,NA,NA,NA,"In collection",NA,NA,"Identificación confirmada por S. Martin Bravo; 09-2007; FLORANDOR",NA,NA,NA,NA,NA,NA,NA,NA,"Yesos del Mioceno Superior",NA,NA,NA,NA,NA,NA,NA,NA,NA,NA,NA,NA,NA,NA,NA,NA,NA,NA,NA,NA,NA,NA,NA,NA,NA,NA,NA,NA,NA,NA,NA,NA,NA,NA,NA,NA,NA,NA,NA,NA,NA,NA
"1936107850","Reseda stricta Pers.",39.324,-3.3725,"cdc,gass84,inmano","834c9918-f762-11e1-a439-00145eb45e9a","0363cbd4-f666-455e-8e86-0bbddcf51950","2a3f6a56-7591-4f05-8c4c-a1bb77aa4ea6","6c4a0bb0-2a4d-11d8-aa2d-b8a03c50a862","ES","EML","2026-04-18T01:37:27.366+00:00","2026-04-24T05:19:58.333+00:00",423,"PRESERVED_SPECIMEN",NA,"PRESENT",7275953,6,7707728,220,7225535,3110,3040250,7275953,7275953,"Reseda stricta Pers.","Plantae","Tracheophyta","Brassicales","Resedaceae","Reseda","Reseda stricta","Reseda","stricta","SPECIES","ACCEPTED",NA,NA,NA,"EUROPE","Ciudad Real",1982,5,25,"1982-05-25",145,145,NA,"2026-04-24T05:19:58.333+00:00","http://creativecommons.org/licenses/by-nc/4.0/legalcode",FALSE,"3df8d2bd-20fe-11e3-9e2e-000c29035824","none","none",FALSE,"834c9918-f762-11e1-a439-00145eb45e9a",NA,"N. Marcos","none","WGS84","Magnoliopsida","ES","none","none","EUROPE","Spain","EUROPE","3df8d2bd-20fe-11e3-9e2e-000c29035824","MA-01-00338514","0363cbd4-f666-455e-8e86-0bbddcf51950",NA,"MA","429","Herencia, carretera de Herencia a Villarta de San Juan","1936107850","es","MA","3df8d2bd-20fe-11e3-9e2e-000c29035824","Collection","Reseda stricta Pers.",NA,NA,NA,NA,NA,NA,NA,NA,NA,NA,NA,NA,NA,NA,NA,NA,NA,NA,NA,NA,NA,NA,"MA",NA,NA,NA,NA,NA,NA,NA,"MA-338514-1",NA,"en bordes de caminos","25051982",NA,NA,NA,NA,NA,NA,NA,NA,NA,NA,NA,"MA",NA,NA,NA,"Identificación confirmada por E. Valdés Bermejo en 1991. Revisión para Flora Ibérica",NA,"17abcf75-2f1e-46dd-bf75-a5b21dd02655",NA,NA,NA,NA,NA,NA,NA,"7275953",NA,"af7dbb05-20fe-11e3-9e2e-000c29035824",NA,NA,NA,NA,NA,NA,NA,NA,NA,NA,NA,NA,NA
"5066601562","Reseda stricta Pers.",37.08742,-2.04357,"cdc,gass84,inmano","ea372491-cebb-41e1-9a2b-a5354cc6c126","ce5a9e85-93f6-43fd-b993-b76064456b1b","2a3f6a56-7591-4f05-8c4c-a1bb77aa4ea6","6c4a0bb0-2a4d-11d8-aa2d-b8a03c50a862","ES","EML","2026-04-18T04:24:36.170+00:00","2026-04-24T08:32:16.501+00:00",62,"PRESERVED_SPECIMEN",NA,"PRESENT",7275953,6,7707728,220,7225535,3110,3040250,7275953,7275953,"Reseda stricta Pers.","Plantae","Tracheophyta","Brassicales","Resedaceae","Reseda","Reseda stricta","Reseda","stricta","SPECIES","ACCEPTED",NA,415,35,"EUROPE","Almería",1982,6,29,"1982-06-29",180,180,"2025-01-01T00:00:00.000+00:00","2026-04-24T08:32:16.501+00:00","http://creativecommons.org/licenses/by/4.0/legalcode",FALSE,"ca676e1b-7300-4394-b49b-d05ff5740841","none","none",FALSE,"doi:10.15470/ttw9mc","Herbario EEZA - Colección de Angiospermae","R. Lázaro Suau","none","WGS84","Magnoliopsida","ES","none","none","EUROPE","Spain","EUROPE","ca676e1b-7300-4394-b49b-d05ff5740841","7323-1-2",NA,NA,"EEZA-CSIC","71","Entre Sorbas, Los Giles y Peñas Negras","5066601562","es","ALME-ANGIOSPERMAS","ca676e1b-7300-4394-b49b-d05ff5740841","Collection","Reseda stricta Pers.",NA,NA,NA,NA,NA,NA,"S. Martín Bravo",NA,NA,NA,NA,NA,NA,NA,NA,NA,NA,NA,NA,NA,"In collection",NA,NA,"FLORANDOR",NA,NA,NA,NA,NA,NA,NA,NA,"En yesos miocénicos karstificados",NA,NA,NA,NA,NA,NA,NA,NA,NA,NA,NA,"2007-09-01T00:00:00",NA,NA,NA,NA,NA,NA,NA,NA,NA,NA,NA,NA,NA,NA,NA,NA,NA,NA,NA,NA,NA,NA,NA,NA,NA,NA,NA,NA,NA,NA
"5066601922","Reseda stricta Pers.",37.08742,-2.04357,"cdc,gass84,inmano","ea372491-cebb-41e1-9a2b-a5354cc6c126","ce5a9e85-93f6-43fd-b993-b76064456b1b","2a3f6a56-7591-4f05-8c4c-a1bb77aa4ea6","6c4a0bb0-2a4d-11d8-aa2d-b8a03c50a862","ES","EML","2026-04-18T04:24:36.170+00:00","2026-04-24T08:32:09.342+00:00",62,"PRESERVED_SPECIMEN",NA,"PRESENT",7275953,6,7707728,220,7225535,3110,3040250,7275953,7275953,"Reseda stricta Pers.","Plantae","Tracheophyta","Brassicales","Resedaceae","Reseda","Reseda stricta","Reseda","stricta","SPECIES","ACCEPTED",NA,415,35,"EUROPE","Almería",1982,6,12,"1982-06-12",163,163,"2025-01-01T00:00:00.000+00:00","2026-04-24T08:32:09.342+00:00","http://creativecommons.org/licenses/by/4.0/legalcode",FALSE,"2ab363d0-531e-42d3-9dee-39b4d4f501e3","none","none",FALSE,"doi:10.15470/ttw9mc","Herbario EEZA - Colección de Angiospermae","R. Lázaro Suau","none","WGS84","Magnoliopsida","ES","none","none","EUROPE","Spain","EUROPE","2ab363d0-531e-42d3-9dee-39b4d4f501e3","7330-1-1",NA,NA,"EEZA-CSIC","71","Entre Sorbas, Los Giles y Peñas Negras","5066601922","es","ALME-ANGIOSPERMAS","2ab363d0-531e-42d3-9dee-39b4d4f501e3","Collection","Reseda stricta Pers.",NA,NA,NA,NA,NA,NA,"B. Díez & R. Lázaro Suau",NA,NA,NA,NA,NA,NA,NA,NA,NA,NA,NA,NA,NA,"In collection",NA,NA,"Identificación confirmada por S. Martin Bravo; 9-2007; FLORANDOR",NA,NA,NA,NA,NA,NA,NA,NA,"En yesos miocénicos karstificados",NA,NA,NA,NA,NA,NA,NA,NA,NA,NA,NA,NA,NA,NA,NA,NA,NA,NA,NA,NA,NA,NA,NA,NA,NA,NA,NA,NA,NA,NA,NA,NA,NA,NA,NA,NA,NA,NA,NA,NA,NA,NA
"5066602270","Reseda stricta Pers.",37.08742,-2.04357,"cdc,gass84,inmano","ea372491-cebb-41e1-9a2b-a5354cc6c126","ce5a9e85-93f6-43fd-b993-b76064456b1b","2a3f6a56-7591-4f05-8c4c-a1bb77aa4ea6","6c4a0bb0-2a4d-11d8-aa2d-b8a03c50a862","ES","EML","2026-04-18T04:24:36.170+00:00","2026-04-24T08:32:17.438+00:00",62,"PRESERVED_SPECIMEN",NA,"PRESENT",7275953,6,7707728,220,7225535,3110,3040250,7275953,7275953,"Reseda stricta Pers.","Plantae","Tracheophyta","Brassicales","Resedaceae","Reseda","Reseda stricta","Reseda","stricta","SPECIES","ACCEPTED",NA,415,35,"EUROPE","Almería",1982,6,22,"1982-06-22",173,173,"2025-01-01T00:00:00.000+00:00","2026-04-24T08:32:17.438+00:00","http://creativecommons.org/licenses/by/4.0/legalcode",FALSE,"ce6b4996-2b40-491a-8ad0-5548ba23a80f","none","none",FALSE,"doi:10.15470/ttw9mc","Herbario EEZA - Colección de Angiospermae","R. Lázaro Suau","none","WGS84","Magnoliopsida","ES","none","none","EUROPE","Spain","EUROPE","ce6b4996-2b40-491a-8ad0-5548ba23a80f","7329-1-1",NA,NA,"EEZA-CSIC","71","Entre Sorbas, Los Giles y Peñas Negras","5066602270","es","ALME-ANGIOSPERMAS","ce6b4996-2b40-491a-8ad0-5548ba23a80f","Collection","Reseda stricta Pers.",NA,NA,NA,NA,NA,NA,"R. Lázaro Suau",NA,NA,NA,NA,NA,NA,NA,NA,NA,NA,NA,NA,NA,"In collection",NA,NA,"Identificación confirmada por S. Martin Bravo; 9-2007; FLORANDOR",NA,NA,NA,NA,NA,NA,NA,NA,"En yesos miocénicos karstificados",NA,NA,NA,NA,NA,NA,NA,NA,NA,NA,NA,NA,NA,NA,NA,NA,NA,NA,NA,NA,NA,NA,NA,NA,NA,NA,NA,NA,NA,NA,NA,NA,NA,NA,NA,NA,NA,NA,NA,NA,NA,NA
"5066602418","Reseda stricta Pers.",37.08742,-2.04357,"cdc,gass84,inmano","ea372491-cebb-41e1-9a2b-a5354cc6c126","ce5a9e85-93f6-43fd-b993-b76064456b1b","2a3f6a56-7591-4f05-8c4c-a1bb77aa4ea6","6c4a0bb0-2a4d-11d8-aa2d-b8a03c50a862","ES","EML","2026-04-18T04:24:36.170+00:00","2026-04-24T08:32:18.162+00:00",62,"PRESERVED_SPECIMEN",NA,"PRESENT",7275953,6,7707728,220,7225535,3110,3040250,7275953,7275953,"Reseda stricta Pers.","Plantae","Tracheophyta","Brassicales","Resedaceae","Reseda","Reseda stricta","Reseda","stricta","SPECIES","ACCEPTED",NA,415,35,"EUROPE","Almería",1982,6,10,"1982-06-10",161,161,"2025-01-01T00:00:00.000+00:00","2026-04-24T08:32:18.162+00:00","http://creativecommons.org/licenses/by/4.0/legalcode",FALSE,"0b772120-62fa-4d1b-85b1-03f1396b498b","none","none",FALSE,"doi:10.15470/ttw9mc","Herbario EEZA - Colección de Angiospermae","R. Lázaro Suau","none","WGS84","Magnoliopsida","ES","none","none","EUROPE","Spain","EUROPE","0b772120-62fa-4d1b-85b1-03f1396b498b","7328-1-1",NA,NA,"EEZA-CSIC","71","Entre Sorbas, Los Giles y Peñas Negras","5066602418","es","ALME-ANGIOSPERMAS","0b772120-62fa-4d1b-85b1-03f1396b498b","Collection","Reseda stricta Pers.",NA,NA,NA,NA,NA,NA,"R. Lázaro Suau",NA,NA,NA,NA,NA,NA,NA,NA,NA,NA,NA,NA,NA,"In collection",NA,NA,"Identificación confirmada por S. Martin Bravo; 9-2007; FLORANDOR",NA,NA,NA,NA,NA,NA,NA,NA,"En yesos miocénicos karstificados",NA,NA,NA,NA,NA,NA,NA,NA,NA,NA,NA,NA,NA,NA,NA,NA,NA,NA,NA,NA,NA,NA,NA,NA,NA,NA,NA,NA,NA,NA,NA,NA,NA,NA,NA,NA,NA,NA,NA,NA,NA,NA
"3033679238","Reseda stricta Pers.",38.52,-0.99,"cdc,gass84,mdativ,colmano,inmafu","834f1756-f762-11e1-a439-00145eb45e9a","cb202839-87c6-456a-821c-dc5b268a200f","2a3f6a56-7591-4f05-8c4c-a1bb77aa4ea6","6c4a0bb0-2a4d-11d8-aa2d-b8a03c50a862","ES","EML","2026-04-18T01:36:55.261+00:00","2026-04-23T23:49:29.277+00:00",326,"PRESERVED_SPECIMEN",NA,"PRESENT",7275953,6,7707728,220,7225535,3110,3040250,7275953,7275953,"Reseda stricta Pers.","Plantae","Tracheophyta","Brassicales","Resedaceae","Reseda","Reseda stricta","Reseda","stricta","SPECIES","ACCEPTED",7071,NA,NA,"EUROPE","Alacant",1981,5,8,"1981-05-08",128,128,NA,"2026-04-23T23:49:29.277+00:00","http://creativecommons.org/licenses/by-nc/4.0/legalcode",FALSE,"BCN 19154","none","none",FALSE,NA,"Col·lecció de Cormòfits de l'herbari BCN","Molero Briones, Julià","none","WGS84","Magnoliopsida","ES","none","none","EUROPE","Spain","EUROPE","BCN 19154","19154",NA,NA,"BCN","350","Sierra de Salinas, vertiente de umbría","3033679238",NA,"Corm","BCN 19154",NA,"Reseda stricta Pers.",NA,NA,NA,NA,"5db0342e-533f-461c-a97e-0ec9dc79a95c",NA,NA,NA,NA,"CRAI CeDocBiV - Universitat de Barcelona",NA,NA,NA,NA,NA,NA,NA,NA,NA,NA,NA,NA,"UB",NA,NA,NA,NA,NA,NA,NA,"ex BCF 44136",NA,NA,NA,NA,NA,NA,NA,NA,NA,NA,NA,NA,NA,NA,"BCN-Cormophyta",NA,NA,NA,NA,NA,NA,NA,NA,"Reseda stricta Pers.","19078",NA,NA,NA,NA,NA,NA,NA,NA,NA,NA,NA,NA,NA,NA,NA,NA,NA,NA,NA
"199498777","Reseda stricta Pers.",37.09,-2.04,"cdc,gass84,iddativ,osiic,colmafu,inmafu","962cceea-f762-11e1-a439-00145eb45e9a","7fadb370-f921-11dd-af50-b8a03c50a862","2a3f6a56-7591-4f05-8c4c-a1bb77aa4ea6","6c4a0bb0-2a4d-11d8-aa2d-b8a03c50a862","ES","EML","2026-04-17T22:12:36.543+00:00","2026-04-24T14:03:08.951+00:00",392,"PRESERVED_SPECIMEN",1,"PRESENT",7275953,6,7707728,220,7225535,3110,3040250,7275953,7275953,"Reseda stricta Pers.","Plantae","Tracheophyta","Brassicales","Resedaceae","Reseda","Reseda stricta","Reseda","stricta","SPECIES","ACCEPTED",7071,NA,NA,"EUROPE","ALMERíA",1981,6,8,"1981-06-08",159,159,"2024-12-20T12:00:00.000+00:00","2026-04-24T14:03:08.951+00:00","http://creativecommons.org/licenses/by-nc/4.0/legalcode",FALSE,"C482156A-2B40-4946-9BBE-79829CD3E8CA","none","none",FALSE,NA,"MGC Herbarium University of Malaga (Spain): MGC-Cormof dataset","L. Suau","none","WGS84","Magnoliopsida","ES","none","none","EUROPE","Spain","EUROPE","C482156A-2B40-4946-9BBE-79829CD3E8CA","12829-1","https://www.gbif.org/publisher/7fadb370-f921-11dd-af50-b8a03c50a862",NA,"MGC","417","Río de Aguas","199498777","es","MGC-Cormof","C482156A-2B40-4946-9BBE-79829CD3E8CA","PhysicalObject","Reseda stricta Pers.",NA,NA,NA,NA,"f9fd1a64-464a-4cbf-8a6c-60d7ca4e4446","dcf31393-fdcd-48d6-8e33-7eb584ab9ed3","S. Martín Bravo","Pliego",NA,NA,NA,NA,NA,NA,NA,NA,NA,NA,NA,NA,"in collection",NA,NA,NA,NA,NA,NA,NA,NA,NA,"MGC:MGC-Cormof:12829-1","2013-06-14T15:24:00.000+02:00",NA,"08/06/1981","73157",NA,"MGC-Cormof","http://digir.sourceforge.net/schema/conceptual/darwin/2003/1.0/darwin2.xsd","1000",NA,NA,NA,NA,NA,NA,NA,NA,NA,NA,NA,NA,NA,NA,NA,NA,NA,NA,NA,NA,NA,NA,NA,NA,NA,NA,NA,NA,NA,NA,NA,NA,NA,NA,NA,NA
"5066601413","Reseda stricta Pers.",37.17755,-2.04243,"cdc,gass84,inmano","ea372491-cebb-41e1-9a2b-a5354cc6c126","ce5a9e85-93f6-43fd-b993-b76064456b1b","2a3f6a56-7591-4f05-8c4c-a1bb77aa4ea6","6c4a0bb0-2a4d-11d8-aa2d-b8a03c50a862","ES","EML","2026-04-18T04:24:36.170+00:00","2026-04-24T08:32:21.050+00:00",62,"PRESERVED_SPECIMEN",NA,"PRESENT",7275953,6,7707728,220,7225535,3110,3040250,7275953,7275953,"Reseda stricta Pers.","Plantae","Tracheophyta","Brassicales","Resedaceae","Reseda","Reseda stricta","Reseda","stricta","SPECIES","ACCEPTED",NA,400,0,"EUROPE","Almería",1981,6,3,"1981-06-03",154,154,"2025-01-01T00:00:00.000+00:00","2026-04-24T08:32:21.050+00:00","http://creativecommons.org/licenses/by/4.0/legalcode",FALSE,"f468ef3d-2fd3-45e4-adf8-394bbe133d53","none","none",FALSE,"doi:10.15470/ttw9mc","Herbario EEZA - Colección de Angiospermae","R. Lázaro Suau","none","WGS84","Magnoliopsida","ES","none","none","EUROPE","Spain","EUROPE","f468ef3d-2fd3-45e4-adf8-394bbe133d53","7337-1-3",NA,NA,"EEZA-CSIC","71","Los Castaños; cerca N-340; km 179","5066601413","es","ALME-ANGIOSPERMAS","f468ef3d-2fd3-45e4-adf8-394bbe133d53","Collection","Reseda stricta Pers.",NA,NA,NA,NA,NA,NA,"S. Martín Bravo",NA,NA,NA,NA,NA,NA,NA,NA,NA,NA,NA,NA,NA,"In collection",NA,NA,"FLORANDOR",NA,NA,NA,NA,NA,NA,NA,NA,"Afloramiento de yesos miocénicos (yesos de la cuadrícula WG 81, al sur de la misma)",NA,NA,NA,NA,NA,NA,NA,NA,NA,NA,NA,"2007-09-01T00:00:00",NA,NA,NA,NA,NA,NA,NA,NA,NA,NA,NA,NA,NA,NA,NA,NA,NA,NA,NA,NA,NA,NA,NA,NA,NA,NA,NA,NA,NA,NA
"1936078218","Reseda stricta Pers.",37.0418,-3.7884,"cdc,gass84,inmano","834c9918-f762-11e1-a439-00145eb45e9a","0363cbd4-f666-455e-8e86-0bbddcf51950","2a3f6a56-7591-4f05-8c4c-a1bb77aa4ea6","6c4a0bb0-2a4d-11d8-aa2d-b8a03c50a862","ES","EML","2026-04-18T01:37:27.366+00:00","2026-04-24T05:19:54.686+00:00",423,"PRESERVED_SPECIMEN",NA,"PRESENT",7275953,6,7707728,220,7225535,3110,3040250,7275953,7275953,"Reseda stricta Pers.","Plantae","Tracheophyta","Brassicales","Resedaceae","Reseda","Reseda stricta","Reseda","stricta","SPECIES","ACCEPTED",NA,NA,NA,"EUROPE","Granada",1980,4,16,"1980-04-16",107,107,NA,"2026-04-24T05:19:54.686+00:00","http://creativecommons.org/licenses/by-nc/4.0/legalcode",FALSE,"3b85c7fb-20fe-11e3-9e2e-000c29035824","none","none",FALSE,"834c9918-f762-11e1-a439-00145eb45e9a",NA,"O. Socorro","none","WGS84","Magnoliopsida","ES","none","none","EUROPE","Spain","EUROPE","3b85c7fb-20fe-11e3-9e2e-000c29035824","MA-01-00302759","0363cbd4-f666-455e-8e86-0bbddcf51950",NA,"MA","429","La Mala","1936078218","es","MA","3b85c7fb-20fe-11e3-9e2e-000c29035824","Collection","Reseda stricta Pers.",NA,NA,NA,NA,NA,NA,NA,NA,NA,NA,NA,NA,NA,NA,NA,NA,NA,NA,NA,NA,NA,NA,"MA",NA,NA,NA,NA,NA,NA,NA,"MA-302759-1",NA,"barbechos pedregosos y nitrofilos","16041980",NA,NA,NA,NA,NA,NA,NA,NA,NA,NA,NA,"MA",NA,NA,NA,"Identificación confirmada por E. Valdés Bermejo en 1991. Revisión para Flora Ibérica",NA,"17abcf75-2f1e-46dd-bf75-a5b21dd02655",NA,NA,NA,NA,NA,NA,NA,"7275953",NA,"acddea7a-20fe-11e3-9e2e-000c29035824",NA,NA,NA,NA,NA,NA,NA,NA,NA,NA,NA,NA,NA
"3033646086","Reseda stricta Pers.",41.76,1.43,"cdc,gass84,mdativ,colmano,inmafu","834f1756-f762-11e1-a439-00145eb45e9a","cb202839-87c6-456a-821c-dc5b268a200f","2a3f6a56-7591-4f05-8c4c-a1bb77aa4ea6","6c4a0bb0-2a4d-11d8-aa2d-b8a03c50a862","ES","EML","2026-04-18T01:36:55.261+00:00","2026-04-23T23:48:38.164+00:00",326,"PRESERVED_SPECIMEN",NA,"PRESENT",7275953,6,7707728,220,7225535,3110,3040250,7275953,7275953,"Reseda stricta Pers.","Plantae","Tracheophyta","Brassicales","Resedaceae","Reseda","Reseda stricta","Reseda","stricta","SPECIES","ACCEPTED",7311,NA,NA,"EUROPE","Barcelona",1980,4,24,"1980-04-24",115,115,NA,"2026-04-23T23:48:38.164+00:00","http://creativecommons.org/licenses/by-nc/4.0/legalcode",FALSE,"BCN 100905","none","none",FALSE,NA,"Col·lecció de Cormòfits de l'herbari BCN","Soriano Tomàs, Ignasi","none","WGS84","Magnoliopsida","ES","none","none","EUROPE","Spain","EUROPE","BCN 100905","100905",NA,NA,"BCN","350","Castellfullit de Riubregós","3033646086",NA,"Corm","BCN 100905",NA,"Reseda stricta Pers.",NA,NA,NA,NA,"5db0342e-533f-461c-a97e-0ec9dc79a95c",NA,"Vigo Bonada, Josep",NA,NA,"CRAI CeDocBiV - Universitat de Barcelona",NA,NA,NA,NA,NA,NA,NA,NA,NA,NA,NA,NA,"UB",NA,NA,NA,NA,NA,NA,NA,"ex BCC",NA,"Brolla sobre terreny guixenc",NA,NA,NA,NA,NA,NA,NA,NA,NA,NA,NA,NA,"BCN-Cormophyta",NA,NA,NA,NA,NA,NA,NA,NA,"Reseda stricta Pers.; Reseda stricta Pers.","97037",NA,NA,NA,NA,NA,NA,NA,NA,NA,NA,NA,NA,NA,NA,NA,NA,NA,NA,NA
"895208149","Reseda stricta Pers.",39.88,-3.64,"cdc,gass84,colmafu,inmafu","834a4794-f762-11e1-a439-00145eb45e9a","8209258a-80e8-4094-aba2-a3febe5ed45b","2a3f6a56-7591-4f05-8c4c-a1bb77aa4ea6","6c4a0bb0-2a4d-11d8-aa2d-b8a03c50a862","ES","EML","2026-04-18T01:37:24.691+00:00","2026-04-24T10:27:22.654+00:00",375,"PRESERVED_SPECIMEN",NA,"PRESENT",7275953,6,7707728,220,7225535,3110,3040250,7275953,7275953,"Reseda stricta Pers.","Plantae","Tracheophyta","Brassicales","Resedaceae","Reseda","Reseda stricta","Reseda","stricta","SPECIES","ACCEPTED",7071,600,0,"EUROPE","Toledo",1980,5,27,"1980-05-27",148,148,"2025-11-03T14:20:45.000+00:00","2026-04-24T10:27:22.654+00:00","http://creativecommons.org/licenses/by-nc/4.0/legalcode",FALSE,"E0E79F60-B67D-4609-BC32-03C70F299515","none","none",TRUE,NA,"Colección de plantas vasculares del herbario de la Universitat de València (VAL)","A. Velasco, G. Moreno, P. Cantó & S. Laorga","none","WGS84","Magnoliopsida","ES","none","none","EUROPE","Spain","EUROPE","E0E79F60-B67D-4609-BC32-03C70F299515","192578-1","https://www.gbif.org/publisher/8209258a-80e8-4094-aba2-a3febe5ed45b",NA,"VAL","391","Huerta de Valdecarábanos","895208149","es","VAL","E0E79F60-B67D-4609-BC32-03C70F299515","PhysicalObject","Reseda stricta Pers.",NA,NA,NA,NA,"c645b060-c130-45ee-97ab-b9fc94393523","6ceb64b5-0201-4a27-bcdb-8d62035e35d5",NA,"Pliego",NA,NA,NA,NA,NA,NA,NA,NA,NA,NA,NA,NA,"in collection",NA,NA,"ex VF-5780",NA,NA,NA,NA,NA,NA,NA,NA,"sobre suelos yesiferos","27051980",NA,NA,NA,NA,NA,NA,NA,NA,NA,NA,NA,"VAL",NA,NA,NA,NA,NA,NA,NA,NA,NA,NA,NA,NA,NA,NA,NA,NA,NA,NA,NA,NA,NA,NA,NA,NA,NA,NA,NA,NA,NA
"1936065260","Reseda stricta Pers.",40.1985,-3.1188,"cdc,gass84,inmano","834c9918-f762-11e1-a439-00145eb45e9a","0363cbd4-f666-455e-8e86-0bbddcf51950","2a3f6a56-7591-4f05-8c4c-a1bb77aa4ea6","6c4a0bb0-2a4d-11d8-aa2d-b8a03c50a862","ES","EML","2026-04-18T01:37:27.366+00:00","2026-04-24T05:19:53.568+00:00",423,"PRESERVED_SPECIMEN",NA,"PRESENT",7275953,6,7707728,220,7225535,3110,3040250,7275953,7275953,"Reseda stricta Pers.","Plantae","Tracheophyta","Brassicales","Resedaceae","Reseda","Reseda stricta","Reseda","stricta","SPECIES","ACCEPTED",NA,NA,NA,"EUROPE","Madrid",1980,5,8,"1980-05-08",129,129,NA,"2026-04-24T05:19:53.568+00:00","http://creativecommons.org/licenses/by-nc/4.0/legalcode",FALSE,"39e2b5ae-20fe-11e3-9e2e-000c29035824","none","none",FALSE,"834c9918-f762-11e1-a439-00145eb45e9a",NA,"Labrador","none","WGS84","Magnoliopsida","ES","none","none","EUROPE","Spain","EUROPE","39e2b5ae-20fe-11e3-9e2e-000c29035824","MA-01-00283818","0363cbd4-f666-455e-8e86-0bbddcf51950",NA,"MA","429","Pr. oppidulum Brea de Tajo","1936065260","es","MA","39e2b5ae-20fe-11e3-9e2e-000c29035824","Collection","Reseda stricta Pers.",NA,NA,NA,NA,NA,NA,NA,NA,NA,NA,NA,NA,NA,"4",NA,NA,NA,NA,NA,NA,NA,NA,"MA",NA,NA,NA,NA,NA,NA,NA,"MA-283818-1",NA,"in gygpsaceis siccis","08051980",NA,NA,NA,NA,NA,NA,NA,NA,NA,NA,NA,"MA",NA,NA,NA,"Identificación confirmada por E. Valdés Bermejo en 1991. Revisión para Flora Ibérica",NA,"17abcf75-2f1e-46dd-bf75-a5b21dd02655",NA,NA,NA,NA,NA,NA,NA,"7275953",NA,"abc82bc4-20fe-11e3-9e2e-000c29035824",NA,NA,NA,NA,NA,NA,NA,NA,NA,NA,NA,NA,NA
"1936075335","Reseda stricta Pers.",40.1985,-3.1188,"cdc,gass84,inmano","834c9918-f762-11e1-a439-00145eb45e9a","0363cbd4-f666-455e-8e86-0bbddcf51950","2a3f6a56-7591-4f05-8c4c-a1bb77aa4ea6","6c4a0bb0-2a4d-11d8-aa2d-b8a03c50a862","ES","EML","2026-04-18T01:37:27.366+00:00","2026-04-24T05:19:55.102+00:00",423,"PRESERVED_SPECIMEN",NA,"PRESENT",7275953,6,7707728,220,7225535,3110,3040250,7275953,7275953,"Reseda stricta Pers.","Plantae","Tracheophyta","Brassicales","Resedaceae","Reseda","Reseda stricta","Reseda","stricta","SPECIES","ACCEPTED",NA,NA,NA,"EUROPE","Madrid",1980,5,8,"1980-05-08",129,129,NA,"2026-04-24T05:19:55.102+00:00","http://creativecommons.org/licenses/by-nc/4.0/legalcode",FALSE,"3b28fb2f-20fe-11e3-9e2e-000c29035824","none","none",FALSE,"834c9918-f762-11e1-a439-00145eb45e9a",NA,"Labrador","none","WGS84","Magnoliopsida","ES","none","none","EUROPE","Spain","EUROPE","3b28fb2f-20fe-11e3-9e2e-000c29035824","MA-01-00298969","0363cbd4-f666-455e-8e86-0bbddcf51950",NA,"MA","429","Pr. oppidulum Brea de Tajo","1936075335","es","MA","3b28fb2f-20fe-11e3-9e2e-000c29035824","Collection","Reseda stricta Pers.",NA,NA,NA,NA,NA,NA,NA,NA,NA,NA,NA,NA,NA,"4",NA,NA,NA,NA,NA,NA,NA,NA,"MA",NA,NA,NA,NA,NA,NA,NA,"MA-298969-1",NA,"in gygpsaceis siccis","08051980",NA,NA,NA,NA,NA,NA,NA,NA,NA,NA,NA,"MA",NA,NA,NA,"Identificación confirmada por E. Valdés Bermejo en 1991. Revisión para Flora Ibérica",NA,"17abcf75-2f1e-46dd-bf75-a5b21dd02655",NA,NA,NA,NA,NA,NA,NA,"7275953",NA,"aca6c543-20fe-11e3-9e2e-000c29035824",NA,NA,NA,NA,NA,NA,NA,NA,NA,NA,NA,NA,NA
"1936076315","Reseda stricta Pers.",40.1985,-3.1188,"cdc,gass84,inmano","834c9918-f762-11e1-a439-00145eb45e9a","0363cbd4-f666-455e-8e86-0bbddcf51950","2a3f6a56-7591-4f05-8c4c-a1bb77aa4ea6","6c4a0bb0-2a4d-11d8-aa2d-b8a03c50a862","ES","EML","2026-04-18T01:37:27.366+00:00","2026-04-24T05:19:54.920+00:00",423,"PRESERVED_SPECIMEN",NA,"PRESENT",7275953,6,7707728,220,7225535,3110,3040250,7275953,7275953,"Reseda stricta Pers.","Plantae","Tracheophyta","Brassicales","Resedaceae","Reseda","Reseda stricta","Reseda","stricta","SPECIES","ACCEPTED",NA,NA,NA,"EUROPE","Madrid",1980,5,8,"1980-05-08",129,129,NA,"2026-04-24T05:19:54.920+00:00","http://creativecommons.org/licenses/by-nc/4.0/legalcode",FALSE,"3b349244-20fe-11e3-9e2e-000c29035824","none","none",FALSE,"834c9918-f762-11e1-a439-00145eb45e9a",NA,"Labrador","none","WGS84","Magnoliopsida","ES","none","none","EUROPE","Spain","EUROPE","3b349244-20fe-11e3-9e2e-000c29035824","MA-01-00300143","0363cbd4-f666-455e-8e86-0bbddcf51950",NA,"MA","429","Pr. oppidulum Brea de Tajo","1936076315","es","MA","3b349244-20fe-11e3-9e2e-000c29035824","Collection","Reseda stricta Pers.",NA,NA,NA,NA,NA,NA,NA,NA,NA,NA,NA,NA,NA,"4",NA,NA,NA,NA,NA,NA,NA,NA,"MA",NA,NA,NA,NA,NA,NA,NA,"MA-300143-1",NA,"in gygpsaceis siccis","08051980",NA,NA,NA,NA,NA,NA,NA,NA,NA,NA,NA,"MA",NA,NA,NA,"Identificación confirmada por E. Valdés Bermejo en 1991. Revisión para Flora Ibérica",NA,"17abcf75-2f1e-46dd-bf75-a5b21dd02655",NA,NA,NA,NA,NA,NA,NA,"7275953",NA,"acb3a978-20fe-11e3-9e2e-000c29035824",NA,NA,NA,NA,NA,NA,NA,NA,NA,NA,NA,NA,NA
"1936095279","Reseda stricta Pers.",39.836,-3.7025,"cdc,gass84,inmano","834c9918-f762-11e1-a439-00145eb45e9a","0363cbd4-f666-455e-8e86-0bbddcf51950","2a3f6a56-7591-4f05-8c4c-a1bb77aa4ea6","6c4a0bb0-2a4d-11d8-aa2d-b8a03c50a862","ES","EML","2026-04-18T01:37:27.366+00:00","2026-04-24T05:19:57.515+00:00",423,"PRESERVED_SPECIMEN",NA,"PRESENT",7275953,6,7707728,220,7225535,3110,3040250,7275953,7275953,"Reseda stricta Pers.","Plantae","Tracheophyta","Brassicales","Resedaceae","Reseda","Reseda stricta","Reseda","stricta","SPECIES","ACCEPTED",NA,NA,NA,"EUROPE","Toledo",1980,5,27,"1980-05-27",148,148,NA,"2026-04-24T05:19:57.515+00:00","http://creativecommons.org/licenses/by-nc/4.0/legalcode",FALSE,"3ce5e3f3-20fe-11e3-9e2e-000c29035824","none","none",FALSE,"834c9918-f762-11e1-a439-00145eb45e9a",NA,"A. Velasco, G. Moreno, P. Cantó & S. Laorga","none","WGS84","Magnoliopsida","ES","none","none","EUROPE","Spain","EUROPE","3ce5e3f3-20fe-11e3-9e2e-000c29035824","MA-01-00323071","0363cbd4-f666-455e-8e86-0bbddcf51950",NA,"MA","429","Huerta de Valdecarábanos","1936095279","es","MA","3ce5e3f3-20fe-11e3-9e2e-000c29035824","Collection","Reseda stricta Pers.",NA,NA,NA,NA,NA,NA,"Enrique Valdés Bermejo",NA,NA,NA,NA,NA,NA,NA,NA,NA,NA,NA,NA,NA,NA,NA,"MA",NA,NA,NA,NA,NA,NA,NA,"MA-323071-1",NA,"sobre suelos yesíferos","27051980",NA,NA,NA,NA,NA,NA,NA,NA,NA,NA,"1991-09-01T00:00:00","MA",NA,NA,NA,"Revisión para Flora Ibérica",NA,"17abcf75-2f1e-46dd-bf75-a5b21dd02655",NA,NA,NA,NA,NA,NA,NA,"7275953",NA,"ae706c38-20fe-11e3-9e2e-000c29035824",NA,NA,NA,NA,NA,NA,NA,NA,NA,NA,NA,NA,NA
"1936107194","Reseda stricta Pers.",39.836,-3.7025,"cdc,gass84,inmano","834c9918-f762-11e1-a439-00145eb45e9a","0363cbd4-f666-455e-8e86-0bbddcf51950","2a3f6a56-7591-4f05-8c4c-a1bb77aa4ea6","6c4a0bb0-2a4d-11d8-aa2d-b8a03c50a862","ES","EML","2026-04-18T01:37:27.366+00:00","2026-04-24T05:19:57.956+00:00",423,"PRESERVED_SPECIMEN",NA,"PRESENT",7275953,6,7707728,220,7225535,3110,3040250,7275953,7275953,"Reseda stricta Pers.","Plantae","Tracheophyta","Brassicales","Resedaceae","Reseda","Reseda stricta","Reseda","stricta","SPECIES","ACCEPTED",NA,NA,NA,"EUROPE","Toledo",1980,5,27,"1980-05-27",148,148,NA,"2026-04-24T05:19:57.956+00:00","http://creativecommons.org/licenses/by-nc/4.0/legalcode",FALSE,"3df7e500-20fe-11e3-9e2e-000c29035824","none","none",FALSE,"834c9918-f762-11e1-a439-00145eb45e9a",NA,"A. Velasco, G. Moreno, P. Cantó & S. Laorga","none","WGS84","Magnoliopsida","ES","none","none","EUROPE","Spain","EUROPE","3df7e500-20fe-11e3-9e2e-000c29035824","MA-01-00338460","0363cbd4-f666-455e-8e86-0bbddcf51950",NA,"MA","429","Huerta de Valdecarábanos","1936107194","es","MA","3df7e500-20fe-11e3-9e2e-000c29035824","Collection","Reseda stricta Pers.",NA,NA,NA,NA,NA,NA,NA,NA,NA,NA,NA,NA,NA,NA,NA,NA,NA,NA,NA,NA,NA,NA,"MA",NA,NA,NA,NA,NA,NA,NA,"MA-338460-1",NA,"sobre suelos yesíferos","27051980",NA,NA,NA,NA,NA,NA,NA,NA,NA,NA,NA,"MA",NA,NA,NA,"Identificación confirmada por E. Valdés Bermejo en 1991. Revisión para Flora Ibérica",NA,"17abcf75-2f1e-46dd-bf75-a5b21dd02655",NA,NA,NA,NA,NA,NA,NA,"7275953",NA,"af7cd228-20fe-11e3-9e2e-000c29035824",NA,NA,NA,NA,NA,NA,NA,NA,NA,NA,NA,NA,NA
"2960515573","Reseda stricta Pers.",39.88,-3.64,"cdc,gass84,mdativ,colmafu,inmafu","ceff8c75-950b-4405-a116-60247d1adacb","21936918-2ce6-4314-a15e-91f9f6735361","2a3f6a56-7591-4f05-8c4c-a1bb77aa4ea6","6c4a0bb0-2a4d-11d8-aa2d-b8a03c50a862","ES","EML","2026-05-08T11:20:57.240+00:00","2026-05-08T11:21:53.553+00:00",281,"PRESERVED_SPECIMEN",NA,"PRESENT",7275953,6,7707728,220,7225535,3110,3040250,7275953,7275953,"Reseda stricta Pers.","Plantae","Tracheophyta","Brassicales","Resedaceae","Reseda","Reseda stricta","Reseda","stricta","SPECIES","ACCEPTED",7071.07,600,0,"EUROPE","Toledo",1980,5,27,"1980-05-27",148,148,NA,"2026-05-08T11:21:53.553+00:00","http://creativecommons.org/licenses/by-nc/4.0/legalcode",FALSE,"49260EC5-E073-47DB-0862-00925E45247F","none","none",TRUE,"doi:10.15470/akznrb","Herbario de la Facultad de Ciencias Biológicas de la Universidad Complutense de Madrid (MACB)","A. Velasco, G. Moreno, P. Cantó & S. Laorga","none","WGS84","Magnoliopsida","ES","none","none","EUROPE","Spain","EUROPE","49260EC5-E073-47DB-0862-00925E45247F","6403-1","https://www.gbif.org/publisher/21936918-2ce6-4314-a15e-91f9f6735361",NA,"MACB","281","Huerta de Valdecarábanos","2960515573","es","MACB","49260EC5-E073-47DB-0862-00925E45247F","PhysicalObject","Reseda stricta Pers.",NA,NA,NA,NA,"8ccf3bd0-c0ae-437e-9948-8cc60608f14b","7302692a-9ae7-43ed-9449-c5c5626921fc",NA,NA,NA,NA,NA,NA,NA,NA,NA,NA,NA,NA,NA,NA,NA,NA,NA,NA,NA,NA,NA,NA,NA,NA,NA,NA,"Sobre suelos yesíferos","27/05/1980",NA,NA,NA,NA,NA,NA,NA,NA,NA,NA,NA,NA,NA,NA,NA,NA,NA,NA,NA,NA,NA,NA,NA,NA,NA,NA,NA,NA,NA,NA,NA,NA,NA,NA,NA,NA,NA,NA,NA,NA,NA
"3855042090","Reseda stricta Pers.",40.25,-3.06,"cdc,gass84,osiic","6a7575fa-ae03-4ba3-b322-2da15b5033e2","d68c4230-a271-11d8-a9b3-b8a03c50a862","2a3f6a56-7591-4f05-8c4c-a1bb77aa4ea6","6c4a0bb0-2a4d-11d8-aa2d-b8a03c50a862","ES","EML","2026-04-17T19:28:29.248+00:00","2026-04-24T04:39:24.106+00:00",394,"PRESERVED_SPECIMEN",1,"PRESENT",7275953,6,7707728,220,7225535,3110,3040250,7275953,7275953,"Reseda stricta Pers.","Plantae","Tracheophyta","Brassicales","Resedaceae","Reseda","Reseda stricta","Reseda","stricta","SPECIES","ACCEPTED",7071,700,0,"EUROPE","Madrid",1980,5,8,"1980-05-08",129,129,"2022-06-24T10:36:01.000+00:00","2026-04-24T04:39:24.106+00:00","http://creativecommons.org/licenses/by-nc/4.0/legalcode",FALSE,"99B91C27-6E9B-47B0-8AD9-0DDD4B96A66E","none","none",FALSE,NA,"Herbario de la Universidad de Granada: Colección GDA-Fanerogamia","Labrador","none","WGS84","Magnoliopsida","ES","none","none","EUROPE","Spain","EUROPE","99B91C27-6E9B-47B0-8AD9-0DDD4B96A66E","14612-1","https://www.gbif.org/grscicoll/institution/a46ced27-ecc3-43df-981f-d6de329f50b4",NA,"GDA","400","Madrid, pr. oppidulum Brea de Tajo.","3855042090","es","GDA-Fanero","99B91C27-6E9B-47B0-8AD9-0DDD4B96A66E","PhysicalObject","Reseda stricta Pers.",NA,NA,NA,NA,"a46ced27-ecc3-43df-981f-d6de329f50b4","82d87a2a-f701-46ca-a1c0-292e83fc790a","Fernández Casas, J.","Pliego",NA,"Herbarium University of Granada, Spain",NA,NA,NA,"4",NA,NA,NA,NA,NA,NA,"in collection",NA,"GDA",NA,NA,NA,NA,"https://www.gbif.org/grscicoll/collection/82d87a2a-f701-46ca-a1c0-292e83fc790a",NA,NA,NA,NA,"in gypsaceis","08/05/1980",NA,NA,NA,NA,NA,NA,0,0,"4",NA,NA,NA,NA,NA,NA,NA,NA,NA,NA,NA,NA,NA,NA,NA,NA,NA,NA,NA,NA,NA,NA,NA,NA,NA,NA,NA,NA,NA,NA,NA,NA
"1851576823","Reseda stricta Pers.",40.33,-3.53,"cdc,gass84,osiic,colmafu,inmafu","835852b2-f762-11e1-a439-00145eb45e9a","30b36805-4849-4abb-a39c-01b3a7fa3f2e","2a3f6a56-7591-4f05-8c4c-a1bb77aa4ea6","6c4a0bb0-2a4d-11d8-aa2d-b8a03c50a862","ES","EML","2026-04-18T01:37:27.890+00:00","2026-04-24T04:49:29.019+00:00",354,"PRESERVED_SPECIMEN",1,"PRESENT",7275953,6,7707728,220,7225535,3110,3040250,7275953,7275953,"Reseda stricta Pers.","Plantae","Tracheophyta","Brassicales","Resedaceae","Reseda","Reseda stricta","Reseda","stricta","SPECIES","ACCEPTED",7071,NA,NA,"EUROPE","Madrid",1980,7,13,"1980-07-13",195,195,"2017-02-06T11:34:52.000+00:00","2026-04-24T04:49:29.019+00:00","http://creativecommons.org/licenses/by/4.0/legalcode",FALSE,"ACC24132-B1F5-4ECA-0869-BB9068A73DA3","none","none",FALSE,NA,NA,"J.Izco","none","WGS84","Magnoliopsida","ES","none","none","EUROPE","Spain","EUROPE","ACC24132-B1F5-4ECA-0869-BB9068A73DA3","52573-1",NA,NA,"ABH","360","Rivas-Vaciamadrid; cerros de Piúl","1851576823",NA,"ABH","ACC24132-B1F5-4ECA-0869-BB9068A73DA3",NA,"Reseda stricta Pers.",NA,NA,NA,NA,"8aa53465-012a-4394-bc5a-5f99beee1ce7","189e886d-b24c-4f29-8ee3-3827e567e7df",NA,NA,NA,NA,NA,NA,NA,NA,NA,NA,NA,NA,NA,NA,NA,NA,NA,"Intercambio 2008, ex dupla SANT 58802; medios viarios",NA,NA,NA,NA,NA,NA,NA,NA,NA,"13071980",NA,NA,NA,NA,NA,NA,NA,NA,NA,NA,NA,"ABH",NA,NA,NA,NA,NA,NA,NA,NA,NA,NA,NA,NA,NA,NA,NA,NA,NA,NA,NA,NA,NA,NA,NA,NA,NA,NA,NA,NA,NA
"1842849458","Reseda stricta Pers.",42.39,1.12,"gass84,inmano","838475f4-f762-11e1-a439-00145eb45e9a","6f3ccc65-0a54-4e65-ae7e-13b92d618e7c","2a3f6a56-7591-4f05-8c4c-a1bb77aa4ea6","6c4a0bb0-2a4d-11d8-aa2d-b8a03c50a862","ES","EML","2026-05-14T18:31:27.870+00:00","2026-05-19T13:30:15.866+00:00",396,"PRESERVED_SPECIMEN",NA,"PRESENT",7275953,6,7707728,220,7225535,3110,3040250,7275953,7275953,"Reseda stricta Pers.","Plantae","Tracheophyta","Brassicales","Resedaceae","Reseda","Reseda stricta","Reseda","stricta","SPECIES","ACCEPTED",7071.07,800,20,"EUROPE","Lleida",1980,8,15,"1980-08-15",228,228,"2017-10-19T00:00:00.000+00:00","2026-05-19T13:30:15.866+00:00","http://creativecommons.org/licenses/by-nc/4.0/legalcode",FALSE,"201035cb-5c39-4978-b4a7-a0f7a1b02f8e","none","none",TRUE,NA,"Institut Botànic de Barcelona (CSIC-CMCNB) – BC","J. Bou & R.M. Manobens","none","WGS84","Magnoliopsida","ES","none","none","EUROPE","Spain","EUROPE","201035cb-5c39-4978-b4a7-a0f7a1b02f8e","BC-647969","6f3ccc65-0a54-4e65-ae7e-13b92d618e7c",NA,"BC","410","Sort; Sort, carretera d'Enviny, prop de Bressui sobre Sort","1842849458",NA,"BC","201035cb-5c39-4978-b4a7-a0f7a1b02f8e",NA,"Reseda stricta Pers.",NA,NA,NA,NA,NA,NA,NA,"Herbarium specimen",NA,NA,NA,NA,NA,NA,NA,NA,NA,NA,NA,NA,NA,NA,NA,NA,NA,NA,NA,NA,NA,NA,NA,NA,"Ononisdetum tridentatae, terreny gipsicola, orient-Est","15/08/1980",NA,NA,NA,NA,NA,NA,NA,NA,NA,NA,NA,"BC",NA,NA,NA,"Last label",NA,NA,NA,NA,NA,NA,NA,NA,NA,NA,NA,NA,NA,NA,NA,NA,NA,NA,NA,NA,NA,NA,NA,NA,NA
"4530784204","Reseda stricta Pers.",42.391832,1.116852,"cdc,cdround,cdpi,inmano","a4b7c71e-fc73-434e-a008-d63c222179d0","7b4f2f30-a456-11d9-8049-b8a03c50a862","2a3f6a56-7591-4f05-8c4c-a1bb77aa4ea6","6c4a0bb0-2a4d-11d8-aa2d-b8a03c50a862","ES","EML","2026-04-17T15:02:28.711+00:00","2026-04-24T02:24:15.091+00:00",415,"PRESERVED_SPECIMEN",NA,"PRESENT",7275953,6,7707728,220,7225535,3110,3040250,7275953,7275953,"Reseda stricta Pers.","Plantae","Tracheophyta","Brassicales","Resedaceae","Reseda","Reseda stricta","Reseda","stricta","SPECIES","ACCEPTED",NA,NA,NA,"EUROPE",NA,1980,8,15,"1980-08-15",228,228,"2024-01-08T00:00:00.000+00:00","2026-04-24T02:24:15.091+00:00","http://creativecommons.org/licenses/by-nc/4.0/legalcode",FALSE,"BDBC-C.2211.0.29191.9132","none","none",TRUE,"doi:10.15470/fzwiiu","FloraCAT: Banco de datos de los cormófitos de Cataluña","J. Bou & R.M. Manobens, BC-647969, * 3","none","WGS84","Magnoliopsida","ES","none","none","EUROPE","Spain","EUROPE","BDBC-C.2211.0.29191.9132","BC-647969",NA,NA,"BDBC","421","Sort, carretera d'Enviny, prop de Bressui sobre Sort [Pallars SobirÃ : carretera d'Enviny, prop de Bressui sobre Sort]","4530784204","es","BDBC-Floracat","BDBC-C.2211.0.29191.9132","Dataset","Reseda stricta Pers.","BDBC",NA,"original",NA,NA,NA,"J. Bou & R.M. Manobens",NA,NA,"Generalitat de Catalunya",NA,NA,"780-800",NA,NA,NA,NA,NA,NA,NA,NA,"C000935",NA,NA,NA,"Institut BotÃ nic de Barcelona. (2018). Plecs Herbari BC. Institut BotÃ nic de Barcelona",NA,NA,NA,NA,NA,NA,NA,NA,NA,NA,NA,NA,NA,NA,NA,NA,NA,NA,NA,NA,NA,NA,NA,NA,NA,NA,NA,NA,NA,NA,"Catalonia","UTM","{""percentNN"":0.9779,""countNN"":354,""distanceNN"":0.09}","C000935","Reseda stricta Pers.",NA,NA,NA,NA,NA,NA,NA,NA,NA,NA,NA,NA,NA,NA
"188536103","Reseda stricta Pers.",37.09,-3.84,"cdc,gass84,osiic,colmano,inmafu","837c0162-f762-11e1-a439-00145eb45e9a","5a21e58d-5a4c-4ee4-b2e0-b67f5ce28720","2a3f6a56-7591-4f05-8c4c-a1bb77aa4ea6","6c4a0bb0-2a4d-11d8-aa2d-b8a03c50a862","ES","EML","2026-04-18T01:37:28.749+00:00","2026-04-24T04:40:30.005+00:00",394,"PRESERVED_SPECIMEN",1,"PRESENT",7275953,6,7707728,220,7225535,3110,3040250,7275953,7275953,"Reseda stricta Pers.","Plantae","Tracheophyta","Brassicales","Resedaceae","Reseda","Reseda stricta","Reseda","stricta","SPECIES","ACCEPTED",7071,850,0,"EUROPE","Granada",1980,11,28,"1980-11-28",333,333,NA,"2026-04-24T04:40:30.005+00:00","http://creativecommons.org/licenses/by-nc/4.0/legalcode",FALSE,"287156A7-784E-457B-96A9-F55038CEE2C1","none","none",TRUE,NA,"Herbario COFC de la Universidad de Córdoba: colección general de plantas vasculares","Socorro, Pérez Raya & Casares","none","WGS84","Magnoliopsida","ES","none","none","EUROPE","Spain","EUROPE","287156A7-784E-457B-96A9-F55038CEE2C1","12622-1",NA,NA,"COFC","400","cercanías del municipio","188536103","es","Herbario_cofc","287156A7-784E-457B-96A9-F55038CEE2C1",NA,"Reseda stricta Pers.","CGL2008-02982-C03-03; CGL2011-28613-C03-02; CGL2014-52787-C3-3-P; CGL2017-85204-C3-3-P",NA,NA,NA,"4d2698bd-08d1-4f94-af6a-b505de34fe3e",NA,"B. Cabezudo, E. Domínguez & S. Talavera",NA,NA,NA,NA,NA,NA,"17",NA,NA,NA,NA,NA,NA,NA,NA,NA,NA,NA,NA,NA,NA,NA,NA,NA,NA,"en campos de cultivo sobre margas miocenas","19801128",NA,"Ventas de Huelma",NA,NA,NA,NA,NA,NA,NA,NA,NA,"COFC",NA,NA,NA,NA,NA,NA,NA,NA,NA,NA,NA,NA,NA,NA,NA,NA,NA,NA,NA,NA,NA,NA,NA,NA,NA,NA,NA,NA,NA
"199499746","Reseda stricta Pers.",37.09,-3.84,"cdc,gass84,iddativ,osiic,colmafu,inmafu","962cceea-f762-11e1-a439-00145eb45e9a","7fadb370-f921-11dd-af50-b8a03c50a862","2a3f6a56-7591-4f05-8c4c-a1bb77aa4ea6","6c4a0bb0-2a4d-11d8-aa2d-b8a03c50a862","ES","EML","2026-04-17T22:12:36.543+00:00","2026-04-24T14:08:10.400+00:00",392,"PRESERVED_SPECIMEN",1,"PRESENT",7275953,6,7707728,220,7225535,3110,3040250,7275953,7275953,"Reseda stricta Pers.","Plantae","Tracheophyta","Brassicales","Resedaceae","Reseda","Reseda stricta","Reseda","stricta","SPECIES","ACCEPTED",7071,850,0,"EUROPE","Granada",1980,11,28,"1980-11-28",333,333,"2024-12-20T12:00:00.000+00:00","2026-04-24T14:08:10.400+00:00","http://creativecommons.org/licenses/by-nc/4.0/legalcode",FALSE,"9AE459EC-F46E-42B5-BA8E-259E22FCCDA3","none","none",TRUE,NA,"MGC Herbarium University of Malaga (Spain): MGC-Cormof dataset","Socrro, Pérez Raya & Casares","none","WGS84","Magnoliopsida","ES","none","none","EUROPE","Spain","EUROPE","9AE459EC-F46E-42B5-BA8E-259E22FCCDA3","9283-1","https://www.gbif.org/publisher/7fadb370-f921-11dd-af50-b8a03c50a862",NA,"MGC","417","Cercanías del pueblo","199499746","es","MGC-Cormof","9AE459EC-F46E-42B5-BA8E-259E22FCCDA3","PhysicalObject","Reseda stricta Pers.",NA,NA,NA,NA,"f9fd1a64-464a-4cbf-8a6c-60d7ca4e4446","dcf31393-fdcd-48d6-8e33-7eb584ab9ed3","S. Martín Bravo","Pliego",NA,NA,NA,NA,NA,NA,NA,NA,NA,NA,NA,NA,"in collection",NA,NA,NA,NA,NA,NA,NA,NA,NA,"MGC:MGC-Cormof:9283-1","2013-06-14T15:24:00.000+02:00","En campos de cultivo sobre margas miocénicas","28/11/1980","73157","Ventas de Huelma","MGC-Cormof","http://digir.sourceforge.net/schema/conceptual/darwin/2003/1.0/darwin2.xsd","1000",NA,NA,NA,NA,NA,NA,NA,NA,NA,NA,NA,"{Exsicc:Universidad de Granada. Facultad de Farmacia Exsicc Number:}",NA,NA,NA,NA,NA,NA,NA,NA,NA,NA,NA,NA,NA,NA,NA,NA,NA,NA,NA,NA,NA,NA,NA,NA
"895149003","Reseda stricta Pers.",37.09,-3.84,"cdc,gass84,colmafu,inmafu","834a4794-f762-11e1-a439-00145eb45e9a","8209258a-80e8-4094-aba2-a3febe5ed45b","2a3f6a56-7591-4f05-8c4c-a1bb77aa4ea6","6c4a0bb0-2a4d-11d8-aa2d-b8a03c50a862","ES","EML","2026-04-18T01:37:24.691+00:00","2026-04-24T10:27:21.751+00:00",375,"PRESERVED_SPECIMEN",NA,"PRESENT",7275953,6,7707728,220,7225535,3110,3040250,7275953,7275953,"Reseda stricta Pers.","Plantae","Tracheophyta","Brassicales","Resedaceae","Reseda","Reseda stricta","Reseda","stricta","SPECIES","ACCEPTED",7071,850,0,"EUROPE","Granada",1980,11,28,"1980-11-28",333,333,"2025-11-03T14:20:45.000+00:00","2026-04-24T10:27:21.751+00:00","http://creativecommons.org/licenses/by-nc/4.0/legalcode",FALSE,"D74164E4-3C8D-4322-B32C-7ADE45838BBE","none","none",TRUE,NA,"Colección de plantas vasculares del herbario de la Universitat de València (VAL)","Socorro, Pérez Raya & Casares","none","WGS84","Magnoliopsida","ES","none","none","EUROPE","Spain","EUROPE","D74164E4-3C8D-4322-B32C-7ADE45838BBE","112393-1","https://www.gbif.org/publisher/8209258a-80e8-4094-aba2-a3febe5ed45b",NA,"VAL","391","Ventas de Huelma; Cercanías del pueblo","895149003","es","VAL","D74164E4-3C8D-4322-B32C-7ADE45838BBE","PhysicalObject","Reseda stricta Pers.",NA,NA,NA,NA,"c645b060-c130-45ee-97ab-b9fc94393523","6ceb64b5-0201-4a27-bcdb-8d62035e35d5",NA,"Pliego",NA,NA,NA,NA,NA,NA,NA,NA,NA,NA,NA,NA,"in collection",NA,NA,"ex VAB-906624",NA,NA,NA,NA,NA,NA,NA,NA,NA,"28/11/1980",NA,"Ventas de Huelma",NA,NA,NA,NA,NA,NA,NA,NA,NA,"VAL",NA,NA,NA,NA,NA,NA,NA,NA,NA,NA,NA,NA,NA,NA,NA,NA,NA,NA,NA,NA,NA,NA,NA,NA,NA,NA,NA,NA,NA
"895208175","Reseda stricta Pers.",37.09,-3.84,"cdc,gass84,colmafu,inmafu","834a4794-f762-11e1-a439-00145eb45e9a","8209258a-80e8-4094-aba2-a3febe5ed45b","2a3f6a56-7591-4f05-8c4c-a1bb77aa4ea6","6c4a0bb0-2a4d-11d8-aa2d-b8a03c50a862","ES","EML","2026-04-18T01:37:24.691+00:00","2026-04-24T10:27:08.872+00:00",375,"PRESERVED_SPECIMEN",NA,"PRESENT",7275953,6,7707728,220,7225535,3110,3040250,7275953,7275953,"Reseda stricta Pers.","Plantae","Tracheophyta","Brassicales","Resedaceae","Reseda","Reseda stricta","Reseda","stricta","SPECIES","ACCEPTED",7071,850,0,"EUROPE","Granada",1980,11,28,"1980-11-28",333,333,"2025-11-03T14:20:45.000+00:00","2026-04-24T10:27:08.872+00:00","http://creativecommons.org/licenses/by-nc/4.0/legalcode",FALSE,"445FD382-1E00-43F1-0A8E-75C04619B0D4","none","none",TRUE,NA,"Colección de plantas vasculares del herbario de la Universitat de València (VAL)","Socorro, Pérez Raya & Casares","none","WGS84","Magnoliopsida","ES","none","none","EUROPE","Spain","EUROPE","445FD382-1E00-43F1-0A8E-75C04619B0D4","192579-1","https://www.gbif.org/publisher/8209258a-80e8-4094-aba2-a3febe5ed45b",NA,"VAL","391","Ventas de Huelma.","895208175","es","VAL","445FD382-1E00-43F1-0A8E-75C04619B0D4","PhysicalObject","Reseda stricta Pers.",NA,NA,NA,NA,"c645b060-c130-45ee-97ab-b9fc94393523","6ceb64b5-0201-4a27-bcdb-8d62035e35d5",NA,"Pliego",NA,NA,NA,NA,NA,NA,NA,NA,NA,NA,NA,NA,"in collection",NA,NA,"ex VF-7464",NA,NA,NA,NA,NA,NA,NA,NA,"cercanías del pueblo, en campos de cultivo sobre margas miocénicas","28111980",NA,"Ventas de Huelma",NA,NA,NA,NA,NA,NA,NA,NA,NA,"VAL",NA,NA,NA,NA,NA,NA,NA,NA,NA,NA,NA,NA,NA,NA,NA,NA,NA,NA,NA,NA,NA,NA,NA,NA,NA,NA,NA,NA,NA
"1851324950","Reseda stricta Pers.",37.09,-3.84,"cdc,gass84,mdativ,osiic,colmafu,inmafu","7b74be32-f762-11e1-a439-00145eb45e9a","730cd32c-627f-44a8-9d93-fcfb23ade969","2a3f6a56-7591-4f05-8c4c-a1bb77aa4ea6","6c4a0bb0-2a4d-11d8-aa2d-b8a03c50a862","ES","EML","2026-04-17T20:40:41.625+00:00","2026-04-29T14:08:51.381+00:00",434,"PRESERVED_SPECIMEN",1,"PRESENT",7275953,6,7707728,220,7225535,3110,3040250,7275953,7275953,"Reseda stricta Pers.","Plantae","Tracheophyta","Brassicales","Resedaceae","Reseda","Reseda stricta","Reseda","stricta","SPECIES","ACCEPTED",7071,850,0,"EUROPE","Granada",1980,11,28,"1980-11-28",333,333,NA,"2026-04-29T14:08:51.381+00:00","http://creativecommons.org/licenses/by-nc/4.0/legalcode",FALSE,"133EF8CD-916F-43A0-95A3-0DFA739C8328","none","none",TRUE,"doi:10.15470/j3rugb","Colección de plantas vasculares del Herbario Jaime Andrés Rodríguez. LEB","Socorro, Pérez Raya & Casares","none","WGS84","Magnoliopsida","ES","none","none","EUROPE","Spain","EUROPE","133EF8CD-916F-43A0-95A3-0DFA739C8328","5519-1",NA,NA,"LEB","440","Ventas de Huelma","1851324950","ES","LEB","133EF8CD-916F-43A0-95A3-0DFA739C8328","PhysicalObject","Reseda stricta Pers.",NA,NA,NA,NA,"2af539a2-4f55-473c-9ad2-9ee7b20cb63a","1ba310c1-85e9-4c21-810b-09b5da025e80",NA,"Pliego",NA,NA,NA,NA,NA,NA,NA,NA,NA,NA,NA,NA,"in collection",NA,NA,NA,NA,NA,NA,NA,NA,NA,NA,NA,"En campos de cultivo sobre margas miocénicas","28-11-1980",NA,NA,NA,NA,NA,NA,NA,NA,NA,NA,NA,"LEB",NA,NA,NA,NA,NA,NA,NA,NA,NA,NA,NA,NA,NA,NA,NA,NA,NA,NA,NA,NA,NA,NA,NA,NA,NA,NA,NA,NA,NA
"1936075481","Reseda stricta Pers.",37.041,-3.9008,"cdc,gass84,inmano","834c9918-f762-11e1-a439-00145eb45e9a","0363cbd4-f666-455e-8e86-0bbddcf51950","2a3f6a56-7591-4f05-8c4c-a1bb77aa4ea6","6c4a0bb0-2a4d-11d8-aa2d-b8a03c50a862","ES","EML","2026-04-18T01:37:27.366+00:00","2026-04-24T05:19:55.827+00:00",423,"PRESERVED_SPECIMEN",NA,"PRESENT",7275953,6,7707728,220,7225535,3110,3040250,7275953,7275953,"Reseda stricta Pers.","Plantae","Tracheophyta","Brassicales","Resedaceae","Reseda","Reseda stricta","Reseda","stricta","SPECIES","ACCEPTED",NA,NA,NA,"EUROPE","Granada",1980,11,28,"1980-11-28",333,333,NA,"2026-04-24T05:19:55.827+00:00","http://creativecommons.org/licenses/by-nc/4.0/legalcode",FALSE,"3b28f121-20fe-11e3-9e2e-000c29035824","none","none",FALSE,"834c9918-f762-11e1-a439-00145eb45e9a",NA,"Socorro, Pérez Raya & Casares","none","WGS84","Magnoliopsida","ES","none","none","EUROPE","Spain","EUROPE","3b28f121-20fe-11e3-9e2e-000c29035824","MA-01-00298968","0363cbd4-f666-455e-8e86-0bbddcf51950",NA,"MA","429","Ventas de Huelma. Cercanías del pueblo","1936075481","es","MA","3b28f121-20fe-11e3-9e2e-000c29035824","Collection","Reseda stricta Pers.",NA,NA,NA,NA,NA,NA,NA,NA,NA,NA,NA,NA,NA,NA,NA,NA,NA,NA,NA,NA,NA,NA,"MA",NA,NA,NA,NA,NA,NA,NA,"MA-298968-1",NA,"en campos de cultivo sobre margas miocénicas","28111980",NA,NA,NA,NA,NA,NA,NA,NA,NA,NA,NA,"MA",NA,NA,NA,"Identificación confirmada por E. Valdés Bermejo en 1991. Revisión para Flora Ibérica",NA,"17abcf75-2f1e-46dd-bf75-a5b21dd02655",NA,NA,NA,NA,NA,NA,NA,"7275953",NA,"aca6c235-20fe-11e3-9e2e-000c29035824",NA,NA,NA,NA,NA,NA,NA,NA,NA,NA,NA,NA,NA
"2960510627","Reseda stricta Pers.",37.09,-3.84,"cdc,gass84,mdativ,colmafu,inmafu","ceff8c75-950b-4405-a116-60247d1adacb","21936918-2ce6-4314-a15e-91f9f6735361","2a3f6a56-7591-4f05-8c4c-a1bb77aa4ea6","6c4a0bb0-2a4d-11d8-aa2d-b8a03c50a862","ES","EML","2026-05-08T11:20:57.240+00:00","2026-05-08T11:21:48.525+00:00",281,"PRESERVED_SPECIMEN",NA,"PRESENT",7275953,6,7707728,220,7225535,3110,3040250,7275953,7275953,"Reseda stricta Pers.","Plantae","Tracheophyta","Brassicales","Resedaceae","Reseda","Reseda stricta","Reseda","stricta","SPECIES","ACCEPTED",7071.07,850,0,"EUROPE","Granada",1980,11,28,"1980-11-28",333,333,NA,"2026-05-08T11:21:48.525+00:00","http://creativecommons.org/licenses/by-nc/4.0/legalcode",FALSE,"DA794869-D8BB-4EBF-0BC3-62E373375179","none","none",TRUE,"doi:10.15470/akznrb","Herbario de la Facultad de Ciencias Biológicas de la Universidad Complutense de Madrid (MACB)","Socorro, Pérez Raya & Casares","none","WGS84","Magnoliopsida","ES","none","none","EUROPE","Spain","EUROPE","DA794869-D8BB-4EBF-0BC3-62E373375179","7722-1","https://www.gbif.org/publisher/21936918-2ce6-4314-a15e-91f9f6735361",NA,"MACB","281","Ventas de Huelma","2960510627","es","MACB","DA794869-D8BB-4EBF-0BC3-62E373375179","PhysicalObject","Reseda stricta Pers.",NA,NA,NA,NA,"8ccf3bd0-c0ae-437e-9948-8cc60608f14b","7302692a-9ae7-43ed-9449-c5c5626921fc",NA,NA,NA,NA,NA,NA,NA,NA,NA,NA,NA,NA,NA,NA,NA,NA,NA,NA,NA,NA,NA,NA,NA,NA,NA,NA,"En campos de cultivo sobre margas miocénicas","28/11/1980",NA,NA,NA,NA,NA,NA,NA,NA,NA,NA,NA,NA,NA,NA,NA,NA,NA,NA,NA,NA,NA,NA,NA,NA,NA,NA,NA,NA,NA,NA,NA,NA,NA,NA,NA,NA,NA,NA,NA,NA,NA
"3033683241","Reseda stricta Pers.",37.09,-3.84,"cdc,gass84,mdativ,colmano,inmafu","834f1756-f762-11e1-a439-00145eb45e9a","cb202839-87c6-456a-821c-dc5b268a200f","2a3f6a56-7591-4f05-8c4c-a1bb77aa4ea6","6c4a0bb0-2a4d-11d8-aa2d-b8a03c50a862","ES","EML","2026-04-18T01:36:55.261+00:00","2026-04-23T23:48:28.451+00:00",326,"PRESERVED_SPECIMEN",NA,"PRESENT",7275953,6,7707728,220,7225535,3110,3040250,7275953,7275953,"Reseda stricta Pers.","Plantae","Tracheophyta","Brassicales","Resedaceae","Reseda","Reseda stricta","Reseda","stricta","SPECIES","ACCEPTED",7071,850,0,"EUROPE","Granada",1980,11,28,"1980-11-28",333,333,NA,"2026-04-23T23:48:28.451+00:00","http://creativecommons.org/licenses/by-nc/4.0/legalcode",FALSE,"BCN 19158","none","none",TRUE,NA,"Col·lecció de Cormòfits de l'herbari BCN","Socorro Abreu, Oswaldo; Pérez Raya, F. & Casares","none","WGS84","Magnoliopsida","ES","none","none","EUROPE","Spain","EUROPE","BCN 19158","19158",NA,NA,"BCN","350","Ventas de Huelma. Cercanías del pueblo","3033683241",NA,"Corm","BCN 19158",NA,"Reseda stricta Pers.",NA,NA,NA,NA,"5db0342e-533f-461c-a97e-0ec9dc79a95c",NA,NA,NA,NA,"CRAI CeDocBiV - Universitat de Barcelona",NA,NA,NA,NA,NA,NA,NA,NA,NA,NA,NA,NA,"UB",NA,NA,NA,NA,NA,NA,NA,"ex BCF 44141",NA,"en campos de cultivo sobre margas miocénicas",NA,NA,NA,NA,NA,NA,NA,NA,NA,NA,NA,NA,"BCN-Cormophyta",NA,NA,NA,NA,NA,NA,NA,NA,"Reseda stricta Pers.","19082",NA,NA,NA,NA,NA,NA,NA,NA,NA,NA,NA,NA,NA,NA,NA,NA,NA,NA,NA
"3799425918","Reseda stricta Pers.",37.09,-3.84,"cdc,gass84,iddativ","7a037b5e-f5e9-400f-b259-b079c9df2925","d68c4230-a271-11d8-a9b3-b8a03c50a862","2a3f6a56-7591-4f05-8c4c-a1bb77aa4ea6","6c4a0bb0-2a4d-11d8-aa2d-b8a03c50a862","ES","EML","2026-04-22T07:56:01.971+00:00","2026-04-24T07:02:25.790+00:00",183,"PRESERVED_SPECIMEN",1,"PRESENT",7275953,6,7707728,220,7225535,3110,3040250,7275953,7275953,"Reseda stricta Pers.","Plantae","Tracheophyta","Brassicales","Resedaceae","Reseda","Reseda stricta","Reseda","stricta","SPECIES","ACCEPTED",7071,850,0,"EUROPE","Granada",1980,11,28,"1980-11-28",333,333,"2022-03-30T21:51:01.000+00:00","2026-04-24T07:02:25.790+00:00","http://creativecommons.org/licenses/by-nc/4.0/legalcode",FALSE,"GDA:GDAC-Fanero:10750-1","none","none",TRUE,NA,"Herbario de la Universidad de Granada: Colección GDAC-Fanerogamia","Socorro, Pérez Raya & Casares","none","WGS84","Magnoliopsida","ES","none","none","EUROPE","Spain","EUROPE","GDA:GDAC-Fanero:10750-1","10750-1","https://www.gbif.org/grscicoll/institution/a46ced27-ecc3-43df-981f-d6de329f50b4",NA,"GDA","190","Granada, Ventas de Huelma, cercanías del pueblo.","3799425918","es","GDAC-Fanero","GDA:GDAC-Fanero:10750-1","PhysicalObject","Reseda stricta Pers.",NA,NA,NA,NA,"a46ced27-ecc3-43df-981f-d6de329f50b4","13b0c982-4d50-404a-bda7-ad35102e073f","Martín Bravo, S.","Pliego",NA,"Herbarium University of Granada, Spain",NA,NA,NA,NA,NA,NA,NA,NA,NA,NA,"in collection",NA,"GDA",NA,NA,NA,NA,"https://www.gbif.org/grscicoll/collection/13b0c982-4d50-404a-bda7-ad35102e073f",NA,NA,NA,NA,"en campos de cultivo sobre margas miocénicas.","28/11/1980",NA,NA,NA,NA,NA,NA,NA,NA,NA,NA,NA,NA,NA,NA,NA,"Etiqueta de revisión para Flora de Andalucía Oriental",NA,NA,NA,NA,NA,NA,NA,NA,NA,NA,NA,NA,NA,NA,NA,NA,NA,NA,NA,NA,NA,NA,NA,NA,NA
"3855059102","Reseda stricta Pers.",37.09,-3.84,"cdc,gass84,iddativ,osiic","6a7575fa-ae03-4ba3-b322-2da15b5033e2","d68c4230-a271-11d8-a9b3-b8a03c50a862","2a3f6a56-7591-4f05-8c4c-a1bb77aa4ea6","6c4a0bb0-2a4d-11d8-aa2d-b8a03c50a862","ES","EML","2026-04-17T19:28:29.248+00:00","2026-04-24T04:39:30.981+00:00",394,"PRESERVED_SPECIMEN",1,"PRESENT",7275953,6,7707728,220,7225535,3110,3040250,7275953,7275953,"Reseda stricta Pers.","Plantae","Tracheophyta","Brassicales","Resedaceae","Reseda","Reseda stricta","Reseda","stricta","SPECIES","ACCEPTED",7071,850,0,"EUROPE","Granada",1980,11,28,"1980-11-28",333,333,"2022-06-24T10:36:01.000+00:00","2026-04-24T04:39:30.981+00:00","http://creativecommons.org/licenses/by-nc/4.0/legalcode",FALSE,"DF9DC248-58F7-4B6F-907B-13336C412D7F","none","none",TRUE,NA,"Herbario de la Universidad de Granada: Colección GDA-Fanerogamia","Socorro, Pérez Raya & Casares","none","WGS84","Magnoliopsida","ES","none","none","EUROPE","Spain","EUROPE","DF9DC248-58F7-4B6F-907B-13336C412D7F","12855-1","https://www.gbif.org/grscicoll/institution/a46ced27-ecc3-43df-981f-d6de329f50b4",NA,"GDA","400","Granada, Ventas de Huelma, cercanías del pueblo.","3855059102","es","GDA-Fanero","DF9DC248-58F7-4B6F-907B-13336C412D7F","PhysicalObject","Reseda stricta Pers.",NA,NA,NA,NA,"a46ced27-ecc3-43df-981f-d6de329f50b4","82d87a2a-f701-46ca-a1c0-292e83fc790a","Martín Bravo, S.","Pliego",NA,"Herbarium University of Granada, Spain",NA,NA,NA,NA,NA,NA,NA,NA,NA,NA,"in collection",NA,"GDA",NA,NA,NA,NA,"https://www.gbif.org/grscicoll/collection/82d87a2a-f701-46ca-a1c0-292e83fc790a",NA,NA,NA,NA,"en campos de cultivo sobre margas miocénicas","28/11/1980",NA,NA,NA,NA,NA,NA,0,0,NA,NA,NA,NA,NA,NA,NA,"Etiqueta de revisión para Flora de Andalucía Oriental",NA,NA,NA,NA,NA,NA,NA,NA,NA,NA,NA,NA,NA,NA,NA,NA,NA,NA,NA,NA,NA,NA,NA,NA,NA
"3939082249","Reseda stricta Pers.",37.7287729,-3.0711503,"cdc,cdrep,iddativ,colmafu,inmafu","c3b131e0-e7fd-48de-bafb-6ce794018af9","245ca00d-9f35-4094-886c-f1df056cd684","2a3f6a56-7591-4f05-8c4c-a1bb77aa4ea6","6c4a0bb0-2a4d-11d8-aa2d-b8a03c50a862","ES","EML","2026-04-22T03:29:58.225+00:00","2026-04-24T07:53:40.109+00:00",159,"PRESERVED_SPECIMEN",NA,"PRESENT",7275953,6,7707728,220,7225535,3110,3040250,7275953,7275953,"Reseda stricta Pers.","Plantae","Tracheophyta","Brassicales","Resedaceae","Reseda","Reseda stricta","Reseda","stricta","SPECIES","ACCEPTED",707,500,0,"EUROPE","Jaén",1979,5,23,"1979-05-23",143,143,"2022-08-16T09:59:59.000+00:00","2026-04-24T07:53:40.109+00:00","http://creativecommons.org/licenses/by-nc/4.0/legalcode",FALSE,"948AF55B-17A1-4457-8741-11B4BCD5DCC7","none","none",FALSE,"doi:10.15470/wiadvo","Universidad de Jaén - Herbario de la Universidad de Jaén (JAEN)","C. Fernández López","none","WGS84","Magnoliopsida","ES","none","none","EUROPE","Spain","EUROPE","948AF55B-17A1-4457-8741-11B4BCD5DCC7","790678-1",NA,NA,"JAEN","181","Huesa, Guadiana Menor","3939082249","es","JAEN","948AF55B-17A1-4457-8741-11B4BCD5DCC7","PhysicalObject","Reseda stricta Pers.",NA,NA,NA,NA,"49a198b0-7ef5-45bb-8685-70c360fe8d82","aa248eeb-5d01-4120-8edb-82a10e430533","S. Martín Bravo",NA,NA,NA,NA,NA,NA,NA,NA,NA,NA,NA,NA,NA,NA,NA,NA,NA,NA,NA,NA,NA,NA,NA,NA,NA,"margas y yesos","23/05/1979",NA,"Huesa",NA,NA,NA,NA,NA,NA,NA,NA,NA,NA,NA,NA,NA,NA,NA,NA,NA,NA,NA,NA,NA,NA,NA,NA,NA,NA,NA,NA,NA,NA,NA,NA,NA,NA,NA,NA,NA,NA,NA
"1936094470","Reseda stricta Pers.",39.8558,-2.7207,"cdc,gass84,inmano","834c9918-f762-11e1-a439-00145eb45e9a","0363cbd4-f666-455e-8e86-0bbddcf51950","2a3f6a56-7591-4f05-8c4c-a1bb77aa4ea6","6c4a0bb0-2a4d-11d8-aa2d-b8a03c50a862","ES","EML","2026-04-18T01:37:27.366+00:00","2026-04-24T05:19:57.389+00:00",423,"PRESERVED_SPECIMEN",NA,"PRESENT",7275953,6,7707728,220,7225535,3110,3040250,7275953,7275953,"Reseda stricta Pers.","Plantae","Tracheophyta","Brassicales","Resedaceae","Reseda","Reseda stricta","Reseda","stricta","SPECIES","ACCEPTED",NA,NA,NA,"EUROPE","Cuenca",1979,9,28,"1979-09-28",271,271,NA,"2026-04-24T05:19:57.389+00:00","http://creativecommons.org/licenses/by-nc/4.0/legalcode",FALSE,"3ce83c06-20fe-11e3-9e2e-000c29035824","none","none",FALSE,"834c9918-f762-11e1-a439-00145eb45e9a",NA,"A. Antúnez, G. López & E. Valdés Bermejo","none","WGS84","Magnoliopsida","ES","none","none","EUROPE","Spain","EUROPE","3ce83c06-20fe-11e3-9e2e-000c29035824","MA-01-00323186","0363cbd4-f666-455e-8e86-0bbddcf51950",NA,"MA","429","Laguna de El Hito","1936094470","es","MA","3ce83c06-20fe-11e3-9e2e-000c29035824","Collection","Reseda stricta Pers.",NA,NA,NA,NA,NA,NA,"Enrique Valdés Bermejo",NA,NA,NA,NA,NA,NA,NA,NA,NA,NA,NA,NA,NA,NA,NA,"MA",NA,NA,NA,NA,NA,NA,NA,"MA-323186-1",NA,NA,"28091979",NA,NA,NA,NA,NA,NA,NA,NA,NA,NA,"1991-10-01T00:00:00","MA",NA,NA,NA,"Revisión para Flora Ibérica",NA,"17abcf75-2f1e-46dd-bf75-a5b21dd02655",NA,NA,NA,NA,NA,NA,NA,"7275953",NA,"ae72ada7-20fe-11e3-9e2e-000c29035824",NA,NA,NA,NA,NA,NA,NA,NA,NA,NA,NA,NA,NA
"1936094694","Reseda stricta Pers.",38.362,-1.044,"cdc,gass84,inmano","834c9918-f762-11e1-a439-00145eb45e9a","0363cbd4-f666-455e-8e86-0bbddcf51950","2a3f6a56-7591-4f05-8c4c-a1bb77aa4ea6","6c4a0bb0-2a4d-11d8-aa2d-b8a03c50a862","ES","EML","2026-04-18T01:37:27.366+00:00","2026-04-24T05:21:12.128+00:00",423,"PRESERVED_SPECIMEN",NA,"PRESENT",7275953,6,7707728,220,7225535,3110,3040250,7275953,7275953,"Reseda stricta Pers.","Plantae","Tracheophyta","Brassicales","Resedaceae","Reseda","Reseda stricta","Reseda","stricta","SPECIES","ACCEPTED",NA,NA,NA,"EUROPE","Alicante",1979,9,29,"1979-09-29",272,272,NA,"2026-04-24T05:21:12.128+00:00","http://creativecommons.org/licenses/by-nc/4.0/legalcode",FALSE,"3ce47cf2-20fe-11e3-9e2e-000c29035824","none","none",FALSE,"834c9918-f762-11e1-a439-00145eb45e9a",NA,"G. López","none","WGS84","Magnoliopsida","ES","none","none","EUROPE","Spain","EUROPE","3ce47cf2-20fe-11e3-9e2e-000c29035824","MA-01-00323008","0363cbd4-f666-455e-8e86-0bbddcf51950",NA,"MA","429","El Rodriguillo, sierra de la Taja","1936094694","es","MA","3ce47cf2-20fe-11e3-9e2e-000c29035824","Collection","Reseda stricta Pers.",NA,NA,NA,NA,NA,NA,"Enrique Valdés Bermejo",NA,NA,NA,NA,NA,NA,NA,NA,NA,NA,NA,NA,NA,NA,NA,"MA",NA,NA,NA,NA,NA,NA,NA,"MA-323008-1",NA,"yesos triásicos","29091979",NA,NA,NA,NA,NA,NA,NA,NA,NA,NA,"1991-10-01T00:00:00","MA",NA,NA,NA,"Revisión para Flora Ibérica",NA,"17abcf75-2f1e-46dd-bf75-a5b21dd02655",NA,NA,NA,NA,NA,NA,NA,"7275953",NA,"ae6f3ab9-20fe-11e3-9e2e-000c29035824",NA,NA,NA,NA,NA,NA,NA,NA,NA,NA,NA,NA,NA
"1936015957","Reseda stricta Pers.",40.2415,-3.6949,"cdc,gass84,inmano","834c9918-f762-11e1-a439-00145eb45e9a","0363cbd4-f666-455e-8e86-0bbddcf51950","2a3f6a56-7591-4f05-8c4c-a1bb77aa4ea6","6c4a0bb0-2a4d-11d8-aa2d-b8a03c50a862","ES","EML","2026-04-18T01:37:27.366+00:00","2026-04-24T05:21:08.541+00:00",423,"PRESERVED_SPECIMEN",NA,"PRESENT",7275953,6,7707728,220,7225535,3110,3040250,7275953,7275953,"Reseda stricta Pers.","Plantae","Tracheophyta","Brassicales","Resedaceae","Reseda","Reseda stricta","Reseda","stricta","SPECIES","ACCEPTED",NA,NA,NA,"EUROPE","Madrid",1978,6,14,"1978-06-14",165,165,NA,"2026-04-24T05:21:08.541+00:00","http://creativecommons.org/licenses/by-nc/4.0/legalcode",FALSE,"34f1037f-20fe-11e3-9e2e-000c29035824","none","none",FALSE,"834c9918-f762-11e1-a439-00145eb45e9a",NA,"Fernández Diez","none","WGS84","Magnoliopsida","ES","none","none","EUROPE","Spain","EUROPE","34f1037f-20fe-11e3-9e2e-000c29035824","MA-01-00212057","0363cbd4-f666-455e-8e86-0bbddcf51950",NA,"MA","429","Pinto","1936015957","es","MA","34f1037f-20fe-11e3-9e2e-000c29035824","Collection","Reseda stricta Pers.",NA,NA,NA,NA,NA,NA,NA,NA,NA,NA,NA,NA,NA,"4",NA,NA,NA,NA,NA,NA,NA,NA,"MA",NA,NA,NA,NA,NA,NA,NA,"MA-212057-1",NA,NA,"14061978",NA,NA,NA,NA,NA,NA,NA,NA,NA,NA,NA,"MA",NA,NA,NA,"Gypsophyta ruderal. Identificación confirmada por E. Valdés Bermejo en 1991. Revisión para Flora Ibérica",NA,"17abcf75-2f1e-46dd-bf75-a5b21dd02655",NA,NA,NA,NA,NA,NA,NA,"7275953",NA,"a4a18bf8-20fe-11e3-9e2e-000c29035824",NA,NA,NA,NA,NA,NA,4224.96594548496,NA,NA,NA,NA,NA,NA
"1936158947","Reseda stricta Pers.",41.8771,-4.1703,"cdc,gass84,inmano","834c9918-f762-11e1-a439-00145eb45e9a","0363cbd4-f666-455e-8e86-0bbddcf51950","2a3f6a56-7591-4f05-8c4c-a1bb77aa4ea6","6c4a0bb0-2a4d-11d8-aa2d-b8a03c50a862","ES","EML","2026-04-18T01:37:27.366+00:00","2026-04-24T05:20:03.562+00:00",423,"PRESERVED_SPECIMEN",NA,"PRESENT",7275953,6,7707728,220,7225535,3110,3040250,7275953,7275953,"Reseda stricta Pers.","Plantae","Tracheophyta","Brassicales","Resedaceae","Reseda","Reseda stricta","Reseda","stricta","SPECIES","ACCEPTED",NA,NA,NA,"EUROPE","Palencia",1978,6,15,"1978-06-15",166,166,NA,"2026-04-24T05:20:03.562+00:00","http://creativecommons.org/licenses/by-nc/4.0/legalcode",FALSE,"43ce45d8-20fe-11e3-9e2e-000c29035824","none","none",FALSE,"834c9918-f762-11e1-a439-00145eb45e9a",NA,"A.R. Burgaz","none","WGS84","Magnoliopsida","ES","none","none","EUROPE","Spain","EUROPE","43ce45d8-20fe-11e3-9e2e-000c29035824","MA-01-00411343","0363cbd4-f666-455e-8e86-0bbddcf51950",NA,"MA","429","Cevico Navero","1936158947","es","MA","43ce45d8-20fe-11e3-9e2e-000c29035824","Collection","Reseda stricta Pers.",NA,NA,NA,NA,NA,NA,"A.R. Burgaz",NA,NA,NA,NA,NA,NA,NA,NA,NA,NA,NA,NA,NA,NA,NA,"MA",NA,NA,NA,NA,NA,NA,NA,"MA-411343-1",NA,"sobre margas yesíferas","15061978",NA,NA,NA,NA,NA,NA,NA,NA,NA,NA,NA,"MA",NA,NA,NA,NA,NA,"17abcf75-2f1e-46dd-bf75-a5b21dd02655",NA,NA,NA,NA,NA,NA,NA,"7275953",NA,"b3be0c13-20fe-11e3-9e2e-000c29035824",NA,NA,NA,NA,NA,NA,NA,NA,NA,NA,NA,NA,NA
"1936095324","Reseda stricta Pers.",40.4945,-2.4349,"cdc,gass84,inmano","834c9918-f762-11e1-a439-00145eb45e9a","0363cbd4-f666-455e-8e86-0bbddcf51950","2a3f6a56-7591-4f05-8c4c-a1bb77aa4ea6","6c4a0bb0-2a4d-11d8-aa2d-b8a03c50a862","ES","EML","2026-04-18T01:37:27.366+00:00","2026-04-24T05:19:56.922+00:00",423,"PRESERVED_SPECIMEN",NA,"PRESENT",7275953,6,7707728,220,7225535,3110,3040250,7275953,7275953,"Reseda stricta Pers.","Plantae","Tracheophyta","Brassicales","Resedaceae","Reseda","Reseda stricta","Reseda","stricta","SPECIES","ACCEPTED",NA,NA,NA,"EUROPE","Cuenca",1978,7,21,"1978-07-21",202,202,NA,"2026-04-24T05:19:56.922+00:00","http://creativecommons.org/licenses/by-nc/4.0/legalcode",FALSE,"3ce4985d-20fe-11e3-9e2e-000c29035824","none","none",FALSE,"834c9918-f762-11e1-a439-00145eb45e9a",NA,"G. López","none","WGS84","Magnoliopsida","ES","none","none","EUROPE","Spain","EUROPE","3ce4985d-20fe-11e3-9e2e-000c29035824","MA-01-00323014","0363cbd4-f666-455e-8e86-0bbddcf51950",NA,"MA","429","Salida de Valdeolivas a Priego","1936095324","es","MA","3ce4985d-20fe-11e3-9e2e-000c29035824","Collection","Reseda stricta Pers.",NA,NA,NA,NA,NA,NA,"Enrique Valdés Bermejo",NA,NA,NA,NA,NA,NA,NA,NA,NA,NA,NA,NA,NA,NA,NA,"MA",NA,NA,NA,NA,NA,NA,NA,"MA-323014-1",NA,NA,"21071978",NA,NA,NA,NA,NA,NA,NA,NA,NA,NA,"1991-10-01T00:00:00","MA",NA,NA,NA,"Revisión para Flora Ibérica",NA,"17abcf75-2f1e-46dd-bf75-a5b21dd02655",NA,NA,NA,NA,NA,NA,NA,"7275953",NA,"ae6f4e71-20fe-11e3-9e2e-000c29035824",NA,NA,NA,NA,NA,NA,NA,NA,NA,NA,NA,NA,NA
"1936158653","Reseda stricta Pers.",38.3354,-1.7312,"cdc,gass84,inmano","834c9918-f762-11e1-a439-00145eb45e9a","0363cbd4-f666-455e-8e86-0bbddcf51950","2a3f6a56-7591-4f05-8c4c-a1bb77aa4ea6","6c4a0bb0-2a4d-11d8-aa2d-b8a03c50a862","ES","EML","2026-04-18T01:37:27.366+00:00","2026-04-24T05:20:03.738+00:00",423,"PRESERVED_SPECIMEN",NA,"PRESENT",7275953,6,7707728,220,7225535,3110,3040250,7275953,7275953,"Reseda stricta Pers.","Plantae","Tracheophyta","Brassicales","Resedaceae","Reseda","Reseda stricta","Reseda","stricta","SPECIES","ACCEPTED",NA,NA,NA,"EUROPE","Murcia",1977,4,29,"1977-04-29",119,119,NA,"2026-04-24T05:20:03.738+00:00","http://creativecommons.org/licenses/by-nc/4.0/legalcode",FALSE,"43c693fc-20fe-11e3-9e2e-000c29035824","none","none",FALSE,"834c9918-f762-11e1-a439-00145eb45e9a",NA,"Fernández Casas, Leal, Muñoz Garmendia, Ortiz & Pu","none","WGS84","Magnoliopsida","ES","none","none","EUROPE","Spain","EUROPE","43c693fc-20fe-11e3-9e2e-000c29035824","MA-01-00410809","0363cbd4-f666-455e-8e86-0bbddcf51950",NA,"MA","429","Moratalla: inter oppidula Cenajo et Almerón","1936158653","es","MA","43c693fc-20fe-11e3-9e2e-000c29035824","Collection","Reseda stricta Pers.",NA,NA,NA,NA,NA,NA,NA,NA,NA,NA,NA,NA,NA,"1661",NA,NA,NA,NA,NA,NA,NA,NA,"MA",NA,NA,NA,NA,NA,NA,NA,"MA-410809-1",NA,"in gypsaceis","29041977",NA,NA,NA,NA,NA,NA,NA,NA,NA,NA,NA,"MA",NA,NA,NA,NA,NA,"17abcf75-2f1e-46dd-bf75-a5b21dd02655",NA,NA,NA,NA,NA,NA,NA,"7275953",NA,"b3b83632-20fe-11e3-9e2e-000c29035824",NA,NA,NA,NA,NA,NA,NA,NA,NA,NA,NA,NA,NA
"188536320","Reseda stricta Pers.",40.015,-3.579,"cdc,gass84,osiic,colmano,inmafu","837c0162-f762-11e1-a439-00145eb45e9a","5a21e58d-5a4c-4ee4-b2e0-b67f5ce28720","2a3f6a56-7591-4f05-8c4c-a1bb77aa4ea6","6c4a0bb0-2a4d-11d8-aa2d-b8a03c50a862","ES","EML","2026-04-18T01:37:28.749+00:00","2026-04-24T04:40:10.831+00:00",394,"PRESERVED_SPECIMEN",1,"PRESENT",7275953,6,7707728,220,7225535,3110,3040250,7275953,7275953,"Reseda stricta Pers.","Plantae","Tracheophyta","Brassicales","Resedaceae","Reseda","Reseda stricta","Reseda","stricta","SPECIES","ACCEPTED",707,NA,NA,"EUROPE","Madrid",1977,5,4,"1977-05-04",124,124,NA,"2026-04-24T04:40:10.831+00:00","http://creativecommons.org/licenses/by-nc/4.0/legalcode",FALSE,"3D32A62C-7890-476B-A54B-7B6DD476B5B6","none","none",FALSE,NA,"Herbario COFC de la Universidad de Córdoba: colección general de plantas vasculares","B. Cabezudo, E. Domínguez & S. Talavera","none","WGS84","Magnoliopsida","ES","none","none","EUROPE","Spain","EUROPE","3D32A62C-7890-476B-A54B-7B6DD476B5B6","27898-1",NA,NA,"COFC","400","cerros de Ontígola","188536320","es","Herbario_cofc","3D32A62C-7890-476B-A54B-7B6DD476B5B6",NA,"Reseda stricta Pers.","CGL2008-02982-C03-03; CGL2011-28613-C03-02; CGL2014-52787-C3-3-P; CGL2017-85204-C3-3-P",NA,NA,NA,"4d2698bd-08d1-4f94-af6a-b505de34fe3e",NA,"B. Cabezudo, E. Domínguez & S. Talavera",NA,NA,NA,NA,NA,NA,NA,NA,NA,NA,NA,NA,NA,NA,NA,NA,NA,NA,NA,NA,NA,NA,NA,NA,NA,NA,"19770504",NA,"Aranjuez",NA,NA,NA,NA,NA,NA,NA,NA,NA,"COFC",NA,NA,NA,NA,NA,NA,NA,NA,NA,NA,NA,NA,NA,NA,NA,NA,NA,NA,NA,NA,NA,NA,NA,NA,NA,NA,NA,NA,NA
"188536433","Reseda stricta Pers.",40.015,-3.579,"cdc,gass84,osiic,colmano,inmafu","837c0162-f762-11e1-a439-00145eb45e9a","5a21e58d-5a4c-4ee4-b2e0-b67f5ce28720","2a3f6a56-7591-4f05-8c4c-a1bb77aa4ea6","6c4a0bb0-2a4d-11d8-aa2d-b8a03c50a862","ES","EML","2026-04-18T01:37:28.749+00:00","2026-04-24T04:40:37.201+00:00",394,"PRESERVED_SPECIMEN",1,"PRESENT",7275953,6,7707728,220,7225535,3110,3040250,7275953,7275953,"Reseda stricta Pers.","Plantae","Tracheophyta","Brassicales","Resedaceae","Reseda","Reseda stricta","Reseda","stricta","SPECIES","ACCEPTED",707,NA,NA,"EUROPE","Madrid",1977,5,4,"1977-05-04",124,124,NA,"2026-04-24T04:40:37.201+00:00","http://creativecommons.org/licenses/by-nc/4.0/legalcode",FALSE,"E8B79104-5F8A-4964-9E23-0E258B863EC1","none","none",FALSE,NA,"Herbario COFC de la Universidad de Córdoba: colección general de plantas vasculares","B. Cabezudo, E. Domínguez & S. Talavera","none","WGS84","Magnoliopsida","ES","none","none","EUROPE","Spain","EUROPE","E8B79104-5F8A-4964-9E23-0E258B863EC1","43-1",NA,NA,"COFC","400","cerros de Ontígola","188536433","es","Herbario_cofc","E8B79104-5F8A-4964-9E23-0E258B863EC1",NA,"Reseda stricta Pers.","CGL2008-02982-C03-03; CGL2011-28613-C03-02; CGL2014-52787-C3-3-P; CGL2017-85204-C3-3-P",NA,NA,NA,"4d2698bd-08d1-4f94-af6a-b505de34fe3e",NA,"B. Cabezudo, E. Domínguez & S. Talavera",NA,NA,NA,NA,NA,NA,NA,NA,NA,NA,NA,NA,NA,NA,NA,NA,NA,NA,NA,NA,NA,NA,NA,NA,NA,NA,"19770504",NA,"Aranjuez",NA,NA,NA,NA,NA,NA,NA,NA,NA,"COFC",NA,NA,NA,NA,NA,NA,NA,NA,NA,NA,NA,NA,NA,NA,NA,NA,NA,NA,NA,NA,NA,NA,NA,NA,NA,NA,NA,NA,NA
"1936149365","Reseda stricta Pers.",42.4167,-4.241,"cdc,gass84,inmano","834c9918-f762-11e1-a439-00145eb45e9a","0363cbd4-f666-455e-8e86-0bbddcf51950","2a3f6a56-7591-4f05-8c4c-a1bb77aa4ea6","6c4a0bb0-2a4d-11d8-aa2d-b8a03c50a862","ES","EML","2026-04-18T01:37:27.366+00:00","2026-04-24T05:20:03.090+00:00",423,"PRESERVED_SPECIMEN",NA,"PRESENT",7275953,6,7707728,220,7225535,3110,3040250,7275953,7275953,"Reseda stricta Pers.","Plantae","Tracheophyta","Brassicales","Resedaceae","Reseda","Reseda stricta","Reseda","stricta","SPECIES","ACCEPTED",NA,NA,NA,"EUROPE","Valladolid",1977,5,15,"1977-05-15",135,135,NA,"2026-04-24T05:20:03.090+00:00","http://creativecommons.org/licenses/by-nc/4.0/legalcode",FALSE,"42bb5add-20fe-11e3-9e2e-000c29035824","none","none",FALSE,"834c9918-f762-11e1-a439-00145eb45e9a",NA,"A.R. Burgaz","none","WGS84","Magnoliopsida","ES","none","none","EUROPE","Spain","EUROPE","42bb5add-20fe-11e3-9e2e-000c29035824","MA-01-00394933","0363cbd4-f666-455e-8e86-0bbddcf51950",NA,"MA","429","Quintanilla de Arriba","1936149365","es","MA","42bb5add-20fe-11e3-9e2e-000c29035824","Collection","Reseda stricta Pers.",NA,NA,NA,NA,NA,NA,"A.R. Burgaz",NA,NA,NA,NA,NA,NA,NA,NA,NA,NA,NA,NA,NA,NA,NA,"MA",NA,NA,NA,NA,NA,NA,NA,"MA-394933-1",NA,"sobre margas yesíferas","15051977",NA,NA,NA,NA,NA,NA,NA,NA,NA,NA,NA,"MA",NA,NA,NA,NA,NA,"17abcf75-2f1e-46dd-bf75-a5b21dd02655",NA,NA,NA,NA,NA,NA,NA,"7275953",NA,"b3265fa9-20fe-11e3-9e2e-000c29035824",NA,NA,NA,NA,NA,NA,NA,NA,NA,NA,NA,NA,NA
"3033628298","Reseda stricta Pers.",41.76,1.43,"cdc,gass84,mdativ,colmano,inmafu","834f1756-f762-11e1-a439-00145eb45e9a","cb202839-87c6-456a-821c-dc5b268a200f","2a3f6a56-7591-4f05-8c4c-a1bb77aa4ea6","6c4a0bb0-2a4d-11d8-aa2d-b8a03c50a862","ES","EML","2026-04-18T01:36:55.261+00:00","2026-04-23T23:48:25.063+00:00",326,"PRESERVED_SPECIMEN",NA,"PRESENT",7275953,6,7707728,220,7225535,3110,3040250,7275953,7275953,"Reseda stricta Pers.","Plantae","Tracheophyta","Brassicales","Resedaceae","Reseda","Reseda stricta","Reseda","stricta","SPECIES","ACCEPTED",7311,NA,NA,"EUROPE","Barcelona",1977,5,9,"1977-05-09",129,129,NA,"2026-04-23T23:48:25.063+00:00","http://creativecommons.org/licenses/by-nc/4.0/legalcode",FALSE,"BCN 60375","none","none",FALSE,NA,"Col·lecció de Cormòfits de l'herbari BCN","Carrillo Ortuño, Empar & Ninot Sugrañes, Josep Maria","none","WGS84","Magnoliopsida","ES","none","none","EUROPE","Spain","EUROPE","BCN 60375","60375",NA,NA,"BCN","350","Castellfollit de Riubregos","3033628298",NA,"Corm","BCN 60375",NA,"Reseda stricta Pers.",NA,NA,NA,NA,"5db0342e-533f-461c-a97e-0ec9dc79a95c",NA,"Masalles Saumell, Ramon Maria",NA,NA,"CRAI CeDocBiV - Universitat de Barcelona",NA,NA,NA,NA,NA,NA,NA,NA,NA,NA,NA,NA,"UB",NA,NA,NA,NA,NA,NA,NA,NA,NA,"Guixos",NA,NA,NA,NA,NA,NA,NA,NA,NA,NA,NA,NA,"BCN-Cormophyta",NA,NA,NA,NA,NA,NA,NA,NA,"Reseda stricta Pers.; Reseda stricta Pers.","60385",NA,NA,NA,NA,NA,NA,NA,NA,NA,NA,NA,NA,NA,NA,NA,NA,NA,NA,NA
"1936148811","Reseda stricta Pers.",37.1397,-2.0442,"cdc,gass84,inmano","834c9918-f762-11e1-a439-00145eb45e9a","0363cbd4-f666-455e-8e86-0bbddcf51950","2a3f6a56-7591-4f05-8c4c-a1bb77aa4ea6","6c4a0bb0-2a4d-11d8-aa2d-b8a03c50a862","ES","EML","2026-04-18T01:37:27.366+00:00","2026-04-24T05:20:03.159+00:00",423,"PRESERVED_SPECIMEN",NA,"PRESENT",7275953,6,7707728,220,7225535,3110,3040250,7275953,7275953,"Reseda stricta Pers.","Plantae","Tracheophyta","Brassicales","Resedaceae","Reseda","Reseda stricta","Reseda","stricta","SPECIES","ACCEPTED",NA,NA,NA,"EUROPE","Almería",1976,4,16,"1976-04-16",107,107,NA,"2026-04-24T05:20:03.159+00:00","http://creativecommons.org/licenses/by-nc/4.0/legalcode",FALSE,"42b90466-20fe-11e3-9e2e-000c29035824","none","none",FALSE,"834c9918-f762-11e1-a439-00145eb45e9a",NA,"Fernández Casas & García Guardia","none","WGS84","Magnoliopsida","ES","none","none","EUROPE","Spain","EUROPE","42b90466-20fe-11e3-9e2e-000c29035824","MA-01-00394551","0363cbd4-f666-455e-8e86-0bbddcf51950",NA,"MA","429","Sorbas: Venta de los Castaños","1936148811","es","MA","42b90466-20fe-11e3-9e2e-000c29035824","Collection","Reseda stricta Pers.",NA,NA,NA,NA,NA,NA,NA,NA,NA,NA,NA,NA,NA,"1075",NA,NA,NA,NA,NA,NA,NA,NA,"MA",NA,NA,NA,NA,NA,NA,NA,"MA-394551-1",NA,"in gypsaceis siccis","16041976",NA,NA,NA,NA,NA,NA,NA,NA,NA,NA,NA,"MA",NA,NA,NA,NA,NA,"17abcf75-2f1e-46dd-bf75-a5b21dd02655",NA,NA,NA,NA,NA,NA,NA,"7275953",NA,"b322197c-20fe-11e3-9e2e-000c29035824",NA,NA,NA,NA,NA,NA,NA,NA,NA,NA,NA,NA,NA
"3033682242","Reseda stricta Pers.",41.81,1.39,"cdc,gass84,mdativ,colmano,inmafu","834f1756-f762-11e1-a439-00145eb45e9a","cb202839-87c6-456a-821c-dc5b268a200f","2a3f6a56-7591-4f05-8c4c-a1bb77aa4ea6","6c4a0bb0-2a4d-11d8-aa2d-b8a03c50a862","ES","EML","2026-04-18T01:36:55.261+00:00","2026-04-23T23:48:58.534+00:00",326,"PRESERVED_SPECIMEN",NA,"PRESENT",7275953,6,7707728,220,7225535,3110,3040250,7275953,7275953,"Reseda stricta Pers.","Plantae","Tracheophyta","Brassicales","Resedaceae","Reseda","Reseda stricta","Reseda","stricta","SPECIES","ACCEPTED",7311,NA,NA,"EUROPE","Lleida",1976,6,1,"1976-06-01",153,153,NA,"2026-04-23T23:48:58.534+00:00","http://creativecommons.org/licenses/by-nc/4.0/legalcode",FALSE,"BCN 19157","none","none",FALSE,NA,"Col·lecció de Cormòfits de l'herbari BCN","Molero Briones, Julià & Pujadas Ferrer, Joan","none","WGS84","Magnoliopsida","ES","none","none","EUROPE","Spain","EUROPE","BCN 19157","19157",NA,NA,"BCN","350","Torà de Riubregós","3033682242",NA,"Corm","BCN 19157",NA,"Reseda stricta Pers.",NA,NA,NA,NA,"5db0342e-533f-461c-a97e-0ec9dc79a95c",NA,NA,NA,NA,"CRAI CeDocBiV - Universitat de Barcelona",NA,NA,NA,NA,NA,NA,NA,NA,NA,NA,NA,NA,"UB",NA,NA,NA,NA,NA,NA,NA,"ex BCF 44140",NA,"damunt guixos",NA,NA,NA,NA,NA,NA,NA,NA,NA,NA,NA,NA,"BCN-Cormophyta",NA,NA,NA,NA,NA,NA,NA,NA,"Reseda stricta Pers.","19081",NA,NA,NA,NA,NA,NA,NA,NA,NA,NA,NA,NA,NA,NA,NA,NA,NA,NA,NA
"1936099821","Reseda stricta Pers.",40.1619,-3.377,"cdc,gass84,inmano","834c9918-f762-11e1-a439-00145eb45e9a","0363cbd4-f666-455e-8e86-0bbddcf51950","2a3f6a56-7591-4f05-8c4c-a1bb77aa4ea6","6c4a0bb0-2a4d-11d8-aa2d-b8a03c50a862","ES","EML","2026-04-18T01:37:27.366+00:00","2026-04-24T05:19:57.699+00:00",423,"PRESERVED_SPECIMEN",NA,"PRESENT",7275953,6,7707728,220,7225535,3110,3040250,7275953,7275953,"Reseda stricta Pers.","Plantae","Tracheophyta","Brassicales","Resedaceae","Reseda","Reseda stricta","Reseda","stricta","SPECIES","ACCEPTED",NA,NA,NA,"EUROPE","Madrid",1975,5,17,"1975-05-17",137,137,NA,"2026-04-24T05:19:57.699+00:00","http://creativecommons.org/licenses/by-nc/4.0/legalcode",FALSE,"3d4c1890-20fe-11e3-9e2e-000c29035824","none","none",FALSE,"834c9918-f762-11e1-a439-00145eb45e9a",NA,"Enrique Valdés Bermejo","none","WGS84","Magnoliopsida","ES","none","none","EUROPE","Spain","EUROPE","3d4c1890-20fe-11e3-9e2e-000c29035824","MA-01-00329735","0363cbd4-f666-455e-8e86-0bbddcf51950",NA,"MA","429","Valdelaguna","1936099821","es","MA","3d4c1890-20fe-11e3-9e2e-000c29035824","Collection","Reseda stricta Pers.",NA,NA,NA,NA,NA,NA,"Enrique Valdés Bermejo",NA,NA,NA,NA,NA,NA,NA,NA,NA,NA,NA,NA,NA,NA,NA,"MA",NA,NA,NA,NA,NA,NA,NA,"MA-329735-1",NA,NA,"17051975",NA,NA,NA,NA,NA,NA,NA,NA,NA,NA,"1991-10-01T00:00:00","MA",NA,NA,NA,"Revisión para Flora Ibérica",NA,"17abcf75-2f1e-46dd-bf75-a5b21dd02655",NA,NA,NA,NA,NA,NA,NA,"7275953",NA,"aeff4c9e-20fe-11e3-9e2e-000c29035824",NA,NA,NA,NA,NA,NA,NA,NA,NA,NA,NA,NA,NA
"895284489","Reseda stricta Pers.",40.33,-3.41,"cdc,gass84,colmafu,inmafu","834a4794-f762-11e1-a439-00145eb45e9a","8209258a-80e8-4094-aba2-a3febe5ed45b","2a3f6a56-7591-4f05-8c4c-a1bb77aa4ea6","6c4a0bb0-2a4d-11d8-aa2d-b8a03c50a862","ES","EML","2026-04-18T01:37:24.691+00:00","2026-04-24T10:27:20.508+00:00",375,"PRESERVED_SPECIMEN",NA,"PRESENT",7275953,6,7707728,220,7225535,3110,3040250,7275953,7275953,"Reseda stricta Pers.","Plantae","Tracheophyta","Brassicales","Resedaceae","Reseda","Reseda stricta","Reseda","stricta","SPECIES","ACCEPTED",7071,NA,NA,"EUROPE","Madrid",1975,6,14,"1975-06-14",165,165,"2025-11-03T14:20:45.000+00:00","2026-04-24T10:27:20.508+00:00","http://creativecommons.org/licenses/by-nc/4.0/legalcode",FALSE,"B2A3DBAA-7EAC-4E2F-83A8-037AB4DE423B","none","none",FALSE,NA,"Colección de plantas vasculares del herbario de la Universitat de València (VAL)","Castroviejo","none","WGS84","Magnoliopsida","ES","none","none","EUROPE","Spain","EUROPE","B2A3DBAA-7EAC-4E2F-83A8-037AB4DE423B","90248-1","https://www.gbif.org/publisher/8209258a-80e8-4094-aba2-a3febe5ed45b",NA,"VAL","391","Arganda; hacia Loeches","895284489","es","VAL","B2A3DBAA-7EAC-4E2F-83A8-037AB4DE423B","PhysicalObject","Reseda stricta Pers.",NA,NA,NA,NA,"c645b060-c130-45ee-97ab-b9fc94393523","6ceb64b5-0201-4a27-bcdb-8d62035e35d5",NA,"Pliego",NA,NA,NA,NA,NA,NA,NA,NA,NA,NA,NA,NA,"in collection",NA,NA,"ex VAB-950331",NA,NA,NA,NA,NA,NA,NA,NA,NA,"14/06/1975",NA,NA,NA,NA,NA,NA,NA,NA,NA,NA,NA,"VAL",NA,NA,NA,NA,NA,NA,NA,NA,NA,NA,NA,NA,NA,NA,NA,NA,NA,NA,NA,NA,NA,NA,NA,NA,NA,NA,NA,NA,NA
"1851383239","Reseda stricta Pers.",40.33,-3.53,"cdc,gass84,mdativ,osiic,colmafu,inmafu","7b74be32-f762-11e1-a439-00145eb45e9a","730cd32c-627f-44a8-9d93-fcfb23ade969","2a3f6a56-7591-4f05-8c4c-a1bb77aa4ea6","6c4a0bb0-2a4d-11d8-aa2d-b8a03c50a862","ES","EML","2026-04-17T20:40:41.625+00:00","2026-04-29T14:09:13.400+00:00",434,"PRESERVED_SPECIMEN",1,"PRESENT",7275953,6,7707728,220,7225535,3110,3040250,7275953,7275953,"Reseda stricta Pers.","Plantae","Tracheophyta","Brassicales","Resedaceae","Reseda","Reseda stricta","Reseda","stricta","SPECIES","ACCEPTED",7071,NA,NA,"EUROPE","Madrid",1975,6,3,"1975-06-03",154,154,NA,"2026-04-29T14:09:13.400+00:00","http://creativecommons.org/licenses/by-nc/4.0/legalcode",FALSE,"AE26C4F2-1E22-4E23-844B-006D5EA572AA","none","none",FALSE,"doi:10.15470/j3rugb","Colección de plantas vasculares del Herbario Jaime Andrés Rodríguez. LEB","J.Andrés","none","WGS84","Magnoliopsida","ES","none","none","EUROPE","Spain","EUROPE","AE26C4F2-1E22-4E23-844B-006D5EA572AA","43784-1",NA,NA,"LEB","440","Arganda del Rey","1851383239","ES","LEB","AE26C4F2-1E22-4E23-844B-006D5EA572AA","PhysicalObject","Reseda stricta Pers.",NA,NA,NA,NA,"2af539a2-4f55-473c-9ad2-9ee7b20cb63a","1ba310c1-85e9-4c21-810b-09b5da025e80",NA,"Pliego",NA,NA,NA,NA,NA,NA,NA,NA,NA,NA,NA,NA,"in collection",NA,NA,NA,NA,NA,NA,NA,NA,NA,NA,NA,NA,"03-06-1975",NA,NA,NA,NA,NA,NA,NA,NA,NA,NA,NA,"LEB",NA,NA,NA,NA,NA,NA,NA,NA,NA,NA,NA,NA,NA,NA,NA,NA,NA,NA,NA,NA,NA,NA,NA,NA,NA,NA,NA,NA,NA
"1936120608","Reseda stricta Pers.",40.1601,-4.6217,"cdc,gass84,inmano","834c9918-f762-11e1-a439-00145eb45e9a","0363cbd4-f666-455e-8e86-0bbddcf51950","2a3f6a56-7591-4f05-8c4c-a1bb77aa4ea6","6c4a0bb0-2a4d-11d8-aa2d-b8a03c50a862","ES","EML","2026-04-18T01:37:27.366+00:00","2026-04-24T05:21:12.872+00:00",423,"PRESERVED_SPECIMEN",NA,"PRESENT",7275953,6,7707728,220,7225535,3110,3040250,7275953,7275953,"Reseda stricta Pers.","Plantae","Tracheophyta","Brassicales","Resedaceae","Reseda","Reseda stricta","Reseda","stricta","SPECIES","ACCEPTED",NA,712,NA,"EUROPE","Madrid",1975,6,13,"1975-06-13",164,164,NA,"2026-04-24T05:21:12.872+00:00","http://creativecommons.org/licenses/by-nc/4.0/legalcode",FALSE,"3fcaa7df-20fe-11e3-9e2e-000c29035824","none","none",FALSE,"834c9918-f762-11e1-a439-00145eb45e9a",NA,"Antonio Segura Zubizarreta","none","WGS84","Magnoliopsida","ES","none","none","EUROPE","Spain","EUROPE","3fcaa7df-20fe-11e3-9e2e-000c29035824","MA-01-00355621","0363cbd4-f666-455e-8e86-0bbddcf51950",NA,"MA","429","Chinchón","1936120608","es","MA","3fcaa7df-20fe-11e3-9e2e-000c29035824","Collection","Reseda stricta Pers.",NA,NA,NA,NA,NA,NA,NA,NA,NA,NA,NA,NA,NA,NA,NA,NA,NA,NA,NA,NA,NA,NA,"MA",NA,NA,NA,NA,NA,NA,NA,"MA-355621-1",NA,"yesoso","13061975",NA,NA,NA,NA,NA,NA,NA,NA,NA,NA,NA,"MA",NA,NA,NA,NA,NA,"17abcf75-2f1e-46dd-bf75-a5b21dd02655",NA,NA,NA,NA,NA,NA,NA,"7275953",NA,"b0cb2043-20fe-11e3-9e2e-000c29035824",NA,NA,NA,NA,NA,NA,NA,NA,NA,NA,NA,NA,NA
"1936100040","Reseda stricta Pers.",40.1353,-3.1891,"cdc,gass84,inmano","834c9918-f762-11e1-a439-00145eb45e9a","0363cbd4-f666-455e-8e86-0bbddcf51950","2a3f6a56-7591-4f05-8c4c-a1bb77aa4ea6","6c4a0bb0-2a4d-11d8-aa2d-b8a03c50a862","ES","EML","2026-04-18T01:37:27.366+00:00","2026-04-24T05:21:12.138+00:00",423,"PRESERVED_SPECIMEN",NA,"PRESENT",7275953,6,7707728,220,7225535,3110,3040250,7275953,7275953,"Reseda stricta Pers.","Plantae","Tracheophyta","Brassicales","Resedaceae","Reseda","Reseda stricta","Reseda","stricta","SPECIES","ACCEPTED",NA,NA,NA,"EUROPE","Madrid",1974,6,15,"1974-06-15",166,166,NA,"2026-04-24T05:21:12.138+00:00","http://creativecommons.org/licenses/by-nc/4.0/legalcode",FALSE,"3d4b4869-20fe-11e3-9e2e-000c29035824","none","none",FALSE,"834c9918-f762-11e1-a439-00145eb45e9a",NA,"G. López & E. Valdés Bermejo","none","WGS84","Magnoliopsida","ES","none","none","EUROPE","Spain","EUROPE","3d4b4869-20fe-11e3-9e2e-000c29035824","MA-01-00329684","0363cbd4-f666-455e-8e86-0bbddcf51950",NA,"MA","429","Fuentidueña de Tajo","1936100040","es","MA","3d4b4869-20fe-11e3-9e2e-000c29035824","Collection","Reseda stricta Pers.",NA,NA,NA,NA,NA,NA,"Enrique Valdés Bermejo",NA,NA,NA,NA,NA,NA,NA,NA,NA,NA,NA,NA,NA,NA,NA,"MA",NA,NA,NA,NA,NA,NA,NA,"MA-329684-1",NA,"yesos","15061974",NA,NA,NA,NA,NA,NA,NA,NA,NA,NA,"1991-10-01T00:00:00","MA",NA,NA,NA,"Revisión para Flora Ibérica",NA,"17abcf75-2f1e-46dd-bf75-a5b21dd02655",NA,NA,NA,NA,NA,NA,NA,"7275953",NA,"aefe832e-20fe-11e3-9e2e-000c29035824",NA,NA,NA,NA,NA,NA,NA,NA,NA,NA,NA,NA,NA
"1936167839","Reseda stricta Pers.",40.0093,-3.0247,"cdc,gass84,inmano","834c9918-f762-11e1-a439-00145eb45e9a","0363cbd4-f666-455e-8e86-0bbddcf51950","2a3f6a56-7591-4f05-8c4c-a1bb77aa4ea6","6c4a0bb0-2a4d-11d8-aa2d-b8a03c50a862","ES","EML","2026-04-18T01:37:27.366+00:00","2026-04-24T05:20:04.734+00:00",423,"PRESERVED_SPECIMEN",NA,"PRESENT",7275953,6,7707728,220,7225535,3110,3040250,7275953,7275953,"Reseda stricta Pers.","Plantae","Tracheophyta","Brassicales","Resedaceae","Reseda","Reseda stricta","Reseda","stricta","SPECIES","ACCEPTED",NA,NA,NA,"EUROPE","Cuenca",1974,6,15,"1974-06-15",166,166,NA,"2026-04-24T05:20:04.734+00:00","http://creativecommons.org/licenses/by-nc/4.0/legalcode",FALSE,"44b34d0b-20fe-11e3-9e2e-000c29035824","none","none",FALSE,"834c9918-f762-11e1-a439-00145eb45e9a",NA,"G. López & E. Valdés","none","WGS84","Magnoliopsida","ES","none","none","EUROPE","Spain","EUROPE","44b34d0b-20fe-11e3-9e2e-000c29035824","MA-01-00423759","0363cbd4-f666-455e-8e86-0bbddcf51950",NA,"MA","429","Cerca de Tarancon","1936167839","es","MA","44b34d0b-20fe-11e3-9e2e-000c29035824","Collection","Reseda stricta Pers.",NA,NA,NA,NA,NA,NA,"E. Valdés",NA,NA,NA,NA,NA,NA,NA,NA,NA,NA,NA,NA,NA,NA,NA,"MA",NA,NA,NA,NA,NA,NA,NA,"MA-423759-1",NA,"terrenos margoso-yesíferos","15061974",NA,NA,NA,NA,NA,NA,NA,NA,NA,NA,NA,"MA",NA,NA,NA,NA,NA,"17abcf75-2f1e-46dd-bf75-a5b21dd02655",NA,NA,NA,NA,NA,NA,NA,"7275953",NA,"b4a55078-20fe-11e3-9e2e-000c29035824",NA,NA,NA,NA,NA,NA,NA,NA,NA,NA,NA,NA,NA
"1936668790","Reseda stricta Pers.",37.0418,-3.7884,"cdc,gass84,inmano","834c9918-f762-11e1-a439-00145eb45e9a","0363cbd4-f666-455e-8e86-0bbddcf51950","2a3f6a56-7591-4f05-8c4c-a1bb77aa4ea6","6c4a0bb0-2a4d-11d8-aa2d-b8a03c50a862","ES","EML","2026-04-18T01:37:27.366+00:00","2026-04-24T05:20:43.230+00:00",423,"PRESERVED_SPECIMEN",NA,"PRESENT",7275953,6,7707728,220,7225535,3110,3040250,7275953,7275953,"Reseda stricta Pers.","Plantae","Tracheophyta","Brassicales","Resedaceae","Reseda","Reseda stricta","Reseda","stricta","SPECIES","ACCEPTED",NA,NA,NA,"EUROPE","Granada",1974,6,11,"1974-06-11",162,162,NA,"2026-04-24T05:20:43.230+00:00","http://creativecommons.org/licenses/by-nc/4.0/legalcode",FALSE,"5eb946ff-20fe-11e3-9e2e-000c29035824","none","none",FALSE,"834c9918-f762-11e1-a439-00145eb45e9a",NA,NA,"none","WGS84","Magnoliopsida","ES","none","none","EUROPE","Spain","EUROPE","5eb946ff-20fe-11e3-9e2e-000c29035824","MA-01-00751506","0363cbd4-f666-455e-8e86-0bbddcf51950",NA,"MA","429","La Mala","1936668790","es","MA","5eb946ff-20fe-11e3-9e2e-000c29035824","Collection","Reseda stricta Pers.",NA,NA,NA,NA,NA,NA,"S. Martín Bravo",NA,NA,NA,NA,NA,NA,NA,NA,NA,NA,NA,NA,NA,NA,NA,"MA",NA,NA,NA,NA,NA,NA,NA,"MA-751506-1",NA,NA,"11061974",NA,NA,NA,NA,NA,NA,NA,NA,NA,NA,NA,"MA",NA,NA,NA,NA,NA,"17abcf75-2f1e-46dd-bf75-a5b21dd02655",NA,NA,NA,NA,NA,NA,NA,"7275953",NA,"cad1ba18-20fe-11e3-9e2e-000c29035824",NA,NA,NA,NA,NA,NA,NA,NA,NA,NA,NA,NA,NA
"3033698617","Reseda stricta Pers.",41.31,0.91,"cdc,gass84,mdativ,colmano,inmafu","834f1756-f762-11e1-a439-00145eb45e9a","cb202839-87c6-456a-821c-dc5b268a200f","2a3f6a56-7591-4f05-8c4c-a1bb77aa4ea6","6c4a0bb0-2a4d-11d8-aa2d-b8a03c50a862","ES","EML","2026-04-18T01:36:55.261+00:00","2026-04-23T23:48:07.497+00:00",326,"PRESERVED_SPECIMEN",NA,"PRESENT",7275953,6,7707728,220,7225535,3110,3040250,7275953,7275953,"Reseda stricta Pers.","Plantae","Tracheophyta","Brassicales","Resedaceae","Reseda","Reseda stricta","Reseda","stricta","SPECIES","ACCEPTED",7071,NA,NA,"EUROPE","Tarragona",1974,NA,NA,"1974",NA,NA,NA,"2026-04-23T23:48:07.497+00:00","http://creativecommons.org/licenses/by-nc/4.0/legalcode",FALSE,"BCN 47450","none","none",TRUE,NA,"Col·lecció de Cormòfits de l'herbari BCN","Molero Briones, Julià","none","WGS84","Magnoliopsida","ES","none","none","EUROPE","Spain","EUROPE","BCN 47450","47450",NA,NA,"BCN","350","Cornudella","3033698617",NA,"Corm","BCN 47450",NA,"Reseda stricta Pers.",NA,NA,NA,NA,"5db0342e-533f-461c-a97e-0ec9dc79a95c",NA,NA,NA,NA,"CRAI CeDocBiV - Universitat de Barcelona",NA,NA,NA,NA,NA,NA,NA,NA,NA,NA,NA,NA,"UB",NA,NA,NA,NA,NA,NA,NA,"ex BCF",NA,"Yesos del Keuper",NA,NA,NA,NA,NA,NA,NA,NA,NA,NA,NA,NA,"BCN-Cormophyta",NA,NA,NA,NA,NA,NA,NA,NA,"Reseda stricta Pers.","47368","Priorat",NA,NA,NA,NA,NA,NA,NA,NA,NA,NA,NA,NA,NA,NA,NA,NA,NA,NA
"3033695621","Reseda stricta Pers.",41.31,0.91,"cdc,gass84,mdativ,colmano,inmafu","834f1756-f762-11e1-a439-00145eb45e9a","cb202839-87c6-456a-821c-dc5b268a200f","2a3f6a56-7591-4f05-8c4c-a1bb77aa4ea6","6c4a0bb0-2a4d-11d8-aa2d-b8a03c50a862","ES","EML","2026-04-18T01:36:55.261+00:00","2026-04-23T23:48:45.971+00:00",326,"PRESERVED_SPECIMEN",NA,"PRESENT",7275953,6,7707728,220,7225535,3110,3040250,7275953,7275953,"Reseda stricta Pers.","Plantae","Tracheophyta","Brassicales","Resedaceae","Reseda","Reseda stricta","Reseda","stricta","SPECIES","ACCEPTED",7071,NA,NA,"EUROPE","Tarragona",1973,7,29,"1973-07-29",210,210,NA,"2026-04-23T23:48:45.971+00:00","http://creativecommons.org/licenses/by-nc/4.0/legalcode",FALSE,"BCN 47449","none","none",TRUE,NA,"Col·lecció de Cormòfits de l'herbari BCN","Molero Briones, Julià","none","WGS84","Magnoliopsida","ES","none","none","EUROPE","Spain","EUROPE","BCN 47449","47449",NA,NA,"BCN","350","Antes de llegar a Cornudella","3033695621",NA,"Corm","BCN 47449",NA,"Reseda stricta Pers.",NA,NA,NA,NA,"5db0342e-533f-461c-a97e-0ec9dc79a95c",NA,NA,NA,NA,"CRAI CeDocBiV - Universitat de Barcelona",NA,NA,NA,NA,NA,NA,NA,NA,NA,NA,NA,NA,"UB",NA,NA,NA,NA,NA,NA,NA,"ex BCF 111747",NA,"Matorrales de yesos",NA,NA,NA,NA,NA,NA,NA,NA,NA,NA,NA,NA,"BCN-Cormophyta",NA,NA,NA,NA,NA,NA,NA,NA,"Reseda stricta Pers.","47367","Priorat",NA,NA,NA,NA,NA,NA,NA,NA,NA,NA,NA,NA,NA,NA,NA,NA,NA,NA
"4529641866","Reseda stricta Pers.",41.307488,0.909497,"cdc,cdround,cdpi,inmano","a4b7c71e-fc73-434e-a008-d63c222179d0","7b4f2f30-a456-11d9-8049-b8a03c50a862","2a3f6a56-7591-4f05-8c4c-a1bb77aa4ea6","6c4a0bb0-2a4d-11d8-aa2d-b8a03c50a862","ES","EML","2026-04-17T15:02:28.711+00:00","2026-04-24T02:24:21.381+00:00",415,"PRESERVED_SPECIMEN",NA,"PRESENT",7275953,6,7707728,220,7225535,3110,3040250,7275953,7275953,"Reseda stricta Pers.","Plantae","Tracheophyta","Brassicales","Resedaceae","Reseda","Reseda stricta","Reseda","stricta","SPECIES","ACCEPTED",NA,NA,NA,"EUROPE",NA,1973,7,29,"1973-07-29",210,210,"2024-01-08T00:00:00.000+00:00","2026-04-24T02:24:21.381+00:00","http://creativecommons.org/licenses/by-nc/4.0/legalcode",FALSE,"BDBC-C.6833.0.143707.40513","none","none",TRUE,"doi:10.15470/fzwiiu","FloraCAT: Banco de datos de los cormófitos de Cataluña","Molero Briones, JuliÃ , BCN 47449, () 3","none","WGS84","Magnoliopsida","ES","none","none","EUROPE","Spain","EUROPE","BDBC-C.6833.0.143707.40513","BCN 47449",NA,NA,"BDBC","421","Tarragona, Priorat: Antes de llegar a Cornudella. Priorat. Tarragona","4529641866","es","BDBC-Floracat","BDBC-C.6833.0.143707.40513","Dataset","Reseda stricta Pers.","BDBC",NA,"original",NA,NA,NA,"Molero Briones, JuliÃ ",NA,NA,"Generalitat de Catalunya",NA,NA,NA,NA,NA,NA,NA,NA,NA,NA,NA,"C000935",NA,NA,NA,"BCN (2017). Plecs Herbari BCN. CEDOCBIV",NA,NA,NA,NA,NA,NA,NA,NA,NA,NA,NA,NA,NA,NA,NA,NA,NA,NA,NA,NA,NA,NA,NA,NA,NA,NA,NA,NA,NA,NA,"Catalonia","UTM","{""percentNN"":0.9779,""countNN"":354,""distanceNN"":0.09}","C000935","Reseda stricta Pers.",NA,NA,NA,NA,NA,NA,NA,NA,NA,NA,NA,NA,NA,NA
"115888454","Reseda stricta Pers.",39.96,-3.49,"cdc,gass84,osiic,colmafu,inmafu","8353c5bc-f762-11e1-a439-00145eb45e9a","857b3f90-230f-474d-9559-6f740efadbba","2a3f6a56-7591-4f05-8c4c-a1bb77aa4ea6","6c4a0bb0-2a4d-11d8-aa2d-b8a03c50a862","ES","EML","2026-04-18T01:37:26.992+00:00","2026-04-24T05:12:09.277+00:00",339,"PRESERVED_SPECIMEN",2,"PRESENT",7275953,6,7707728,220,7225535,3110,3040250,7275953,7275953,"Reseda stricta Pers.","Plantae","Tracheophyta","Brassicales","Resedaceae","Reseda","Reseda stricta","Reseda","stricta","SPECIES","ACCEPTED",707,NA,NA,"EUROPE","Toledo",1972,5,8,"1972-05-08",129,129,"2017-09-12T09:30:31.000+00:00","2026-04-24T05:12:09.277+00:00","http://creativecommons.org/licenses/by/4.0/legalcode",FALSE,"46A19F30-E5A9-4B78-BF27-159D3C3EAA6B","none","none",FALSE,NA,"ardín Botánico de Córdoba: Herbarium COA","V. Hernández y M. Benítez","none","WGS84","Magnoliopsida","ES","none","none","EUROPE","Spain","EUROPE","46A19F30-E5A9-4B78-BF27-159D3C3EAA6B","21127-1",NA,NA,"COA","345","Ocaña","115888454","es","COA","46A19F30-E5A9-4B78-BF27-159D3C3EAA6B","PhysicalObject","Reseda stricta Pers.",NA,NA,NA,NA,"d9c5994e-45c4-4f46-8579-50f60f174d10","54dc0fad-9516-42b4-b1e7-b43d5b7281f1","V. Hernández y M. Benítez",NA,NA,NA,NA,NA,NA,NA,NA,NA,NA,NA,NA,NA,NA,NA,NA,NA,NA,NA,NA,NA,NA,NA,NA,NA,NA,"8/  V /1972",NA,NA,NA,NA,NA,NA,NA,NA,NA,NA,NA,"COA",NA,NA,NA,NA,NA,NA,NA,NA,NA,NA,NA,NA,NA,NA,NA,NA,NA,NA,NA,NA,NA,NA,NA,NA,NA,NA,NA,NA,NA
"115888457","Reseda stricta Pers.",40.24,-3.38,"cdc,gass84,osiic,colmafu,inmafu","8353c5bc-f762-11e1-a439-00145eb45e9a","857b3f90-230f-474d-9559-6f740efadbba","2a3f6a56-7591-4f05-8c4c-a1bb77aa4ea6","6c4a0bb0-2a4d-11d8-aa2d-b8a03c50a862","ES","EML","2026-04-18T01:37:26.992+00:00","2026-04-24T05:12:13.504+00:00",339,"PRESERVED_SPECIMEN",2,"PRESENT",7275953,6,7707728,220,7225535,3110,3040250,7275953,7275953,"Reseda stricta Pers.","Plantae","Tracheophyta","Brassicales","Resedaceae","Reseda","Reseda stricta","Reseda","stricta","SPECIES","ACCEPTED",707,NA,NA,"EUROPE","Madrid",1972,6,15,"1972-06-15",167,167,"2017-09-12T09:30:31.000+00:00","2026-04-24T05:12:13.504+00:00","http://creativecommons.org/licenses/by/4.0/legalcode",FALSE,"7F050C60-9EF8-41A6-A0AC-166FCF5AB492","none","none",FALSE,NA,"ardín Botánico de Córdoba: Herbarium COA","J.E. Hernández","none","WGS84","Magnoliopsida","ES","none","none","EUROPE","Spain","EUROPE","7F050C60-9EF8-41A6-A0AC-166FCF5AB492","21128-1",NA,NA,"COA","345","Perales","115888457","es","COA","7F050C60-9EF8-41A6-A0AC-166FCF5AB492","PhysicalObject","Reseda stricta Pers.",NA,NA,NA,NA,"d9c5994e-45c4-4f46-8579-50f60f174d10","54dc0fad-9516-42b4-b1e7-b43d5b7281f1","A. Pujadas",NA,NA,NA,NA,NA,NA,NA,NA,NA,NA,NA,NA,NA,NA,NA,NA,NA,NA,NA,NA,NA,NA,NA,NA,NA,NA,"15/ VI /1972",NA,NA,NA,NA,NA,NA,NA,NA,NA,NA,NA,"COA",NA,NA,NA,NA,NA,NA,NA,NA,NA,NA,NA,NA,NA,NA,NA,NA,NA,NA,NA,NA,NA,NA,NA,NA,NA,NA,NA,NA,NA
"1936159262","Reseda stricta Pers.",37.1311,-2.1006,"cdc,gass84,inmano","834c9918-f762-11e1-a439-00145eb45e9a","0363cbd4-f666-455e-8e86-0bbddcf51950","2a3f6a56-7591-4f05-8c4c-a1bb77aa4ea6","6c4a0bb0-2a4d-11d8-aa2d-b8a03c50a862","ES","EML","2026-04-18T01:37:27.366+00:00","2026-04-24T05:20:04.137+00:00",423,"PRESERVED_SPECIMEN",NA,"PRESENT",7275953,6,7707728,220,7225535,3110,3040250,7275953,7275953,"Reseda stricta Pers.","Plantae","Tracheophyta","Brassicales","Resedaceae","Reseda","Reseda stricta","Reseda","stricta","SPECIES","ACCEPTED",NA,NA,NA,"EUROPE","Almería",1970,4,30,"1970-04-30",120,120,NA,"2026-04-24T05:20:04.137+00:00","http://creativecommons.org/licenses/by-nc/4.0/legalcode",FALSE,"43d609c5-20fe-11e3-9e2e-000c29035824","none","none",FALSE,"834c9918-f762-11e1-a439-00145eb45e9a",NA,"Javier Fernández Casas","none","WGS84","Magnoliopsida","ES","none","none","EUROPE","Spain","EUROPE","43d609c5-20fe-11e3-9e2e-000c29035824","MA-01-00412032","0363cbd4-f666-455e-8e86-0bbddcf51950",NA,"MA","429","Venta de Los Castaños","1936159262","es","MA","43d609c5-20fe-11e3-9e2e-000c29035824","Collection","Reseda stricta Pers.",NA,NA,NA,NA,NA,NA,"J. Fernández Casas",NA,NA,NA,NA,NA,NA,NA,NA,NA,NA,NA,NA,NA,NA,NA,"MA",NA,NA,NA,NA,NA,NA,NA,"MA-412032-1",NA,NA,"30041970",NA,NA,NA,NA,NA,NA,NA,NA,NA,NA,NA,"MA",NA,NA,NA,NA,NA,"17abcf75-2f1e-46dd-bf75-a5b21dd02655",NA,NA,NA,NA,NA,NA,NA,"7275953",NA,"b3c5d854-20fe-11e3-9e2e-000c29035824",NA,NA,NA,NA,NA,NA,NA,NA,NA,NA,NA,NA,NA
"1936158395","Reseda stricta Pers.",41.5,-0.1667,"cdc,gass84,inmano","834c9918-f762-11e1-a439-00145eb45e9a","0363cbd4-f666-455e-8e86-0bbddcf51950","2a3f6a56-7591-4f05-8c4c-a1bb77aa4ea6","6c4a0bb0-2a4d-11d8-aa2d-b8a03c50a862","ES","EML","2026-04-18T01:37:27.366+00:00","2026-04-24T05:20:04.034+00:00",423,"PRESERVED_SPECIMEN",NA,"PRESENT",7275953,6,7707728,220,7225535,3110,3040250,7275953,7275953,"Reseda stricta Pers.","Plantae","Tracheophyta","Brassicales","Resedaceae","Reseda","Reseda stricta","Reseda","stricta","SPECIES","ACCEPTED",NA,NA,NA,"EUROPE","Zaragoza",1969,4,24,"1969-04-24",114,114,NA,"2026-04-24T05:20:04.034+00:00","http://creativecommons.org/licenses/by-nc/4.0/legalcode",FALSE,"43d61d38-20fe-11e3-9e2e-000c29035824","none","none",FALSE,"834c9918-f762-11e1-a439-00145eb45e9a",NA,"Javier Fernández Casas","none","WGS84","Magnoliopsida","ES","none","none","EUROPE","Spain","EUROPE","43d61d38-20fe-11e3-9e2e-000c29035824","MA-01-00412039","0363cbd4-f666-455e-8e86-0bbddcf51950",NA,"MA","429","Bujaraloz, motel El Ciervo","1936158395","es","MA","43d61d38-20fe-11e3-9e2e-000c29035824","Collection","Reseda stricta Pers.",NA,NA,NA,NA,NA,NA,"J. Fernández Casas",NA,NA,NA,NA,NA,NA,NA,NA,NA,NA,NA,NA,NA,NA,NA,"MA",NA,NA,NA,NA,NA,NA,NA,"MA-412039-1",NA,NA,"24041969",NA,NA,NA,NA,NA,NA,NA,NA,NA,NA,NA,"MA",NA,NA,NA,NA,NA,"17abcf75-2f1e-46dd-bf75-a5b21dd02655",NA,NA,NA,NA,NA,NA,NA,"7275953",NA,"b3c60341-20fe-11e3-9e2e-000c29035824",NA,NA,NA,NA,NA,NA,NA,NA,NA,NA,NA,NA,NA
"1936404583","Reseda stricta Pers.",40.0333,-3.59773,"cdc,gass84,inmano","834c9918-f762-11e1-a439-00145eb45e9a","0363cbd4-f666-455e-8e86-0bbddcf51950","2a3f6a56-7591-4f05-8c4c-a1bb77aa4ea6","6c4a0bb0-2a4d-11d8-aa2d-b8a03c50a862","ES","EML","2026-04-18T01:37:27.366+00:00","2026-04-24T05:20:09.947+00:00",423,"PRESERVED_SPECIMEN",NA,"PRESENT",7275953,6,7707728,220,7225535,3110,3040250,7275953,7275953,"Reseda stricta Pers.","Plantae","Tracheophyta","Brassicales","Resedaceae","Reseda","Reseda stricta","Reseda","stricta","SPECIES","ACCEPTED",NA,NA,NA,"EUROPE","Madrid",1966,5,14,"1966-05-14",134,134,NA,"2026-04-24T05:20:09.947+00:00","http://creativecommons.org/licenses/by-nc/4.0/legalcode",FALSE,"49c58c94-20fe-11e3-9e2e-000c29035824","none","none",FALSE,"834c9918-f762-11e1-a439-00145eb45e9a",NA,"Bellot","none","WGS84","Magnoliopsida","ES","none","none","EUROPE","Spain","EUROPE","49c58c94-20fe-11e3-9e2e-000c29035824","MA-01-00504116","0363cbd4-f666-455e-8e86-0bbddcf51950",NA,"MA","429","Aranjuez","1936404583","es","MA","49c58c94-20fe-11e3-9e2e-000c29035824","Collection","Reseda stricta Pers.",NA,NA,NA,NA,NA,NA,"Bellot",NA,NA,NA,NA,NA,NA,NA,NA,NA,NA,NA,NA,NA,NA,NA,"MA",NA,NA,NA,NA,NA,NA,NA,"MA-504116-1",NA,NA,"14051966",NA,NA,NA,NA,NA,NA,NA,NA,NA,NA,NA,"MA",NA,NA,NA,"Identificación confirmada por E. Valdés Bermejo en 1991. Revisión para Flora Ibérica",NA,"17abcf75-2f1e-46dd-bf75-a5b21dd02655",NA,NA,NA,NA,NA,NA,NA,"7275953",NA,"b959c466-20fe-11e3-9e2e-000c29035824",NA,NA,NA,NA,NA,NA,NA,NA,NA,NA,NA,NA,NA
"3033677243","Reseda stricta Pers.",41.86,0.88,"cdc,gass84,mdativ,colmano,inmafu","834f1756-f762-11e1-a439-00145eb45e9a","cb202839-87c6-456a-821c-dc5b268a200f","2a3f6a56-7591-4f05-8c4c-a1bb77aa4ea6","6c4a0bb0-2a4d-11d8-aa2d-b8a03c50a862","ES","EML","2026-04-18T01:36:55.261+00:00","2026-04-23T23:49:40.413+00:00",326,"PRESERVED_SPECIMEN",NA,"PRESENT",7275953,6,7707728,220,7225535,3110,3040250,7275953,7275953,"Reseda stricta Pers.","Plantae","Tracheophyta","Brassicales","Resedaceae","Reseda","Reseda stricta","Reseda","stricta","SPECIES","ACCEPTED",7310,NA,NA,"EUROPE","Lleida",1965,4,NA,"1965-04",NA,NA,NA,"2026-04-23T23:49:40.413+00:00","http://creativecommons.org/licenses/by-nc/4.0/legalcode",FALSE,"BCN 19151","none","none",TRUE,NA,"Col·lecció de Cormòfits de l'herbari BCN","no consta","none","WGS84","Magnoliopsida","ES","none","none","EUROPE","Spain","EUROPE","BCN 19151","19151",NA,NA,"BCN","350","Camarasa","3033677243",NA,"Corm","BCN 19151",NA,"Reseda stricta Pers.",NA,NA,NA,NA,"5db0342e-533f-461c-a97e-0ec9dc79a95c",NA,NA,NA,NA,"CRAI CeDocBiV - Universitat de Barcelona",NA,NA,NA,NA,NA,NA,NA,NA,NA,NA,NA,NA,"UB",NA,NA,NA,NA,NA,NA,NA,"ex BCF 44129",NA,"colinas arcilloso-yesosas",NA,NA,"Camarasa",NA,NA,NA,NA,NA,NA,NA,NA,NA,"BCN-Cormophyta",NA,NA,NA,NA,NA,NA,NA,NA,"Reseda stricta Pers.","19075","Noguera",NA,NA,NA,NA,NA,NA,NA,NA,NA,NA,NA,NA,NA,NA,NA,NA,NA,NA
"4530954757","Reseda stricta Pers.",41.847565,0.892,"cdc,cdround,cdpi,inmano","a4b7c71e-fc73-434e-a008-d63c222179d0","7b4f2f30-a456-11d9-8049-b8a03c50a862","2a3f6a56-7591-4f05-8c4c-a1bb77aa4ea6","6c4a0bb0-2a4d-11d8-aa2d-b8a03c50a862","ES","EML","2026-04-17T15:02:28.711+00:00","2026-04-24T02:24:18.436+00:00",415,"PRESERVED_SPECIMEN",NA,"PRESENT",7275953,6,7707728,220,7225535,3110,3040250,7275953,7275953,"Reseda stricta Pers.","Plantae","Tracheophyta","Brassicales","Resedaceae","Reseda","Reseda stricta","Reseda","stricta","SPECIES","ACCEPTED",NA,NA,NA,"EUROPE",NA,1965,4,1,"1965-04-01",91,91,"2024-01-08T00:00:00.000+00:00","2026-04-24T02:24:18.436+00:00","http://creativecommons.org/licenses/by-nc/4.0/legalcode",FALSE,"BDBC-C.6833.0.101083.28328","none","none",TRUE,"doi:10.15470/fzwiiu","FloraCAT: Banco de datos de los cormófitos de Cataluña","no consta, BCN 19151, () 3","none","WGS84","Magnoliopsida","ES","none","none","EUROPE","Spain","EUROPE","BDBC-C.6833.0.101083.28328","BCN 19151",NA,NA,"BDBC","421","Camarasa. Noguera. Lleida","4530954757","es","BDBC-Floracat","BDBC-C.6833.0.101083.28328","Dataset","Reseda stricta Pers.","BDBC",NA,"original",NA,NA,NA,"no consta",NA,NA,"Generalitat de Catalunya",NA,NA,NA,NA,NA,NA,NA,NA,NA,NA,NA,"C000935",NA,NA,NA,"BCN (2017). Plecs Herbari BCN. CEDOCBIV",NA,NA,NA,NA,NA,NA,NA,NA,NA,NA,NA,NA,NA,NA,NA,NA,NA,NA,NA,NA,NA,NA,NA,NA,NA,NA,NA,NA,NA,NA,"Catalonia","UTM","{""percentNN"":0.9779,""countNN"":354,""distanceNN"":0.09}","C000935","Reseda stricta Pers.",NA,NA,NA,NA,NA,NA,NA,NA,NA,NA,NA,NA,NA,NA
"128032113","Reseda stricta Pers.",40.342721,-3.526806,"cdc,cdround,gass84,mdativ,colmafu,inmafu","835d30de-f762-11e1-a439-00145eb45e9a","bf8bcf77-da9f-4df3-929a-d1dbb6ab5e5f","2a3f6a56-7591-4f05-8c4c-a1bb77aa4ea6","6c4a0bb0-2a4d-11d8-aa2d-b8a03c50a862","ES","EML","2026-04-18T01:36:56.049+00:00","2026-04-24T06:05:37.319+00:00",392,"PRESERVED_SPECIMEN",NA,"PRESENT",7275953,6,7707728,220,7225535,3110,3040250,7275953,7275953,"Reseda stricta Pers.","Plantae","Tracheophyta","Brassicales","Resedaceae","Reseda","Reseda stricta","Reseda","stricta","SPECIES","ACCEPTED",NA,NA,NA,"EUROPE","Madrid",1965,5,9,"1965-05-09",129,129,NA,"2026-04-24T06:05:37.319+00:00","http://creativecommons.org/licenses/by-nc/4.0/legalcode",FALSE,"NEX:UNEX:02985-1","none","none",FALSE,NA,"Herbario de la Universidad de Extremadura (UNEX)","F. Bellot & al.","none","WGS84","Magnoliopsida","ES","none","none","EUROPE","Spain","EUROPE","NEX:UNEX:02985-1","02985-1","https://www.gbif.org/publisher/bf8bcf77-da9f-4df3-929a-d1dbb6ab5e5f",NA,"UNEX","409","Rivas-Vaciamadrid:","128032113","es","UNEX","NEX:UNEX:02985-1","Collection","Reseda stricta Pers.",NA,NA,NA,NA,"e7fed358-fb6b-4afd-be39-fe6eb7cdd167","90c55ab4-cea9-41e4-b47e-1e1e6010b9be","F. Bellot & al.","herbarium specimen",NA,NA,NA,NA,NA,NA,NA,NA,NA,NA,NA,NA,NA,NA,NA,NA,NA,NA,NA,NA,NA,NA,NA,NA,NA,NA,NA,NA,NA,NA,NA,NA,NA,NA,NA,NA,NA,NA,NA,NA,NA,NA,NA,NA,NA,NA,NA,NA,NA,NA,NA,NA,"Reseda stricta Pers.",NA,NA,NA,NA,NA,NA,"Datos de Georreferenciación obtenidos de la Red",NA,NA,NA,NA,NA,NA,NA
"2571153568","Reseda stricta Pers.",36.15028,2.90389,"cdc,gass84","b5cdf794-8fa4-4a85-8b26-755d087bf531","2cd829bb-b713-433d-99cf-64bef11e5b3e","86c2834b-fcd6-418d-9b32-aca45110a0fe","2cd829bb-b713-433d-99cf-64bef11e5b3e","FR","EML","2026-04-17T19:49:17.100+00:00","2026-04-24T00:42:56.146+00:00",606,"PRESERVED_SPECIMEN",NA,"PRESENT",7275953,6,7707728,220,7225535,3110,3040250,7275953,7275953,"Reseda stricta Pers.","Plantae","Tracheophyta","Brassicales","Resedaceae","Reseda","Reseda stricta","Reseda","stricta","SPECIES","ACCEPTED",NA,977,NA,"AFRICA",NA,1965,5,15,"1965-05-15",135,135,"2020-07-07T16:20:29.000+00:00","2026-04-24T00:42:56.146+00:00","http://creativecommons.org/licenses/by/4.0/legalcode",FALSE,"http://coldb.mnhn.fr/catalognumber/mnhn/p/p04028633","none","none",FALSE,NA,NA,"Dubuis, A.|Faurel, L.","none","WGS84","Magnoliopsida","DZ","none","none","AFRICA","Algeria","EUROPE","http://coldb.mnhn.fr/catalognumber/mnhn/p/p04028633","P04028633","http://grbio.org/institution/museum-national-dhistoire-naturelle",NA,"MNHN","640",NA,"2571153568",NA,"P","http://coldb.mnhn.fr/catalognumber/mnhn/p/p04028633",NA,"Reseda stricta Pers.",NA,NA,NA,NA,"6a6ac6c5-1b8a-48db-91a2-f8661274ff80","bc3d39fd-a7d4-4763-b951-2bdeddd8a5d2",NA,"hb",NA,NA,NA,NA,NA,NA,NA,NA,NA,NA,"Dept. Medea : talus schisteux près de Berrouaghia",NA,NA,NA,NA,NA,NA,NA,NA,NA,NA,NA,NA,NA,NA,NA,NA,NA,NA,NA,NA,NA,NA,NA,NA,NA,NA,NA,NA,NA,NA,NA,NA,"17abcf75-2f1e-46dd-bf75-a5b21dd02655",NA,NA,NA,NA,NA,NA,NA,NA,NA,NA,NA,NA,NA,NA,NA,NA,NA,NA,NA,NA,NA,NA,NA
"895271860","Reseda stricta Pers.",40.33,-3.53,"cdc,gass84,colmafu,inmafu","834a4794-f762-11e1-a439-00145eb45e9a","8209258a-80e8-4094-aba2-a3febe5ed45b","2a3f6a56-7591-4f05-8c4c-a1bb77aa4ea6","6c4a0bb0-2a4d-11d8-aa2d-b8a03c50a862","ES","EML","2026-04-18T01:37:24.691+00:00","2026-04-24T10:27:01.750+00:00",375,"PRESERVED_SPECIMEN",NA,"PRESENT",7275953,6,7707728,220,7225535,3110,3040250,7275953,7275953,"Reseda stricta Pers.","Plantae","Tracheophyta","Brassicales","Resedaceae","Reseda","Reseda stricta","Reseda","stricta","SPECIES","ACCEPTED",7071,NA,NA,"EUROPE","Madrid",1965,6,9,"1965-06-09",160,160,"2025-11-03T14:20:45.000+00:00","2026-04-24T10:27:01.750+00:00","http://creativecommons.org/licenses/by-nc/4.0/legalcode",FALSE,"15036E85-8569-4D6C-A037-432B8AE28DBE","none","none",FALSE,NA,"Colección de plantas vasculares del herbario de la Universitat de València (VAL)","Bellot & al.","none","WGS84","Magnoliopsida","ES","none","none","EUROPE","Spain","EUROPE","15036E85-8569-4D6C-A037-432B8AE28DBE","72886-1","https://www.gbif.org/publisher/8209258a-80e8-4094-aba2-a3febe5ed45b",NA,"VAL","391","Rivas Vaciamadrid;","895271860","es","VAL","15036E85-8569-4D6C-A037-432B8AE28DBE","PhysicalObject","Reseda stricta Pers.",NA,NA,NA,NA,"c645b060-c130-45ee-97ab-b9fc94393523","6ceb64b5-0201-4a27-bcdb-8d62035e35d5",NA,"Pliego",NA,NA,NA,NA,NA,NA,NA,NA,NA,NA,NA,NA,"in collection",NA,NA,"ex VAB-910413",NA,NA,NA,NA,NA,NA,NA,NA,NA,"09/06/1965",NA,NA,NA,NA,NA,NA,NA,NA,NA,NA,NA,"VAL",NA,NA,NA,NA,NA,NA,NA,NA,NA,NA,NA,NA,NA,NA,NA,NA,NA,NA,NA,NA,NA,NA,NA,NA,NA,NA,NA,NA,NA
"1935999765","Reseda stricta Pers.",40.3236,-3.5074,"cdc,gass84,inmano","834c9918-f762-11e1-a439-00145eb45e9a","0363cbd4-f666-455e-8e86-0bbddcf51950","2a3f6a56-7591-4f05-8c4c-a1bb77aa4ea6","6c4a0bb0-2a4d-11d8-aa2d-b8a03c50a862","ES","EML","2026-04-18T01:37:27.366+00:00","2026-04-24T05:19:40.719+00:00",423,"PRESERVED_SPECIMEN",NA,"PRESENT",7275953,6,7707728,220,7225535,3110,3040250,7275953,7275953,"Reseda stricta Pers.","Plantae","Tracheophyta","Brassicales","Resedaceae","Reseda","Reseda stricta","Reseda","stricta","SPECIES","ACCEPTED",NA,NA,NA,"EUROPE","Madrid",1965,6,9,"1965-06-09",160,160,NA,"2026-04-24T05:19:40.719+00:00","http://creativecommons.org/licenses/by-nc/4.0/legalcode",FALSE,"337260fb-20fe-11e3-9e2e-000c29035824","none","none",FALSE,"834c9918-f762-11e1-a439-00145eb45e9a",NA,"A. Monasterio","none","WGS84","Magnoliopsida","ES","none","none","EUROPE","Spain","EUROPE","337260fb-20fe-11e3-9e2e-000c29035824","MA-01-00188155","0363cbd4-f666-455e-8e86-0bbddcf51950",NA,"MA","429","Vaciamadrid","1935999765","es","MA","337260fb-20fe-11e3-9e2e-000c29035824","Collection","Reseda stricta Pers.",NA,NA,NA,NA,NA,NA,"Bellot",NA,NA,NA,NA,NA,NA,NA,NA,NA,NA,NA,NA,NA,NA,NA,"MA",NA,NA,NA,NA,NA,NA,NA,"MA-188155-1",NA,NA,"09061965",NA,NA,NA,NA,NA,NA,NA,NA,NA,NA,NA,"MA",NA,NA,NA,"Identificación confirmada por E. Valdés Bermejo en 1991. Revisión para Flora Ibérica",NA,"17abcf75-2f1e-46dd-bf75-a5b21dd02655",NA,NA,NA,NA,NA,NA,NA,"7275953",NA,"a3253cad-20fe-11e3-9e2e-000c29035824",NA,NA,NA,NA,NA,NA,NA,NA,NA,NA,NA,NA,NA
"1936009580","Reseda stricta Pers.",40.3236,-3.5074,"cdc,gass84,inmano","834c9918-f762-11e1-a439-00145eb45e9a","0363cbd4-f666-455e-8e86-0bbddcf51950","2a3f6a56-7591-4f05-8c4c-a1bb77aa4ea6","6c4a0bb0-2a4d-11d8-aa2d-b8a03c50a862","ES","EML","2026-04-18T01:37:27.366+00:00","2026-04-24T05:19:41.066+00:00",423,"PRESERVED_SPECIMEN",NA,"PRESENT",7275953,6,7707728,220,7225535,3110,3040250,7275953,7275953,"Reseda stricta Pers.","Plantae","Tracheophyta","Brassicales","Resedaceae","Reseda","Reseda stricta","Reseda","stricta","SPECIES","ACCEPTED",NA,NA,NA,"EUROPE","Madrid",1965,6,9,"1965-06-09",160,160,NA,"2026-04-24T05:19:41.066+00:00","http://creativecommons.org/licenses/by-nc/4.0/legalcode",FALSE,"343ca7d0-20fe-11e3-9e2e-000c29035824","none","none",FALSE,"834c9918-f762-11e1-a439-00145eb45e9a",NA,"Bellot, Monasterio & Rodríguez","none","WGS84","Magnoliopsida","ES","none","none","EUROPE","Spain","EUROPE","343ca7d0-20fe-11e3-9e2e-000c29035824","MA-01-00200252","0363cbd4-f666-455e-8e86-0bbddcf51950",NA,"MA","429","Vaciamadrid","1936009580","es","MA","343ca7d0-20fe-11e3-9e2e-000c29035824","Collection","Reseda stricta Pers.",NA,NA,NA,NA,NA,NA,NA,NA,NA,NA,NA,NA,NA,NA,NA,NA,NA,NA,NA,NA,NA,NA,"MA",NA,NA,NA,NA,NA,NA,NA,"MA-200252-1",NA,NA,"09061965",NA,NA,NA,NA,NA,NA,NA,NA,NA,NA,NA,"MA",NA,NA,NA,"Identificación confirmada por E. Valdés Bermejo en 1991. Revisión para Flora Ibérica",NA,"17abcf75-2f1e-46dd-bf75-a5b21dd02655",NA,NA,NA,NA,NA,NA,NA,"7275953",NA,"a3e6b673-20fe-11e3-9e2e-000c29035824",NA,NA,NA,NA,NA,NA,NA,NA,NA,NA,NA,NA,NA
"1936009591","Reseda stricta Pers.",40.3236,-3.5074,"cdc,gass84,inmano","834c9918-f762-11e1-a439-00145eb45e9a","0363cbd4-f666-455e-8e86-0bbddcf51950","2a3f6a56-7591-4f05-8c4c-a1bb77aa4ea6","6c4a0bb0-2a4d-11d8-aa2d-b8a03c50a862","ES","EML","2026-04-18T01:37:27.366+00:00","2026-04-24T05:19:42.562+00:00",423,"PRESERVED_SPECIMEN",NA,"PRESENT",7275953,6,7707728,220,7225535,3110,3040250,7275953,7275953,"Reseda stricta Pers.","Plantae","Tracheophyta","Brassicales","Resedaceae","Reseda","Reseda stricta","Reseda","stricta","SPECIES","ACCEPTED",NA,NA,NA,"EUROPE","Madrid",1965,6,9,"1965-06-09",160,160,NA,"2026-04-24T05:19:42.562+00:00","http://creativecommons.org/licenses/by-nc/4.0/legalcode",FALSE,"34430017-20fe-11e3-9e2e-000c29035824","none","none",FALSE,"834c9918-f762-11e1-a439-00145eb45e9a",NA,"Bellot, Monasterio & Rodríguez","none","WGS84","Magnoliopsida","ES","none","none","EUROPE","Spain","EUROPE","34430017-20fe-11e3-9e2e-000c29035824","MA-01-00201007","0363cbd4-f666-455e-8e86-0bbddcf51950",NA,"MA","429","Vaciamadrid","1936009591","es","MA","34430017-20fe-11e3-9e2e-000c29035824","Collection","Reseda stricta Pers.",NA,NA,NA,NA,NA,NA,NA,NA,NA,NA,NA,NA,NA,NA,NA,NA,NA,NA,NA,NA,NA,NA,"MA",NA,NA,NA,NA,NA,NA,NA,"MA-201007-1",NA,NA,"09061965",NA,NA,NA,NA,NA,NA,NA,NA,NA,NA,NA,"MA",NA,NA,NA,"Identificación confirmada por E. Valdés Bermejo en 1991. Revisión para Flora Ibérica",NA,"17abcf75-2f1e-46dd-bf75-a5b21dd02655",NA,NA,NA,NA,NA,NA,NA,"7275953",NA,"a3ef63ee-20fe-11e3-9e2e-000c29035824",NA,NA,NA,NA,NA,NA,NA,NA,NA,NA,NA,NA,NA
"1936009618","Reseda stricta Pers.",40.3236,-3.5074,"cdc,gass84,inmano","834c9918-f762-11e1-a439-00145eb45e9a","0363cbd4-f666-455e-8e86-0bbddcf51950","2a3f6a56-7591-4f05-8c4c-a1bb77aa4ea6","6c4a0bb0-2a4d-11d8-aa2d-b8a03c50a862","ES","EML","2026-04-18T01:37:27.366+00:00","2026-04-24T05:19:40.880+00:00",423,"PRESERVED_SPECIMEN",NA,"PRESENT",7275953,6,7707728,220,7225535,3110,3040250,7275953,7275953,"Reseda stricta Pers.","Plantae","Tracheophyta","Brassicales","Resedaceae","Reseda","Reseda stricta","Reseda","stricta","SPECIES","ACCEPTED",NA,NA,NA,"EUROPE","Madrid",1965,6,9,"1965-06-09",160,160,NA,"2026-04-24T05:19:40.880+00:00","http://creativecommons.org/licenses/by-nc/4.0/legalcode",FALSE,"344304e5-20fe-11e3-9e2e-000c29035824","none","none",FALSE,"834c9918-f762-11e1-a439-00145eb45e9a",NA,"Bellot, Monasterio & Rodríguez","none","WGS84","Magnoliopsida","ES","none","none","EUROPE","Spain","EUROPE","344304e5-20fe-11e3-9e2e-000c29035824","MA-01-00201008","0363cbd4-f666-455e-8e86-0bbddcf51950",NA,"MA","429","Vaciamadrid","1936009618","es","MA","344304e5-20fe-11e3-9e2e-000c29035824","Collection","Reseda stricta Pers.",NA,NA,NA,NA,NA,NA,NA,NA,NA,NA,NA,NA,NA,NA,NA,NA,NA,NA,NA,NA,NA,NA,"MA",NA,NA,NA,NA,NA,NA,NA,"MA-201008-1",NA,"cerros salenitosos","09061965",NA,NA,NA,NA,NA,NA,NA,NA,NA,NA,NA,"MA",NA,NA,NA,"Identificación confirmada por E. Valdés Bermejo en 1991. Revisión para Flora Ibérica",NA,"17abcf75-2f1e-46dd-bf75-a5b21dd02655",NA,NA,NA,NA,NA,NA,NA,"7275953",NA,"a3ef66ea-20fe-11e3-9e2e-000c29035824",NA,NA,NA,NA,NA,NA,NA,NA,NA,NA,NA,NA,NA
"1936010477","Reseda stricta Pers.",40.3236,-3.5074,"cdc,gass84,inmano","834c9918-f762-11e1-a439-00145eb45e9a","0363cbd4-f666-455e-8e86-0bbddcf51950","2a3f6a56-7591-4f05-8c4c-a1bb77aa4ea6","6c4a0bb0-2a4d-11d8-aa2d-b8a03c50a862","ES","EML","2026-04-18T01:37:27.366+00:00","2026-04-24T05:19:41.580+00:00",423,"PRESERVED_SPECIMEN",NA,"PRESENT",7275953,6,7707728,220,7225535,3110,3040250,7275953,7275953,"Reseda stricta Pers.","Plantae","Tracheophyta","Brassicales","Resedaceae","Reseda","Reseda stricta","Reseda","stricta","SPECIES","ACCEPTED",NA,NA,NA,"EUROPE","Madrid",1965,6,9,"1965-06-09",160,160,NA,"2026-04-24T05:19:41.580+00:00","http://creativecommons.org/licenses/by-nc/4.0/legalcode",FALSE,"345b8084-20fe-11e3-9e2e-000c29035824","none","none",FALSE,"834c9918-f762-11e1-a439-00145eb45e9a",NA,"Bellot, Monasterio & Rodríguez","none","WGS84","Magnoliopsida","ES","none","none","EUROPE","Spain","EUROPE","345b8084-20fe-11e3-9e2e-000c29035824","MA-01-00202634","0363cbd4-f666-455e-8e86-0bbddcf51950",NA,"MA","429","Vaciamadrid","1936010477","es","MA","345b8084-20fe-11e3-9e2e-000c29035824","Collection","Reseda stricta Pers.",NA,NA,NA,NA,NA,NA,NA,NA,NA,NA,NA,NA,NA,NA,NA,NA,NA,NA,NA,NA,NA,NA,"MA",NA,NA,NA,NA,NA,NA,NA,"MA-202634-1",NA,NA,"09061965",NA,NA,NA,NA,NA,NA,NA,NA,NA,NA,NA,"MA",NA,NA,NA,"Identificación confirmada por E. Valdés Bermejo en 1991. Revisión para Flora Ibérica",NA,"17abcf75-2f1e-46dd-bf75-a5b21dd02655",NA,NA,NA,NA,NA,NA,NA,"7275953",NA,"a403716c-20fe-11e3-9e2e-000c29035824",NA,NA,NA,NA,NA,NA,NA,NA,NA,NA,NA,NA,NA
"1936160096","Reseda stricta Pers.",40.3236,-3.5074,"cdc,gass84,inmano","834c9918-f762-11e1-a439-00145eb45e9a","0363cbd4-f666-455e-8e86-0bbddcf51950","2a3f6a56-7591-4f05-8c4c-a1bb77aa4ea6","6c4a0bb0-2a4d-11d8-aa2d-b8a03c50a862","ES","EML","2026-04-18T01:37:27.366+00:00","2026-04-24T05:20:04.469+00:00",423,"PRESERVED_SPECIMEN",NA,"PRESENT",7275953,6,7707728,220,7225535,3110,3040250,7275953,7275953,"Reseda stricta Pers.","Plantae","Tracheophyta","Brassicales","Resedaceae","Reseda","Reseda stricta","Reseda","stricta","SPECIES","ACCEPTED",NA,NA,NA,"EUROPE","Madrid",1965,6,9,"1965-06-09",160,160,NA,"2026-04-24T05:20:04.469+00:00","http://creativecommons.org/licenses/by-nc/4.0/legalcode",FALSE,"43e62f55-20fe-11e3-9e2e-000c29035824","none","none",FALSE,"834c9918-f762-11e1-a439-00145eb45e9a",NA,"Bellot, Monasterio & A. Rodríguez","none","WGS84","Magnoliopsida","ES","none","none","EUROPE","Spain","EUROPE","43e62f55-20fe-11e3-9e2e-000c29035824","MA-01-00412941","0363cbd4-f666-455e-8e86-0bbddcf51950",NA,"MA","429","Vaciamadrid","1936160096","es","MA","43e62f55-20fe-11e3-9e2e-000c29035824","Collection","Reseda stricta Pers.",NA,NA,NA,NA,NA,NA,NA,NA,NA,NA,NA,NA,NA,NA,NA,NA,NA,NA,NA,NA,NA,NA,"MA",NA,NA,NA,NA,NA,NA,NA,"MA-412941-1",NA,NA,"09061965",NA,NA,NA,NA,NA,NA,NA,NA,NA,NA,NA,"MA",NA,NA,NA,NA,NA,"17abcf75-2f1e-46dd-bf75-a5b21dd02655",NA,NA,NA,NA,NA,NA,NA,"7275953",NA,"b3d22608-20fe-11e3-9e2e-000c29035824",NA,NA,NA,NA,NA,NA,NA,NA,NA,NA,NA,NA,NA
"1936402592","Reseda stricta Pers.",40.3236,-3.5074,"cdc,gass84,inmano","834c9918-f762-11e1-a439-00145eb45e9a","0363cbd4-f666-455e-8e86-0bbddcf51950","2a3f6a56-7591-4f05-8c4c-a1bb77aa4ea6","6c4a0bb0-2a4d-11d8-aa2d-b8a03c50a862","ES","EML","2026-04-18T01:37:27.366+00:00","2026-04-24T05:20:10.418+00:00",423,"PRESERVED_SPECIMEN",NA,"PRESENT",7275953,6,7707728,220,7225535,3110,3040250,7275953,7275953,"Reseda stricta Pers.","Plantae","Tracheophyta","Brassicales","Resedaceae","Reseda","Reseda stricta","Reseda","stricta","SPECIES","ACCEPTED",NA,NA,NA,"EUROPE","Madrid",1965,6,9,"1965-06-09",160,160,NA,"2026-04-24T05:20:10.418+00:00","http://creativecommons.org/licenses/by-nc/4.0/legalcode",FALSE,"49ae0cb2-20fe-11e3-9e2e-000c29035824","none","none",FALSE,"834c9918-f762-11e1-a439-00145eb45e9a",NA,"Bellot, Monasterio & A. Rodríguez","none","WGS84","Magnoliopsida","ES","none","none","EUROPE","Spain","EUROPE","49ae0cb2-20fe-11e3-9e2e-000c29035824","MA-01-00501478","0363cbd4-f666-455e-8e86-0bbddcf51950",NA,"MA","429","Vaciamadrid","1936402592","es","MA","49ae0cb2-20fe-11e3-9e2e-000c29035824","Collection","Reseda stricta Pers.",NA,NA,NA,NA,NA,NA,NA,NA,NA,NA,NA,NA,NA,NA,NA,NA,NA,NA,NA,NA,NA,NA,"MA",NA,NA,NA,NA,NA,NA,NA,"MA-501478-1",NA,NA,"09061965",NA,NA,NA,NA,NA,NA,NA,NA,NA,NA,NA,"MA",NA,NA,NA,NA,NA,"17abcf75-2f1e-46dd-bf75-a5b21dd02655",NA,NA,NA,NA,NA,NA,NA,"7275953",NA,"b928af2b-20fe-11e3-9e2e-000c29035824",NA,NA,NA,NA,NA,NA,NA,NA,NA,NA,NA,NA,NA
"1936636278","Reseda stricta Pers.",40.3236,-3.5074,"cdc,gass84,txmatfuz,inmano","834c9918-f762-11e1-a439-00145eb45e9a","0363cbd4-f666-455e-8e86-0bbddcf51950","2a3f6a56-7591-4f05-8c4c-a1bb77aa4ea6","6c4a0bb0-2a4d-11d8-aa2d-b8a03c50a862","ES","EML","2026-04-18T01:37:27.366+00:00","2026-04-24T05:20:39.103+00:00",423,"PRESERVED_SPECIMEN",NA,"PRESENT",7275953,6,7707728,220,7225535,3110,3040250,7275953,7275953,"Reseda stricta Pers.","Plantae","Tracheophyta","Brassicales","Resedaceae","Reseda","Reseda stricta","Reseda","stricta","SPECIES","ACCEPTED",NA,NA,NA,"EUROPE","Madrid",1965,6,9,"1965-06-09",160,160,NA,"2026-04-24T05:20:39.103+00:00","http://creativecommons.org/licenses/by-nc/4.0/legalcode",FALSE,"5b26aa4c-20fe-11e3-9e2e-000c29035824","none","none",FALSE,"834c9918-f762-11e1-a439-00145eb45e9a",NA,"Bellot, Monasterio & A. Rodríguez","none","WGS84","Magnoliopsida","ES","none","none","EUROPE","Spain","EUROPE","5b26aa4c-20fe-11e3-9e2e-000c29035824","MA-01-00718731","0363cbd4-f666-455e-8e86-0bbddcf51950",NA,"MA","429","Vaciamadrid","1936636278","es","MA","5b26aa4c-20fe-11e3-9e2e-000c29035824","Collection","Reseda stricta Pers.",NA,NA,NA,NA,NA,NA,NA,NA,NA,NA,NA,NA,NA,NA,NA,NA,NA,NA,NA,NA,NA,NA,"MA",NA,NA,NA,NA,NA,NA,NA,"MA-718731-1",NA,NA,"09061965",NA,NA,NA,NA,NA,NA,NA,NA,NA,NA,NA,"MA",NA,NA,NA,NA,NA,"17abcf75-2f1e-46dd-bf75-a5b21dd02655",NA,NA,NA,NA,NA,NA,NA,"7275953",NA,"c7c609be-20fe-11e3-9e2e-000c29035824",NA,NA,NA,NA,NA,NA,NA,NA,NA,NA,NA,NA,NA
"3033676234","Reseda stricta Pers.",40.34,-3.52,"cdc,gass84,mdativ,colmano,inmafu","834f1756-f762-11e1-a439-00145eb45e9a","cb202839-87c6-456a-821c-dc5b268a200f","2a3f6a56-7591-4f05-8c4c-a1bb77aa4ea6","6c4a0bb0-2a4d-11d8-aa2d-b8a03c50a862","ES","EML","2026-04-18T01:36:55.261+00:00","2026-04-23T23:49:04.716+00:00",326,"PRESERVED_SPECIMEN",NA,"PRESENT",7275953,6,7707728,220,7225535,3110,3040250,7275953,7275953,"Reseda stricta Pers.","Plantae","Tracheophyta","Brassicales","Resedaceae","Reseda","Reseda stricta","Reseda","stricta","SPECIES","ACCEPTED",5205,NA,NA,"EUROPE","Madrid",1965,6,9,"1965-06-09",160,160,NA,"2026-04-23T23:49:04.716+00:00","http://creativecommons.org/licenses/by-nc/4.0/legalcode",FALSE,"BCN 19152","none","none",FALSE,NA,"Col·lecció de Cormòfits de l'herbari BCN","Bellot Rodríguez, Francisco; Monasterio & Rodríguez, A.","none","WGS84","Magnoliopsida","ES","none","none","EUROPE","Spain","EUROPE","BCN 19152","19152",NA,NA,"BCN","350","Vaciamadrid","3033676234",NA,"Corm","BCN 19152",NA,"Reseda stricta Pers.",NA,NA,NA,NA,"5db0342e-533f-461c-a97e-0ec9dc79a95c",NA,NA,NA,NA,"CRAI CeDocBiV - Universitat de Barcelona",NA,NA,NA,NA,NA,NA,NA,NA,NA,NA,NA,NA,"UB",NA,NA,NA,NA,NA,NA,NA,"ex BCF 44134",NA,NA,NA,NA,NA,NA,NA,NA,NA,NA,NA,NA,NA,NA,"BCN-Cormophyta",NA,NA,NA,NA,NA,NA,NA,NA,"Reseda stricta Pers.","19076",NA,NA,NA,NA,NA,NA,NA,NA,NA,NA,NA,NA,NA,NA,NA,NA,NA,NA,NA
"3033610226","Reseda stricta Pers.",37.07,-2.07,"cdc,gass84,mdativ,colmano,inmafu","834f1756-f762-11e1-a439-00145eb45e9a","cb202839-87c6-456a-821c-dc5b268a200f","2a3f6a56-7591-4f05-8c4c-a1bb77aa4ea6","6c4a0bb0-2a4d-11d8-aa2d-b8a03c50a862","ES","EML","2026-04-18T01:36:55.261+00:00","2026-04-23T23:49:18.158+00:00",326,"PRESERVED_SPECIMEN",NA,"PRESENT",7275953,6,7707728,220,7225535,3110,3040250,7275953,7275953,"Reseda stricta Pers.","Plantae","Tracheophyta","Brassicales","Resedaceae","Reseda","Reseda stricta","Reseda","stricta","SPECIES","ACCEPTED",7369,NA,NA,"EUROPE","Almeria",1963,6,NA,"1963-06",NA,NA,NA,"2026-04-23T23:49:18.158+00:00","http://creativecommons.org/licenses/by-nc/4.0/legalcode",FALSE,"BCN 19150","none","none",FALSE,NA,"Col·lecció de Cormòfits de l'herbari BCN","Losa España, Taurino Mariano o Losa Quintana, José María","none","WGS84","Magnoliopsida","ES","none","none","EUROPE","Spain","EUROPE","BCN 19150","19150",NA,NA,"BCN","350","Río de Aguas, por la zona de Sorbas","3033610226",NA,"Corm","BCN 19150",NA,"Reseda stricta Pers.",NA,NA,NA,NA,"5db0342e-533f-461c-a97e-0ec9dc79a95c",NA,NA,NA,NA,"CRAI CeDocBiV - Universitat de Barcelona",NA,NA,NA,NA,NA,NA,NA,NA,NA,NA,NA,NA,"UB",NA,NA,NA,NA,NA,NA,NA,"ex BCF 44127",NA,"colinas yesosas",NA,NA,NA,NA,NA,NA,NA,NA,NA,NA,NA,NA,"BCN-Cormophyta",NA,NA,NA,NA,NA,NA,NA,NA,"Reseda stricta Pers.","19074",NA,NA,NA,NA,NA,NA,NA,NA,NA,NA,NA,NA,NA,NA,NA,NA,NA,NA,NA
"1936009585","Reseda stricta Pers.",40.0333,-3.59773,"cdc,gass84,inmano","834c9918-f762-11e1-a439-00145eb45e9a","0363cbd4-f666-455e-8e86-0bbddcf51950","2a3f6a56-7591-4f05-8c4c-a1bb77aa4ea6","6c4a0bb0-2a4d-11d8-aa2d-b8a03c50a862","ES","EML","2026-04-18T01:37:27.366+00:00","2026-04-24T05:19:41.446+00:00",423,"PRESERVED_SPECIMEN",NA,"PRESENT",7275953,6,7707728,220,7225535,3110,3040250,7275953,7275953,"Reseda stricta Pers.","Plantae","Tracheophyta","Brassicales","Resedaceae","Reseda","Reseda stricta","Reseda","stricta","SPECIES","ACCEPTED",NA,NA,NA,"EUROPE","Madrid",1960,5,NA,"1960-05",NA,NA,NA,"2026-04-24T05:19:41.446+00:00","http://creativecommons.org/licenses/by-nc/4.0/legalcode",FALSE,"343caa33-20fe-11e3-9e2e-000c29035824","none","none",FALSE,"834c9918-f762-11e1-a439-00145eb45e9a",NA,"Antonio Rodríguez","none","WGS84","Magnoliopsida","ES","none","none","EUROPE","Spain","EUROPE","343caa33-20fe-11e3-9e2e-000c29035824","MA-01-00200253","0363cbd4-f666-455e-8e86-0bbddcf51950",NA,"MA","429","Aranjuez","1936009585","es","MA","343caa33-20fe-11e3-9e2e-000c29035824","Collection","Reseda stricta Pers.",NA,NA,NA,NA,NA,NA,"J. Borja",NA,NA,NA,NA,NA,NA,NA,NA,NA,NA,NA,NA,NA,NA,NA,"MA",NA,NA,NA,NA,NA,NA,NA,"MA-200253-1",NA,NA,"00051960",NA,NA,NA,NA,NA,NA,NA,NA,NA,NA,NA,"MA",NA,NA,NA,"Identificación confirmada por E. Valdés Bermejo en 1991. Revisión para Flora Ibérica",NA,"17abcf75-2f1e-46dd-bf75-a5b21dd02655",NA,NA,NA,NA,NA,NA,NA,"7275953",NA,"a3e6c02f-20fe-11e3-9e2e-000c29035824",NA,NA,NA,NA,NA,NA,NA,NA,NA,NA,NA,NA,NA
"1936099630","Reseda stricta Pers.",40.3236,-3.5074,"cdc,gass84,inmano","834c9918-f762-11e1-a439-00145eb45e9a","0363cbd4-f666-455e-8e86-0bbddcf51950","2a3f6a56-7591-4f05-8c4c-a1bb77aa4ea6","6c4a0bb0-2a4d-11d8-aa2d-b8a03c50a862","ES","EML","2026-04-18T01:37:27.366+00:00","2026-04-24T05:19:57.748+00:00",423,"PRESERVED_SPECIMEN",NA,"PRESENT",7275953,6,7707728,220,7225535,3110,3040250,7275953,7275953,"Reseda stricta Pers.","Plantae","Tracheophyta","Brassicales","Resedaceae","Reseda","Reseda stricta","Reseda","stricta","SPECIES","ACCEPTED",NA,NA,NA,"EUROPE","Madrid",1959,5,25,"1959-05-25",145,145,NA,"2026-04-24T05:19:57.748+00:00","http://creativecommons.org/licenses/by-nc/4.0/legalcode",FALSE,"3d4b90ad-20fe-11e3-9e2e-000c29035824","none","none",FALSE,"834c9918-f762-11e1-a439-00145eb45e9a",NA,"Antonio Rodríguez","none","WGS84","Magnoliopsida","ES","none","none","EUROPE","Spain","EUROPE","3d4b90ad-20fe-11e3-9e2e-000c29035824","MA-01-00329703","0363cbd4-f666-455e-8e86-0bbddcf51950",NA,"MA","429","Vaciamadrid","1936099630","es","MA","3d4b90ad-20fe-11e3-9e2e-000c29035824","Collection","Reseda stricta Pers.",NA,NA,NA,NA,NA,NA,"Enrique Valdés Bermejo",NA,NA,NA,NA,NA,NA,NA,NA,NA,NA,NA,NA,NA,NA,NA,"MA",NA,NA,NA,NA,NA,NA,NA,"MA-329703-1",NA,NA,"25051959",NA,NA,NA,NA,NA,NA,NA,NA,NA,NA,"1991-09-01T00:00:00","MA",NA,NA,NA,"Revisión para Flora Ibérica",NA,"17abcf75-2f1e-46dd-bf75-a5b21dd02655",NA,NA,NA,NA,NA,NA,NA,"7275953",NA,"aefeda68-20fe-11e3-9e2e-000c29035824",NA,NA,NA,NA,NA,NA,NA,NA,NA,NA,NA,NA,NA
"1936100250","Reseda stricta Pers.",40.3236,-3.5074,"cdc,gass84,inmano","834c9918-f762-11e1-a439-00145eb45e9a","0363cbd4-f666-455e-8e86-0bbddcf51950","2a3f6a56-7591-4f05-8c4c-a1bb77aa4ea6","6c4a0bb0-2a4d-11d8-aa2d-b8a03c50a862","ES","EML","2026-04-18T01:37:27.366+00:00","2026-04-24T05:19:57.606+00:00",423,"PRESERVED_SPECIMEN",NA,"PRESENT",7275953,6,7707728,220,7225535,3110,3040250,7275953,7275953,"Reseda stricta Pers.","Plantae","Tracheophyta","Brassicales","Resedaceae","Reseda","Reseda stricta","Reseda","stricta","SPECIES","ACCEPTED",NA,NA,NA,"EUROPE","Madrid",1959,5,25,"1959-05-25",145,145,NA,"2026-04-24T05:19:57.606+00:00","http://creativecommons.org/licenses/by-nc/4.0/legalcode",FALSE,"3d4bb0a2-20fe-11e3-9e2e-000c29035824","none","none",FALSE,"834c9918-f762-11e1-a439-00145eb45e9a",NA,"Antonio Rodríguez","none","WGS84","Magnoliopsida","ES","none","none","EUROPE","Spain","EUROPE","3d4bb0a2-20fe-11e3-9e2e-000c29035824","MA-01-00329712","0363cbd4-f666-455e-8e86-0bbddcf51950",NA,"MA","429","Vaciamadrid","1936100250","es","MA","3d4bb0a2-20fe-11e3-9e2e-000c29035824","Collection","Reseda stricta Pers.",NA,NA,NA,NA,NA,NA,"Enrique Valdés Bermejo",NA,NA,NA,NA,NA,NA,NA,NA,NA,NA,NA,NA,NA,NA,NA,"MA",NA,NA,NA,NA,NA,NA,NA,"MA-329712-1",NA,NA,"25051959",NA,NA,NA,NA,NA,NA,NA,NA,NA,NA,"1991-09-01T00:00:00","MA",NA,NA,NA,"Revisión para Flora Ibérica",NA,"17abcf75-2f1e-46dd-bf75-a5b21dd02655",NA,NA,NA,NA,NA,NA,NA,"7275953",NA,"aefefeb0-20fe-11e3-9e2e-000c29035824",NA,NA,NA,NA,NA,NA,NA,NA,NA,NA,NA,NA,NA
"3033608232","Reseda stricta Pers.",37.11,-2.11,"cdc,gass84,mdativ,colmano,inmafu","834f1756-f762-11e1-a439-00145eb45e9a","cb202839-87c6-456a-821c-dc5b268a200f","2a3f6a56-7591-4f05-8c4c-a1bb77aa4ea6","6c4a0bb0-2a4d-11d8-aa2d-b8a03c50a862","ES","EML","2026-04-18T01:36:55.261+00:00","2026-04-23T23:47:12.166+00:00",326,"PRESERVED_SPECIMEN",NA,"PRESENT",7275953,6,7707728,220,7225535,3110,3040250,7275953,7275953,"Reseda stricta Pers.","Plantae","Tracheophyta","Brassicales","Resedaceae","Reseda","Reseda stricta","Reseda","stricta","SPECIES","ACCEPTED",7369,NA,NA,"EUROPE","Almeria",1959,5,NA,"1959-05",NA,NA,NA,"2026-04-23T23:47:12.166+00:00","http://creativecommons.org/licenses/by-nc/4.0/legalcode",FALSE,"BCN 19149","none","none",FALSE,NA,"Col·lecció de Cormòfits de l'herbari BCN","Losa España, Taurino Mariano o Losa Quintana, José María","none","WGS84","Magnoliopsida","ES","none","none","EUROPE","Spain","EUROPE","BCN 19149","19149",NA,NA,"BCN","350","por la parte de Sorbas","3033608232",NA,"Corm","BCN 19149",NA,"Reseda stricta Pers.",NA,NA,NA,NA,"5db0342e-533f-461c-a97e-0ec9dc79a95c",NA,NA,NA,NA,"CRAI CeDocBiV - Universitat de Barcelona",NA,NA,NA,NA,NA,NA,NA,NA,NA,NA,NA,NA,"UB",NA,NA,NA,NA,NA,NA,NA,"ex BCF 44126",NA,"colinas yesosas",NA,NA,NA,NA,NA,NA,NA,NA,NA,NA,NA,NA,"BCN-Cormophyta",NA,NA,NA,NA,NA,NA,NA,NA,"Reseda stricta Pers.","19073",NA,NA,NA,NA,NA,NA,NA,NA,NA,NA,NA,NA,NA,NA,NA,NA,NA,NA,NA
"4530863099","Reseda stricta Pers.",41.475051,0.305345,"cdc,cdround,cdpi,inmano","a4b7c71e-fc73-434e-a008-d63c222179d0","7b4f2f30-a456-11d9-8049-b8a03c50a862","2a3f6a56-7591-4f05-8c4c-a1bb77aa4ea6","6c4a0bb0-2a4d-11d8-aa2d-b8a03c50a862","ES","EML","2026-04-17T15:02:28.711+00:00","2026-04-24T02:24:26.303+00:00",415,"PRESERVED_SPECIMEN",NA,"PRESENT",7275953,6,7707728,220,7225535,3110,3040250,7275953,7275953,"Reseda stricta Pers.","Plantae","Tracheophyta","Brassicales","Resedaceae","Reseda","Reseda stricta","Reseda","stricta","SPECIES","ACCEPTED",NA,NA,NA,"EUROPE",NA,1958,5,25,"1958-05-25",145,145,"2024-01-08T00:00:00.000+00:00","2026-04-24T02:24:26.303+00:00","http://creativecommons.org/licenses/by-nc/4.0/legalcode",FALSE,"BDBC-C.2211.0.71343.21729","none","none",TRUE,"doi:10.15470/fzwiiu","FloraCAT: Banco de datos de los cormófitos de Cataluña","F. Masclans, BC-931378, * 3","none","WGS84","Magnoliopsida","ES","none","none","EUROPE","Spain","EUROPE","BDBC-C.2211.0.71343.21729","BC-931378",NA,NA,"BDBC","421","Massalcoreig [ESP, LLEIDA: Massalcoreig]","4530863099","es","BDBC-Floracat","BDBC-C.2211.0.71343.21729","Dataset","Reseda stricta Pers.","BDBC",NA,"original",NA,NA,NA,"F. Masclans",NA,NA,"Generalitat de Catalunya",NA,NA,NA,NA,NA,NA,NA,NA,NA,NA,NA,"C000935",NA,NA,NA,"Institut BotÃ nic de Barcelona. (2018). Plecs Herbari BC. Institut BotÃ nic de Barcelona",NA,NA,NA,NA,NA,NA,NA,NA,NA,NA,NA,NA,NA,NA,NA,NA,NA,NA,NA,NA,NA,NA,NA,NA,NA,NA,NA,NA,NA,NA,"Catalonia","UTM","{""percentNN"":0.9779,""countNN"":354,""distanceNN"":0.09}","C016611","Reseda erecta Lag.",NA,NA,NA,NA,NA,NA,NA,NA,NA,NA,NA,NA,NA,NA
"4529399634","Reseda stricta Pers.",41.665287,0.777849,"cdc,cdround,cdpi,inmano","a4b7c71e-fc73-434e-a008-d63c222179d0","7b4f2f30-a456-11d9-8049-b8a03c50a862","2a3f6a56-7591-4f05-8c4c-a1bb77aa4ea6","6c4a0bb0-2a4d-11d8-aa2d-b8a03c50a862","ES","EML","2026-04-17T15:02:28.711+00:00","2026-04-24T02:24:16.048+00:00",415,"PRESERVED_SPECIMEN",NA,"PRESENT",7275953,6,7707728,220,7225535,3110,3040250,7275953,7275953,"Reseda stricta Pers.","Plantae","Tracheophyta","Brassicales","Resedaceae","Reseda","Reseda stricta","Reseda","stricta","SPECIES","ACCEPTED",NA,NA,NA,"EUROPE",NA,1958,6,15,"1958-06-15",166,166,"2024-01-08T00:00:00.000+00:00","2026-04-24T02:24:16.048+00:00","http://creativecommons.org/licenses/by-nc/4.0/legalcode",FALSE,"BDBC-C.2211.0.71342.21728","none","none",FALSE,"doi:10.15470/fzwiiu","FloraCAT: Banco de datos de los cormófitos de Cataluña","O. de BolÃ²s & F. Masclans, BC-931377, * 3","none","WGS84","Magnoliopsida","ES","none","none","EUROPE","Spain","EUROPE","BDBC-C.2211.0.71342.21728","BC-931377",NA,NA,"BDBC","421","Entre Bell-lloc d'Urgell i Sidamon [ESP, LLEIDA: Entre Bell-lloc d'Urgell i Sidamon]","4529399634","es","BDBC-Floracat","BDBC-C.2211.0.71342.21728","Dataset","Reseda stricta Pers.","BDBC",NA,"original",NA,NA,NA,"O. de BolÃ²s & F. Masclans",NA,NA,"Generalitat de Catalunya",NA,NA,NA,NA,NA,NA,NA,NA,NA,NA,NA,"C000935",NA,NA,NA,"Institut BotÃ nic de Barcelona. (2018). Plecs Herbari BC. Institut BotÃ nic de Barcelona",NA,NA,NA,NA,NA,NA,NA,NA,NA,NA,NA,NA,NA,NA,NA,NA,NA,NA,NA,NA,NA,NA,NA,NA,NA,NA,NA,NA,NA,NA,"Catalonia","UTM","{""percentNN"":0.9779,""countNN"":354,""distanceNN"":0.09}","C016611","Reseda erecta Lag.",NA,NA,NA,NA,NA,NA,NA,NA,NA,NA,NA,NA,NA,NA
"1851390485","Reseda stricta Pers.",40.42,-3.53,"cdc,gass84,mdativ,osiic,colmafu,inmafu","7b74be32-f762-11e1-a439-00145eb45e9a","730cd32c-627f-44a8-9d93-fcfb23ade969","2a3f6a56-7591-4f05-8c4c-a1bb77aa4ea6","6c4a0bb0-2a4d-11d8-aa2d-b8a03c50a862","ES","EML","2026-04-17T20:40:41.625+00:00","2026-04-29T14:09:12.216+00:00",434,"PRESERVED_SPECIMEN",1,"PRESENT",7275953,6,7707728,220,7225535,3110,3040250,7275953,7275953,"Reseda stricta Pers.","Plantae","Tracheophyta","Brassicales","Resedaceae","Reseda","Reseda stricta","Reseda","stricta","SPECIES","ACCEPTED",7071,NA,NA,"EUROPE","Madrid",1955,6,9,"1955-06-09",160,160,NA,"2026-04-29T14:09:12.216+00:00","http://creativecommons.org/licenses/by-nc/4.0/legalcode",FALSE,"C303EC6A-EAF7-434C-9216-00541929E81D","none","none",FALSE,"doi:10.15470/j3rugb","Colección de plantas vasculares del Herbario Jaime Andrés Rodríguez. LEB","Bellot, Monasterio & A.Rodríguez","none","WGS84","Magnoliopsida","ES","none","none","EUROPE","Spain","EUROPE","C303EC6A-EAF7-434C-9216-00541929E81D","30871-1",NA,NA,"LEB","440","Vaciamadrid","1851390485","ES","LEB","C303EC6A-EAF7-434C-9216-00541929E81D","PhysicalObject","Reseda stricta Pers.",NA,NA,NA,NA,"2af539a2-4f55-473c-9ad2-9ee7b20cb63a","1ba310c1-85e9-4c21-810b-09b5da025e80",NA,"Pliego",NA,NA,NA,NA,NA,NA,NA,NA,NA,NA,NA,NA,"in collection",NA,NA,NA,NA,NA,NA,NA,NA,NA,NA,NA,NA,"09-06-1955",NA,NA,NA,NA,NA,NA,NA,NA,NA,NA,NA,"LEB",NA,NA,NA,NA,NA,NA,NA,NA,NA,NA,NA,NA,NA,NA,NA,NA,NA,NA,NA,NA,NA,NA,NA,NA,NA,NA,NA,NA,NA
"3033613238","Reseda stricta Pers.",37.1,-3.69,"cdc,gass84,mdativ,colmano,inmafu","834f1756-f762-11e1-a439-00145eb45e9a","cb202839-87c6-456a-821c-dc5b268a200f","2a3f6a56-7591-4f05-8c4c-a1bb77aa4ea6","6c4a0bb0-2a4d-11d8-aa2d-b8a03c50a862","ES","EML","2026-04-18T01:36:55.261+00:00","2026-04-23T23:49:27.490+00:00",326,"PRESERVED_SPECIMEN",NA,"PRESENT",7275953,6,7707728,220,7225535,3110,3040250,7275953,7275953,"Reseda stricta Pers.","Plantae","Tracheophyta","Brassicales","Resedaceae","Reseda","Reseda stricta","Reseda","stricta","SPECIES","ACCEPTED",1265,NA,NA,"EUROPE","Granada",1949,11,13,"1949-11-13",317,317,NA,"2026-04-23T23:49:27.490+00:00","http://creativecommons.org/licenses/by-nc/4.0/legalcode",FALSE,"BCN 19148","none","none",FALSE,NA,"Col·lecció de Cormòfits de l'herbari BCN","Muñoz Medina, J.","none","WGS84","Magnoliopsida","ES","none","none","EUROPE","Spain","EUROPE","BCN 19148","19148",NA,NA,"BCN","350","Montevive","3033613238",NA,"Corm","BCN 19148",NA,"Reseda stricta Pers.",NA,NA,NA,NA,"5db0342e-533f-461c-a97e-0ec9dc79a95c",NA,NA,NA,NA,"CRAI CeDocBiV - Universitat de Barcelona",NA,NA,NA,NA,NA,NA,NA,NA,NA,NA,NA,NA,"UB",NA,NA,NA,NA,NA,NA,NA,"ex BCF 44125",NA,"terrenos yesosos",NA,NA,NA,NA,NA,NA,NA,NA,NA,NA,NA,NA,"BCN-Cormophyta",NA,NA,NA,NA,NA,NA,NA,NA,"Reseda stricta Pers.","19072",NA,NA,NA,NA,NA,NA,NA,NA,NA,NA,NA,NA,NA,NA,NA,NA,NA,NA,NA
"3033648086","Reseda stricta Pers.",37.1,-3.69,"cdc,gass84,mdativ,colmano,inmafu","834f1756-f762-11e1-a439-00145eb45e9a","cb202839-87c6-456a-821c-dc5b268a200f","2a3f6a56-7591-4f05-8c4c-a1bb77aa4ea6","6c4a0bb0-2a4d-11d8-aa2d-b8a03c50a862","ES","EML","2026-04-18T01:36:55.261+00:00","2026-04-23T23:49:36.736+00:00",326,"PRESERVED_SPECIMEN",NA,"PRESENT",7275953,6,7707728,220,7225535,3110,3040250,7275953,7275953,"Reseda stricta Pers.","Plantae","Tracheophyta","Brassicales","Resedaceae","Reseda","Reseda stricta","Reseda","stricta","SPECIES","ACCEPTED",1265,NA,NA,"EUROPE","Granada",1949,11,13,"1949-11-13",317,317,NA,"2026-04-23T23:49:36.736+00:00","http://creativecommons.org/licenses/by-nc/4.0/legalcode",FALSE,"BCN 100904","none","none",FALSE,NA,"Col·lecció de Cormòfits de l'herbari BCN","Muñoz Medina, J.","none","WGS84","Magnoliopsida","ES","none","none","EUROPE","Spain","EUROPE","BCN 100904","100904",NA,NA,"BCN","350","Montevive","3033648086",NA,"Corm","BCN 100904",NA,"Reseda stricta Pers.",NA,NA,NA,NA,"5db0342e-533f-461c-a97e-0ec9dc79a95c",NA,NA,NA,NA,"CRAI CeDocBiV - Universitat de Barcelona",NA,NA,NA,NA,NA,NA,NA,NA,NA,NA,NA,NA,"UB",NA,NA,NA,NA,NA,NA,NA,"ex BCC",NA,"terrenos yesosos",NA,NA,NA,NA,NA,NA,NA,NA,NA,NA,NA,NA,"BCN-Cormophyta",NA,NA,NA,NA,NA,NA,NA,NA,"Reseda stricta Pers.","97036",NA,NA,NA,NA,NA,NA,NA,NA,NA,NA,NA,NA,NA,NA,NA,NA,NA,NA,NA
"3033611241","Reseda stricta Pers.",41.93,0.29,"cdc,gass84,mdativ,colmano,inmafu","834f1756-f762-11e1-a439-00145eb45e9a","cb202839-87c6-456a-821c-dc5b268a200f","2a3f6a56-7591-4f05-8c4c-a1bb77aa4ea6","6c4a0bb0-2a4d-11d8-aa2d-b8a03c50a862","ES","EML","2026-04-18T01:36:55.261+00:00","2026-04-23T23:48:49.560+00:00",326,"PRESERVED_SPECIMEN",NA,"PRESENT",7275953,6,7707728,220,7225535,3110,3040250,7275953,7275953,"Reseda stricta Pers.","Plantae","Tracheophyta","Brassicales","Resedaceae","Reseda","Reseda stricta","Reseda","stricta","SPECIES","ACCEPTED",7071,NA,NA,"EUROPE","Osca",1948,5,NA,"1948-05",NA,NA,NA,"2026-04-23T23:48:49.560+00:00","http://creativecommons.org/licenses/by-nc/4.0/legalcode",FALSE,"BCN 19160","none","none",FALSE,NA,"Col·lecció de Cormòfits de l'herbari BCN","Losa España, Taurino Mariano o Losa Quintana, José María","none","WGS84","Magnoliopsida","ES","none","none","EUROPE","Spain","EUROPE","BCN 19160","19160",NA,NA,"BCN","350","San Esteban de Litera","3033611241",NA,"Corm","BCN 19160",NA,"Reseda stricta Pers.",NA,NA,NA,NA,"5db0342e-533f-461c-a97e-0ec9dc79a95c",NA,NA,NA,NA,"CRAI CeDocBiV - Universitat de Barcelona",NA,NA,NA,NA,NA,NA,NA,NA,NA,NA,NA,NA,"UB",NA,NA,NA,NA,NA,NA,NA,"ex BCF 44130",NA,"colinas yesosas",NA,NA,NA,NA,NA,NA,NA,NA,NA,NA,NA,NA,"BCN-Cormophyta",NA,NA,NA,NA,NA,NA,NA,NA,"Reseda erecta Lag.","19084",NA,NA,NA,NA,NA,NA,NA,NA,NA,NA,NA,NA,NA,NA,NA,NA,NA,NA,NA
"3033684240","Reseda stricta Pers.",42.07,0.91,"cdc,gass84,mdativ,colmano,inmafu","834f1756-f762-11e1-a439-00145eb45e9a","cb202839-87c6-456a-821c-dc5b268a200f","2a3f6a56-7591-4f05-8c4c-a1bb77aa4ea6","6c4a0bb0-2a4d-11d8-aa2d-b8a03c50a862","ES","EML","2026-04-18T01:36:55.261+00:00","2026-04-23T23:49:26.979+00:00",326,"PRESERVED_SPECIMEN",NA,"PRESENT",7275953,6,7707728,220,7225535,3110,3040250,7275953,7275953,"Reseda stricta Pers.","Plantae","Tracheophyta","Brassicales","Resedaceae","Reseda","Reseda stricta","Reseda","stricta","SPECIES","ACCEPTED",84415,NA,NA,"EUROPE","Lleida",1948,5,NA,"1948-05",NA,NA,NA,"2026-04-23T23:49:26.979+00:00","http://creativecommons.org/licenses/by-nc/4.0/legalcode",FALSE,"BCN 19159","none","none",FALSE,NA,"Col·lecció de Cormòfits de l'herbari BCN","Casellas Fàbregas, Joaquim","none","WGS84","Magnoliopsida","ES","none","none","EUROPE","Spain","EUROPE","BCN 19159","19159",NA,NA,"BCN","350","Lleida","3033684240",NA,"Corm","BCN 19159",NA,"Reseda stricta Pers.",NA,NA,NA,NA,"5db0342e-533f-461c-a97e-0ec9dc79a95c",NA,NA,NA,NA,"CRAI CeDocBiV - Universitat de Barcelona",NA,NA,NA,NA,NA,NA,NA,NA,NA,NA,NA,NA,"UB",NA,NA,NA,NA,NA,NA,"none","ex BCF 44128",NA,NA,NA,NA,NA,NA,NA,NA,NA,NA,NA,NA,NA,NA,"BCN-Cormophyta",NA,NA,NA,NA,NA,NA,NA,NA,"Reseda erecta Lag.","19083",NA,NA,NA,NA,NA,NA,NA,NA,NA,NA,NA,NA,NA,NA,NA,NA,NA,NA,NA
"1851337485","Reseda stricta Pers.",40.15,-3.65,"cdc,gass84,mdativ,osiic,colmafu,inmafu","7b74be32-f762-11e1-a439-00145eb45e9a","730cd32c-627f-44a8-9d93-fcfb23ade969","2a3f6a56-7591-4f05-8c4c-a1bb77aa4ea6","6c4a0bb0-2a4d-11d8-aa2d-b8a03c50a862","ES","EML","2026-04-17T20:40:41.625+00:00","2026-04-29T14:08:56.004+00:00",434,"PRESERVED_SPECIMEN",1,"PRESENT",7275953,6,7707728,220,7225535,3110,3040250,7275953,7275953,"Reseda stricta Pers.","Plantae","Tracheophyta","Brassicales","Resedaceae","Reseda","Reseda stricta","Reseda","stricta","SPECIES","ACCEPTED",7071,NA,NA,"EUROPE","Madrid",1943,10,12,"1943-10-12",285,285,NA,"2026-04-29T14:08:56.004+00:00","http://creativecommons.org/licenses/by-nc/4.0/legalcode",FALSE,"32EA8DB6-BF32-4315-B8E2-757152B5EFAA","none","none",FALSE,"doi:10.15470/j3rugb","Colección de plantas vasculares del Herbario Jaime Andrés Rodríguez. LEB","J.Borja","none","WGS84","Magnoliopsida","ES","none","none","EUROPE","Spain","EUROPE","32EA8DB6-BF32-4315-B8E2-757152B5EFAA","12230-1",NA,NA,"LEB","440","Valle de Valdemoro","1851337485","ES","LEB","32EA8DB6-BF32-4315-B8E2-757152B5EFAA","PhysicalObject","Reseda stricta Pers.",NA,NA,NA,NA,"2af539a2-4f55-473c-9ad2-9ee7b20cb63a","1ba310c1-85e9-4c21-810b-09b5da025e80",NA,"Pliego",NA,NA,NA,NA,NA,NA,NA,NA,NA,NA,NA,NA,"in collection",NA,NA,NA,NA,NA,NA,NA,NA,NA,NA,NA,NA,"12-10-1943",NA,NA,NA,NA,NA,NA,NA,NA,NA,NA,NA,"LEB",NA,NA,NA,NA,NA,NA,NA,NA,NA,NA,NA,NA,NA,NA,NA,NA,NA,NA,NA,NA,NA,NA,NA,NA,NA,NA,NA,NA,NA
"1842906180","Reseda stricta Pers.",34.64,-3.8205,"gass84,inmano","838475f4-f762-11e1-a439-00145eb45e9a","6f3ccc65-0a54-4e65-ae7e-13b92d618e7c","2a3f6a56-7591-4f05-8c4c-a1bb77aa4ea6","6c4a0bb0-2a4d-11d8-aa2d-b8a03c50a862","ES","EML","2026-05-14T18:31:27.870+00:00","2026-05-19T13:30:14.101+00:00",396,"PRESERVED_SPECIMEN",NA,"PRESENT",7275953,6,7707728,220,7225535,3110,3040250,7275953,7275953,"Reseda stricta Pers.","Plantae","Tracheophyta","Brassicales","Resedaceae","Reseda","Reseda stricta","Reseda","stricta","SPECIES","ACCEPTED",5000,1000,0,"AFRICA","TAZA - AL HOCEIMA - TAOUNATE",1934,5,28,"1934-05-28",148,148,"2018-11-23T00:00:00.000+00:00","2026-05-19T13:30:14.101+00:00","http://creativecommons.org/licenses/by-nc/4.0/legalcode",FALSE,"bb8fe85f-b3dc-4fee-9016-f12bce32d57e","none","none",FALSE,NA,"Institut Botànic de Barcelona (CSIC-CMCNB) – BC","Sennen & hno. Mauricio","none","WGS84","Magnoliopsida","MA","none","none","AFRICA","Morocco","EUROPE","bb8fe85f-b3dc-4fee-9016-f12bce32d57e","BC-81179","6f3ccc65-0a54-4e65-ae7e-13b92d618e7c",NA,"BC","410","Gueznaia, Bu-Ilma","1842906180",NA,"BC","bb8fe85f-b3dc-4fee-9016-f12bce32d57e",NA,"Reseda stricta Pers.",NA,NA,NA,NA,NA,NA,"B. Valdés","Herbarium specimen",NA,NA,NA,NA,NA,NA,NA,NA,NA,NA,NA,NA,NA,NA,NA,NA,NA,NA,NA,NA,NA,NA,NA,NA,NA,"28/05/1934",NA,NA,NA,NA,NA,NA,NA,NA,"9247",NA,NA,"BC",NA,NA,"1934. PLANTES D'ESPAGNE. F. SENNEN","Last label. Date Identified: 11-1995",NA,NA,NA,NA,NA,NA,NA,NA,NA,NA,NA,NA,NA,NA,NA,NA,NA,NA,NA,NA,NA,NA,NA,NA,NA
"1842856028","Reseda stricta Pers.",35.2915,-3.0048,"gass84,mdativ,rdativ,inmano","838475f4-f762-11e1-a439-00145eb45e9a","6f3ccc65-0a54-4e65-ae7e-13b92d618e7c","2a3f6a56-7591-4f05-8c4c-a1bb77aa4ea6","6c4a0bb0-2a4d-11d8-aa2d-b8a03c50a862","ES","EML","2026-05-14T18:31:27.870+00:00","2026-05-19T13:30:12.291+00:00",396,"PRESERVED_SPECIMEN",NA,"PRESENT",7275953,6,7707728,220,7225535,3110,3040250,7275953,7275953,"Reseda stricta Pers.","Plantae","Tracheophyta","Brassicales","Resedaceae","Reseda","Reseda stricta","Reseda","stricta","SPECIES","ACCEPTED",840,NA,NA,"AFRICA","Oriental",1931,5,10,"1931-05-10",130,130,NA,"2026-05-19T13:30:12.291+00:00","http://creativecommons.org/licenses/by-nc/4.0/legalcode",FALSE,"376c9d16-cdda-4787-8b70-894a9752784b","none","none",FALSE,NA,"Institut Botànic de Barcelona (CSIC-CMCNB) – BC","Sennen & hno. Mauricio","none","WGS84","Magnoliopsida","MA","none","none","AFRICA","Morocco","EUROPE","376c9d16-cdda-4787-8b70-894a9752784b","BC-119334","6f3ccc65-0a54-4e65-ae7e-13b92d618e7c",NA,"BC","410","Melilla, Hidum","1842856028",NA,"BC","376c9d16-cdda-4787-8b70-894a9752784b",NA,"Reseda stricta Pers.",NA,NA,NA,NA,NA,NA,"B. Valdés","Herbarium specimen",NA,NA,NA,NA,NA,NA,NA,NA,NA,NA,NA,NA,NA,NA,NA,NA,NA,NA,NA,NA,NA,NA,NA,NA,"coteaux calcaires","10/05/1931",NA,NA,NA,NA,NA,NA,NA,NA,"7782",NA,NA,"BC",NA,NA,"1931. PLANTES D'ESPAGNE. F. SENNEN","Last label. Date Identified: 11-1995",NA,NA,NA,NA,NA,NA,NA,NA,NA,NA,NA,NA,NA,NA,NA,NA,NA,NA,NA,NA,NA,NA,NA,NA,NA
"1842877632","Reseda stricta Pers.",35.7685,-0.8002,"gass84,mdativ,inmano","838475f4-f762-11e1-a439-00145eb45e9a","6f3ccc65-0a54-4e65-ae7e-13b92d618e7c","2a3f6a56-7591-4f05-8c4c-a1bb77aa4ea6","6c4a0bb0-2a4d-11d8-aa2d-b8a03c50a862","ES","EML","2026-05-14T18:31:27.870+00:00","2026-05-19T13:30:13.008+00:00",396,"PRESERVED_SPECIMEN",NA,"PRESENT",7275953,6,7707728,220,7225535,3110,3040250,7275953,7275953,"Reseda stricta Pers.","Plantae","Tracheophyta","Brassicales","Resedaceae","Reseda","Reseda stricta","Reseda","stricta","SPECIES","ACCEPTED",1000,NA,NA,"AFRICA","Oran",1930,5,20,"1930-05-20",140,140,NA,"2026-05-19T13:30:13.008+00:00","http://creativecommons.org/licenses/by-nc/4.0/legalcode",FALSE,"7f778c32-4c24-4ca6-b13e-d2c03ca1ec06","none","none",TRUE,NA,"Institut Botànic de Barcelona (CSIC-CMCNB) – BC","R. le Cesve","none","WGS84","Magnoliopsida","DZ","none","none","AFRICA","Algeria","EUROPE","7f778c32-4c24-4ca6-b13e-d2c03ca1ec06","BC-5948","6f3ccc65-0a54-4e65-ae7e-13b92d618e7c",NA,"BC","410","Aïn el Turk, Cap Falcon","1842877632",NA,"BC","7f778c32-4c24-4ca6-b13e-d2c03ca1ec06",NA,"Reseda stricta Pers.",NA,NA,NA,NA,NA,NA,"B. Valdés","Herbarium specimen",NA,NA,NA,NA,NA,NA,NA,NA,NA,NA,NA,NA,NA,NA,NA,NA,NA,NA,NA,NA,NA,NA,NA,NA,"broussailles","20/05/1930",NA,NA,NA,NA,NA,NA,NA,NA,"6082",NA,NA,"BC",NA,NA,"SOCIÉTÉ FRANÇAISE, 1930 EXSICC. CH. DUFFOUR","Last label. Date Identified: 00-1995",NA,NA,NA,NA,NA,NA,NA,NA,NA,NA,NA,NA,NA,NA,NA,NA,NA,NA,NA,NA,NA,NA,NA,NA,NA
"1842911796","Reseda stricta Pers.",35.2915,-3.0048,"gass84,mdativ,rdativ,inmano","838475f4-f762-11e1-a439-00145eb45e9a","6f3ccc65-0a54-4e65-ae7e-13b92d618e7c","2a3f6a56-7591-4f05-8c4c-a1bb77aa4ea6","6c4a0bb0-2a4d-11d8-aa2d-b8a03c50a862","ES","EML","2026-05-14T18:31:27.870+00:00","2026-05-19T13:30:14.337+00:00",396,"PRESERVED_SPECIMEN",NA,"PRESENT",7275953,6,7707728,220,7225535,3110,3040250,7275953,7275953,"Reseda stricta Pers.","Plantae","Tracheophyta","Brassicales","Resedaceae","Reseda","Reseda stricta","Reseda","stricta","SPECIES","ACCEPTED",840,NA,NA,"AFRICA","Oriental",1930,7,1,"1930-07-01",182,182,NA,"2026-05-19T13:30:14.337+00:00","http://creativecommons.org/licenses/by-nc/4.0/legalcode",FALSE,"f8e51ddf-6a59-4b09-beeb-fea10e311d47","none","none",FALSE,NA,"Institut Botànic de Barcelona (CSIC-CMCNB) – BC","Sennen & hno. Mauricio","none","WGS84","Magnoliopsida","MA","none","none","AFRICA","Morocco","EUROPE","f8e51ddf-6a59-4b09-beeb-fea10e311d47","BC-119344","6f3ccc65-0a54-4e65-ae7e-13b92d618e7c",NA,"BC","410","Melilla, Hidum","1842911796",NA,"BC","f8e51ddf-6a59-4b09-beeb-fea10e311d47",NA,"Reseda stricta Pers.",NA,NA,NA,NA,NA,NA,"B. Valdés","Herbarium specimen",NA,NA,NA,NA,NA,NA,NA,NA,NA,NA,NA,NA,NA,NA,NA,NA,NA,NA,NA,NA,NA,NA,NA,NA,"coteaux argileux","01/07/1930",NA,NA,NA,NA,NA,NA,NA,NA,NA,NA,NA,"BC",NA,NA,"PLANTES DU MAROC","Last label. Date Identified: 00-1995",NA,NA,NA,NA,NA,NA,NA,NA,NA,NA,NA,NA,NA,NA,NA,NA,NA,NA,NA,NA,NA,NA,NA,NA,NA
"3033716046","Reseda stricta Pers.",39.99,-3.56,"cdc,gass84,mdativ,colmano,inmafu","834f1756-f762-11e1-a439-00145eb45e9a","cb202839-87c6-456a-821c-dc5b268a200f","2a3f6a56-7591-4f05-8c4c-a1bb77aa4ea6","6c4a0bb0-2a4d-11d8-aa2d-b8a03c50a862","ES","EML","2026-04-18T01:36:55.261+00:00","2026-04-23T23:48:56.828+00:00",326,"PRESERVED_SPECIMEN",NA,"PRESENT",7275953,6,7707728,220,7225535,3110,3040250,7275953,7275953,"Reseda stricta Pers.","Plantae","Tracheophyta","Brassicales","Resedaceae","Reseda","Reseda stricta","Reseda","stricta","SPECIES","ACCEPTED",7334,NA,NA,"EUROPE","Toledo",1924,5,26,"1924-05-26",147,147,NA,"2026-04-23T23:48:56.828+00:00","http://creativecommons.org/licenses/by-nc/4.0/legalcode",FALSE,"BCN 100911","none","none",FALSE,NA,"Col·lecció de Cormòfits de l'herbari BCN","Font i Quer, Pius & Gros Miquel, Enric","none","WGS84","Magnoliopsida","ES","none","none","EUROPE","Spain","EUROPE","BCN 100911","100911",NA,NA,"BCN","350","Toledo: Ontígola","3033716046",NA,"Corm","BCN 100911",NA,"Reseda stricta Pers.",NA,NA,NA,NA,"5db0342e-533f-461c-a97e-0ec9dc79a95c",NA,NA,NA,NA,"CRAI CeDocBiV - Universitat de Barcelona",NA,NA,NA,NA,NA,NA,NA,NA,NA,NA,NA,NA,"UB",NA,NA,NA,NA,NA,NA,NA,NA,NA,NA,NA,NA,NA,NA,NA,NA,NA,NA,NA,NA,NA,NA,"BCN-Cormophyta",NA,NA,NA,NA,NA,NA,NA,NA,"Reseda stricta Pers.","97043",NA,NA,NA,NA,NA,NA,NA,NA,NA,NA,NA,NA,NA,NA,NA,NA,NA,NA,NA
"1842862817","Reseda stricta Pers.",35.7192,-0.6017,"gass84,mdativ,inmano","838475f4-f762-11e1-a439-00145eb45e9a","6f3ccc65-0a54-4e65-ae7e-13b92d618e7c","2a3f6a56-7591-4f05-8c4c-a1bb77aa4ea6","6c4a0bb0-2a4d-11d8-aa2d-b8a03c50a862","ES","EML","2026-05-14T18:31:27.870+00:00","2026-05-19T13:30:11.597+00:00",396,"PRESERVED_SPECIMEN",NA,"PRESENT",7275953,6,7707728,220,7225535,3110,3040250,7275953,7275953,"Reseda stricta Pers.","Plantae","Tracheophyta","Brassicales","Resedaceae","Reseda","Reseda stricta","Reseda","stricta","SPECIES","ACCEPTED",1500,NA,NA,"AFRICA","Oran",1921,4,NA,"1921-04",NA,NA,NA,"2026-05-19T13:30:11.597+00:00","http://creativecommons.org/licenses/by-nc/4.0/legalcode",FALSE,"4a2538e9-02dc-4051-b490-c3fe581c1e66","none","none",FALSE,NA,"Institut Botànic de Barcelona (CSIC-CMCNB) – BC",NA,"none","WGS84","Magnoliopsida","DZ","none","none","AFRICA","Algeria","EUROPE","4a2538e9-02dc-4051-b490-c3fe581c1e66","BC-119340","6f3ccc65-0a54-4e65-ae7e-13b92d618e7c",NA,"BC","410","Batterie Espagnole","1842862817",NA,"BC","4a2538e9-02dc-4051-b490-c3fe581c1e66",NA,"Reseda stricta Pers.",NA,NA,NA,NA,NA,NA,"B. Valdés","Herbarium specimen",NA,NA,NA,NA,NA,NA,NA,NA,NA,NA,NA,NA,NA,NA,NA,NA,NA,NA,NA,NA,NA,NA,NA,NA,"Broussailles","00/04/1921",NA,NA,NA,NA,NA,NA,NA,NA,NA,NA,NA,"BC",NA,NA,"CH. D'ALLEIZETTE PLANTES D'ALGÉRIE","Last label",NA,NA,NA,NA,NA,NA,NA,NA,NA,NA,NA,NA,NA,NA,NA,NA,NA,NA,NA,NA,NA,NA,NA,NA,NA
"1935912273","Reseda stricta Pers.",40.0333,-3.59773,"cdc,gass84,inmano","834c9918-f762-11e1-a439-00145eb45e9a","0363cbd4-f666-455e-8e86-0bbddcf51950","2a3f6a56-7591-4f05-8c4c-a1bb77aa4ea6","6c4a0bb0-2a4d-11d8-aa2d-b8a03c50a862","ES","EML","2026-04-18T01:37:27.366+00:00","2026-04-24T05:19:26.614+00:00",423,"PRESERVED_SPECIMEN",NA,"PRESENT",7275953,6,7707728,220,7225535,3110,3040250,7275953,7275953,"Reseda stricta Pers.","Plantae","Tracheophyta","Brassicales","Resedaceae","Reseda","Reseda stricta","Reseda","stricta","SPECIES","ACCEPTED",NA,NA,NA,"EUROPE","Madrid",1919,5,25,"1919-05-25",145,145,NA,"2026-04-24T05:19:26.614+00:00","http://creativecommons.org/licenses/by-nc/4.0/legalcode",FALSE,"2ad3ee04-20fe-11e3-9e2e-000c29035824","none","none",FALSE,"834c9918-f762-11e1-a439-00145eb45e9a",NA,"Carlos Vicioso Martínez","none","WGS84","Magnoliopsida","ES","none","none","EUROPE","Spain","EUROPE","2ad3ee04-20fe-11e3-9e2e-000c29035824","MA-01-00050723","0363cbd4-f666-455e-8e86-0bbddcf51950",NA,"MA","429","Aranjuez","1935912273","es","MA","2ad3ee04-20fe-11e3-9e2e-000c29035824","Collection","Reseda stricta Pers.",NA,NA,NA,NA,NA,NA,"Carlos Vicioso Martínez",NA,NA,NA,NA,NA,NA,NA,NA,NA,NA,NA,NA,NA,NA,NA,"MA",NA,NA,NA,NA,NA,NA,NA,"MA-50723-1",NA,"in collibus gypsaceis","25051919",NA,NA,NA,NA,NA,NA,NA,NA,NA,NA,NA,"MA",NA,NA,NA,"Identificación confirmada por E. Valdés Bermejo en 1991. Revisión para Flora Ibérica",NA,"17abcf75-2f1e-46dd-bf75-a5b21dd02655",NA,NA,NA,NA,NA,NA,NA,"7275953",NA,"9a821aca-20fe-11e3-9e2e-000c29035824",NA,NA,NA,NA,NA,NA,NA,NA,NA,NA,NA,NA,NA
"1935912952","Reseda stricta Pers.",40.1063,-3.7053,"cdc,gass84,inmano","834c9918-f762-11e1-a439-00145eb45e9a","0363cbd4-f666-455e-8e86-0bbddcf51950","2a3f6a56-7591-4f05-8c4c-a1bb77aa4ea6","6c4a0bb0-2a4d-11d8-aa2d-b8a03c50a862","ES","EML","2026-04-18T01:37:27.366+00:00","2026-04-24T05:19:26.689+00:00",423,"PRESERVED_SPECIMEN",NA,"PRESENT",7275953,6,7707728,220,7225535,3110,3040250,7275953,7275953,"Reseda stricta Pers.","Plantae","Tracheophyta","Brassicales","Resedaceae","Reseda","Reseda stricta","Reseda","stricta","SPECIES","ACCEPTED",NA,NA,NA,"EUROPE","Madrid",1915,5,NA,"1915-05",NA,NA,NA,"2026-04-24T05:19:26.689+00:00","http://creativecommons.org/licenses/by-nc/4.0/legalcode",FALSE,"2ad41286-20fe-11e3-9e2e-000c29035824","none","none",FALSE,"834c9918-f762-11e1-a439-00145eb45e9a",NA,"Carlos Vicioso Martínez","none","WGS84","Magnoliopsida","ES","none","none","EUROPE","Spain","EUROPE","2ad41286-20fe-11e3-9e2e-000c29035824","MA-01-00050739","0363cbd4-f666-455e-8e86-0bbddcf51950",NA,"MA","429","Valdemoro","1935912952","es","MA","2ad41286-20fe-11e3-9e2e-000c29035824","Collection","Reseda stricta Pers.",NA,NA,NA,NA,NA,NA,NA,NA,NA,NA,NA,NA,NA,NA,NA,NA,NA,NA,NA,NA,NA,NA,"MA",NA,NA,NA,NA,NA,NA,NA,"MA-50739-1",NA,"in aridis gypsaceis","00051915",NA,NA,NA,NA,NA,NA,NA,NA,NA,NA,NA,"MA",NA,NA,NA,"Identificación confirmada por E. Valdés Bermejo en 1991. Revisión para Flora Ibérica",NA,"17abcf75-2f1e-46dd-bf75-a5b21dd02655",NA,NA,NA,NA,NA,NA,NA,"7275953",NA,"9a8259ac-20fe-11e3-9e2e-000c29035824",NA,NA,NA,NA,NA,NA,NA,NA,NA,NA,NA,NA,NA
"1935912538","Reseda stricta Pers.",40.3236,-3.5074,"cdc,gass84,inmano","834c9918-f762-11e1-a439-00145eb45e9a","0363cbd4-f666-455e-8e86-0bbddcf51950","2a3f6a56-7591-4f05-8c4c-a1bb77aa4ea6","6c4a0bb0-2a4d-11d8-aa2d-b8a03c50a862","ES","EML","2026-04-18T01:37:27.366+00:00","2026-04-24T05:19:26.518+00:00",423,"PRESERVED_SPECIMEN",NA,"PRESENT",7275953,6,7707728,220,7225535,3110,3040250,7275953,7275953,"Reseda stricta Pers.","Plantae","Tracheophyta","Brassicales","Resedaceae","Reseda","Reseda stricta","Reseda","stricta","SPECIES","ACCEPTED",NA,NA,NA,"EUROPE","Madrid",1914,5,NA,"1914-05",NA,NA,NA,"2026-04-24T05:19:26.518+00:00","http://creativecommons.org/licenses/by-nc/4.0/legalcode",FALSE,"2ad40b08-20fe-11e3-9e2e-000c29035824","none","none",FALSE,"834c9918-f762-11e1-a439-00145eb45e9a",NA,"Carlos Vicioso Martínez","none","WGS84","Magnoliopsida","ES","none","none","EUROPE","Spain","EUROPE","2ad40b08-20fe-11e3-9e2e-000c29035824","MA-01-00050735","0363cbd4-f666-455e-8e86-0bbddcf51950",NA,"MA","429","Vaciamadrid","1935912538","es","MA","2ad40b08-20fe-11e3-9e2e-000c29035824","Collection","Reseda stricta Pers.",NA,NA,NA,NA,NA,NA,NA,NA,NA,NA,NA,NA,NA,NA,NA,NA,NA,NA,NA,NA,NA,NA,"MA",NA,NA,NA,NA,NA,NA,NA,"MA-50735-1",NA,"in collibus gypsaceis","00051914",NA,NA,NA,NA,NA,NA,NA,NA,NA,NA,NA,"MA",NA,NA,NA,"Identificación confirmada por E. Valdés Bermejo en 1991. Revisión para Flora Ibérica",NA,"17abcf75-2f1e-46dd-bf75-a5b21dd02655",NA,NA,NA,NA,NA,NA,NA,"7275953",NA,"9a82480e-20fe-11e3-9e2e-000c29035824",NA,NA,NA,NA,NA,NA,NA,NA,NA,NA,NA,NA,NA
"1936095103","Reseda stricta Pers.",40.3236,-3.5074,"cdc,gass84,inmano","834c9918-f762-11e1-a439-00145eb45e9a","0363cbd4-f666-455e-8e86-0bbddcf51950","2a3f6a56-7591-4f05-8c4c-a1bb77aa4ea6","6c4a0bb0-2a4d-11d8-aa2d-b8a03c50a862","ES","EML","2026-04-18T01:37:27.366+00:00","2026-04-24T05:19:57.328+00:00",423,"PRESERVED_SPECIMEN",NA,"PRESENT",7275953,6,7707728,220,7225535,3110,3040250,7275953,7275953,"Reseda stricta Pers.","Plantae","Tracheophyta","Brassicales","Resedaceae","Reseda","Reseda stricta","Reseda","stricta","SPECIES","ACCEPTED",NA,NA,NA,"EUROPE","Madrid",1912,5,29,"1912-05-29",150,150,NA,"2026-04-24T05:19:57.328+00:00","http://creativecommons.org/licenses/by-nc/4.0/legalcode",FALSE,"3ce6668e-20fe-11e3-9e2e-000c29035824","none","none",FALSE,"834c9918-f762-11e1-a439-00145eb45e9a",NA,"Beltrán & C. Vicioso","none","WGS84","Magnoliopsida","ES","none","none","EUROPE","Spain","EUROPE","3ce6668e-20fe-11e3-9e2e-000c29035824","MA-01-00323099","0363cbd4-f666-455e-8e86-0bbddcf51950",NA,"MA","429","Vaciamadrid","1936095103","es","MA","3ce6668e-20fe-11e3-9e2e-000c29035824","Collection","Reseda stricta Pers.",NA,NA,NA,NA,NA,NA,"Enrique Valdés Bermejo",NA,NA,NA,NA,NA,NA,NA,NA,NA,NA,NA,NA,NA,NA,NA,"MA",NA,NA,NA,NA,NA,NA,NA,"MA-323099-1",NA,NA,"29051912",NA,NA,NA,NA,NA,NA,NA,NA,NA,NA,"1991-10-01T00:00:00","MA",NA,NA,NA,"Revisión para Flora Ibérica",NA,"17abcf75-2f1e-46dd-bf75-a5b21dd02655",NA,NA,NA,NA,NA,NA,NA,"7275953",NA,"ae70de6c-20fe-11e3-9e2e-000c29035824",NA,NA,NA,NA,NA,NA,NA,NA,NA,NA,NA,NA,NA
"3755961426","Reseda stricta Pers.",36.00722,0.46944,"cdc,colmano,inmafu","1e98cc26-065e-40ca-9c57-20fa0a2f4981","c1b1455b-18ec-4637-9e0f-18cb0524b7ed","f0e191c4-2ef2-4e3d-9768-34d58d14ba2d","58520c30-bafb-11d9-8e53-b8a03c50a862","IT","BIOCASE","2026-05-26T12:46:11.792+00:00","2026-05-26T12:48:10.428+00:00",305,"PRESERVED_SPECIMEN",NA,"PRESENT",7275953,6,7707728,220,7225535,3110,3040250,7275953,7275953,"Reseda stricta Pers.","Plantae","Tracheophyta","Brassicales","Resedaceae","Reseda","Reseda stricta","Reseda","stricta","SPECIES","ACCEPTED",NA,NA,NA,"AFRICA",NA,1911,6,11,"1911-06-11",162,162,"2023-07-12T17:36:12.000+00:00","2026-05-26T12:48:10.428+00:00","http://creativecommons.org/licenses/by/4.0/legalcode",FALSE,"050605","none","none",FALSE,NA,NA,"Faure,A. s.n. [1911-06-11]","none","WGS84","Magnoliopsida","DZ",NA,"none","AFRICA","Algeria","EUROPE","050605","050605",NA,NA,"PI","305","[label: Herbier A. Faure - Plantes de l'Algerie] La Macta, près Mostaganem. Pelouses sablonneuses","3755961426",NA,"Herbarium Horti Botanici Pisani (PI)","https://pi.jacq.org/PI050605",NA,"Reseda stricta Pers.",NA,"Mostaganem",NA,NA,"f735b764-40d3-4a9d-b8df-e1934b3fc5ec",NA,"A. Faure 1911-06-11",NA,NA,NA,NA,NA,NA,"s.n.",NA,NA,NA,NA,NA,NA,NA,NA,NA,"PI-GUAD 034_0458",NA,NA,"Resedaceae",NA,NA,NA,NA,NA,NA,NA,"70810",NA,NA,NA,NA,NA,NA,NA,NA,NA,"1911-06-11T00:00:00",NA,NA,NA,NA,NA,NA,NA,NA,NA,NA,NA,NA,NA,NA,NA,NA,NA,NA,NA,NA,NA,NA,NA,NA,NA,NA,NA,NA,NA,NA
"1935912703","Reseda stricta Pers.",41.3619,-1.6622,"cdc,gass84,inmano","834c9918-f762-11e1-a439-00145eb45e9a","0363cbd4-f666-455e-8e86-0bbddcf51950","2a3f6a56-7591-4f05-8c4c-a1bb77aa4ea6","6c4a0bb0-2a4d-11d8-aa2d-b8a03c50a862","ES","EML","2026-04-18T01:37:27.366+00:00","2026-04-24T05:19:26.692+00:00",423,"PRESERVED_SPECIMEN",NA,"PRESENT",7275953,6,7707728,220,7225535,3110,3040250,7275953,7275953,"Reseda stricta Pers.","Plantae","Tracheophyta","Brassicales","Resedaceae","Reseda","Reseda stricta","Reseda","stricta","SPECIES","ACCEPTED",NA,NA,NA,"EUROPE","Zaragoza",1910,8,24,"1910-08-24",236,236,NA,"2026-04-24T05:19:26.692+00:00","http://creativecommons.org/licenses/by-nc/4.0/legalcode",FALSE,"2ad41bc0-20fe-11e3-9e2e-000c29035824","none","none",FALSE,"834c9918-f762-11e1-a439-00145eb45e9a",NA,"Carlos Vicioso Martínez","none","WGS84","Magnoliopsida","ES","none","none","EUROPE","Spain","EUROPE","2ad41bc0-20fe-11e3-9e2e-000c29035824","MA-01-00050744","0363cbd4-f666-455e-8e86-0bbddcf51950",NA,"MA","429","Calatayud","1935912703","es","MA","2ad41bc0-20fe-11e3-9e2e-000c29035824","Collection","Reseda stricta Pers.",NA,NA,NA,NA,NA,NA,"Enrique Valdés Bermejo",NA,NA,NA,NA,NA,NA,NA,NA,NA,NA,NA,NA,NA,NA,NA,"MA",NA,NA,NA,NA,NA,NA,NA,"MA-50744-1",NA,"in aridis gypsaceis","24081910",NA,NA,NA,NA,NA,NA,NA,NA,NA,NA,NA,"MA",NA,NA,NA,"Revisión para Flora Ibérica",NA,"17abcf75-2f1e-46dd-bf75-a5b21dd02655",NA,NA,NA,NA,NA,NA,NA,"7275953",NA,"9a826891-20fe-11e3-9e2e-000c29035824",NA,NA,NA,NA,NA,NA,NA,NA,NA,NA,NA,NA,NA
"3755961491","Reseda stricta Pers.",42.16,14.01,"cdc,colmano,inmafu","1e98cc26-065e-40ca-9c57-20fa0a2f4981","c1b1455b-18ec-4637-9e0f-18cb0524b7ed","f0e191c4-2ef2-4e3d-9768-34d58d14ba2d","58520c30-bafb-11d9-8e53-b8a03c50a862","IT","BIOCASE","2026-05-26T12:46:11.792+00:00","2026-05-26T12:48:10.570+00:00",305,"PRESERVED_SPECIMEN",NA,"PRESENT",7275953,6,7707728,220,7225535,3110,3040250,7275953,7275953,"Reseda stricta Pers.","Plantae","Tracheophyta","Brassicales","Resedaceae","Reseda","Reseda stricta","Reseda","stricta","SPECIES","ACCEPTED",NA,NA,NA,"EUROPE",NA,1908,7,NA,"1908-07",NA,NA,"2022-04-21T16:42:36.000+00:00","2026-05-26T12:48:10.570+00:00","http://creativecommons.org/licenses/by/4.0/legalcode",FALSE,"050591","none","none",FALSE,NA,NA,"Guadagno,M. s.n. [1908-07]","none","WGS84","Magnoliopsida","IT",NA,"none","EUROPE","Italy","EUROPE","050591","050591",NA,NA,"PI","305","Caramanico, nei siti sassosi","3755961491",NA,"Herbarium Horti Botanici Pisani (PI)","https://pi.jacq.org/PI050591",NA,"Reseda stricta Pers.",NA,"Abruzzo",NA,NA,"f735b764-40d3-4a9d-b8df-e1934b3fc5ec",NA,"M. Guadagno 1908-07",NA,NA,NA,NA,NA,NA,"s.n.",NA,NA,NA,NA,NA,NA,NA,NA,NA,"PI-GUAD 034_0458",NA,NA,"Resedaceae",NA,NA,NA,NA,NA,NA,NA,"70810",NA,NA,NA,NA,NA,NA,NA,NA,NA,"1908-07-01T00:00:00",NA,NA,NA,NA,NA,NA,NA,NA,NA,NA,NA,NA,NA,NA,NA,NA,NA,NA,NA,NA,NA,NA,NA,NA,NA,NA,NA,NA,NA,NA
"1935977441","Reseda stricta Pers.",41.3619,-1.6622,"cdc,gass84,inmano","834c9918-f762-11e1-a439-00145eb45e9a","0363cbd4-f666-455e-8e86-0bbddcf51950","2a3f6a56-7591-4f05-8c4c-a1bb77aa4ea6","6c4a0bb0-2a4d-11d8-aa2d-b8a03c50a862","ES","EML","2026-04-18T01:37:27.366+00:00","2026-04-24T05:21:07.994+00:00",423,"PRESERVED_SPECIMEN",NA,"PRESENT",7275953,6,7707728,220,7225535,3110,3040250,7275953,7275953,"Reseda stricta Pers.","Plantae","Tracheophyta","Brassicales","Resedaceae","Reseda","Reseda stricta","Reseda","stricta","SPECIES","ACCEPTED",NA,NA,NA,"EUROPE","Zaragoza",1897,7,NA,"1897-07",NA,NA,NA,"2026-04-24T05:21:07.994+00:00","http://creativecommons.org/licenses/by-nc/4.0/legalcode",FALSE,"305235f3-20fe-11e3-9e2e-000c29035824","none","none",FALSE,"834c9918-f762-11e1-a439-00145eb45e9a",NA,"Benito Vicioso","none","WGS84","Magnoliopsida","ES","none","none","EUROPE","Spain","EUROPE","305235f3-20fe-11e3-9e2e-000c29035824","MA-01-00151660","0363cbd4-f666-455e-8e86-0bbddcf51950",NA,"MA","429","Calatayud","1935977441","es","MA","305235f3-20fe-11e3-9e2e-000c29035824","Collection","Reseda stricta Pers.",NA,NA,NA,NA,NA,NA,NA,NA,NA,NA,NA,NA,NA,NA,NA,NA,NA,NA,NA,NA,NA,NA,"MA",NA,NA,NA,NA,NA,NA,NA,"MA-151660-1",NA,NA,"00071897",NA,NA,NA,NA,NA,NA,NA,NA,NA,NA,NA,"MA",NA,NA,NA,NA,NA,"17abcf75-2f1e-46dd-bf75-a5b21dd02655",NA,NA,NA,NA,NA,NA,NA,"7275953",NA,"a115faf2-20fe-11e3-9e2e-000c29035824",NA,NA,NA,NA,NA,NA,NA,NA,NA,NA,NA,NA,NA
"1936333555","Reseda stricta Pers.",41.3619,-1.6622,"cdc,gass84,inmano","834c9918-f762-11e1-a439-00145eb45e9a","0363cbd4-f666-455e-8e86-0bbddcf51950","2a3f6a56-7591-4f05-8c4c-a1bb77aa4ea6","6c4a0bb0-2a4d-11d8-aa2d-b8a03c50a862","ES","EML","2026-04-18T01:37:27.366+00:00","2026-04-24T05:19:37.268+00:00",423,"PRESERVED_SPECIMEN",NA,"PRESENT",7275953,6,7707728,220,7225535,3110,3040250,7275953,7275953,"Reseda stricta Pers.","Plantae","Tracheophyta","Brassicales","Resedaceae","Reseda","Reseda stricta","Reseda","stricta","SPECIES","ACCEPTED",NA,NA,NA,"EUROPE","Zaragoza",1897,7,NA,"1897-07",NA,NA,NA,"2026-04-24T05:19:37.268+00:00","http://creativecommons.org/licenses/by-nc/4.0/legalcode",FALSE,"30523be2-20fe-11e3-9e2e-000c29035824","none","none",FALSE,"834c9918-f762-11e1-a439-00145eb45e9a",NA,"Benito Vicioso","none","WGS84","Magnoliopsida","ES","none","none","EUROPE","Spain","EUROPE","30523be2-20fe-11e3-9e2e-000c29035824","MA-02-00151660","0363cbd4-f666-455e-8e86-0bbddcf51950",NA,"MA","429","Calatayud","1936333555","es","MA","30523be2-20fe-11e3-9e2e-000c29035824","Collection","Reseda stricta Pers.",NA,NA,NA,NA,NA,NA,NA,NA,NA,NA,NA,NA,NA,NA,NA,NA,NA,NA,NA,NA,NA,NA,"MA",NA,NA,NA,NA,NA,NA,NA,"MA-151660-2",NA,NA,"00071897",NA,NA,NA,NA,NA,NA,NA,NA,NA,NA,"1975-03-01T00:00:00","MA",NA,NA,NA,NA,NA,"17abcf75-2f1e-46dd-bf75-a5b21dd02655",NA,NA,NA,NA,NA,NA,NA,"7275953",NA,"a115ff75-20fe-11e3-9e2e-000c29035824",NA,NA,NA,NA,NA,NA,NA,NA,NA,NA,NA,NA,NA
"1935912712","Reseda stricta Pers.",41.3619,-1.6622,"cdc,gass84,inmano","834c9918-f762-11e1-a439-00145eb45e9a","0363cbd4-f666-455e-8e86-0bbddcf51950","2a3f6a56-7591-4f05-8c4c-a1bb77aa4ea6","6c4a0bb0-2a4d-11d8-aa2d-b8a03c50a862","ES","EML","2026-04-18T01:37:27.366+00:00","2026-04-24T05:19:26.680+00:00",423,"PRESERVED_SPECIMEN",NA,"PRESENT",7275953,6,7707728,220,7225535,3110,3040250,7275953,7275953,"Reseda stricta Pers.","Plantae","Tracheophyta","Brassicales","Resedaceae","Reseda","Reseda stricta","Reseda","stricta","SPECIES","ACCEPTED",NA,NA,NA,"EUROPE","Zaragoza",1894,6,NA,"1894-06",NA,NA,NA,"2026-04-24T05:19:26.680+00:00","http://creativecommons.org/licenses/by-nc/4.0/legalcode",FALSE,"2ad41d99-20fe-11e3-9e2e-000c29035824","none","none",FALSE,"834c9918-f762-11e1-a439-00145eb45e9a",NA,"Benito Vicioso","none","WGS84","Magnoliopsida","ES","none","none","EUROPE","Spain","EUROPE","2ad41d99-20fe-11e3-9e2e-000c29035824","MA-01-00050745","0363cbd4-f666-455e-8e86-0bbddcf51950",NA,"MA","429","Calatayud","1935912712","es","MA","2ad41d99-20fe-11e3-9e2e-000c29035824","Collection","Reseda stricta Pers.",NA,NA,NA,NA,NA,NA,NA,NA,NA,NA,NA,NA,NA,NA,NA,NA,NA,NA,NA,NA,NA,NA,"MA",NA,NA,NA,NA,NA,NA,NA,"MA-50745-1",NA,"sitios aridos y sobre las tapias","00061894",NA,NA,NA,NA,NA,NA,NA,NA,NA,NA,NA,"MA",NA,NA,NA,"Identificación confirmada por E. Valdés Bermejo en 1991. Revisión para Flora Ibérica",NA,"17abcf75-2f1e-46dd-bf75-a5b21dd02655",NA,NA,NA,NA,NA,NA,NA,"7275953",NA,"9a826d07-20fe-11e3-9e2e-000c29035824",NA,NA,NA,NA,NA,NA,NA,NA,NA,NA,NA,NA,NA
"1936242460","Reseda stricta Pers.",41.3619,-1.6622,"cdc,gass84,inmano","834c9918-f762-11e1-a439-00145eb45e9a","0363cbd4-f666-455e-8e86-0bbddcf51950","2a3f6a56-7591-4f05-8c4c-a1bb77aa4ea6","6c4a0bb0-2a4d-11d8-aa2d-b8a03c50a862","ES","EML","2026-04-18T01:37:27.366+00:00","2026-04-24T05:20:51.026+00:00",423,"PRESERVED_SPECIMEN",NA,"PRESENT",7275953,6,7707728,220,7225535,3110,3040250,7275953,7275953,"Reseda stricta Pers.","Plantae","Tracheophyta","Brassicales","Resedaceae","Reseda","Reseda stricta","Reseda","stricta","SPECIES","ACCEPTED",NA,NA,NA,"EUROPE","Zaragoza",1893,5,NA,"1893-05",NA,NA,NA,"2026-04-24T05:20:51.026+00:00","http://creativecommons.org/licenses/by-nc/4.0/legalcode",FALSE,"6524fc32-20fe-11e3-9e2e-000c29035824","none","none",FALSE,"834c9918-f762-11e1-a439-00145eb45e9a",NA,"Benito Vicioso","none","WGS84","Magnoliopsida","ES","none","none","EUROPE","Spain","EUROPE","6524fc32-20fe-11e3-9e2e-000c29035824","MA-01-00831778","0363cbd4-f666-455e-8e86-0bbddcf51950",NA,"MA","429","Calatayud","1936242460","es","MA","6524fc32-20fe-11e3-9e2e-000c29035824","Collection","Reseda stricta Pers.",NA,NA,NA,NA,NA,NA,"E. Valdés",NA,NA,NA,NA,NA,NA,NA,NA,NA,NA,NA,NA,NA,NA,NA,"MA",NA,NA,NA,NA,NA,NA,NA,"MA-831778-1",NA,NA,"00051893",NA,NA,NA,NA,NA,NA,NA,NA,NA,NA,NA,"MA",NA,NA,NA,NA,NA,"17abcf75-2f1e-46dd-bf75-a5b21dd02655",NA,NA,NA,NA,NA,NA,NA,"7275953",NA,"d04cae7d-20fe-11e3-9e2e-000c29035824",NA,NA,NA,NA,NA,NA,NA,NA,NA,NA,NA,NA,NA
"4509671975","Reseda stricta Pers.",41.7255,1.5067,"gass84,inmano","e0737b6f-8e8b-4ea5-aad4-b905a79a86ae","6f3ccc65-0a54-4e65-ae7e-13b92d618e7c","2a3f6a56-7591-4f05-8c4c-a1bb77aa4ea6","6c4a0bb0-2a4d-11d8-aa2d-b8a03c50a862","ES","EML","2026-04-21T18:58:05.990+00:00","2026-04-24T08:37:46.439+00:00",105,"PRESERVED_SPECIMEN",NA,"PRESENT",7275953,6,7707728,220,7225535,3110,3040250,7275953,7275953,"Reseda stricta Pers.","Plantae","Tracheophyta","Brassicales","Resedaceae","Reseda","Reseda stricta","Reseda","stricta","SPECIES","ACCEPTED",NA,NA,NA,"EUROPE","Barcelona",1888,7,NA,"1888-07",NA,NA,"2021-12-10T00:00:00.000+00:00","2026-04-24T08:37:46.439+00:00","http://creativecommons.org/licenses/by-nc/4.0/legalcode",FALSE,"9180EAAD-1547-4A0C-B245-E57C9020F2EC","none","none",FALSE,"doi:10.15470/7mcva4","Institut Botànic de Barcelona (CSIC-CMCNB) – BC-Tremols",NA,"none","WGS84","Magnoliopsida","ES","none","none","EUROPE","Spain","EUROPE","9180EAAD-1547-4A0C-B245-E57C9020F2EC","BC-Tremols-875914","6f3ccc65-0a54-4e65-ae7e-13b92d618e7c",NA,"BC","112","Calaf; Calaf","4509671975",NA,"BC-Tremols","9180EAAD-1547-4A0C-B245-E57C9020F2EC","Collection","Reseda stricta Pers.",NA,NA,NA,NA,NA,NA,NA,"Herbarium specimen",NA,NA,NA,NA,NA,NA,NA,NA,NA,NA,NA,NA,"in collection",NA,NA,NA,NA,NA,NA,NA,NA,NA,NA,NA,NA,"00/07/1888",NA,NA,NA,NA,NA,NA,NA,NA,NA,NA,NA,NA,NA,NA,"HERBARIUM DRIS. FRID. TRÈMOLS. BARCINONE","Stored under name",NA,NA,NA,NA,NA,NA,NA,NA,NA,NA,NA,NA,NA,NA,NA,NA,NA,NA,NA,NA,NA,NA,NA,NA,NA
"4509666041","Reseda stricta Pers.",40.976,-0.1403,"gass84,inmano","e0737b6f-8e8b-4ea5-aad4-b905a79a86ae","6f3ccc65-0a54-4e65-ae7e-13b92d618e7c","2a3f6a56-7591-4f05-8c4c-a1bb77aa4ea6","6c4a0bb0-2a4d-11d8-aa2d-b8a03c50a862","ES","EML","2026-04-21T18:58:05.990+00:00","2026-04-24T08:38:13.607+00:00",105,"PRESERVED_SPECIMEN",NA,"PRESENT",7275953,6,7707728,220,7225535,3110,3040250,7275953,7275953,"Reseda stricta Pers.","Plantae","Tracheophyta","Brassicales","Resedaceae","Reseda","Reseda stricta","Reseda","stricta","SPECIES","ACCEPTED",NA,NA,NA,"EUROPE","Teruel",1872,6,16,"1872-06-16",168,168,"2019-08-12T00:00:00.000+00:00","2026-04-24T08:38:13.607+00:00","http://creativecommons.org/licenses/by-nc/4.0/legalcode",FALSE,"9178BCF1-6E67-44CA-8F97-41DE71C15250","none","none",TRUE,"doi:10.15470/7mcva4","Institut Botànic de Barcelona (CSIC-CMCNB) – BC-Tremols","Loscos Bernal, Francisco","none","WGS84","Magnoliopsida","ES","none","none","EUROPE","Spain","EUROPE","9178BCF1-6E67-44CA-8F97-41DE71C15250","BC-Tremols-875913","6f3ccc65-0a54-4e65-ae7e-13b92d618e7c",NA,"BC","112","Castelseras; Castelserás","4509666041",NA,"BC-Tremols","9178BCF1-6E67-44CA-8F97-41DE71C15250","Collection","Reseda stricta Pers.",NA,NA,NA,NA,NA,NA,NA,"Herbarium specimen",NA,NA,NA,NA,NA,NA,NA,NA,NA,NA,NA,NA,"in collection",NA,NA,NA,NA,NA,NA,NA,NA,NA,NA,NA,"in gypsaceis subsalsugineis","16/06/1872",NA,NA,NA,NA,NA,NA,NA,NA,NA,NA,NA,NA,NA,NA,"SOCIETAS BOTANICA BARCINONENSIS","Stored under name",NA,NA,NA,NA,NA,NA,NA,NA,NA,NA,NA,NA,NA,NA,NA,NA,NA,NA,NA,NA,NA,NA,NA,NA,NA
"1935912523","Reseda stricta Pers.",40.1063,-3.7053,"cdc,gass84,inmano","834c9918-f762-11e1-a439-00145eb45e9a","0363cbd4-f666-455e-8e86-0bbddcf51950","2a3f6a56-7591-4f05-8c4c-a1bb77aa4ea6","6c4a0bb0-2a4d-11d8-aa2d-b8a03c50a862","ES","EML","2026-04-18T01:37:27.366+00:00","2026-04-24T05:19:26.772+00:00",423,"PRESERVED_SPECIMEN",NA,"PRESENT",7275953,6,7707728,220,7225535,3110,3040250,7275953,7275953,"Reseda stricta Pers.","Plantae","Tracheophyta","Brassicales","Resedaceae","Reseda","Reseda stricta","Reseda","stricta","SPECIES","ACCEPTED",NA,NA,NA,"EUROPE","Madrid",1852,5,31,"1852-05-31",152,152,NA,"2026-04-24T05:19:26.772+00:00","http://creativecommons.org/licenses/by-nc/4.0/legalcode",FALSE,"2ad408b9-20fe-11e3-9e2e-000c29035824","none","none",FALSE,"834c9918-f762-11e1-a439-00145eb45e9a",NA,"Cutanda","none","WGS84","Magnoliopsida","ES","none","none","EUROPE","Spain","EUROPE","2ad408b9-20fe-11e3-9e2e-000c29035824","MA-01-00050734","0363cbd4-f666-455e-8e86-0bbddcf51950",NA,"MA","429","Ciempozuelos","1935912523","es","MA","2ad408b9-20fe-11e3-9e2e-000c29035824","Collection","Reseda stricta Pers.",NA,NA,NA,NA,NA,NA,"Carlos Vicioso Martínez",NA,NA,NA,NA,NA,NA,NA,NA,NA,NA,NA,NA,NA,NA,NA,"MA",NA,NA,NA,NA,NA,NA,NA,"MA-50734-1",NA,NA,"31051852",NA,NA,NA,NA,NA,NA,NA,NA,NA,NA,NA,"MA",NA,NA,NA,"Identificación confirmada por E. Valdés Bermejo en 1991. Revisión para Flora Ibérica",NA,"17abcf75-2f1e-46dd-bf75-a5b21dd02655",NA,NA,NA,NA,NA,NA,NA,"7275953",NA,"9a8243ca-20fe-11e3-9e2e-000c29035824",NA,NA,NA,NA,NA,NA,NA,NA,NA,NA,NA,NA,NA
"1935912220","Reseda stricta Pers.",40.0333,-3.59773,"cdc,gass84,inmano","834c9918-f762-11e1-a439-00145eb45e9a","0363cbd4-f666-455e-8e86-0bbddcf51950","2a3f6a56-7591-4f05-8c4c-a1bb77aa4ea6","6c4a0bb0-2a4d-11d8-aa2d-b8a03c50a862","ES","EML","2026-04-18T01:37:27.366+00:00","2026-04-24T05:19:26.761+00:00",423,"PRESERVED_SPECIMEN",NA,"PRESENT",7275953,6,7707728,220,7225535,3110,3040250,7275953,7275953,"Reseda stricta Pers.","Plantae","Tracheophyta","Brassicales","Resedaceae","Reseda","Reseda stricta","Reseda","stricta","SPECIES","ACCEPTED",NA,NA,NA,"EUROPE","Madrid",1852,6,19,"1852-06-19",171,171,NA,"2026-04-24T05:19:26.761+00:00","http://creativecommons.org/licenses/by-nc/4.0/legalcode",FALSE,"2ad3f600-20fe-11e3-9e2e-000c29035824","none","none",FALSE,"834c9918-f762-11e1-a439-00145eb45e9a",NA,"Cutanda","none","WGS84","Magnoliopsida","ES","none","none","EUROPE","Spain","EUROPE","2ad3f600-20fe-11e3-9e2e-000c29035824","MA-01-00050726","0363cbd4-f666-455e-8e86-0bbddcf51950",NA,"MA","429","Aranjuez","1935912220","es","MA","2ad3f600-20fe-11e3-9e2e-000c29035824","Collection","Reseda stricta Pers.",NA,NA,NA,NA,NA,NA,"Carlos Vicioso Martínez",NA,NA,NA,NA,NA,NA,NA,NA,NA,NA,NA,NA,NA,NA,NA,"MA",NA,NA,NA,NA,NA,NA,NA,"MA-50726-1",NA,NA,"19061852",NA,NA,NA,NA,NA,NA,NA,NA,NA,NA,NA,"MA",NA,NA,NA,"Identificación confirmada por E. Valdés Bermejo en 1991. Revisión para Flora Ibérica",NA,"17abcf75-2f1e-46dd-bf75-a5b21dd02655",NA,NA,NA,NA,NA,NA,NA,"7275953",NA,"9a822525-20fe-11e3-9e2e-000c29035824",NA,NA,NA,NA,NA,NA,NA,NA,NA,NA,NA,NA,NA
"2515628744","Reseda stricta Pers.",36.86667,-2.45,"","15f819bd-6612-4447-854b-14d12ee1022d","396d5f30-dea9-11db-8ab4-b8a03c50a862","65eb93af-41b8-4917-a5fc-cfe2a45aa4bf","396d5f30-dea9-11db-8ab4-b8a03c50a862","NL","DWC_ARCHIVE","2026-05-04T12:52:04.549+00:00","2026-05-04T13:07:17.228+00:00",283,"PRESERVED_SPECIMEN",NA,"PRESENT",7275953,6,7707728,220,7225535,3110,3040250,7275953,7275953,"Reseda stricta Pers.","Plantae","Tracheophyta","Brassicales","Resedaceae","Reseda","Reseda stricta","Reseda","stricta","SPECIES","ACCEPTED",NA,NA,NA,"EUROPE","Andalucía",1851,5,2,"1851-05-02",122,122,NA,"2026-05-04T13:07:17.228+00:00","http://creativecommons.org/publicdomain/zero/1.0/legalcode",FALSE,"WAG.1198335@BRAHMS","none","none",FALSE,NA,NA,"Bourgeau (Spain series) E","none","WGS84","Magnoliopsida","ES","none","none","EUROPE","Spain","EUROPE","WAG.1198335@BRAHMS","WAG.1198335","https://ror.org/0566bfb96","ICN",NA,"283","Près Almeria.","2515628744",NA,"Botany","https://data.biodiversitydata.nl/naturalis/specimen/WAG.1198335",NA,"Reseda stricta Pers.",NA,NA,NA,NA,"0e919a55-08d3-4bd2-aec1-200858fafd92","0add23db-a8f7-4d15-95ad-4ed0c5c8a055","Martín-Bravo S",NA,NA,"Naturalis Biodiversity Center",NA,NA,NA,"Bourgeau (Spain series), E 1089",NA,NA,NA,NA,NA,NA,NA,NA,NA,NA,NA,NA,"Plantae|Brassicales|Resedaceae",NA,NA,NA,"WAG0110371",NA,"Collines sablonneuses au bord de la mer à Roqueta.",NA,NA,NA,NA,NA,NA,NA,NA,NA,NA,NA,"2012-04-01T00:00:00",NA,NA,NA,NA,NA,NA,"17abcf75-2f1e-46dd-bf75-a5b21dd02655",NA,NA,NA,NA,NA,NA,NA,NA,NA,NA,NA,NA,NA,NA,NA,NA,NA,NA,NA,NA,"true",NA,NA
"2517335444","Reseda stricta Pers.",35.93333,0.08333,"","15f819bd-6612-4447-854b-14d12ee1022d","396d5f30-dea9-11db-8ab4-b8a03c50a862","65eb93af-41b8-4917-a5fc-cfe2a45aa4bf","396d5f30-dea9-11db-8ab4-b8a03c50a862","NL","DWC_ARCHIVE","2026-05-04T12:52:04.549+00:00","2026-05-04T13:07:34.238+00:00",283,"PRESERVED_SPECIMEN",NA,"PRESENT",7275953,6,7707728,220,7225535,3110,3040250,7275953,7275953,"Reseda stricta Pers.","Plantae","Tracheophyta","Brassicales","Resedaceae","Reseda","Reseda stricta","Reseda","stricta","SPECIES","ACCEPTED",NA,NA,NA,"AFRICA",NA,1851,5,16,"1851-05-16",136,136,NA,"2026-05-04T13:07:34.238+00:00","http://creativecommons.org/publicdomain/zero/1.0/legalcode",FALSE,"WAG0110364@BRAHMS","none","none",FALSE,NA,NA,"Balansa (Algeria series) B","none","WGS84","Magnoliopsida","DZ","none","none","AFRICA","Algeria","EUROPE","WAG0110364@BRAHMS","WAG0110364","https://ror.org/0566bfb96","ICN",NA,"283","Mostaganem.","2517335444",NA,"Botany","https://data.biodiversitydata.nl/naturalis/specimen/WAG0110364",NA,"Reseda stricta Pers.",NA,NA,NA,NA,"0e919a55-08d3-4bd2-aec1-200858fafd92","0add23db-a8f7-4d15-95ad-4ed0c5c8a055","Martín-Bravo S",NA,NA,"Naturalis Biodiversity Center",NA,NA,NA,"Balansa (Algeria series), B 23",NA,NA,NA,NA,NA,NA,NA,NA,NA,NA,NA,NA,"Plantae|Brassicales|Resedaceae",NA,NA,NA,NA,NA,"dans les broussailles.",NA,NA,NA,NA,NA,NA,NA,NA,NA,NA,NA,"2012-04-01T00:00:00",NA,NA,NA,NA,NA,NA,"17abcf75-2f1e-46dd-bf75-a5b21dd02655",NA,NA,NA,NA,NA,NA,NA,NA,NA,NA,NA,NA,NA,NA,NA,NA,NA,"Syntype",NA,NA,"true",NA,NA
"2517282246","Reseda stricta Pers.",40.03333,-2.65,"","15f819bd-6612-4447-854b-14d12ee1022d","396d5f30-dea9-11db-8ab4-b8a03c50a862","65eb93af-41b8-4917-a5fc-cfe2a45aa4bf","396d5f30-dea9-11db-8ab4-b8a03c50a862","NL","DWC_ARCHIVE","2026-05-04T12:52:04.549+00:00","2026-05-04T13:06:46.530+00:00",283,"PRESERVED_SPECIMEN",NA,"PRESENT",7275953,6,7707728,220,7225535,3110,3040250,7275953,7275953,"Reseda stricta Pers.","Plantae","Tracheophyta","Brassicales","Resedaceae","Reseda","Reseda stricta","Reseda","stricta","SPECIES","ACCEPTED",NA,NA,NA,"EUROPE","Castile–La Mancha",1850,8,NA,"1850-08-01/1850-08-31",213,243,NA,"2026-05-04T13:06:46.530+00:00","http://creativecommons.org/publicdomain/zero/1.0/legalcode",FALSE,"WAG.1198334@BRAHMS","none","none",FALSE,NA,NA,"Willkomm HM","none","WGS84","Magnoliopsida","ES","none","none","EUROPE","Spain","EUROPE","WAG.1198334@BRAHMS","WAG.1198334","https://ror.org/0566bfb96","ICN",NA,"283","Castellae novae centralis, v. c. inter Horcajada et Carrascosa.","2517282246",NA,"Botany","https://data.biodiversitydata.nl/naturalis/specimen/WAG.1198334",NA,"Reseda stricta Pers.",NA,NA,NA,NA,"0e919a55-08d3-4bd2-aec1-200858fafd92","0add23db-a8f7-4d15-95ad-4ed0c5c8a055","Martín-Bravo S",NA,NA,"Naturalis Biodiversity Center",NA,NA,NA,"Willkomm, HM II: 534",NA,NA,NA,NA,NA,NA,NA,NA,NA,NA,NA,NA,"Plantae|Brassicales|Resedaceae",NA,NA,NA,"WAG0110375",NA,"In gypsaceis et argillosis.",NA,NA,NA,NA,NA,NA,NA,NA,NA,NA,NA,"2012-04-01T00:00:00",NA,NA,NA,NA,NA,NA,"17abcf75-2f1e-46dd-bf75-a5b21dd02655",NA,NA,NA,NA,NA,NA,NA,NA,NA,NA,NA,NA,NA,NA,NA,NA,NA,NA,NA,NA,"true",NA,NA
"2517757989","Reseda stricta Pers.",37.53333,-2.66667,"","15f819bd-6612-4447-854b-14d12ee1022d","396d5f30-dea9-11db-8ab4-b8a03c50a862","65eb93af-41b8-4917-a5fc-cfe2a45aa4bf","396d5f30-dea9-11db-8ab4-b8a03c50a862","NL","DWC_ARCHIVE","2026-05-04T12:52:04.549+00:00","2026-05-04T13:06:48.304+00:00",283,"PRESERVED_SPECIMEN",NA,"PRESENT",7275953,6,7707728,220,7225535,3110,3040250,7275953,7275953,"Reseda stricta Pers.","Plantae","Tracheophyta","Brassicales","Resedaceae","Reseda","Reseda stricta","Reseda","stricta","SPECIES","ACCEPTED",NA,NA,NA,"EUROPE","Andalucía",1848,6,NA,"1848-06-01/1848-06-30",153,182,NA,"2026-05-04T13:06:48.304+00:00","http://creativecommons.org/publicdomain/zero/1.0/legalcode",FALSE,"WAG.1198337@BRAHMS","none","none",FALSE,NA,NA,"Funk M","none","WGS84","Magnoliopsida","ES","none","none","EUROPE","Spain","EUROPE","WAG.1198337@BRAHMS","WAG.1198337","https://ror.org/0566bfb96","ICN",NA,"283","Andalusca orient. inter Bazam & Cullar.","2517757989",NA,"Botany","https://data.biodiversitydata.nl/naturalis/specimen/WAG.1198337",NA,"Reseda stricta Pers.",NA,NA,NA,NA,"0e919a55-08d3-4bd2-aec1-200858fafd92","0add23db-a8f7-4d15-95ad-4ed0c5c8a055","Martín-Bravo S",NA,NA,"Naturalis Biodiversity Center",NA,NA,"0.0 m","Funk, M s.n.",NA,NA,NA,NA,NA,NA,NA,NA,NA,NA,NA,NA,"Plantae|Brassicales|Resedaceae",NA,NA,NA,"WAG0110374",NA,"Collibus gypsaceis.",NA,NA,NA,NA,NA,NA,NA,NA,NA,NA,NA,"2012-04-01T00:00:00",NA,NA,NA,NA,NA,NA,"17abcf75-2f1e-46dd-bf75-a5b21dd02655",NA,NA,NA,NA,NA,NA,NA,NA,NA,NA,NA,NA,NA,NA,NA,NA,NA,NA,NA,NA,"true",NA,NA
"1935912257","Reseda stricta Pers.",40.0333,-3.59773,"cdc,gass84,inmano","834c9918-f762-11e1-a439-00145eb45e9a","0363cbd4-f666-455e-8e86-0bbddcf51950","2a3f6a56-7591-4f05-8c4c-a1bb77aa4ea6","6c4a0bb0-2a4d-11d8-aa2d-b8a03c50a862","ES","EML","2026-04-18T01:37:27.366+00:00","2026-04-24T05:19:26.532+00:00",423,"PRESERVED_SPECIMEN",NA,"PRESENT",7275953,6,7707728,220,7225535,3110,3040250,7275953,7275953,"Reseda stricta Pers.","Plantae","Tracheophyta","Brassicales","Resedaceae","Reseda","Reseda stricta","Reseda","stricta","SPECIES","ACCEPTED",NA,NA,NA,"EUROPE","Madrid",1841,6,NA,"1841-06",NA,NA,NA,"2026-04-24T05:19:26.532+00:00","http://creativecommons.org/licenses/by-nc/4.0/legalcode",FALSE,"2ad3f05d-20fe-11e3-9e2e-000c29035824","none","none",FALSE,"834c9918-f762-11e1-a439-00145eb45e9a",NA,"NULL Reuter","none","WGS84","Magnoliopsida","ES","none","none","EUROPE","Spain","EUROPE","2ad3f05d-20fe-11e3-9e2e-000c29035824","MA-01-00050724","0363cbd4-f666-455e-8e86-0bbddcf51950",NA,"MA","429","Aranjuez","1935912257","es","MA","2ad3f05d-20fe-11e3-9e2e-000c29035824","Collection","Reseda stricta Pers.",NA,NA,NA,NA,NA,NA,NA,NA,NA,NA,NA,NA,NA,NA,NA,NA,NA,NA,NA,NA,NA,NA,"MA",NA,NA,NA,NA,NA,NA,NA,"MA-50724-1",NA,NA,"00061841",NA,NA,NA,NA,NA,NA,NA,NA,NA,NA,NA,"MA",NA,NA,NA,"=R. erecta Lag. Identificación confirmada por E. Valdés Bermejo en 1991. Revisión para Flora Ibérica",NA,"17abcf75-2f1e-46dd-bf75-a5b21dd02655",NA,NA,NA,NA,NA,NA,NA,"7275953",NA,"9a821dc8-20fe-11e3-9e2e-000c29035824",NA,NA,NA,NA,NA,NA,NA,NA,NA,NA,NA,NA,NA
"3033607239","Reseda stricta Pers.",40.34,-3.48,"cdc,gass84,mdativ,colmano,inmafu","834f1756-f762-11e1-a439-00145eb45e9a","cb202839-87c6-456a-821c-dc5b268a200f","2a3f6a56-7591-4f05-8c4c-a1bb77aa4ea6","6c4a0bb0-2a4d-11d8-aa2d-b8a03c50a862","ES","EML","2026-04-18T01:36:55.261+00:00","2026-04-23T23:49:21.443+00:00",326,"PRESERVED_SPECIMEN",NA,"PRESENT",7275953,6,7707728,220,7225535,3110,3040250,7275953,7275953,"Reseda stricta Pers.","Plantae","Tracheophyta","Brassicales","Resedaceae","Reseda","Reseda stricta","Reseda","stricta","SPECIES","ACCEPTED",2195,NA,NA,"EUROPE","Madrid",1816,NA,NA,"1816",NA,NA,NA,"2026-04-23T23:49:21.443+00:00","http://creativecommons.org/licenses/by-nc/4.0/legalcode",FALSE,"BCN 19161","none","none",FALSE,NA,"Col·lecció de Cormòfits de l'herbari BCN","Rodríguez, J. D.","none","WGS84","Magnoliopsida","ES","none","none","EUROPE","Spain","EUROPE","BCN 19161","19161",NA,NA,"BCN","350","Piul de Rivas","3033607239",NA,"Corm","BCN 19161",NA,"Reseda stricta Pers.",NA,NA,NA,NA,"5db0342e-533f-461c-a97e-0ec9dc79a95c",NA,NA,NA,NA,"CRAI CeDocBiV - Universitat de Barcelona",NA,NA,NA,NA,NA,NA,NA,NA,NA,NA,NA,NA,"UB",NA,NA,NA,NA,NA,NA,NA,"ex BCF 44132",NA,NA,NA,NA,NA,NA,NA,NA,NA,NA,NA,NA,NA,NA,"BCN-Cormophyta",NA,NA,NA,NA,NA,NA,NA,NA,"Reseda erecta Lag.","19085",NA,NA,NA,NA,NA,NA,NA,NA,NA,NA,NA,NA,NA,NA,NA,NA,NA,NA,NA
"137486941","Reseda stricta Pers.",41.52,-4.68,"cdc,cdround,gass84,rdativ,colmafu,inmafu","834b7330-f762-11e1-a439-00145eb45e9a","a6deb94a-2c40-47ec-a678-3d502cd42bc2","2a3f6a56-7591-4f05-8c4c-a1bb77aa4ea6","6c4a0bb0-2a4d-11d8-aa2d-b8a03c50a862","ES","EML","2026-04-18T01:36:55.249+00:00","2026-04-23T23:11:42.993+00:00",393,"PRESERVED_SPECIMEN",NA,"PRESENT",7275953,6,7707728,220,7225535,3110,3040250,7275953,7275953,"Reseda stricta Pers.","Plantae","Tracheophyta","Brassicales","Resedaceae","Reseda","Reseda stricta","Reseda","stricta","SPECIES","ACCEPTED",NA,NA,NA,"EUROPE","Va",NA,NA,NA,NA,NA,NA,"2013-02-04T08:53:31.000+00:00","2026-04-23T23:11:42.993+00:00","http://creativecommons.org/licenses/by-nc/4.0/legalcode",FALSE,"SALA:SALA:108286-1","none","none",FALSE,NA,NA,"L. Delgado Sánchez & M. Santos Vicente","none","WGS84","Magnoliopsida","ES","none","none","EUROPE","Spain","EUROPE","SALA:SALA:108286-1","108286-1",NA,NA,"SALA","399","Aldeamayor de San Martín, dehesa Raso del Portillo, Fuente Giralda","137486941",NA,"SALA",NA,NA,"Reseda stricta Pers.",NA,NA,NA,NA,"ce9d7fc6-1fc3-4bd1-8e80-12568400a716","6fedaeb7-a4c9-4664-b4c7-eca34ed6fd54","M. Santos Vicente","herbarium specimen",NA,NA,NA,NA,NA,"MS-62",NA,NA,NA,NA,NA,NA,NA,NA,NA,NA,NA,NA,NA,NA,NA,NA,NA,NA,NA,NA,NA,NA,NA,NA,NA,NA,NA,NA,NA,NA,NA,"SALA",NA,NA,NA,NA,NA,NA,NA,NA,NA,NA,NA,NA,NA,NA,NA,NA,NA,NA,NA,NA,NA,NA,NA,NA,NA,NA,NA,NA,NA
"137486942","Reseda stricta Pers.",41.52,-4.67,"cdc,cdround,gass84,rdativ,colmafu,inmafu","834b7330-f762-11e1-a439-00145eb45e9a","a6deb94a-2c40-47ec-a678-3d502cd42bc2","2a3f6a56-7591-4f05-8c4c-a1bb77aa4ea6","6c4a0bb0-2a4d-11d8-aa2d-b8a03c50a862","ES","EML","2026-04-18T01:36:55.249+00:00","2026-04-23T23:08:24.752+00:00",393,"PRESERVED_SPECIMEN",NA,"PRESENT",7275953,6,7707728,220,7225535,3110,3040250,7275953,7275953,"Reseda stricta Pers.","Plantae","Tracheophyta","Brassicales","Resedaceae","Reseda","Reseda stricta","Reseda","stricta","SPECIES","ACCEPTED",NA,NA,NA,"EUROPE","Va",NA,NA,NA,NA,NA,NA,"2013-02-04T08:53:31.000+00:00","2026-04-23T23:08:24.752+00:00","http://creativecommons.org/licenses/by-nc/4.0/legalcode",FALSE,"SALA:SALA:108326-1","none","none",FALSE,NA,NA,"L. Delgado Sánchez, E. Rico & M. Santos Vicente","none","WGS84","Magnoliopsida","ES","none","none","EUROPE","Spain","EUROPE","SALA:SALA:108326-1","108326-1",NA,NA,"SALA","399","Aldeamayor de San Martín, dehesa Raso del Portillo","137486942",NA,"SALA",NA,NA,"Reseda stricta Pers.",NA,NA,NA,NA,"ce9d7fc6-1fc3-4bd1-8e80-12568400a716","6fedaeb7-a4c9-4664-b4c7-eca34ed6fd54","E. Rico","herbarium specimen",NA,NA,NA,NA,NA,"MS-120",NA,NA,NA,NA,NA,NA,NA,NA,NA,NA,NA,NA,NA,NA,NA,NA,NA,NA,NA,NA,NA,NA,NA,NA,NA,NA,NA,NA,NA,NA,NA,"SALA",NA,NA,NA,NA,NA,NA,NA,NA,NA,NA,NA,NA,NA,NA,NA,NA,NA,NA,NA,NA,NA,NA,NA,NA,NA,NA,NA,NA,NA
"137486951","Reseda stricta Pers.",39.919998,-3.69,"cdc,cdround,gass84,rdativ,colmafu,inmafu","834b7330-f762-11e1-a439-00145eb45e9a","a6deb94a-2c40-47ec-a678-3d502cd42bc2","2a3f6a56-7591-4f05-8c4c-a1bb77aa4ea6","6c4a0bb0-2a4d-11d8-aa2d-b8a03c50a862","ES","EML","2026-04-18T01:36:55.249+00:00","2026-04-23T23:13:36.155+00:00",393,"PRESERVED_SPECIMEN",NA,"PRESENT",7275953,6,7707728,220,7225535,3110,3040250,7275953,7275953,"Reseda stricta Pers.","Plantae","Tracheophyta","Brassicales","Resedaceae","Reseda","Reseda stricta","Reseda","stricta","SPECIES","ACCEPTED",NA,NA,NA,"EUROPE","To",NA,NA,NA,NA,NA,NA,"2013-02-04T08:53:31.000+00:00","2026-04-23T23:13:36.155+00:00","http://creativecommons.org/licenses/by-nc/4.0/legalcode",FALSE,"SALA:SALA:108899-1","none","none",FALSE,NA,NA,"F. Fernández González, R. Pérez Badia, S. Sardinero & V. Bouso","none","WGS84","Magnoliopsida","ES","none","none","EUROPE","Spain","EUROPE","SALA:SALA:108899-1","108899-1",NA,NA,"SALA","399","Yepes, cantera de Lafarge-Asland","137486951",NA,"SALA",NA,NA,"Reseda stricta Pers.",NA,NA,NA,NA,"ce9d7fc6-1fc3-4bd1-8e80-12568400a716","6fedaeb7-a4c9-4664-b4c7-eca34ed6fd54","Fernández González, Pérez","herbarium specimen",NA,NA,NA,NA,NA,NA,NA,NA,NA,NA,NA,NA,NA,NA,NA,"Nº 950 Exsiccata AHIM 2004, 9ª Centuria",NA,NA,NA,NA,NA,NA,NA,NA,NA,NA,NA,NA,NA,NA,NA,NA,NA,NA,NA,NA,NA,"SALA",NA,NA,NA,NA,NA,NA,NA,NA,NA,NA,NA,NA,NA,NA,NA,NA,NA,NA,NA,NA,NA,NA,NA,NA,NA,NA,NA,NA,NA
"137487128","Reseda stricta Pers.",37.040001,-3.9,"cdc,cdround,gass84,rdativ,colmafu,inmafu","834b7330-f762-11e1-a439-00145eb45e9a","a6deb94a-2c40-47ec-a678-3d502cd42bc2","2a3f6a56-7591-4f05-8c4c-a1bb77aa4ea6","6c4a0bb0-2a4d-11d8-aa2d-b8a03c50a862","ES","EML","2026-04-18T01:36:55.249+00:00","2026-04-23T23:14:47.068+00:00",393,"PRESERVED_SPECIMEN",NA,"PRESENT",7275953,6,7707728,220,7225535,3110,3040250,7275953,7275953,"Reseda stricta Pers.","Plantae","Tracheophyta","Brassicales","Resedaceae","Reseda","Reseda stricta","Reseda","stricta","SPECIES","ACCEPTED",NA,NA,NA,"EUROPE","Gr",NA,NA,NA,NA,NA,NA,"2013-02-04T08:53:31.000+00:00","2026-04-23T23:14:47.068+00:00","http://creativecommons.org/licenses/by-nc/4.0/legalcode",FALSE,"SALA:SALA:22038-1","none","none",FALSE,NA,NA,"M. Casares, F. Pérez Raya & O. Socorro","none","WGS84","Magnoliopsida","ES","none","none","EUROPE","Spain","EUROPE","SALA:SALA:22038-1","22038-1",NA,NA,"SALA","399","Ventas de Huelma, cercanías del pueblo","137487128",NA,"SALA",NA,NA,"Reseda stricta Pers.",NA,NA,NA,NA,"ce9d7fc6-1fc3-4bd1-8e80-12568400a716","6fedaeb7-a4c9-4664-b4c7-eca34ed6fd54",NA,"herbarium specimen",NA,NA,NA,NA,NA,NA,NA,NA,NA,NA,NA,NA,NA,NA,NA,NA,NA,NA,NA,NA,NA,NA,NA,NA,NA,NA,NA,NA,NA,NA,NA,NA,NA,NA,NA,NA,NA,"SALA",NA,NA,NA,NA,NA,NA,NA,NA,NA,NA,NA,NA,NA,NA,NA,NA,NA,NA,NA,NA,NA,NA,NA,NA,NA,NA,NA,NA,NA
"137487374","Reseda stricta Pers.",40.099998,-3.52,"cdc,cdround,gass84,rdativ,colmafu,inmafu","834b7330-f762-11e1-a439-00145eb45e9a","a6deb94a-2c40-47ec-a678-3d502cd42bc2","2a3f6a56-7591-4f05-8c4c-a1bb77aa4ea6","6c4a0bb0-2a4d-11d8-aa2d-b8a03c50a862","ES","EML","2026-04-18T01:36:55.249+00:00","2026-04-23T23:13:50.979+00:00",393,"PRESERVED_SPECIMEN",NA,"PRESENT",7275953,6,7707728,220,7225535,3110,3040250,7275953,7275953,"Reseda stricta Pers.","Plantae","Tracheophyta","Brassicales","Resedaceae","Reseda","Reseda stricta","Reseda","stricta","SPECIES","ACCEPTED",NA,NA,NA,"EUROPE","M",NA,NA,NA,NA,NA,NA,"2013-02-04T08:53:31.000+00:00","2026-04-23T23:13:50.979+00:00","http://creativecommons.org/licenses/by-nc/4.0/legalcode",FALSE,"SALA:SALA:45286-1","none","none",FALSE,NA,NA,"F. J. Fdez. Diez","none","WGS84","Magnoliopsida","ES","none","none","EUROPE","Spain","EUROPE","SALA:SALA:45286-1","45286-1",NA,NA,"SALA","399","Villaconejos","137487374",NA,"SALA",NA,NA,"Reseda stricta Pers.",NA,NA,NA,NA,"ce9d7fc6-1fc3-4bd1-8e80-12568400a716","6fedaeb7-a4c9-4664-b4c7-eca34ed6fd54","F.J. Fdez. Diez","herbarium specimen",NA,NA,NA,NA,NA,NA,NA,NA,NA,NA,NA,NA,NA,NA,NA,NA,NA,NA,NA,NA,NA,NA,NA,NA,NA,NA,NA,NA,NA,NA,NA,NA,NA,NA,NA,NA,NA,"SALA",NA,NA,NA,NA,NA,NA,NA,NA,NA,NA,NA,NA,NA,NA,NA,NA,NA,NA,NA,NA,NA,NA,NA,NA,NA,NA,NA,NA,NA
"137487404","Reseda stricta Pers.",42.41,-1.92,"cdc,cdround,gass84,rdativ,colmafu,inmafu","834b7330-f762-11e1-a439-00145eb45e9a","a6deb94a-2c40-47ec-a678-3d502cd42bc2","2a3f6a56-7591-4f05-8c4c-a1bb77aa4ea6","6c4a0bb0-2a4d-11d8-aa2d-b8a03c50a862","ES","EML","2026-04-18T01:36:55.249+00:00","2026-04-23T23:14:48.427+00:00",393,"PRESERVED_SPECIMEN",NA,"PRESENT",7275953,6,7707728,220,7225535,3110,3040250,7275953,7275953,"Reseda stricta Pers.","Plantae","Tracheophyta","Brassicales","Resedaceae","Reseda","Reseda stricta","Reseda","stricta","SPECIES","ACCEPTED",NA,NA,NA,"EUROPE","Na",NA,NA,NA,NA,NA,NA,"2013-02-04T08:53:31.000+00:00","2026-04-23T23:14:48.427+00:00","http://creativecommons.org/licenses/by-nc/4.0/legalcode",FALSE,"SALA:SALA:48136-1","none","none",FALSE,NA,NA,"P. M. Uribe-Echebarría","none","WGS84","Magnoliopsida","ES","none","none","EUROPE","Spain","EUROPE","SALA:SALA:48136-1","48136-1",NA,NA,"SALA","399","Andosilla, Suertes Viejas","137487404",NA,"SALA",NA,NA,"Reseda stricta Pers.",NA,NA,NA,NA,"ce9d7fc6-1fc3-4bd1-8e80-12568400a716","6fedaeb7-a4c9-4664-b4c7-eca34ed6fd54",NA,"herbarium specimen",NA,NA,NA,NA,NA,"813/87",NA,NA,NA,NA,NA,NA,NA,NA,NA,NA,NA,NA,NA,NA,NA,NA,NA,NA,NA,NA,NA,NA,NA,NA,NA,NA,NA,NA,NA,NA,NA,"SALA",NA,NA,NA,NA,NA,NA,NA,NA,NA,NA,NA,NA,NA,NA,NA,NA,NA,NA,NA,NA,NA,NA,NA,NA,NA,NA,NA,NA,NA
"137487561","Reseda stricta Pers.",41.509998,-4.64,"cdc,cdround,gass84,rdativ,colmafu,inmafu","834b7330-f762-11e1-a439-00145eb45e9a","a6deb94a-2c40-47ec-a678-3d502cd42bc2","2a3f6a56-7591-4f05-8c4c-a1bb77aa4ea6","6c4a0bb0-2a4d-11d8-aa2d-b8a03c50a862","ES","EML","2026-04-18T01:36:55.249+00:00","2026-04-23T23:14:01.133+00:00",393,"PRESERVED_SPECIMEN",NA,"PRESENT",7275953,6,7707728,220,7225535,3110,3040250,7275953,7275953,"Reseda stricta Pers.","Plantae","Tracheophyta","Brassicales","Resedaceae","Reseda","Reseda stricta","Reseda","stricta","SPECIES","ACCEPTED",NA,NA,NA,"EUROPE","Va",NA,NA,NA,NA,NA,NA,"2013-02-04T08:53:31.000+00:00","2026-04-23T23:14:01.133+00:00","http://creativecommons.org/licenses/by-nc/4.0/legalcode",FALSE,"SALA:SALA:65806-1","none","none",FALSE,NA,NA,"M. Ladero, F. Navarro & C. J. Valle","none","WGS84","Magnoliopsida","ES","none","none","EUROPE","Spain","EUROPE","SALA:SALA:65806-1","65806-1",NA,NA,"SALA","399","Aldeamayor de San Martín","137487561",NA,"SALA",NA,NA,"Reseda stricta Pers.",NA,NA,NA,NA,"ce9d7fc6-1fc3-4bd1-8e80-12568400a716","6fedaeb7-a4c9-4664-b4c7-eca34ed6fd54",NA,"herbarium specimen",NA,NA,NA,NA,NA,NA,NA,NA,NA,NA,NA,NA,NA,NA,NA,NA,NA,NA,NA,NA,NA,NA,NA,NA,NA,NA,NA,NA,NA,NA,NA,NA,NA,NA,NA,NA,NA,"SALA",NA,NA,NA,NA,NA,NA,NA,NA,NA,NA,NA,NA,NA,NA,NA,NA,NA,NA,NA,NA,NA,NA,NA,NA,NA,NA,NA,NA,NA
"137487562","Reseda stricta Pers.",41.509998,-4.64,"cdc,cdround,gass84,rdativ,colmafu,inmafu","834b7330-f762-11e1-a439-00145eb45e9a","a6deb94a-2c40-47ec-a678-3d502cd42bc2","2a3f6a56-7591-4f05-8c4c-a1bb77aa4ea6","6c4a0bb0-2a4d-11d8-aa2d-b8a03c50a862","ES","EML","2026-04-18T01:36:55.249+00:00","2026-04-23T23:13:32.853+00:00",393,"PRESERVED_SPECIMEN",NA,"PRESENT",7275953,6,7707728,220,7225535,3110,3040250,7275953,7275953,"Reseda stricta Pers.","Plantae","Tracheophyta","Brassicales","Resedaceae","Reseda","Reseda stricta","Reseda","stricta","SPECIES","ACCEPTED",NA,NA,NA,"EUROPE","Va",NA,NA,NA,NA,NA,NA,"2013-02-04T08:53:31.000+00:00","2026-04-23T23:13:32.853+00:00","http://creativecommons.org/licenses/by-nc/4.0/legalcode",FALSE,"SALA:SALA:65875-1","none","none",FALSE,NA,NA,"M. Ladero & C. J. Valle","none","WGS84","Magnoliopsida","ES","none","none","EUROPE","Spain","EUROPE","SALA:SALA:65875-1","65875-1",NA,NA,"SALA","399","Aldeamayor de San Martín","137487562",NA,"SALA",NA,NA,"Reseda stricta Pers.",NA,NA,NA,NA,"ce9d7fc6-1fc3-4bd1-8e80-12568400a716","6fedaeb7-a4c9-4664-b4c7-eca34ed6fd54",NA,"herbarium specimen",NA,NA,NA,NA,NA,NA,NA,NA,NA,NA,NA,NA,NA,NA,NA,NA,NA,NA,NA,NA,NA,NA,NA,NA,NA,NA,NA,NA,NA,NA,NA,NA,NA,NA,NA,NA,NA,"SALA",NA,NA,NA,NA,NA,NA,NA,NA,NA,NA,NA,NA,NA,NA,NA,NA,NA,NA,NA,NA,NA,NA,NA,NA,NA,NA,NA,NA,NA
"137487563","Reseda stricta Pers.",40.639999,-4.68,"cdc,cdround,gass84,rdativ,colmafu,inmafu","834b7330-f762-11e1-a439-00145eb45e9a","a6deb94a-2c40-47ec-a678-3d502cd42bc2","2a3f6a56-7591-4f05-8c4c-a1bb77aa4ea6","6c4a0bb0-2a4d-11d8-aa2d-b8a03c50a862","ES","EML","2026-04-18T01:36:55.249+00:00","2026-04-23T23:12:02.706+00:00",393,"PRESERVED_SPECIMEN",NA,"PRESENT",7275953,6,7707728,220,7225535,3110,3040250,7275953,7275953,"Reseda stricta Pers.","Plantae","Tracheophyta","Brassicales","Resedaceae","Reseda","Reseda stricta","Reseda","stricta","SPECIES","ACCEPTED",NA,NA,NA,"EUROPE","Va",NA,NA,NA,NA,NA,NA,"2013-02-04T08:53:31.000+00:00","2026-04-23T23:12:02.706+00:00","http://creativecommons.org/licenses/by-nc/4.0/legalcode",FALSE,"SALA:SALA:65878-1","none","none",FALSE,NA,NA,"M. Ladero, F. Navarro & C. J. Valle","none","WGS84","Magnoliopsida","ES","none","none","EUROPE","Spain","EUROPE","SALA:SALA:65878-1","65878-1",NA,NA,"SALA","399","Boecillo","137487563",NA,"SALA",NA,NA,"Reseda stricta Pers.",NA,NA,NA,NA,"ce9d7fc6-1fc3-4bd1-8e80-12568400a716","6fedaeb7-a4c9-4664-b4c7-eca34ed6fd54",NA,"herbarium specimen",NA,NA,NA,NA,NA,NA,NA,NA,NA,NA,NA,NA,NA,NA,NA,NA,NA,NA,NA,NA,NA,NA,NA,NA,NA,NA,NA,NA,NA,NA,NA,NA,NA,NA,NA,NA,NA,"SALA",NA,NA,NA,NA,NA,NA,NA,NA,NA,NA,NA,NA,NA,NA,NA,NA,NA,NA,NA,NA,NA,NA,NA,NA,NA,NA,NA,NA,NA
"137487585","Reseda stricta Pers.",40,-3.57,"cdc,cdround,gass84,rdativ,colmafu,inmafu","834b7330-f762-11e1-a439-00145eb45e9a","a6deb94a-2c40-47ec-a678-3d502cd42bc2","2a3f6a56-7591-4f05-8c4c-a1bb77aa4ea6","6c4a0bb0-2a4d-11d8-aa2d-b8a03c50a862","ES","EML","2026-04-18T01:36:55.249+00:00","2026-04-23T23:15:36.530+00:00",393,"PRESERVED_SPECIMEN",NA,"PRESENT",7275953,6,7707728,220,7225535,3110,3040250,7275953,7275953,"Reseda stricta Pers.","Plantae","Tracheophyta","Brassicales","Resedaceae","Reseda","Reseda stricta","Reseda","stricta","SPECIES","ACCEPTED",NA,NA,NA,"EUROPE","To",NA,NA,NA,NA,NA,NA,"2013-02-04T08:53:31.000+00:00","2026-04-23T23:15:36.530+00:00","http://creativecommons.org/licenses/by-nc/4.0/legalcode",FALSE,"SALA:SALA:67596-1","none","none",FALSE,NA,NA,"C. J. Valle, T. Ruiz Téllez &  F. J. Glez. Iglesias","none","WGS84","Magnoliopsida","ES","none","none","EUROPE","Spain","EUROPE","SALA:SALA:67596-1","67596-1",NA,NA,"SALA","399","Ontígola","137487585",NA,"SALA",NA,NA,"Reseda stricta Pers.",NA,NA,NA,NA,"ce9d7fc6-1fc3-4bd1-8e80-12568400a716","6fedaeb7-a4c9-4664-b4c7-eca34ed6fd54",NA,"herbarium specimen",NA,NA,NA,NA,NA,NA,NA,NA,NA,NA,NA,NA,NA,NA,NA,NA,NA,NA,NA,NA,NA,NA,NA,NA,NA,NA,NA,NA,NA,NA,NA,NA,NA,NA,NA,NA,NA,"SALA",NA,NA,NA,NA,NA,NA,NA,NA,NA,NA,NA,NA,NA,NA,NA,NA,NA,NA,NA,NA,NA,NA,NA,NA,NA,NA,NA,NA,NA
"137487787","Reseda stricta Pers.",41.360001,-4.55,"cdc,cdround,gass84,rdativ,colmafu,inmafu","834b7330-f762-11e1-a439-00145eb45e9a","a6deb94a-2c40-47ec-a678-3d502cd42bc2","2a3f6a56-7591-4f05-8c4c-a1bb77aa4ea6","6c4a0bb0-2a4d-11d8-aa2d-b8a03c50a862","ES","EML","2026-04-18T01:36:55.249+00:00","2026-04-23T23:14:48.070+00:00",393,"PRESERVED_SPECIMEN",NA,"PRESENT",7275953,6,7707728,220,7225535,3110,3040250,7275953,7275953,"Reseda stricta Pers.","Plantae","Tracheophyta","Brassicales","Resedaceae","Reseda","Reseda stricta","Reseda","stricta","SPECIES","ACCEPTED",NA,NA,NA,"EUROPE","Va",NA,NA,NA,NA,NA,NA,"2013-02-04T08:53:31.000+00:00","2026-04-23T23:14:48.070+00:00","http://creativecommons.org/licenses/by-nc/4.0/legalcode",FALSE,"SALA:SALA:86842-1","none","none",FALSE,NA,NA,"M. Ladero & al.","none","WGS84","Magnoliopsida","ES","none","none","EUROPE","Spain","EUROPE","SALA:SALA:86842-1","86842-1",NA,NA,"SALA","399","Íscar","137487787",NA,"SALA",NA,NA,"Reseda stricta Pers.",NA,NA,NA,NA,"ce9d7fc6-1fc3-4bd1-8e80-12568400a716","6fedaeb7-a4c9-4664-b4c7-eca34ed6fd54",NA,"herbarium specimen",NA,NA,NA,NA,NA,NA,NA,NA,NA,NA,NA,NA,NA,NA,NA,"Coordenadas introducidas posteriormente por M. Ladero",NA,NA,NA,NA,NA,NA,NA,NA,NA,NA,NA,NA,NA,NA,NA,NA,NA,NA,NA,NA,NA,"SALA",NA,NA,NA,NA,NA,NA,NA,NA,NA,NA,NA,NA,NA,NA,NA,NA,NA,NA,NA,NA,NA,NA,NA,NA,NA,NA,NA,NA,NA
"137487900","Reseda stricta Pers.",40.27,-3.45,"cdc,cdround,gass84,rdativ,colmafu,inmafu","834b7330-f762-11e1-a439-00145eb45e9a","a6deb94a-2c40-47ec-a678-3d502cd42bc2","2a3f6a56-7591-4f05-8c4c-a1bb77aa4ea6","6c4a0bb0-2a4d-11d8-aa2d-b8a03c50a862","ES","EML","2026-04-18T01:36:55.249+00:00","2026-04-23T23:10:07.404+00:00",393,"PRESERVED_SPECIMEN",NA,"PRESENT",7275953,6,7707728,220,7225535,3110,3040250,7275953,7275953,"Reseda stricta Pers.","Plantae","Tracheophyta","Brassicales","Resedaceae","Reseda","Reseda stricta","Reseda","stricta","SPECIES","ACCEPTED",NA,NA,NA,"EUROPE","M",NA,NA,NA,NA,NA,NA,"2013-02-04T08:53:31.000+00:00","2026-04-23T23:10:07.404+00:00","http://creativecommons.org/licenses/by-nc/4.0/legalcode",FALSE,"SALA:SALA:98010-1","none","none",FALSE,NA,NA,"J. M. Sobrados","none","WGS84","Magnoliopsida","ES","none","none","EUROPE","Spain","EUROPE","SALA:SALA:98010-1","98010-1",NA,NA,"SALA","399","Arganda del Rey","137487900",NA,"SALA",NA,NA,"Reseda stricta Pers.",NA,NA,NA,NA,"ce9d7fc6-1fc3-4bd1-8e80-12568400a716","6fedaeb7-a4c9-4664-b4c7-eca34ed6fd54","J.M. Sobrados","herbarium specimen",NA,NA,NA,NA,NA,NA,NA,NA,NA,NA,NA,NA,NA,NA,NA,NA,NA,NA,NA,NA,NA,NA,NA,NA,NA,NA,NA,NA,NA,NA,NA,NA,NA,NA,NA,NA,NA,"SALA",NA,NA,NA,NA,NA,NA,NA,NA,NA,NA,NA,NA,NA,NA,NA,NA,NA,NA,NA,NA,NA,NA,NA,NA,NA,NA,NA,NA,NA
"231001470","Reseda stricta Pers.",40.1,-3.68333,"cdc,gass84,inmano","865df020-f762-11e1-a439-00145eb45e9a","a3c228d0-3110-11db-abb8-b8a03c50a862","60361c38-f762-11e1-a439-00145eb45e9a","a3c228d0-3110-11db-abb8-b8a03c50a862","ZZ","DWC_ARCHIVE","2026-05-21T20:11:00.696+00:00","2026-05-21T20:20:15.893+00:00",348,"PRESERVED_SPECIMEN",NA,"PRESENT",7275953,6,7707728,220,7225535,3110,3040250,7275953,7275953,"Reseda stricta Pers.","Plantae","Tracheophyta","Brassicales","Resedaceae","Reseda","Reseda stricta","Reseda","stricta","SPECIES","ACCEPTED",NA,609,NA,"EUROPE",NA,NA,NA,NA,NA,NA,NA,NA,"2026-05-21T20:20:15.893+00:00","http://creativecommons.org/licenses/by/4.0/legalcode",FALSE,"231001470","none","none",FALSE,NA,NA,NA,"none","WGS84","Magnoliopsida","ES","none","none","EUROPE","Spain",NA,NA,"NC061256",NA,NA,"ESP003","348","SeseÃ±a, province of Toledo","231001470",NA,"ESP",NA,NA,"Reseda stricta Pers.",NA,NA,NA,NA,NA,NA,NA,NA,NA,NA,NA,NA,NA,NA,NA,NA,NA,NA,NA,NA,NA,NA,NA,NA,NA,NA,NA,NA,NA,NA,NA,NA,NA,NA,NA,NA,NA,NA,NA,NA,NA,NA,NA,NA,NA,NA,NA,NA,NA,NA,NA,NA,NA,NA,NA,NA,NA,NA,NA,NA,NA,NA,"RESCUED",NA,"http://biocase.grinfo.net/pywrapper.cgi?dsa=EURISCO",NA,NA,NA,NA,NA,NA,NA,NA,"0018050-180131172636756","EURISCO, The European Genetic Resources Search Catalogue"
"767251086","Reseda stricta Pers.",39.924,-3.685,"cdc,gass84,rdativ,osiic,incomis,inmafu","d7c78847-d662-44c4-a550-5a812dbcc71b","2f390a80-56f3-11da-880b-b8a03c50a862","2a3f6a56-7591-4f05-8c4c-a1bb77aa4ea6","6c4a0bb0-2a4d-11d8-aa2d-b8a03c50a862","ES","EML","2026-04-17T19:28:39.449+00:00","2026-04-24T07:28:55.179+00:00",416,"PRESERVED_SPECIMEN",1,"PRESENT",7275953,6,7707728,220,7225535,3110,3040250,7275953,7275953,"Reseda stricta Pers.","Plantae","Tracheophyta","Brassicales","Resedaceae","Reseda","Reseda stricta","Reseda","stricta","SPECIES","ACCEPTED",707,670,0,"EUROPE","To",NA,NA,NA,NA,NA,NA,"2011-06-17T11:06:08.000+00:00","2026-04-24T07:28:55.179+00:00","http://creativecommons.org/licenses/by/4.0/legalcode",FALSE,"PAMP:vascular:12386-1","none","none",FALSE,NA,NA,"F.Fernández-González, R.Pérez Badia, S.Sardinero & V.Bouso","none","WGS84","Magnoliopsida","ES","none","none","EUROPE","Spain","EUROPE","PAMP:vascular:12386-1","12386-1",NA,NA,"PAMP","422","Yepes, cantera de Lafarge-Asland","767251086","es","vascular","PAMP:vascular:12386-1",NA,"Reseda stricta Pers.",NA,NA,NA,NA,"cb850a57-5506-41a2-97b6-8906453d7c4e",NA,"Fernández-González, Pérez","Herbarium specimen",NA,NA,NA,NA,NA,NA,NA,NA,NA,NA,NA,NA,NA,NA,NA,"Comunidades gipsícolas",NA,NA,NA,NA,NA,NA,NA,NA,NA,NA,NA,NA,NA,NA,NA,NA,0,0,NA,NA,NA,NA,NA,NA,NA,NA,NA,"17abcf75-2f1e-46dd-bf75-a5b21dd02655",NA,NA,NA,NA,NA,NA,NA,NA,NA,NA,NA,NA,NA,NA,NA,NA,NA,NA,NA,NA,NA,NA,NA
"767270258","Reseda stricta Pers.",42.38729,-1.796926,"cdc,gass84,rdativ,osiic,incomis,inmafu","d7c78847-d662-44c4-a550-5a812dbcc71b","2f390a80-56f3-11da-880b-b8a03c50a862","2a3f6a56-7591-4f05-8c4c-a1bb77aa4ea6","6c4a0bb0-2a4d-11d8-aa2d-b8a03c50a862","ES","EML","2026-04-17T19:28:39.449+00:00","2026-04-24T07:29:15.710+00:00",416,"PRESERVED_SPECIMEN",3,"PRESENT",7275953,6,7707728,220,7225535,3110,3040250,7275953,7275953,"Reseda stricta Pers.","Plantae","Tracheophyta","Brassicales","Resedaceae","Reseda","Reseda stricta","Reseda","stricta","SPECIES","ACCEPTED",100,1,0,"EUROPE","Na",NA,NA,NA,NA,NA,NA,"2011-06-17T11:06:08.000+00:00","2026-04-24T07:29:15.710+00:00","http://creativecommons.org/licenses/by/4.0/legalcode",FALSE,"PAMP:vascular:32802-1","none","none",FALSE,NA,NA,"C.Ursúa","none","WGS84","Magnoliopsida","ES","none","none","EUROPE","Spain","EUROPE","PAMP:vascular:32802-1","32802-1",NA,NA,"PAMP","422","Falces; Falces, Basílica del Salvador","767270258","es","vascular","PAMP:vascular:32802-1",NA,"Reseda stricta Pers.",NA,NA,NA,NA,"cb850a57-5506-41a2-97b6-8906453d7c4e",NA,"C.Ursúa","Herbarium specimen",NA,NA,NA,NA,NA,NA,NA,NA,NA,NA,NA,NA,NA,NA,NA,"yesos",NA,NA,NA,NA,NA,NA,NA,NA,NA,NA,NA,NA,NA,NA,NA,NA,0,0,NA,NA,NA,NA,NA,NA,NA,NA,NA,"17abcf75-2f1e-46dd-bf75-a5b21dd02655",NA,NA,NA,NA,NA,NA,NA,NA,NA,NA,NA,NA,NA,NA,NA,NA,NA,NA,NA,NA,NA,NA,NA
"767272467","Reseda stricta Pers.",41.27586,-1.628434,"cdc,gass84,rdativ,osiic,incomis,inmafu","d7c78847-d662-44c4-a550-5a812dbcc71b","2f390a80-56f3-11da-880b-b8a03c50a862","2a3f6a56-7591-4f05-8c4c-a1bb77aa4ea6","6c4a0bb0-2a4d-11d8-aa2d-b8a03c50a862","ES","EML","2026-04-17T19:28:39.449+00:00","2026-04-24T07:29:05.145+00:00",416,"PRESERVED_SPECIMEN",1,"PRESENT",7275953,6,7707728,220,7225535,3110,3040250,7275953,7275953,"Reseda stricta Pers.","Plantae","Tracheophyta","Brassicales","Resedaceae","Reseda","Reseda stricta","Reseda","stricta","SPECIES","ACCEPTED",6000,1,0,"EUROPE","Z",NA,NA,NA,NA,NA,NA,"2011-06-17T11:06:08.000+00:00","2026-04-24T07:29:05.145+00:00","http://creativecommons.org/licenses/by/4.0/legalcode",FALSE,"PAMP:vascular:3529-1","none","none",FALSE,NA,NA,"A.Segura Zubizarreta","none","WGS84","Magnoliopsida","ES","none","none","EUROPE","Spain","EUROPE","PAMP:vascular:3529-1","3529-1",NA,NA,"PAMP","422","Maluenda; Maluenda","767272467","es","vascular","PAMP:vascular:3529-1",NA,"Reseda stricta Pers.",NA,NA,NA,NA,"cb850a57-5506-41a2-97b6-8906453d7c4e",NA,"A.Segura Zubizarreta","Herbarium specimen",NA,NA,NA,NA,NA,NA,NA,NA,NA,NA,NA,NA,NA,NA,NA,"Yesoso",NA,NA,NA,NA,NA,NA,NA,NA,NA,NA,NA,NA,NA,NA,NA,NA,0,0,NA,NA,NA,NA,NA,NA,NA,NA,NA,"17abcf75-2f1e-46dd-bf75-a5b21dd02655",NA,NA,NA,NA,NA,NA,NA,NA,NA,NA,NA,NA,NA,NA,NA,NA,NA,NA,NA,NA,NA,NA,NA
"895357407","Reseda stricta Pers.",42.07,-4.38,"cdc,cdround,gass84,rdativ,colmafu,inmafu","834b7330-f762-11e1-a439-00145eb45e9a","a6deb94a-2c40-47ec-a678-3d502cd42bc2","2a3f6a56-7591-4f05-8c4c-a1bb77aa4ea6","6c4a0bb0-2a4d-11d8-aa2d-b8a03c50a862","ES","EML","2026-04-18T01:36:55.249+00:00","2026-04-23T23:12:18.026+00:00",393,"PRESERVED_SPECIMEN",NA,"PRESENT",7275953,6,7707728,220,7225535,3110,3040250,7275953,7275953,"Reseda stricta Pers.","Plantae","Tracheophyta","Brassicales","Resedaceae","Reseda","Reseda stricta","Reseda","stricta","SPECIES","ACCEPTED",NA,NA,NA,"EUROPE","P",NA,NA,NA,NA,NA,NA,"2013-02-04T08:53:31.000+00:00","2026-04-23T23:12:18.026+00:00","http://creativecommons.org/licenses/by-nc/4.0/legalcode",FALSE,"SALA:SALA:127902-1","none","none",FALSE,NA,NA,"L. P. Gavilán Iglesias & M. Santos Vicente","none","WGS84","Magnoliopsida","ES","none","none","EUROPE","Spain","EUROPE","SALA:SALA:127902-1","127902-1",NA,NA,"SALA","399","Villamediana","895357407",NA,"SALA",NA,NA,"Reseda stricta Pers.",NA,NA,NA,NA,"ce9d7fc6-1fc3-4bd1-8e80-12568400a716","6fedaeb7-a4c9-4664-b4c7-eca34ed6fd54","L.P. Gavilán & M. Santos Vicente","herbarium specimen",NA,NA,NA,NA,NA,NA,NA,NA,NA,NA,NA,NA,NA,NA,NA,NA,NA,NA,NA,NA,NA,NA,NA,NA,NA,NA,NA,NA,NA,NA,NA,NA,NA,NA,NA,NA,NA,"SALA",NA,NA,NA,NA,NA,NA,NA,NA,NA,NA,NA,NA,NA,NA,NA,NA,NA,NA,NA,NA,NA,NA,NA,NA,NA,NA,NA,NA,NA
"1712604969","Reseda stricta Pers.",42.461263,-1.929349,"cdc,gass84,rdativ,osiic,colmano,inmafu","c4ab57b5-b2f5-477f-b3fb-b42092074054","2f390a80-56f3-11da-880b-b8a03c50a862","2a3f6a56-7591-4f05-8c4c-a1bb77aa4ea6","6c4a0bb0-2a4d-11d8-aa2d-b8a03c50a862","ES","EML","2026-04-16T08:20:23.794+00:00","2026-04-24T09:27:03.412+00:00",399,"PRESERVED_SPECIMEN",1,"PRESENT",7275953,6,7707728,220,7225535,3110,3040250,7275953,7275953,"Reseda stricta Pers.","Plantae","Tracheophyta","Brassicales","Resedaceae","Reseda","Reseda stricta","Reseda","stricta","SPECIES","ACCEPTED",4500,NA,NA,"EUROPE","Navarra",NA,NA,NA,NA,NA,NA,"2016-02-26T12:24:22.000+00:00","2026-04-24T09:27:03.412+00:00","http://creativecommons.org/licenses/by/4.0/legalcode",FALSE,"PAMP:TRACHEO-LG:37268-1","none","none",FALSE,"doi:10.15470/jxutdq",NA,"L. Garde","none","WGS84","Magnoliopsida","ES","none","none","EUROPE","Spain","EUROPE","PAMP:TRACHEO-LG:37268-1","37268-1",NA,NA,"PAMP","405","Lerín; Mondeyuso","1712604969",NA,"TRACHEO-LG","PAMP:TRACHEO-LG:37268-1",NA,"Reseda stricta Pers.",NA,NA,NA,NA,"cb850a57-5506-41a2-97b6-8906453d7c4e",NA,"L. Garde","Herbarium specimen",NA,NA,NA,NA,NA,NA,NA,NA,NA,NA,NA,NA,NA,NA,NA,NA,NA,NA,NA,NA,NA,NA,NA,NA,NA,NA,NA,NA,NA,NA,NA,NA,NA,NA,NA,NA,NA,NA,NA,NA,NA,NA,NA,"17abcf75-2f1e-46dd-bf75-a5b21dd02655",NA,NA,NA,NA,NA,NA,NA,NA,NA,NA,NA,NA,NA,NA,NA,NA,NA,NA,NA,NA,NA,NA,NA
"1935912453","Reseda stricta Pers.",40.0333,-3.59773,"cdc,gass84,inmano","834c9918-f762-11e1-a439-00145eb45e9a","0363cbd4-f666-455e-8e86-0bbddcf51950","2a3f6a56-7591-4f05-8c4c-a1bb77aa4ea6","6c4a0bb0-2a4d-11d8-aa2d-b8a03c50a862","ES","EML","2026-04-18T01:37:27.366+00:00","2026-04-24T05:19:26.589+00:00",423,"PRESERVED_SPECIMEN",NA,"PRESENT",7275953,6,7707728,220,7225535,3110,3040250,7275953,7275953,"Reseda stricta Pers.","Plantae","Tracheophyta","Brassicales","Resedaceae","Reseda","Reseda stricta","Reseda","stricta","SPECIES","ACCEPTED",NA,NA,NA,"EUROPE","Madrid",NA,NA,NA,NA,NA,NA,NA,"2026-04-24T05:19:26.589+00:00","http://creativecommons.org/licenses/by-nc/4.0/legalcode",FALSE,"2ad3f865-20fe-11e3-9e2e-000c29035824","none","none",FALSE,"834c9918-f762-11e1-a439-00145eb45e9a",NA,NA,"none","WGS84","Magnoliopsida","ES","none","none","EUROPE","Spain","EUROPE","2ad3f865-20fe-11e3-9e2e-000c29035824","MA-01-00050727","0363cbd4-f666-455e-8e86-0bbddcf51950",NA,"MA","429","Aranjuez","1935912453","es","MA","2ad3f865-20fe-11e3-9e2e-000c29035824","Collection","Reseda stricta Pers.",NA,NA,NA,NA,NA,NA,NA,NA,NA,NA,NA,NA,NA,NA,NA,NA,NA,NA,NA,NA,NA,NA,"MA",NA,NA,NA,NA,NA,NA,NA,"MA-50727-1",NA,NA,NA,NA,NA,NA,NA,NA,NA,NA,NA,NA,NA,NA,"MA",NA,NA,NA,"Identificación confirmada por E. Valdés Bermejo en 1991. Revisión para Flora Ibérica",NA,"17abcf75-2f1e-46dd-bf75-a5b21dd02655",NA,NA,NA,NA,NA,NA,NA,"7275953",NA,"9a822996-20fe-11e3-9e2e-000c29035824",NA,NA,NA,NA,NA,NA,NA,NA,NA,NA,NA,NA,NA
"1935912508","Reseda stricta Pers.",40.0333,-3.59773,"cdc,gass84,inmano","834c9918-f762-11e1-a439-00145eb45e9a","0363cbd4-f666-455e-8e86-0bbddcf51950","2a3f6a56-7591-4f05-8c4c-a1bb77aa4ea6","6c4a0bb0-2a4d-11d8-aa2d-b8a03c50a862","ES","EML","2026-04-18T01:37:27.366+00:00","2026-04-24T05:19:26.537+00:00",423,"PRESERVED_SPECIMEN",NA,"PRESENT",7275953,6,7707728,220,7225535,3110,3040250,7275953,7275953,"Reseda stricta Pers.","Plantae","Tracheophyta","Brassicales","Resedaceae","Reseda","Reseda stricta","Reseda","stricta","SPECIES","ACCEPTED",NA,NA,NA,"EUROPE","Madrid",NA,NA,NA,NA,NA,NA,NA,"2026-04-24T05:19:26.537+00:00","http://creativecommons.org/licenses/by-nc/4.0/legalcode",FALSE,"2ad3ebaf-20fe-11e3-9e2e-000c29035824","none","none",FALSE,"834c9918-f762-11e1-a439-00145eb45e9a",NA,"Mariano Lagasca y Segura","none","WGS84","Magnoliopsida","ES","none","none","EUROPE","Spain","EUROPE","2ad3ebaf-20fe-11e3-9e2e-000c29035824","MA-01-00050722","0363cbd4-f666-455e-8e86-0bbddcf51950",NA,"MA","429","Aranjuez","1935912508","es","MA","2ad3ebaf-20fe-11e3-9e2e-000c29035824","Collection","Reseda stricta Pers.",NA,NA,NA,NA,NA,NA,NA,NA,NA,NA,NA,NA,NA,NA,NA,NA,NA,NA,NA,NA,NA,NA,"MA",NA,NA,NA,NA,NA,NA,NA,"MA-50722-1",NA,NA,NA,NA,NA,NA,NA,NA,NA,NA,NA,NA,NA,NA,"MA",NA,NA,NA,"=R. erecta Lag. Identificación confirmada por E. Valdés Bermejo en 1991. Revisión para Flora Ibérica",NA,"17abcf75-2f1e-46dd-bf75-a5b21dd02655",NA,NA,NA,NA,NA,NA,NA,"7275953",NA,"9a821648-20fe-11e3-9e2e-000c29035824",NA,NA,NA,NA,NA,NA,NA,NA,NA,NA,NA,NA,NA
"1936288480","Reseda stricta Pers.",40.095717,-3.498589,"cdc,cdround,gass84,inmano","834c9918-f762-11e1-a439-00145eb45e9a","0363cbd4-f666-455e-8e86-0bbddcf51950","2a3f6a56-7591-4f05-8c4c-a1bb77aa4ea6","6c4a0bb0-2a4d-11d8-aa2d-b8a03c50a862","ES","EML","2026-04-18T01:37:27.366+00:00","2026-04-24T05:21:31.400+00:00",423,"PRESERVED_SPECIMEN",NA,"PRESENT",7275953,6,7707728,220,7225535,3110,3040250,7275953,7275953,"Reseda stricta Pers.","Plantae","Tracheophyta","Brassicales","Resedaceae","Reseda","Reseda stricta","Reseda","stricta","SPECIES","ACCEPTED",NA,600,NA,"EUROPE","Comunidad de Madrid",NA,NA,NA,NA,NA,NA,NA,"2026-04-24T05:21:31.400+00:00","http://creativecommons.org/licenses/by-nc/4.0/legalcode",FALSE,"9c8ddcb8-f311-41b0-b6fb-435081b15ad7","none","none",FALSE,"834c9918-f762-11e1-a439-00145eb45e9a",NA,"M. Rosario Noya Santos","none","WGS84","Magnoliopsida","ES","none","none","EUROPE","Spain","EUROPE","9c8ddcb8-f311-41b0-b6fb-435081b15ad7","MA-01-00878746","0363cbd4-f666-455e-8e86-0bbddcf51950",NA,"MA","429","Edar de Villaconejos, Valle de la Cañada del Pastor","1936288480","es","MA","9c8ddcb8-f311-41b0-b6fb-435081b15ad7","Collection","Reseda stricta Pers.",NA,NA,NA,NA,NA,NA,NA,NA,NA,NA,NA,NA,NA,"422",NA,NA,NA,NA,NA,NA,NA,NA,"MA",NA,NA,NA,NA,NA,NA,NA,NA,NA,"mosaico de cultivos de secano, matorral gipsófilo, herbazal halófilo, vegetación halófila y gipsófila",NA,NA,NA,NA,NA,NA,NA,NA,NA,NA,NA,NA,"MA",NA,NA,NA,NA,NA,"17abcf75-2f1e-46dd-bf75-a5b21dd02655",NA,NA,NA,NA,NA,NA,NA,"7275953",NA,"048c0df4-22ec-49ed-b0a5-8520a1b4ca6c",NA,NA,NA,NA,NA,NA,NA,NA,NA,NA,NA,NA,NA
"1936290074","Reseda stricta Pers.",40.023139,-3.603531,"cdc,cdround,gass84,inmano","834c9918-f762-11e1-a439-00145eb45e9a","0363cbd4-f666-455e-8e86-0bbddcf51950","2a3f6a56-7591-4f05-8c4c-a1bb77aa4ea6","6c4a0bb0-2a4d-11d8-aa2d-b8a03c50a862","ES","EML","2026-04-18T01:37:27.366+00:00","2026-04-24T05:21:03.560+00:00",423,"PRESERVED_SPECIMEN",NA,"PRESENT",7275953,6,7707728,220,7225535,3110,3040250,7275953,7275953,"Reseda stricta Pers.","Plantae","Tracheophyta","Brassicales","Resedaceae","Reseda","Reseda stricta","Reseda","stricta","SPECIES","ACCEPTED",NA,540,NA,"EUROPE","Madrid",NA,NA,NA,NA,NA,NA,NA,"2026-04-24T05:21:03.560+00:00","http://creativecommons.org/licenses/by-nc/4.0/legalcode",FALSE,"0a32d03d-d3cf-44e6-9dca-f8ca104737aa","none","none",FALSE,"834c9918-f762-11e1-a439-00145eb45e9a",NA,"José González Granados","none","WGS84","Magnoliopsida","ES","none","none","EUROPE","Spain","EUROPE","0a32d03d-d3cf-44e6-9dca-f8ca104737aa","MA-01-00881357","0363cbd4-f666-455e-8e86-0bbddcf51950",NA,"MA","429","Aranjuez, Cerros de los Frailes","1936290074","es","MA","0a32d03d-d3cf-44e6-9dca-f8ca104737aa","Collection","Reseda stricta Pers.",NA,NA,NA,NA,NA,NA,"José González Granados",NA,NA,NA,NA,NA,NA,NA,NA,NA,NA,NA,NA,NA,NA,NA,"MA",NA,NA,NA,NA,NA,NA,NA,NA,NA,"Margas yesíferas",NA,NA,NA,NA,NA,NA,NA,NA,NA,NA,NA,NA,"MA",NA,NA,NA,NA,NA,"17abcf75-2f1e-46dd-bf75-a5b21dd02655",NA,NA,NA,NA,NA,NA,NA,"7275953",NA,"ec60b8b5-f4ef-4de3-8a68-11916f28bec2",NA,NA,NA,NA,NA,NA,NA,NA,NA,NA,NA,NA,NA
"1936290517","Reseda stricta Pers.",40.023139,-3.603531,"cdc,cdround,gass84,inmano","834c9918-f762-11e1-a439-00145eb45e9a","0363cbd4-f666-455e-8e86-0bbddcf51950","2a3f6a56-7591-4f05-8c4c-a1bb77aa4ea6","6c4a0bb0-2a4d-11d8-aa2d-b8a03c50a862","ES","EML","2026-04-18T01:37:27.366+00:00","2026-04-24T05:21:00.320+00:00",423,"PRESERVED_SPECIMEN",NA,"PRESENT",7275953,6,7707728,220,7225535,3110,3040250,7275953,7275953,"Reseda stricta Pers.","Plantae","Tracheophyta","Brassicales","Resedaceae","Reseda","Reseda stricta","Reseda","stricta","SPECIES","ACCEPTED",NA,540,NA,"EUROPE","Madrid",NA,NA,NA,NA,NA,NA,NA,"2026-04-24T05:21:00.320+00:00","http://creativecommons.org/licenses/by-nc/4.0/legalcode",FALSE,"be72f68e-ccb5-4ead-bff5-15e3296ca758","none","none",FALSE,"834c9918-f762-11e1-a439-00145eb45e9a",NA,"José González Granados","none","WGS84","Magnoliopsida","ES","none","none","EUROPE","Spain","EUROPE","be72f68e-ccb5-4ead-bff5-15e3296ca758","MA-01-00881530","0363cbd4-f666-455e-8e86-0bbddcf51950",NA,"MA","429","Aranjuez, Cerros de los Frailes","1936290517","es","MA","be72f68e-ccb5-4ead-bff5-15e3296ca758","Collection","Reseda stricta Pers.",NA,NA,NA,NA,NA,NA,"José González Granados",NA,NA,NA,NA,NA,NA,NA,NA,NA,NA,NA,NA,NA,NA,NA,"MA",NA,NA,NA,NA,NA,NA,NA,NA,NA,"Margas yesíferas",NA,NA,NA,NA,NA,NA,NA,NA,NA,NA,NA,NA,"MA",NA,NA,NA,NA,NA,"17abcf75-2f1e-46dd-bf75-a5b21dd02655",NA,NA,NA,NA,NA,NA,NA,"7275953",NA,"f97556c8-4c37-43f3-b107-acd3dfa3e41a",NA,NA,NA,NA,NA,NA,NA,NA,NA,NA,NA,NA,NA
"1936290675","Reseda stricta Pers.",40.069511,-3.240403,"cdc,cdround,gass84,inmano","834c9918-f762-11e1-a439-00145eb45e9a","0363cbd4-f666-455e-8e86-0bbddcf51950","2a3f6a56-7591-4f05-8c4c-a1bb77aa4ea6","6c4a0bb0-2a4d-11d8-aa2d-b8a03c50a862","ES","EML","2026-04-18T01:37:27.366+00:00","2026-04-24T05:21:03.795+00:00",423,"PRESERVED_SPECIMEN",NA,"PRESENT",7275953,6,7707728,220,7225535,3110,3040250,7275953,7275953,"Reseda stricta Pers.","Plantae","Tracheophyta","Brassicales","Resedaceae","Reseda","Reseda stricta","Reseda","stricta","SPECIES","ACCEPTED",NA,600,NA,"EUROPE","Madrid",NA,NA,NA,NA,NA,NA,NA,"2026-04-24T05:21:03.795+00:00","http://creativecommons.org/licenses/by-nc/4.0/legalcode",FALSE,"0ae50928-9220-4bf3-97f3-e5e7594f3dd3","none","none",FALSE,"834c9918-f762-11e1-a439-00145eb45e9a",NA,"Visitación Santos Vega","none","WGS84","Magnoliopsida","ES","none","none","EUROPE","Spain","EUROPE","0ae50928-9220-4bf3-97f3-e5e7594f3dd3","MA-01-00881273","0363cbd4-f666-455e-8e86-0bbddcf51950",NA,"MA","429","Villamanrique de Tajo","1936290675","es","MA","0ae50928-9220-4bf3-97f3-e5e7594f3dd3","Collection","Reseda stricta Pers.",NA,NA,NA,NA,NA,NA,"Visitación Santos Vega",NA,NA,NA,NA,NA,NA,NA,NA,NA,NA,NA,NA,NA,NA,NA,"MA",NA,NA,NA,NA,NA,NA,NA,NA,NA,"Yesos sobre margas",NA,NA,NA,NA,NA,NA,NA,NA,NA,NA,NA,NA,"MA",NA,NA,NA,NA,NA,"17abcf75-2f1e-46dd-bf75-a5b21dd02655",NA,NA,NA,NA,NA,NA,NA,"7275953",NA,"07990540-3e3d-4041-98a7-2c6008c7d999",NA,NA,NA,NA,NA,NA,NA,NA,NA,NA,NA,NA,NA
"1936304513","Reseda stricta Pers.",40.183611,-3.600556,"cdc,cdround,gass84,inmano","834c9918-f762-11e1-a439-00145eb45e9a","0363cbd4-f666-455e-8e86-0bbddcf51950","2a3f6a56-7591-4f05-8c4c-a1bb77aa4ea6","6c4a0bb0-2a4d-11d8-aa2d-b8a03c50a862","ES","EML","2026-04-18T01:37:27.366+00:00","2026-04-24T05:21:31.267+00:00",423,"PRESERVED_SPECIMEN",NA,"PRESENT",7275953,6,7707728,220,7225535,3110,3040250,7275953,7275953,"Reseda stricta Pers.","Plantae","Tracheophyta","Brassicales","Resedaceae","Reseda","Reseda stricta","Reseda","stricta","SPECIES","ACCEPTED",NA,597,NA,"EUROPE","Madrid",NA,NA,NA,NA,NA,NA,NA,"2026-04-24T05:21:31.267+00:00","http://creativecommons.org/licenses/by-nc/4.0/legalcode",FALSE,"9d0ec436-2803-4d1c-832c-ea006572728d","none","none",TRUE,"834c9918-f762-11e1-a439-00145eb45e9a",NA,NA,"none","WGS84","Magnoliopsida","ES","none","none","EUROPE","Spain","EUROPE","9d0ec436-2803-4d1c-832c-ea006572728d","MA-01-00895585","0363cbd4-f666-455e-8e86-0bbddcf51950",NA,"MA","429","Ciempozuelos, vereda de Valdemoro","1936304513","es","MA","9d0ec436-2803-4d1c-832c-ea006572728d","Collection","Reseda stricta Pers.",NA,NA,NA,NA,NA,NA,NA,NA,NA,NA,NA,NA,NA,"22154",NA,NA,NA,NA,NA,NA,NA,NA,"MA",NA,NA,NA,NA,NA,NA,NA,NA,NA,"matorrales sobre yesos",NA,NA,NA,NA,NA,NA,NA,NA,NA,NA,NA,NA,"MA",NA,NA,NA,NA,NA,"17abcf75-2f1e-46dd-bf75-a5b21dd02655",NA,NA,NA,NA,NA,NA,NA,"7275953",NA,"e9f5bf06-4107-441b-9845-a5ff244db8dd",NA,NA,NA,NA,NA,NA,NA,NA,NA,NA,NA,NA,NA
"2235618335","Reseda stricta Pers.",37.049892,-3.757821,"cdc,gass84,mdativ,rdativ,osiic,colmano,inmafu","8375dada-f762-11e1-a439-00145eb45e9a","520e3c81-7de2-4ef3-9b36-11f3bdad76a9","2a3f6a56-7591-4f05-8c4c-a1bb77aa4ea6","6c4a0bb0-2a4d-11d8-aa2d-b8a03c50a862","ES","EML","2026-04-18T01:37:28.535+00:00","2026-04-24T11:02:29.461+00:00",372,"PRESERVED_SPECIMEN",1,"PRESENT",7275953,6,7707728,220,7225535,3110,3040250,7275953,7275953,"Reseda stricta Pers.","Plantae","Tracheophyta","Brassicales","Resedaceae","Reseda","Reseda stricta","Reseda","stricta","SPECIES","ACCEPTED",NA,950,0,"EUROPE",NA,NA,NA,NA,NA,NA,NA,NA,"2026-04-24T11:02:29.461+00:00","http://creativecommons.org/licenses/by-nc/4.0/legalcode",FALSE,"3A0E3484-1CF9-41C8-09C7-D1703E84D2C2","none","none",FALSE,NA,NA,"P.M. Sánchez Castillo & J. Lorite","none","WGS84","Magnoliopsida","ES","none","none","EUROPE","Spain","EUROPE","3A0E3484-1CF9-41C8-09C7-D1703E84D2C2","287479-1",NA,NA,"SEV","378","Escúzar, restos de explotación yesífera","2235618335",NA,"Herbariosev","3A0E3484-1CF9-41C8-09C7-D1703E84D2C2",NA,"Reseda stricta Pers.",NA,NA,NA,NA,"ef985171-c61a-4a26-b9f6-82d15d6003d2",NA,"P.M. Sánchez Castillo & J. Lorite",NA,NA,NA,NA,NA,NA,NA,NA,NA,NA,NA,NA,NA,NA,NA,NA,NA,NA,NA,NA,NA,NA,NA,NA,NA,NA,"17/11/2017",NA,NA,NA,NA,NA,NA,NA,NA,NA,NA,NA,"SEV",NA,NA,NA,NA,NA,NA,NA,NA,NA,NA,"Granada",NA,NA,NA,NA,NA,NA,NA,NA,NA,NA,NA,NA,NA,NA,NA,NA,NA,NA
"2996668945","Reseda stricta Pers.",0,0,"cucdmis,gass84,iddativ,rdativ,rdatm,txmathi,zerocd,colmafu,inmafu","5c9a924c-8d45-4452-8604-415a118578aa","838537fc-4aeb-4980-8b58-97fbdcd1d91a","ecb15bdf-98de-4937-84f5-4f93ee9efc73","838537fc-4aeb-4980-8b58-97fbdcd1d91a","BR","EML","2026-05-02T08:30:38.552+00:00","2026-05-02T09:03:17.679+00:00",295,"PRESERVED_SPECIMEN",NA,"PRESENT",7275953,6,7707728,220,7225535,3110,3040250,7275953,7275953,"Reseda stricta Pers.","Plantae","Tracheophyta","Brassicales","Resedaceae","Reseda","Reseda stricta","Reseda","stricta","SPECIES","ACCEPTED",NA,0,0,NA,NA,NA,NA,NA,NA,NA,NA,NA,"2026-05-02T09:03:17.679+00:00","http://creativecommons.org/licenses/by/4.0/legalcode",FALSE,"5136360","none","none",FALSE,NA,NA,"Socorro;et al.","none","WGS84","Magnoliopsida","ES","none","none","EUROPE","Spain","LATIN_AMERICA","5136360","MBM077378",NA,NA,"MBM","296","Granada","2996668945",NA,"MBM","5136360",NA,"Reseda stricta Pers.",NA,NA,NA,NA,"b745abcd-45b2-4a84-a327-9298e795dbfb","d3b42067-b567-4d47-a136-bb5d52ed32fc",NA,NA,NA,"MBM",NA,NA,NA,"s.n.",NA,NA,NA,NA,NA,NA,NA,NA,NA,NA,NA,"Herbário Virtual REFLORA Disponível em: http://herbariovirtualreflora.jbrj.gov.br/reflora/herbarioVirtual/ConsultaPublicoHVUC/ConsultaPublicoHVUC.do?idTestemunho=5136360",NA,NA,NA,"none","MBM 77378",NA,NA,NA,NA,NA,NA,NA,NA,NA,NA,NA,NA,NA,NA,NA,NA,NA,NA,NA,NA,"4b0d8edb-7504-42c4-9349-63e86c01bf97",NA,NA,NA,NA,NA,NA,NA,NA,NA,NA,NA,NA,NA,NA,NA,NA,NA,NA,NA,NA,NA,NA,NA
"2996851898","Reseda stricta Pers.",0,0,"cucdmis,gass84,iddativ,rdativ,rdatm,txmathi,zerocd,colmafu,inmafu","5c9a924c-8d45-4452-8604-415a118578aa","838537fc-4aeb-4980-8b58-97fbdcd1d91a","ecb15bdf-98de-4937-84f5-4f93ee9efc73","838537fc-4aeb-4980-8b58-97fbdcd1d91a","BR","EML","2026-05-02T08:30:38.552+00:00","2026-05-02T09:03:16.226+00:00",295,"PRESERVED_SPECIMEN",NA,"PRESENT",7275953,6,7707728,220,7225535,3110,3040250,7275953,7275953,"Reseda stricta Pers.","Plantae","Tracheophyta","Brassicales","Resedaceae","Reseda","Reseda stricta","Reseda","stricta","SPECIES","ACCEPTED",NA,0,0,NA,NA,NA,NA,NA,NA,NA,NA,NA,"2026-05-02T09:03:16.226+00:00","http://creativecommons.org/licenses/by/4.0/legalcode",FALSE,"5134551","none","none",FALSE,NA,NA,"Labrador","none","WGS84","Magnoliopsida","ES","none","none","EUROPE","Spain","LATIN_AMERICA","5134551","MBM073060",NA,NA,"MBM","296","Madrid","2996851898",NA,"MBM","5134551",NA,"Reseda stricta Pers.",NA,NA,NA,NA,"b745abcd-45b2-4a84-a327-9298e795dbfb","d3b42067-b567-4d47-a136-bb5d52ed32fc",NA,NA,NA,"MBM",NA,NA,NA,"4",NA,NA,NA,NA,NA,NA,NA,NA,NA,NA,NA,"Herbário Virtual REFLORA Disponível em: http://herbariovirtualreflora.jbrj.gov.br/reflora/herbarioVirtual/ConsultaPublicoHVUC/ConsultaPublicoHVUC.do?idTestemunho=5134551",NA,NA,NA,"none","MBM 73060",NA,NA,NA,NA,NA,NA,NA,NA,NA,NA,NA,NA,NA,NA,NA,NA,NA,NA,NA,NA,"4b0d8edb-7504-42c4-9349-63e86c01bf97",NA,NA,NA,NA,NA,NA,NA,NA,NA,NA,NA,NA,NA,NA,NA,NA,NA,NA,NA,NA,NA,NA,NA
"4530753947","Reseda stricta Pers.",41.307488,0.909497,"cdc,cdround,cdpi,inmano","a4b7c71e-fc73-434e-a008-d63c222179d0","7b4f2f30-a456-11d9-8049-b8a03c50a862","2a3f6a56-7591-4f05-8c4c-a1bb77aa4ea6","6c4a0bb0-2a4d-11d8-aa2d-b8a03c50a862","ES","EML","2026-04-17T15:02:28.711+00:00","2026-04-24T02:24:28.455+00:00",415,"PRESERVED_SPECIMEN",NA,"PRESENT",7275953,6,7707728,220,7225535,3110,3040250,7275953,7275953,"Reseda stricta Pers.","Plantae","Tracheophyta","Brassicales","Resedaceae","Reseda","Reseda stricta","Reseda","stricta","SPECIES","ACCEPTED",NA,NA,NA,"EUROPE",NA,NA,NA,NA,NA,NA,NA,"2024-01-08T00:00:00.000+00:00","2026-04-24T02:24:28.455+00:00","http://creativecommons.org/licenses/by-nc/4.0/legalcode",FALSE,"BDBC-C.5444.0.9417.4416","none","none",FALSE,"doi:10.15470/fzwiiu","FloraCAT: Banco de datos de los cormófitos de Cataluña","ROGER PASCUAL GARSABALL, herb. pers., () 3","none","WGS84","Magnoliopsida","ES","none","none","EUROPE","Spain","EUROPE","BDBC-C.5444.0.9417.4416","herb. pers.",NA,NA,"BDBC","421","Vessant nord: Albarca, al cementiri i cap al riuet del Teix 750 m","4530753947","es","BDBC-Floracat","BDBC-C.5444.0.9417.4416","Dataset","Reseda stricta Pers.","BDBC",NA,"BDBC",NA,NA,NA,"ROGER PASCUAL GARSABALL",NA,NA,"Generalitat de Catalunya",NA,NA,"800",NA,NA,NA,NA,NA,NA,NA,NA,"C000935",NA,NA,NA,"Pascual, Roger (2007). Flora de la serra del Montsant (vol. I i II). Rafael Dalmau editor. Barcelona",NA,NA,NA,NA,NA,NA,NA,NA,NA,NA,NA,NA,NA,NA,NA,NA,NA,NA,NA,NA,NA,NA,NA,NA,NA,NA,NA,NA,NA,NA,"Catalonia","UTM","{""percentNN"":0.9779,""countNN"":354,""distanceNN"":0.09}","C000935","Reseda stricta 329 Pers.",NA,NA,NA,NA,NA,NA,NA,NA,NA,NA,NA,NA,NA,NA
"4530958584","Reseda stricta Pers.",41.307488,0.909497,"cdc,cdround,rdativ,rdatm,cdpi,inmano","a4b7c71e-fc73-434e-a008-d63c222179d0","7b4f2f30-a456-11d9-8049-b8a03c50a862","2a3f6a56-7591-4f05-8c4c-a1bb77aa4ea6","6c4a0bb0-2a4d-11d8-aa2d-b8a03c50a862","ES","EML","2026-04-17T15:02:28.711+00:00","2026-04-24T02:24:00.381+00:00",415,"PRESERVED_SPECIMEN",NA,"PRESENT",7275953,6,7707728,220,7225535,3110,3040250,7275953,7275953,"Reseda stricta Pers.","Plantae","Tracheophyta","Brassicales","Resedaceae","Reseda","Reseda stricta","Reseda","stricta","SPECIES","ACCEPTED",NA,NA,NA,"EUROPE",NA,NA,NA,NA,NA,NA,NA,"2024-01-08T00:00:00.000+00:00","2026-04-24T02:24:00.381+00:00","http://creativecommons.org/licenses/by-nc/4.0/legalcode",FALSE,"BDBC-C.6833.0.143709.40514","none","none",TRUE,"doi:10.15470/fzwiiu","FloraCAT: Banco de datos de los cormófitos de Cataluña","Molero Briones, JuliÃ , BCN 47450, () 3","none","WGS84","Magnoliopsida","ES","none","none","EUROPE","Spain","EUROPE","BDBC-C.6833.0.143709.40514","BCN 47450",NA,NA,"BDBC","421","Tarragona, Priorat: Cornudella. Priorat. Tarragona","4530958584","es","BDBC-Floracat","BDBC-C.6833.0.143709.40514","Dataset","Reseda stricta Pers.","BDBC",NA,"original",NA,NA,NA,"Molero Briones, JuliÃ ",NA,NA,"Generalitat de Catalunya",NA,NA,NA,NA,NA,NA,NA,NA,NA,NA,NA,"C000935",NA,NA,NA,"BCN (2017). Plecs Herbari BCN. CEDOCBIV",NA,NA,NA,NA,NA,NA,NA,NA,NA,NA,NA,NA,NA,NA,NA,NA,NA,NA,NA,NA,NA,NA,NA,NA,NA,NA,NA,NA,NA,NA,"Catalonia","UTM","{""percentNN"":0.9779,""countNN"":354,""distanceNN"":0.09}","C000935","Reseda stricta Pers.",NA,NA,NA,NA,NA,NA,NA,NA,NA,NA,NA,NA,NA,NA
