"key","scientificName","decimalLatitude","decimalLongitude","issues","datasetKey","publishingOrgKey","installationKey","hostingOrganizationKey","publishingCountry","protocol","lastCrawled","lastParsed","crawlId","basisOfRecord","individualCount","occurrenceStatus","taxonKey","kingdomKey","phylumKey","classKey","orderKey","familyKey","genusKey","speciesKey","acceptedTaxonKey","acceptedScientificName","kingdom","phylum","order","family","genus","species","genericName","specificEpithet","taxonRank","taxonomicStatus","coordinateUncertaintyInMeters","elevation","elevationAccuracy","continent","stateProvince","year","month","day","eventDate","startDayOfYear","endDayOfYear","modified","lastInterpreted","license","isSequenced","identifier","facts","relations","isInCluster","datasetID","datasetName","recordedBy","nucleotideSequence","geodeticDatum","class","countryCode","recordedByIDs","identifiedByIDs","gbifRegion","country","publishedByGbifRegion","identifier.1","catalogNumber","institutionID","nomenclaturalCode","institutionCode","http...unknown.org.crawl_attempt","locality","gbifID","language","collectionCode","occurrenceID","type","name","institutionKey","collectionKey","preparations","http...unknown.org.localId","habitat","verbatimEventDate","municipality","disposition","reproductiveCondition","projectId","identifiedBy","recordNumber","fieldNumber","verbatimTaxonRank","networkKeys","gadm","higherGeography","recordedByIDs.type","recordedByIDs.value","http...unknown.org.declaredCount","higherClassification","dateIdentified","dynamicProperties","georeferencedBy","rightsHolder","county","verbatimCoordinateSystem","http...unknown.org.griddedDataset","taxonID","verbatimIdentification","acceptedNameUsageID","bibliographicCitation","occurrenceRemarks","depth","depthAccuracy","ownerInstitutionCode","collectionID","previousIdentifications","locationID","http...unknown.org.status","http...unknown.org.crawlerDwcaCacheTime","http...unknown.org.orphanEndpoint","otherCatalogNumbers","identificationID","fieldNotes","identificationRemarks","verbatimElevation","infraspecificEpithet","coordinatePrecision","http...unknown.org.dateLastUpdated","eventRemarks","http...unknown.org.code","http...unknown.org.conceptualSchema","http...unknown.org.maxSearchResponseRecords","georeferenceRemarks","distanceFromCentroidInMeters","verbatimLocality","references","identifiedByIDs.type","identifiedByIDs.value","accessRights","http...unknown.org.download","datasetTitle"
"5828977651","Herniaria fruticosa L.",42.014561,0.329252,"inmano","45329de8-a48e-4e92-a709-f8303220ac84","dfa60bf9-be17-4b11-bdd1-23734e6dbfbd","2a3f6a56-7591-4f05-8c4c-a1bb77aa4ea6","6c4a0bb0-2a4d-11d8-aa2d-b8a03c50a862","ES","EML","2026-04-21T18:27:26.406+00:00","2026-04-24T09:49:01.317+00:00",82,"PRESERVED_SPECIMEN",5,"PRESENT",7769858,6,7707728,220,422,2518,3085796,7769858,7769858,"Herniaria fruticosa L.","Plantae","Tracheophyta","Caryophyllales","Caryophyllaceae","Herniaria","Herniaria fruticosa","Herniaria","fruticosa","SPECIES","ACCEPTED",0.71,642,0,"EUROPE","Huesca",2025,1,9,"2025-01-09",9,9,"2025-01-01T00:00:00.000+00:00","2026-04-24T09:49:01.317+00:00","http://creativecommons.org/licenses/by-nc/4.0/legalcode",FALSE,"IPE-CSIC:JACA:R312604","none","none",TRUE,"doi:10.15470/kascfy","Proyecto PHYLOPYR","JVF","none","WGS84","Magnoliopsida","ES","none","none","EUROPE","Spain","EUROPE","IPE-CSIC:JACA:R312604","R312604","https://www.gbif.org/publisher/dfa60bf9-be17-4b11-bdd1-23734e6dbfbd","ICN","IPE-CSIC","105","Alins del Monte","5828977651","es","Herbario JACA","IPE-CSIC:JACA:R312604","Collection","Herniaria fruticosa L.",NA,NA,NA,NA,NA,NA,NA,NA,NA,NA,NA,NA,NA,NA,NA,NA,NA,NA,NA,NA,NA,NA,NA,NA,NA,NA,NA,NA,NA,NA,NA,NA,NA,NA,NA,NA,NA,NA,NA,NA,NA,NA,NA,NA,NA,NA,NA,NA,NA,NA,NA,NA,NA,NA,NA,NA,NA,NA,NA,NA,NA,NA,NA
"5921326993","Herniaria fruticosa L.",39.19,-1.05,"cdc,colmafu,inmafu","834a4794-f762-11e1-a439-00145eb45e9a","8209258a-80e8-4094-aba2-a3febe5ed45b","2a3f6a56-7591-4f05-8c4c-a1bb77aa4ea6","6c4a0bb0-2a4d-11d8-aa2d-b8a03c50a862","ES","EML","2026-04-18T01:37:24.691+00:00","2026-04-24T10:27:21.893+00:00",375,"PRESERVED_SPECIMEN",NA,"PRESENT",7769858,6,7707728,220,422,2518,3085796,7769858,7769858,"Herniaria fruticosa L.","Plantae","Tracheophyta","Caryophyllales","Caryophyllaceae","Herniaria","Herniaria fruticosa","Herniaria","fruticosa","SPECIES","ACCEPTED",1,390,0,"EUROPE","València",2024,5,22,"2024-05-22",143,143,"2025-11-03T14:20:45.000+00:00","2026-04-24T10:27:21.893+00:00","http://creativecommons.org/licenses/by-nc/4.0/legalcode",FALSE,"D430D8FC-463E-4620-8FB3-037BEE59769E","none","none",FALSE,NA,"Colección de plantas vasculares del herbario de la Universitat de València (VAL)","S. Fos","none","WGS84","Magnoliopsida","ES","none","none","EUROPE","Spain","EUROPE","D430D8FC-463E-4620-8FB3-037BEE59769E","256264-1","https://www.gbif.org/publisher/8209258a-80e8-4094-aba2-a3febe5ed45b",NA,"VAL","391","sierra de Alcolea, El Bolariquio, lomas al oeste del Peñón de las Salinas","5921326993","es","VAL","D430D8FC-463E-4620-8FB3-037BEE59769E","PhysicalObject","Herniaria fruticosa L.","c645b060-c130-45ee-97ab-b9fc94393523","6ceb64b5-0201-4a27-bcdb-8d62035e35d5","Pliego","VAL","matorrales gipsícolas sobre yesos del Keuper","22/05/2024","Jalance (Vall de Cofrents-Aiora)","in collection","fruit-bearing",NA,NA,NA,NA,NA,NA,NA,NA,NA,NA,NA,NA,NA,NA,NA,NA,NA,NA,NA,NA,NA,NA,NA,NA,NA,NA,NA,NA,NA,NA,NA,NA,NA,NA,NA,NA,NA,NA,NA,NA,NA,NA,NA,NA,NA,NA,NA,NA,NA,NA,NA,NA,NA,NA
"3713847480","Herniaria fruticosa L.",37.85,-1.97,"cdc,gass84,mdativ,osiic,incomis,inmafu","83504144-f762-11e1-a439-00145eb45e9a","c1564d80-1b9d-471c-b84d-8d5dd2efbf0a","2a3f6a56-7591-4f05-8c4c-a1bb77aa4ea6","6c4a0bb0-2a4d-11d8-aa2d-b8a03c50a862","ES","EML","2026-04-18T01:37:24.938+00:00","2026-04-24T07:24:22.092+00:00",344,"PRESERVED_SPECIMEN",1,"PRESENT",7769858,6,7707728,220,422,2518,3085796,7769858,7769858,"Herniaria fruticosa L.","Plantae","Tracheophyta","Caryophyllales","Caryophyllaceae","Herniaria","Herniaria fruticosa","Herniaria","fruticosa","SPECIES","ACCEPTED",707,830,0,"EUROPE","Murcia",2018,4,17,"2018-04-17",107,107,NA,"2026-04-24T07:24:22.092+00:00","http://creativecommons.org/licenses/by/4.0/legalcode",FALSE,"2B12D737-00D8-439C-8B90-9DD363B43BD8","none","none",FALSE,NA,"Herbario de la Universidad de Almería","J.F. Mota & A.J. Mendoza-Fernández.","none","WGS84","Magnoliopsida","ES","none","none","EUROPE","Spain","EUROPE","2B12D737-00D8-439C-8B90-9DD363B43BD8","28037-1",NA,NA,"JP","350","Entre el Valle de Guadalentín y Los Vélez. Cañada de Reverte.","3713847480","es","HUAL","2B12D737-00D8-439C-8B90-9DD363B43BD8","PhysicalObject","Herniaria fruticosa L.","a8343e51-cda3-4e7a-9eb6-4431f432fde4",NA,NA,"HUAL",NA,"17/04/2018",NA,NA,NA,"HUAL","F.J. Pérez-García.",NA,NA,NA,NA,NA,NA,NA,NA,NA,NA,NA,NA,NA,NA,NA,NA,NA,NA,NA,NA,NA,NA,NA,NA,NA,NA,NA,NA,NA,NA,NA,NA,NA,NA,NA,NA,NA,NA,NA,NA,NA,NA,NA,NA,NA,NA,NA,NA,NA,NA,NA,NA
"2558260518","Herniaria fruticosa L.",41.39,-0.09,"cdc,gass84,txmathi,colmafu,inmafu","834a4794-f762-11e1-a439-00145eb45e9a","8209258a-80e8-4094-aba2-a3febe5ed45b","2a3f6a56-7591-4f05-8c4c-a1bb77aa4ea6","6c4a0bb0-2a4d-11d8-aa2d-b8a03c50a862","ES","EML","2026-04-18T01:37:24.691+00:00","2026-04-24T10:27:18.197+00:00",375,"PRESERVED_SPECIMEN",NA,"PRESENT",7769858,6,7707728,220,422,2518,3085796,7769858,7769858,"Herniaria fruticosa L.","Plantae","Tracheophyta","Caryophyllales","Caryophyllaceae","Herniaria","Herniaria fruticosa","Herniaria","fruticosa","SPECIES","ACCEPTED",707,340,0,"EUROPE","Zaragoza",2018,5,26,"2018-05-26",146,146,"2025-11-03T14:20:45.000+00:00","2026-04-24T10:27:18.197+00:00","http://creativecommons.org/licenses/by-nc/4.0/legalcode",FALSE,"9F263316-93D2-4090-872C-3649C6917CE2","none","none",FALSE,NA,"Colección de plantas vasculares del herbario de la Universitat de València (VAL)","R. Senar & P. Gumbau","none","WGS84","Magnoliopsida","ES","none","none","EUROPE","Spain","EUROPE","9F263316-93D2-4090-872C-3649C6917CE2","240707-1","https://www.gbif.org/publisher/8209258a-80e8-4094-aba2-a3febe5ed45b",NA,"VAL","391","Bujaraloz, Clota de la Gramenosa, marge E de la llacuna","2558260518","es","VAL","9F263316-93D2-4090-872C-3649C6917CE2","PhysicalObject","Herniaria fruticosa L.","c645b060-c130-45ee-97ab-b9fc94393523","6ceb64b5-0201-4a27-bcdb-8d62035e35d5","Pliego","VAL","brolles i pastures xèriques d´algepsars","26/05/2018","Bujaraloz (Monegros)","in collection","in bloom",NA,NA,"10518","10518","var.",NA,NA,NA,NA,NA,NA,NA,NA,NA,NA,NA,NA,NA,NA,NA,NA,NA,NA,NA,NA,NA,NA,NA,NA,NA,NA,NA,NA,NA,NA,NA,NA,NA,NA,NA,NA,NA,NA,NA,NA,NA,NA,NA,NA,NA,NA,NA,NA,NA
"2597551389","Herniaria fruticosa L.",38.50532,0.7867,"colmafu,inmafu","7f5260c2-f762-11e1-a439-00145eb45e9a","4e11d750-bafb-11d9-8e53-b8a03c50a862","f0e191c4-2ef2-4e3d-9768-34d58d14ba2d","58520c30-bafb-11d9-8e53-b8a03c50a862","AT","BIOCASE","2026-05-25T07:55:44.657+00:00","2026-05-25T08:00:49.405+00:00",369,"PRESERVED_SPECIMEN",NA,"PRESENT",7769858,6,7707728,220,422,2518,3085796,7769858,7769858,"Herniaria fruticosa L.","Plantae","Tracheophyta","Caryophyllales","Caryophyllaceae","Herniaria","Herniaria fruticosa","Herniaria","fruticosa","SPECIES","ACCEPTED",NA,450,NA,NA,NA,2017,3,21,"2017-03-21",80,80,"2019-08-26T10:17:45.000+00:00","2026-05-25T08:00:49.405+00:00","http://creativecommons.org/licenses/by/4.0/legalcode",FALSE,"2018-0008128","none","none",FALSE,NA,NA,"Escobar García,P. 618/2017","none","WGS84","Magnoliopsida","ES",NA,"none","EUROPE","Spain","EUROPE","2018-0008128","2018-0008128",NA,NA,"W","369","Spain, Comunidad Valenciana, Alicante, Petrer, Rambla del Arenal, 38,5053270, -0,7866980, 450 m","2597551389",NA,"Herbarium W","https://w.jacq.org/W20180008128",NA,"Herniaria fruticosa L.","37a95137-fb12-4e75-b35c-ffc6e5af94f9","7dae0702-991d-47bb-95bd-1ed2738673be",NA,NA,NA,NA,NA,NA,NA,NA,"P. Escobar García","618/2017",NA,NA,"80edc711-19b9-464c-a8b3-2cc15be80e26,17abcf75-2f1e-46dd-bf75-a5b21dd02655","none","Valenciana","WIKIDATA","https://www.wikidata.org/entity/Q36650136","391238","Illecebraceae",NA,NA,NA,NA,NA,NA,NA,NA,NA,NA,NA,NA,NA,NA,NA,NA,NA,NA,NA,NA,NA,NA,NA,NA,NA,NA,NA,NA,NA,NA,NA,NA,NA,NA,NA,NA,NA,NA,NA,NA,NA,NA
"2558257530","Herniaria fruticosa L.",41.12,-0.56,"cdc,gass84,colmafu,inmafu","834a4794-f762-11e1-a439-00145eb45e9a","8209258a-80e8-4094-aba2-a3febe5ed45b","2a3f6a56-7591-4f05-8c4c-a1bb77aa4ea6","6c4a0bb0-2a4d-11d8-aa2d-b8a03c50a862","ES","EML","2026-04-18T01:37:24.691+00:00","2026-04-24T10:27:12.467+00:00",375,"PRESERVED_SPECIMEN",NA,"PRESENT",7769858,6,7707728,220,422,2518,3085796,7769858,7769858,"Herniaria fruticosa L.","Plantae","Tracheophyta","Caryophyllales","Caryophyllaceae","Herniaria","Herniaria fruticosa","Herniaria","fruticosa","SPECIES","ACCEPTED",7071,415,0,"EUROPE","Teruel",2017,5,21,"2017-05-21",141,141,"2025-11-03T14:20:45.000+00:00","2026-04-24T10:27:12.467+00:00","http://creativecommons.org/licenses/by-nc/4.0/legalcode",FALSE,"492425A4-69D6-4074-A3B8-824E59F596A3","none","none",FALSE,NA,"Colección de plantas vasculares del herbario de la Universitat de València (VAL)","R. Senar y P. Gumbau","none","WGS84","Magnoliopsida","ES","none","none","EUROPE","Spain","EUROPE","492425A4-69D6-4074-A3B8-824E59F596A3","236751-1","https://www.gbif.org/publisher/8209258a-80e8-4094-aba2-a3febe5ed45b",NA,"VAL","391","Albalate del Arzobispo, El Bolar, basa d´aigua junt a A-223","2558257530","es","VAL","492425A4-69D6-4074-A3B8-824E59F596A3","PhysicalObject","Herniaria fruticosa L.","c645b060-c130-45ee-97ab-b9fc94393523","6ceb64b5-0201-4a27-bcdb-8d62035e35d5","Pliego","VAL","pastures xèriques gipsòfiles","21/05/2017","Albalate del Arzobispo (Bajo Martín)","in collection",NA,NA,"R. Senar",NA,"SENAR/9065",NA,NA,NA,NA,NA,NA,NA,NA,NA,NA,NA,NA,NA,NA,NA,NA,NA,NA,NA,NA,NA,NA,NA,NA,NA,NA,NA,NA,NA,NA,NA,NA,NA,NA,NA,NA,NA,NA,NA,NA,NA,NA,NA,NA,NA,NA,NA,NA,NA,NA
"1851017638","Herniaria fruticosa L.",41.62722,0.70083,"cdc,colmafu,inmafu","7f5260c2-f762-11e1-a439-00145eb45e9a","4e11d750-bafb-11d9-8e53-b8a03c50a862","f0e191c4-2ef2-4e3d-9768-34d58d14ba2d","58520c30-bafb-11d9-8e53-b8a03c50a862","AT","BIOCASE","2026-05-25T07:55:44.657+00:00","2026-05-25T08:00:48.362+00:00",369,"PRESERVED_SPECIMEN",NA,"PRESENT",7769858,6,7707728,220,422,2518,3085796,7769858,7769858,"Herniaria fruticosa L.","Plantae","Tracheophyta","Caryophyllales","Caryophyllaceae","Herniaria","Herniaria fruticosa","Herniaria","fruticosa","SPECIES","ACCEPTED",NA,NA,NA,"EUROPE",NA,2016,5,20,"2016-05-20",141,141,"2018-10-01T10:23:21.000+00:00","2026-05-25T08:00:48.362+00:00","http://creativecommons.org/licenses/by/4.0/legalcode",FALSE,"2018-0003203","none","none",FALSE,NA,NA,"Escobar García,P. 739/2016","none","WGS84","Magnoliopsida","ES",NA,"none","EUROPE","Spain","EUROPE","2018-0003203","2018-0003203",NA,NA,"W","369","España, [Aragón,] Zaragoza, Alfajarín, Barranco de la Virgen, 41,62732, -0,700958","1851017638",NA,"Herbarium W","https://w.jacq.org/W20180003203",NA,"Herniaria fruticosa L.","37a95137-fb12-4e75-b35c-ffc6e5af94f9","7dae0702-991d-47bb-95bd-1ed2738673be",NA,NA,NA,NA,NA,NA,NA,NA,"Escobar García","739/2016",NA,NA,"80edc711-19b9-464c-a8b3-2cc15be80e26,17abcf75-2f1e-46dd-bf75-a5b21dd02655",NA,"Aragón","WIKIDATA","https://www.wikidata.org/entity/Q36650136","391238","Illecebraceae",NA,NA,NA,NA,NA,NA,NA,NA,NA,NA,NA,NA,NA,NA,NA,NA,NA,NA,NA,NA,NA,NA,NA,NA,NA,NA,NA,NA,NA,NA,NA,NA,NA,NA,NA,NA,NA,NA,NA,NA,NA,NA
"2558257255","Herniaria fruticosa L.",41.13,-0.23,"cdc,gass84,colmafu,inmafu","834a4794-f762-11e1-a439-00145eb45e9a","8209258a-80e8-4094-aba2-a3febe5ed45b","2a3f6a56-7591-4f05-8c4c-a1bb77aa4ea6","6c4a0bb0-2a4d-11d8-aa2d-b8a03c50a862","ES","EML","2026-04-18T01:37:24.691+00:00","2026-04-24T10:27:17.766+00:00",375,"PRESERVED_SPECIMEN",NA,"PRESENT",7769858,6,7707728,220,422,2518,3085796,7769858,7769858,"Herniaria fruticosa L.","Plantae","Tracheophyta","Caryophyllales","Caryophyllaceae","Herniaria","Herniaria fruticosa","Herniaria","fruticosa","SPECIES","ACCEPTED",100,380,0,"EUROPE","Teruel",2016,6,13,"2016-06-13",165,165,"2025-11-03T14:20:45.000+00:00","2026-04-24T10:27:17.766+00:00","http://creativecommons.org/licenses/by-nc/4.0/legalcode",FALSE,"A4D1835E-AD39-4484-80F4-005D16255230","none","none",FALSE,NA,"Colección de plantas vasculares del herbario de la Universitat de València (VAL)","R. Morales & al.","none","WGS84","Magnoliopsida","ES","none","none","EUROPE","Spain","EUROPE","A4D1835E-AD39-4484-80F4-005D16255230","236500-1","https://www.gbif.org/publisher/8209258a-80e8-4094-aba2-a3febe5ed45b",NA,"VAL","391","Valmuel, Puig Moreno, 41º 08’N 00º 14’W","2558257255","es","VAL","A4D1835E-AD39-4484-80F4-005D16255230","PhysicalObject","Herniaria fruticosa L.","c645b060-c130-45ee-97ab-b9fc94393523","6ceb64b5-0201-4a27-bcdb-8d62035e35d5","Pliego","VAL","matorral y bosque de Pinus nigra sobre cuarcitas paleozoicas","13/06/2016","Alcañiz (Bajo Aragón)","in collection",NA,NA,"J. Fabado",NA,"RM3228",NA,NA,NA,NA,NA,NA,NA,NA,"2022-11-01T00:00:00","{Exsiccata: Iter turolensis 2016. Flora iberica}",NA,NA,NA,NA,NA,NA,NA,NA,NA,NA,NA,NA,NA,NA,NA,NA,NA,NA,NA,NA,NA,NA,NA,NA,NA,NA,NA,NA,NA,NA,NA,NA,NA,NA,NA,NA,NA,NA,NA,NA
"2558257834","Herniaria fruticosa L.",41.55,-0.55,"cdc,gass84,colmafu,inmafu","834a4794-f762-11e1-a439-00145eb45e9a","8209258a-80e8-4094-aba2-a3febe5ed45b","2a3f6a56-7591-4f05-8c4c-a1bb77aa4ea6","6c4a0bb0-2a4d-11d8-aa2d-b8a03c50a862","ES","EML","2026-04-18T01:37:24.691+00:00","2026-04-24T10:27:26.131+00:00",375,"PRESERVED_SPECIMEN",NA,"PRESENT",7769858,6,7707728,220,422,2518,3085796,7769858,7769858,"Herniaria fruticosa L.","Plantae","Tracheophyta","Caryophyllales","Caryophyllaceae","Herniaria","Herniaria fruticosa","Herniaria","fruticosa","SPECIES","ACCEPTED",100,210,0,"EUROPE","Zaragoza",2016,6,11,"2016-06-11",163,163,"2025-11-03T14:20:45.000+00:00","2026-04-24T10:27:26.131+00:00","http://creativecommons.org/licenses/by-nc/4.0/legalcode",FALSE,"1ABADF50-6035-4B28-9B8E-0B38A3486C91","none","none",FALSE,NA,"Colección de plantas vasculares del herbario de la Universitat de València (VAL)","I. Aizpuru, S. Andrés-Sánchez, P. Bariego, D. Guti","none","WGS84","Magnoliopsida","ES","none","none","EUROPE","Spain","EUROPE","1ABADF50-6035-4B28-9B8E-0B38A3486C91","236619-1","https://www.gbif.org/publisher/8209258a-80e8-4094-aba2-a3febe5ed45b",NA,"VAL","391","Pina de Ebro, Valdeosera, 41º33´28""N 0º33´2""W","2558257834","es","VAL","1ABADF50-6035-4B28-9B8E-0B38A3486C91","PhysicalObject","Herniaria fruticosa L.","c645b060-c130-45ee-97ab-b9fc94393523","6ceb64b5-0201-4a27-bcdb-8d62035e35d5","Pliego","VAL","matorral de Krascheninnikovia sobre calizas","11/06/2016","Pina de Ebro (Ribera Baja del Ebro)","in collection",NA,NA,"J. Fabado",NA,"SA1143",NA,NA,NA,NA,NA,NA,NA,NA,"2022-11-01T00:00:00","{Exsiccata: Iter turolensis 2016. Flora iberica}",NA,NA,NA,NA,NA,NA,NA,NA,NA,NA,NA,NA,NA,NA,NA,NA,NA,NA,NA,NA,NA,NA,NA,NA,NA,NA,NA,NA,NA,NA,NA,NA,NA,NA,NA,NA,NA,NA,NA,NA
"2558257968","Herniaria fruticosa L.",41.25,-0.13,"cdc,gass84,colmafu,inmafu","834a4794-f762-11e1-a439-00145eb45e9a","8209258a-80e8-4094-aba2-a3febe5ed45b","2a3f6a56-7591-4f05-8c4c-a1bb77aa4ea6","6c4a0bb0-2a4d-11d8-aa2d-b8a03c50a862","ES","EML","2026-04-18T01:37:24.691+00:00","2026-04-24T10:27:33.610+00:00",375,"PRESERVED_SPECIMEN",NA,"PRESENT",7769858,6,7707728,220,422,2518,3085796,7769858,7769858,"Herniaria fruticosa L.","Plantae","Tracheophyta","Caryophyllales","Caryophyllaceae","Herniaria","Herniaria fruticosa","Herniaria","fruticosa","SPECIES","ACCEPTED",100,118,0,"EUROPE","Zaragoza",2016,6,13,"2016-06-13",165,165,"2025-11-03T14:20:45.000+00:00","2026-04-24T10:27:33.610+00:00","http://creativecommons.org/licenses/by-nc/4.0/legalcode",FALSE,"DCBF8AD7-6B73-40E3-931C-16BA18A3CFEA","none","none",FALSE,NA,"Colección de plantas vasculares del herbario de la Universitat de València (VAL)","R. Morales & al.","none","WGS84","Magnoliopsida","ES","none","none","EUROPE","Spain","EUROPE","DCBF8AD7-6B73-40E3-931C-16BA18A3CFEA","236601-1","https://www.gbif.org/publisher/8209258a-80e8-4094-aba2-a3febe5ed45b",NA,"VAL","391","Chiprana, puente a la salida del pueblo sobre el pantano de Mequinenza, 41º 15’N 00º 08’W","2558257968","es","VAL","DCBF8AD7-6B73-40E3-931C-16BA18A3CFEA","PhysicalObject","Herniaria fruticosa L.","c645b060-c130-45ee-97ab-b9fc94393523","6ceb64b5-0201-4a27-bcdb-8d62035e35d5","Pliego","VAL","ribera del pantano y matorral en cerros áridos","13/06/2016","Chiprana (Bajo Aragón-Caspe)","in collection",NA,NA,"J. Fabado",NA,"RM3295",NA,NA,NA,NA,NA,NA,NA,NA,"2022-11-01T00:00:00","{Exsiccata: Iter turolensis 2016. Flora iberica}",NA,NA,NA,NA,NA,NA,NA,NA,NA,NA,NA,NA,NA,NA,NA,NA,NA,NA,NA,NA,NA,NA,NA,NA,NA,NA,NA,NA,NA,NA,NA,NA,NA,NA,NA,NA,NA,NA,NA,NA
"2597218724","Herniaria fruticosa L.",40.24,-1.13,"cdc,gass84,osiic,colmafu,inmafu","8353c5bc-f762-11e1-a439-00145eb45e9a","857b3f90-230f-474d-9559-6f740efadbba","2a3f6a56-7591-4f05-8c4c-a1bb77aa4ea6","6c4a0bb0-2a4d-11d8-aa2d-b8a03c50a862","ES","EML","2026-04-18T01:37:26.992+00:00","2026-04-24T05:12:16.497+00:00",339,"PRESERVED_SPECIMEN",1,"PRESENT",7769858,6,7707728,220,422,2518,3085796,7769858,7769858,"Herniaria fruticosa L.","Plantae","Tracheophyta","Caryophyllales","Caryophyllaceae","Herniaria","Herniaria fruticosa","Herniaria","fruticosa","SPECIES","ACCEPTED",707,895,0,"EUROPE","Teruel",2016,6,21,"2016-06-21",173,173,"2017-09-12T09:30:33.000+00:00","2026-04-24T05:12:16.497+00:00","http://creativecommons.org/licenses/by/4.0/legalcode",FALSE,"83FEDA1A-6F33-492B-0820-E152364060FE","none","none",FALSE,NA,"ardín Botánico de Córdoba: Herbarium COA","M. López, A. Carmona y J.A. Robles","none","WGS84","Magnoliopsida","ES","none","none","EUROPE","Spain","EUROPE","83FEDA1A-6F33-492B-0820-E152364060FE","56910-1",NA,NA,"COA","345","Villastar, LIC Altos de Marimezquita, Los Pinarejos y Muela de Cascante, pr. La Cañada","2597218724","es","COA","83FEDA1A-6F33-492B-0820-E152364060FE","PhysicalObject","Herniaria fruticosa L.","d9c5994e-45c4-4f46-8579-50f60f174d10","54dc0fad-9516-42b4-b1e7-b43d5b7281f1",NA,"COA",NA,"21062016",NA,NA,NA,NA,"M. López",NA,NA,NA,NA,NA,NA,NA,NA,NA,NA,NA,NA,NA,NA,NA,NA,NA,NA,NA,NA,NA,NA,NA,NA,NA,NA,NA,NA,NA,NA,NA,NA,NA,NA,NA,NA,NA,NA,NA,NA,NA,NA,NA,NA,NA,NA,NA,NA,NA,NA,NA,NA
"4529435868","Herniaria fruticosa L.",41.847565,0.892,"cdc,cdround,cdpi,inmano","a4b7c71e-fc73-434e-a008-d63c222179d0","7b4f2f30-a456-11d9-8049-b8a03c50a862","2a3f6a56-7591-4f05-8c4c-a1bb77aa4ea6","6c4a0bb0-2a4d-11d8-aa2d-b8a03c50a862","ES","EML","2026-04-17T15:02:28.711+00:00","2026-04-24T02:24:14.918+00:00",415,"PRESERVED_SPECIMEN",NA,"PRESENT",7769858,6,7707728,220,422,2518,3085796,7769858,7769858,"Herniaria fruticosa L.","Plantae","Tracheophyta","Caryophyllales","Caryophyllaceae","Herniaria","Herniaria fruticosa","Herniaria","fruticosa","SPECIES","ACCEPTED",NA,NA,NA,"EUROPE",NA,2015,5,8,"2015-05-08",128,128,"2024-01-08T00:00:00.000+00:00","2026-04-24T02:24:14.918+00:00","http://creativecommons.org/licenses/by-nc/4.0/legalcode",FALSE,"BDBC-C.2236.0.17698.10261","none","none",FALSE,"doi:10.15470/fzwiiu","FloraCAT: Banco de datos de los cormófitos de Cataluña","Conesa, Font, Barnola i Sais, HGI-22638, * 3","none","WGS84","Magnoliopsida","ES","none","none","EUROPE","Spain","EUROPE","BDBC-C.2236.0.17698.10261","HGI-22638",NA,NA,"BDBC","421","LA SENTIU DE SIÃ“, a lo Torricot; SENTIU DE SIÃ“, LA; La Noguera","4529435868","es","BDBC-Floracat","BDBC-C.2236.0.17698.10261","Dataset","Herniaria fruticosa L.",NA,NA,NA,NA,NA,NA,NA,NA,NA,"BDBC","Conesa, Font, Barnola i Sais",NA,NA,NA,NA,NA,NA,NA,NA,NA,NA,NA,NA,"original","Generalitat de Catalunya","Catalonia","UTM","{""percentNN"":0.9779,""countNN"":354,""distanceNN"":0.09}","C001530","Herniaria fruticosa","C001530","Herbari de l'Universitat de Girona. (2021). Plecs Herbari HGI. Herbari de Girona",NA,NA,NA,NA,NA,NA,NA,NA,NA,NA,NA,NA,NA,NA,NA,NA,NA,NA,NA,NA,NA,NA,NA,NA,NA,NA,NA,NA,NA,NA,NA
"1230852730","Herniaria fruticosa L.",41.63111,-0.69222,"cdc,colmafu,inmafu","7f5260c2-f762-11e1-a439-00145eb45e9a","4e11d750-bafb-11d9-8e53-b8a03c50a862","f0e191c4-2ef2-4e3d-9768-34d58d14ba2d","58520c30-bafb-11d9-8e53-b8a03c50a862","AT","BIOCASE","2026-05-25T07:55:44.657+00:00","2026-05-25T08:00:42.766+00:00",369,"PRESERVED_SPECIMEN",NA,"PRESENT",7769858,6,7707728,220,422,2518,3085796,7769858,7769858,"Herniaria fruticosa L.","Plantae","Tracheophyta","Caryophyllales","Caryophyllaceae","Herniaria","Herniaria fruticosa","Herniaria","fruticosa","SPECIES","ACCEPTED",NA,NA,NA,"EUROPE",NA,2013,4,22,"2013-04-22",112,112,"2016-09-23T09:29:57.000+00:00","2026-05-25T08:00:42.766+00:00","http://creativecommons.org/licenses/by/4.0/legalcode",FALSE,"2016-0000459","none","none",FALSE,NA,NA,"Escobar García,P. & Schneeweiß,G.M. 311/13","none","WGS84","Magnoliopsida","ES",NA,"none","EUROPE","Spain","EUROPE","2016-0000459","2016-0000459",NA,NA,"W","369","Prov. Zaragoza. Alfajarín. Yesos blancos.","1230852730",NA,"Herbarium W","https://w.jacq.org/W20160000459",NA,"Herniaria fruticosa L.","37a95137-fb12-4e75-b35c-ffc6e5af94f9","7dae0702-991d-47bb-95bd-1ed2738673be",NA,NA,NA,NA,NA,NA,NA,NA,"P. Escobar García","311/13",NA,NA,"80edc711-19b9-464c-a8b3-2cc15be80e26,17abcf75-2f1e-46dd-bf75-a5b21dd02655",NA,"Aragón","WIKIDATA","https://www.wikidata.org/entity/Q36650136","391238","Illecebraceae",NA,NA,NA,NA,NA,NA,NA,NA,NA,NA,NA,NA,NA,NA,NA,NA,NA,NA,NA,NA,NA,NA,NA,NA,NA,NA,NA,NA,NA,NA,NA,NA,NA,NA,NA,NA,NA,NA,NA,NA,NA,NA
"1701527145","Herniaria fruticosa L.",41.23528,-0.19194,"cdc,colmafu,inmafu","7f5260c2-f762-11e1-a439-00145eb45e9a","4e11d750-bafb-11d9-8e53-b8a03c50a862","f0e191c4-2ef2-4e3d-9768-34d58d14ba2d","58520c30-bafb-11d9-8e53-b8a03c50a862","AT","BIOCASE","2026-05-25T07:55:44.657+00:00","2026-05-25T08:00:51.598+00:00",369,"PRESERVED_SPECIMEN",NA,"PRESENT",7769858,6,7707728,220,422,2518,3085796,7769858,7769858,"Herniaria fruticosa L.","Plantae","Tracheophyta","Caryophyllales","Caryophyllaceae","Herniaria","Herniaria fruticosa","Herniaria","fruticosa","SPECIES","ACCEPTED",NA,NA,NA,"EUROPE",NA,2013,4,20,"2013-04-20",110,110,"2016-10-05T08:42:23.000+00:00","2026-05-25T08:00:51.598+00:00","http://creativecommons.org/licenses/by/4.0/legalcode",FALSE,"2016-0003876","none","none",FALSE,NA,NA,"Escobar García,P. & Schneeweiß,G.M. 159/13","none","WGS84","Magnoliopsida","ES",NA,"none","EUROPE","Spain","EUROPE","2016-0003876","2016-0003876",NA,NA,"W","369","Prov. Zaragoza. Salada de Chiprana.","1701527145",NA,"Herbarium W","https://w.jacq.org/W20160003876",NA,"Herniaria fruticosa L.","37a95137-fb12-4e75-b35c-ffc6e5af94f9","7dae0702-991d-47bb-95bd-1ed2738673be",NA,NA,NA,NA,NA,NA,NA,NA,"P. Escobar García","159/13",NA,NA,"80edc711-19b9-464c-a8b3-2cc15be80e26,17abcf75-2f1e-46dd-bf75-a5b21dd02655",NA,"Aragón","WIKIDATA","https://www.wikidata.org/entity/Q36650136","391238","Illecebraceae",NA,NA,NA,NA,NA,NA,NA,NA,NA,NA,NA,NA,NA,NA,NA,NA,NA,NA,NA,NA,NA,NA,NA,NA,NA,NA,NA,NA,NA,NA,NA,NA,NA,NA,NA,NA,NA,NA,NA,NA,NA,NA
"895233492","Herniaria fruticosa L.",39.47,-1.23,"cdc,gass84,colmafu,inmafu","834a4794-f762-11e1-a439-00145eb45e9a","8209258a-80e8-4094-aba2-a3febe5ed45b","2a3f6a56-7591-4f05-8c4c-a1bb77aa4ea6","6c4a0bb0-2a4d-11d8-aa2d-b8a03c50a862","ES","EML","2026-04-18T01:37:24.691+00:00","2026-04-24T10:27:02.220+00:00",375,"PRESERVED_SPECIMEN",NA,"PRESENT",7769858,6,7707728,220,422,2518,3085796,7769858,7769858,"Herniaria fruticosa L.","Plantae","Tracheophyta","Caryophyllales","Caryophyllaceae","Herniaria","Herniaria fruticosa","Herniaria","fruticosa","SPECIES","ACCEPTED",707,630,0,"EUROPE","València",2013,6,14,"2013-06-14",165,165,"2025-11-03T14:20:45.000+00:00","2026-04-24T10:27:02.220+00:00","http://creativecommons.org/licenses/by-nc/4.0/legalcode",FALSE,"19C584AD-56B2-421F-9654-0296E8D4F248","none","none",FALSE,NA,"Colección de plantas vasculares del herbario de la Universitat de València (VAL)","G. Mateo","none","WGS84","Magnoliopsida","ES","none","none","EUROPE","Spain","EUROPE","19C584AD-56B2-421F-9654-0296E8D4F248","218607-1","https://www.gbif.org/publisher/8209258a-80e8-4094-aba2-a3febe5ed45b",NA,"VAL","391","Requena (Plana d´Utiel), pr. Molino de los Yesares, cerca de Los Ruices","895233492","es","VAL","19C584AD-56B2-421F-9654-0296E8D4F248","PhysicalObject","Herniaria fruticosa L.","c645b060-c130-45ee-97ab-b9fc94393523","6ceb64b5-0201-4a27-bcdb-8d62035e35d5","Pliego","VAL","terrenos yesosos","14062013","Requena (Plana d´Utiel-Requena)","in collection",NA,NA,NA,NA,NA,NA,NA,NA,NA,NA,NA,NA,NA,NA,NA,NA,NA,NA,NA,NA,NA,NA,NA,NA,NA,NA,NA,NA,NA,NA,NA,NA,NA,NA,NA,NA,NA,NA,NA,NA,NA,NA,NA,NA,NA,NA,NA,NA,NA,NA,NA,NA,NA,NA,NA
"3713854479","Herniaria fruticosa L.",41.97,-1.63,"cdc,gass84,mdativ,osiic,incomis,inmafu","83504144-f762-11e1-a439-00145eb45e9a","c1564d80-1b9d-471c-b84d-8d5dd2efbf0a","2a3f6a56-7591-4f05-8c4c-a1bb77aa4ea6","6c4a0bb0-2a4d-11d8-aa2d-b8a03c50a862","ES","EML","2026-04-18T01:37:24.938+00:00","2026-04-24T07:24:30.986+00:00",344,"PRESERVED_SPECIMEN",1,"PRESENT",7769858,6,7707728,220,422,2518,3085796,7769858,7769858,"Herniaria fruticosa L.","Plantae","Tracheophyta","Caryophyllales","Caryophyllaceae","Herniaria","Herniaria fruticosa","Herniaria","fruticosa","SPECIES","ACCEPTED",707,410,0,"EUROPE","Navarra",2012,4,24,"2012-04-24",115,115,NA,"2026-04-24T07:24:30.986+00:00","http://creativecommons.org/licenses/by/4.0/legalcode",FALSE,"0AE76079-01C2-4239-977A-8A839F9DBE20","none","none",FALSE,NA,"Herbario de la Universidad de Almería","I. Martínez-Nieto, E. Salmerón & A.J. Mendoza","none","WGS84","Magnoliopsida","ES","none","none","EUROPE","Spain","EUROPE","0AE76079-01C2-4239-977A-8A839F9DBE20","25690-1",NA,NA,"JP","350","Ablitas","3713854479","es","HUAL","0AE76079-01C2-4239-977A-8A839F9DBE20","PhysicalObject","Herniaria fruticosa L.","a8343e51-cda3-4e7a-9eb6-4431f432fde4",NA,NA,"HUAL","Sobre un afloramiento yesífero","24/04/2012","Ablitas",NA,NA,"HUAL","F.J. Pérez-García, I. Martínez-Nieto & E. Salmerón",NA,NA,NA,NA,NA,NA,NA,NA,NA,NA,NA,NA,NA,NA,NA,NA,NA,NA,NA,NA,NA,NA,NA,NA,NA,NA,NA,NA,NA,NA,NA,NA,NA,NA,NA,NA,NA,NA,NA,NA,NA,NA,NA,NA,NA,NA,NA,NA,NA,NA,NA,NA
"3713866785","Herniaria fruticosa L.",42.4,-2.16,"cdc,gass84,mdativ,osiic,incomis,inmafu","83504144-f762-11e1-a439-00145eb45e9a","c1564d80-1b9d-471c-b84d-8d5dd2efbf0a","2a3f6a56-7591-4f05-8c4c-a1bb77aa4ea6","6c4a0bb0-2a4d-11d8-aa2d-b8a03c50a862","ES","EML","2026-04-18T01:37:24.938+00:00","2026-04-24T07:24:38.850+00:00",344,"PRESERVED_SPECIMEN",1,"PRESENT",7769858,6,7707728,220,422,2518,3085796,7769858,7769858,"Herniaria fruticosa L.","Plantae","Tracheophyta","Caryophyllales","Caryophyllaceae","Herniaria","Herniaria fruticosa","Herniaria","fruticosa","SPECIES","ACCEPTED",707,430,0,"EUROPE","La rioja",2012,4,24,"2012-04-24",115,115,NA,"2026-04-24T07:24:38.850+00:00","http://creativecommons.org/licenses/by/4.0/legalcode",FALSE,"7972CA99-2C56-4D9D-BDC1-0A3C6C6FB29F","none","none",FALSE,NA,"Herbario de la Universidad de Almería","E. Salmerón, M.I. Martínez-Nieto & A.J. Mendoza","none","WGS84","Magnoliopsida","ES","none","none","EUROPE","Spain","EUROPE","7972CA99-2C56-4D9D-BDC1-0A3C6C6FB29F","25681-1",NA,NA,"JP","350","La Mesa","3713866785","es","HUAL","7972CA99-2C56-4D9D-BDC1-0A3C6C6FB29F","PhysicalObject","Herniaria fruticosa L.","a8343e51-cda3-4e7a-9eb6-4431f432fde4",NA,NA,"HUAL","Sobre substrato yesoso","24/04/2012","Alcanadre",NA,NA,"HUAL","E. Salmerón, M.I. Martínez-Nieto & A.J. Mendoza",NA,NA,NA,NA,NA,NA,NA,NA,NA,NA,NA,NA,NA,NA,NA,NA,NA,NA,NA,NA,NA,NA,NA,NA,NA,NA,NA,NA,NA,NA,NA,NA,NA,NA,NA,NA,NA,NA,NA,NA,NA,NA,NA,NA,NA,NA,NA,NA,NA,NA,NA,NA
"3713851895","Herniaria fruticosa L.",38.65,-0.82,"cdc,gass84,mdativ,osiic,incomis,inmafu","83504144-f762-11e1-a439-00145eb45e9a","c1564d80-1b9d-471c-b84d-8d5dd2efbf0a","2a3f6a56-7591-4f05-8c4c-a1bb77aa4ea6","6c4a0bb0-2a4d-11d8-aa2d-b8a03c50a862","ES","EML","2026-04-18T01:37:24.938+00:00","2026-04-24T07:24:44.620+00:00",344,"PRESERVED_SPECIMEN",1,"PRESENT",7769858,6,7707728,220,422,2518,3085796,7769858,7769858,"Herniaria fruticosa L.","Plantae","Tracheophyta","Caryophyllales","Caryophyllaceae","Herniaria","Herniaria fruticosa","Herniaria","fruticosa","SPECIES","ACCEPTED",707,630,0,"EUROPE","Alicante",2011,6,16,"2011-06-16",167,167,NA,"2026-04-24T07:24:44.620+00:00","http://creativecommons.org/licenses/by/4.0/legalcode",FALSE,"D59FD809-131D-4CFA-B6A9-C46E87A14EA1","none","none",FALSE,NA,"Herbario de la Universidad de Almería","J.F. Mota, F.J. Pérez-García & F. Martínez-Hernández","none","WGS84","Magnoliopsida","ES","none","none","EUROPE","Spain","EUROPE","D59FD809-131D-4CFA-B6A9-C46E87A14EA1","24763-1",NA,NA,"JP","350","Cerro de los Purgaticos","3713851895","es","HUAL","D59FD809-131D-4CFA-B6A9-C46E87A14EA1","PhysicalObject","Herniaria fruticosa L.","a8343e51-cda3-4e7a-9eb6-4431f432fde4",NA,"Pliego","HUAL","espartal calco-yesoso","16/06/2011","Villena",NA,NA,"HUAL","J.F. Mota",NA,NA,NA,NA,NA,NA,NA,NA,NA,NA,NA,NA,NA,NA,NA,NA,NA,NA,NA,NA,NA,NA,NA,NA,NA,NA,NA,NA,NA,NA,NA,NA,NA,NA,NA,NA,NA,NA,NA,NA,NA,NA,NA,NA,NA,NA,NA,NA,NA,NA,NA,NA
"3713859313","Herniaria fruticosa L.",38.65,-0.82,"cdc,gass84,mdativ,osiic,incomis,inmafu","83504144-f762-11e1-a439-00145eb45e9a","c1564d80-1b9d-471c-b84d-8d5dd2efbf0a","2a3f6a56-7591-4f05-8c4c-a1bb77aa4ea6","6c4a0bb0-2a4d-11d8-aa2d-b8a03c50a862","ES","EML","2026-04-18T01:37:24.938+00:00","2026-04-24T07:24:28.717+00:00",344,"PRESERVED_SPECIMEN",1,"PRESENT",7769858,6,7707728,220,422,2518,3085796,7769858,7769858,"Herniaria fruticosa L.","Plantae","Tracheophyta","Caryophyllales","Caryophyllaceae","Herniaria","Herniaria fruticosa","Herniaria","fruticosa","SPECIES","ACCEPTED",707,630,0,"EUROPE","Alicante",2011,6,16,"2011-06-16",167,167,NA,"2026-04-24T07:24:28.717+00:00","http://creativecommons.org/licenses/by/4.0/legalcode",FALSE,"BB4D3438-CCA2-47EB-9F3C-2EE17231F1EB","none","none",FALSE,NA,"Herbario de la Universidad de Almería","J.F. Mota, F.J. Pérez-García & F. Martínez-Hernández","none","WGS84","Magnoliopsida","ES","none","none","EUROPE","Spain","EUROPE","BB4D3438-CCA2-47EB-9F3C-2EE17231F1EB","24760-1",NA,NA,"JP","350","Cerro de los Purgaticos","3713859313","es","HUAL","BB4D3438-CCA2-47EB-9F3C-2EE17231F1EB","PhysicalObject","Herniaria fruticosa L.","a8343e51-cda3-4e7a-9eb6-4431f432fde4",NA,"Pliego","HUAL","espartal calco-yesoso","16/06/2011","Villena",NA,NA,"HUAL","J.F. Mota",NA,NA,NA,NA,NA,NA,NA,NA,NA,NA,NA,NA,NA,NA,NA,NA,NA,NA,NA,NA,NA,NA,NA,NA,NA,NA,NA,NA,NA,NA,NA,NA,NA,NA,NA,NA,NA,NA,NA,NA,NA,NA,NA,NA,NA,NA,NA,NA,NA,NA,NA,NA
"3713857731","Herniaria fruticosa L.",40.05,-3.05,"cdc,gass84,mdativ,osiic,incomis,inmafu","83504144-f762-11e1-a439-00145eb45e9a","c1564d80-1b9d-471c-b84d-8d5dd2efbf0a","2a3f6a56-7591-4f05-8c4c-a1bb77aa4ea6","6c4a0bb0-2a4d-11d8-aa2d-b8a03c50a862","ES","EML","2026-04-18T01:37:24.938+00:00","2026-04-24T07:24:40.714+00:00",344,"PRESERVED_SPECIMEN",1,"PRESENT",7769858,6,7707728,220,422,2518,3085796,7769858,7769858,"Herniaria fruticosa L.","Plantae","Tracheophyta","Caryophyllales","Caryophyllaceae","Herniaria","Herniaria fruticosa","Herniaria","fruticosa","SPECIES","ACCEPTED",707,735,0,"EUROPE","Cuenca",2011,9,20,"2011-09-20",263,263,NA,"2026-04-24T07:24:40.714+00:00","http://creativecommons.org/licenses/by/4.0/legalcode",FALSE,"51D45726-381D-4BEE-A04E-E8E9362928B4","none","none",FALSE,NA,"Herbario de la Universidad de Almería","J.F. Mota, F.J. Pérez-García & J.M. Martínez","none","WGS84","Magnoliopsida","ES","none","none","EUROPE","Spain","EUROPE","51D45726-381D-4BEE-A04E-E8E9362928B4","24750-1",NA,NA,"JP","350","Próx. al casco urbano de Belinchón","3713857731","es","HUAL","51D45726-381D-4BEE-A04E-E8E9362928B4","PhysicalObject","Herniaria fruticosa L.","a8343e51-cda3-4e7a-9eb6-4431f432fde4",NA,"Pliego","HUAL","matorral ralo sobre sustrato yesoso","20/09/2011","Belinchón",NA,NA,"HUAL","J.F. Mota",NA,NA,NA,NA,NA,NA,NA,NA,NA,NA,NA,NA,NA,NA,NA,NA,NA,NA,NA,NA,NA,NA,NA,NA,NA,NA,NA,NA,NA,NA,NA,NA,NA,NA,NA,NA,NA,NA,NA,NA,NA,NA,NA,NA,NA,NA,NA,NA,NA,NA,NA,NA
"318113808","Herniaria fruticosa L.",38.59,-0.82,"cdc,gass84,osiic,colmafu,inmafu","835852b2-f762-11e1-a439-00145eb45e9a","30b36805-4849-4abb-a39c-01b3a7fa3f2e","2a3f6a56-7591-4f05-8c4c-a1bb77aa4ea6","6c4a0bb0-2a4d-11d8-aa2d-b8a03c50a862","ES","EML","2026-04-18T01:37:27.890+00:00","2026-04-24T04:49:25.590+00:00",354,"PRESERVED_SPECIMEN",1,"PRESENT",7769858,6,7707728,220,422,2518,3085796,7769858,7769858,"Herniaria fruticosa L.","Plantae","Tracheophyta","Caryophyllales","Caryophyllaceae","Herniaria","Herniaria fruticosa","Herniaria","fruticosa","SPECIES","ACCEPTED",707,613,0,"EUROPE","Alicante",2010,5,8,"2010-05-08",128,128,"2016-08-30T08:54:56.000+00:00","2026-04-24T04:49:25.590+00:00","http://creativecommons.org/licenses/by/4.0/legalcode",FALSE,"583295EC-6941-4BFC-B1A1-D8E5A5D3E2C9","none","none",FALSE,NA,NA,"I.Aragoneses & E.Mateo","none","WGS84","Magnoliopsida","ES","none","none","EUROPE","Spain","EUROPE","583295EC-6941-4BFC-B1A1-D8E5A5D3E2C9","55714-1",NA,NA,"ABH","360","Villena; Peñarrubia","318113808",NA,"ABH","583295EC-6941-4BFC-B1A1-D8E5A5D3E2C9",NA,"Herniaria fruticosa L.","8aa53465-012a-4394-bc5a-5f99beee1ce7","189e886d-b24c-4f29-8ee3-3827e567e7df",NA,"ABH",NA,"08052010",NA,NA,NA,NA,NA,NA,NA,NA,NA,NA,NA,NA,NA,NA,NA,NA,NA,NA,NA,NA,NA,NA,NA,NA,NA,NA,"arenas en claro de pinar",NA,NA,NA,NA,NA,NA,NA,NA,NA,NA,NA,NA,NA,NA,NA,NA,NA,NA,NA,NA,NA,NA,NA,NA,NA,NA,NA,NA,NA,NA
"3855084387","Herniaria fruticosa L.",37.53,-2.65,"cdc,gass84,osiic","6a7575fa-ae03-4ba3-b322-2da15b5033e2","d68c4230-a271-11d8-a9b3-b8a03c50a862","2a3f6a56-7591-4f05-8c4c-a1bb77aa4ea6","6c4a0bb0-2a4d-11d8-aa2d-b8a03c50a862","ES","EML","2026-04-17T19:28:29.248+00:00","2026-04-24T04:38:48.878+00:00",394,"PRESERVED_SPECIMEN",1,"PRESENT",7769858,6,7707728,220,422,2518,3085796,7769858,7769858,"Herniaria fruticosa L.","Plantae","Tracheophyta","Caryophyllales","Caryophyllaceae","Herniaria","Herniaria fruticosa","Herniaria","fruticosa","SPECIES","ACCEPTED",707,1224,0,"EUROPE","Granada",2010,6,12,"2010-06-12",163,163,"2022-06-24T10:36:01.000+00:00","2026-04-24T04:38:48.878+00:00","http://creativecommons.org/licenses/by-nc/4.0/legalcode",FALSE,"E39AC41A-F977-49E0-A679-03F83BE5603E","none","none",FALSE,NA,"Herbario de la Universidad de Granada: Colección GDA-Fanerogamia","J.M. Fuentes Carretero","none","WGS84","Magnoliopsida","ES","none","none","EUROPE","Spain","EUROPE","E39AC41A-F977-49E0-A679-03F83BE5603E","56995-1","https://www.gbif.org/grscicoll/institution/a46ced27-ecc3-43df-981f-d6de329f50b4",NA,"GDA","400","Granada, Hoya de Baza, La Borracha","3855084387","es","GDA-Fanero","E39AC41A-F977-49E0-A679-03F83BE5603E","PhysicalObject","Herniaria fruticosa L.","a46ced27-ecc3-43df-981f-d6de329f50b4","82d87a2a-f701-46ca-a1c0-292e83fc790a","Pliego",NA,"terrenos margosos, muy ricos en yesos.","12/06/2010",NA,"in collection",NA,NA,"J.M. Fuentes Carretero",NA,NA,NA,NA,NA,NA,NA,NA,NA,NA,NA,NA,NA,"Herbarium University of Granada, Spain",NA,NA,NA,NA,NA,NA,NA,NA,0,0,"GDA","https://www.gbif.org/grscicoll/collection/82d87a2a-f701-46ca-a1c0-292e83fc790a",NA,NA,NA,NA,NA,NA,NA,NA,NA,NA,NA,NA,NA,NA,NA,NA,NA,NA,NA,NA,NA,NA,NA,NA,NA,NA
"211647468","Herniaria fruticosa L.",37.974,-1.833,"cdc,gass84,cdpi,colmano,inmafu","96b9eec4-f762-11e1-a439-00145eb45e9a","eba6daa8-0281-479e-aa2d-d78a2614db93","2a3f6a56-7591-4f05-8c4c-a1bb77aa4ea6","6c4a0bb0-2a4d-11d8-aa2d-b8a03c50a862","ES","EML","2026-04-17T22:02:24.702+00:00","2026-04-24T08:46:56.140+00:00",360,"PRESERVED_SPECIMEN",NA,"PRESENT",7769858,6,7707728,220,422,2518,3085796,7769858,7769858,"Herniaria fruticosa L.","Plantae","Tracheophyta","Caryophyllales","Caryophyllaceae","Herniaria","Herniaria fruticosa","Herniaria","fruticosa","SPECIES","ACCEPTED",NA,1,0,"EUROPE","Mu",2009,5,14,"2009-05-14",134,134,NA,"2026-04-24T08:46:56.140+00:00","http://creativecommons.org/licenses/by-nc/4.0/legalcode",FALSE,"211647468","none","none",FALSE,NA,NA,"D. López","none","WGS84","Magnoliopsida","ES","none","none","EUROPE","Spain","EUROPE",NA,"109875-1",NA,NA,"MUB","366","Caravaca; Los Prados","211647468",NA,"SURESTE","211647468",NA,"Herniaria fruticosa L.","0d3bc86d-03b3-4475-b018-67c8c79d97cd",NA,NA,"MUB",NA,NA,NA,NA,NA,NA,"P. Sánchez-Gómez",NA,NA,NA,NA,NA,NA,NA,NA,NA,NA,NA,NA,NA,NA,NA,NA,NA,NA,NA,NA,NA,NA,0,0,NA,NA,NA,NA,NA,NA,NA,NA,NA,NA,NA,NA,NA,NA,NA,NA,NA,NA,NA,NA,NA,NA,NA,NA,NA,NA,NA,NA
"211647497","Herniaria fruticosa L.",37.764,-1.655,"cdc,gass84,cdpi,colmano,inmafu","96b9eec4-f762-11e1-a439-00145eb45e9a","eba6daa8-0281-479e-aa2d-d78a2614db93","2a3f6a56-7591-4f05-8c4c-a1bb77aa4ea6","6c4a0bb0-2a4d-11d8-aa2d-b8a03c50a862","ES","EML","2026-04-17T22:02:24.702+00:00","2026-04-24T08:46:53.893+00:00",360,"PRESERVED_SPECIMEN",NA,"PRESENT",7769858,6,7707728,220,422,2518,3085796,7769858,7769858,"Herniaria fruticosa L.","Plantae","Tracheophyta","Caryophyllales","Caryophyllaceae","Herniaria","Herniaria fruticosa","Herniaria","fruticosa","SPECIES","ACCEPTED",NA,1,0,"EUROPE","Mu",2009,5,14,"2009-05-14",134,134,NA,"2026-04-24T08:46:53.893+00:00","http://creativecommons.org/licenses/by-nc/4.0/legalcode",FALSE,"211647497","none","none",FALSE,NA,NA,"J. L. Cánovas","none","WGS84","Magnoliopsida","ES","none","none","EUROPE","Spain","EUROPE",NA,"110138-1",NA,NA,"MUB","366","Aledo; Huerta nueva","211647497",NA,"SURESTE","211647497",NA,"Herniaria fruticosa L.","0d3bc86d-03b3-4475-b018-67c8c79d97cd",NA,NA,"MUB",NA,NA,NA,NA,NA,NA,"P. Sánchez-Gómez",NA,NA,NA,NA,NA,NA,NA,NA,NA,NA,NA,NA,NA,NA,NA,NA,NA,NA,NA,NA,NA,NA,0,0,NA,NA,NA,NA,NA,NA,NA,NA,NA,NA,NA,NA,NA,NA,NA,NA,NA,NA,NA,NA,NA,NA,NA,NA,NA,NA,NA,NA
"232589669","Herniaria fruticosa L.",37.974,-1.833,"cdc,gass84,cdpi,colmano,inmafu","96b9eec4-f762-11e1-a439-00145eb45e9a","eba6daa8-0281-479e-aa2d-d78a2614db93","2a3f6a56-7591-4f05-8c4c-a1bb77aa4ea6","6c4a0bb0-2a4d-11d8-aa2d-b8a03c50a862","ES","EML","2026-04-17T22:02:24.702+00:00","2026-04-24T08:46:53.626+00:00",360,"PRESERVED_SPECIMEN",NA,"PRESENT",7769858,6,7707728,220,422,2518,3085796,7769858,7769858,"Herniaria fruticosa L.","Plantae","Tracheophyta","Caryophyllales","Caryophyllaceae","Herniaria","Herniaria fruticosa","Herniaria","fruticosa","SPECIES","ACCEPTED",NA,1,0,"EUROPE","Mu",2009,5,2,"2009-05-02",122,122,NA,"2026-04-24T08:46:53.626+00:00","http://creativecommons.org/licenses/by-nc/4.0/legalcode",FALSE,"232589669","none","none",FALSE,NA,NA,"D. López","none","WGS84","Magnoliopsida","ES","none","none","EUROPE","Spain","EUROPE",NA,"110345-1",NA,NA,"MUB","366","Caravaca; Los Prados","232589669",NA,"SURESTE","232589669",NA,"Herniaria fruticosa L.","0d3bc86d-03b3-4475-b018-67c8c79d97cd",NA,NA,"MUB",NA,NA,NA,NA,NA,NA,"P. Sánchez-Gómez",NA,NA,NA,NA,NA,NA,NA,NA,NA,NA,NA,NA,NA,NA,NA,NA,NA,NA,NA,NA,NA,NA,0,0,NA,NA,NA,NA,NA,NA,NA,NA,NA,NA,NA,NA,NA,NA,NA,NA,NA,NA,NA,NA,NA,NA,NA,NA,NA,NA,NA,NA
"3713848689","Herniaria fruticosa L.",38,-1.22,"cdc,gass84,mdativ,osiic,incomis,inmafu","83504144-f762-11e1-a439-00145eb45e9a","c1564d80-1b9d-471c-b84d-8d5dd2efbf0a","2a3f6a56-7591-4f05-8c4c-a1bb77aa4ea6","6c4a0bb0-2a4d-11d8-aa2d-b8a03c50a862","ES","EML","2026-04-18T01:37:24.938+00:00","2026-04-24T07:24:39.501+00:00",344,"PRESERVED_SPECIMEN",1,"PRESENT",7769858,6,7707728,220,422,2518,3085796,7769858,7769858,"Herniaria fruticosa L.","Plantae","Tracheophyta","Caryophyllales","Caryophyllaceae","Herniaria","Herniaria fruticosa","Herniaria","fruticosa","SPECIES","ACCEPTED",707,150,0,"EUROPE","Murcia",2009,5,3,"2009-05-03",123,123,NA,"2026-04-24T07:24:39.501+00:00","http://creativecommons.org/licenses/by/4.0/legalcode",FALSE,"28DEEFF9-01E1-4754-A474-FE826EF763BE","none","none",FALSE,NA,"Herbario de la Universidad de Almería","A. Lahora","none","WGS84","Magnoliopsida","ES","none","none","EUROPE","Spain","EUROPE","28DEEFF9-01E1-4754-A474-FE826EF763BE","21925-1",NA,NA,"JP","350","Alcantarilla","3713848689","es","HUAL","28DEEFF9-01E1-4754-A474-FE826EF763BE","PhysicalObject","Herniaria fruticosa L.","a8343e51-cda3-4e7a-9eb6-4431f432fde4",NA,"Pliego","HUAL","yesos","03/05/2009","Alcantarilla,",NA,NA,"HUAL","A. Lahora",NA,NA,NA,NA,NA,NA,NA,NA,NA,NA,NA,NA,NA,NA,NA,NA,NA,NA,NA,NA,NA,NA,NA,NA,NA,NA,NA,NA,NA,NA,NA,NA,NA,NA,NA,NA,NA,NA,NA,NA,NA,NA,NA,NA,NA,NA,NA,NA,NA,NA,NA,NA
"3713850948","Herniaria fruticosa L.",37.85,-1.86,"cdc,gass84,mdativ,osiic,incomis,inmafu","83504144-f762-11e1-a439-00145eb45e9a","c1564d80-1b9d-471c-b84d-8d5dd2efbf0a","2a3f6a56-7591-4f05-8c4c-a1bb77aa4ea6","6c4a0bb0-2a4d-11d8-aa2d-b8a03c50a862","ES","EML","2026-04-18T01:37:24.938+00:00","2026-04-24T07:24:21.570+00:00",344,"PRESERVED_SPECIMEN",1,"PRESENT",7769858,6,7707728,220,422,2518,3085796,7769858,7769858,"Herniaria fruticosa L.","Plantae","Tracheophyta","Caryophyllales","Caryophyllaceae","Herniaria","Herniaria fruticosa","Herniaria","fruticosa","SPECIES","ACCEPTED",707,675,0,"EUROPE","Murcia",2009,5,1,"2009-05-01",121,121,NA,"2026-04-24T07:24:21.570+00:00","http://creativecommons.org/licenses/by/4.0/legalcode",FALSE,"A87AF6C4-6A1F-4658-B63D-053826DBF07C","none","none",FALSE,NA,"Herbario de la Universidad de Almería","A. Lahora","none","WGS84","Magnoliopsida","ES","none","none","EUROPE","Spain","EUROPE","A87AF6C4-6A1F-4658-B63D-053826DBF07C","21868-1",NA,NA,"JP","350","Zarcilla de Ramos","3713850948","es","HUAL","A87AF6C4-6A1F-4658-B63D-053826DBF07C","PhysicalObject","Herniaria fruticosa L.","a8343e51-cda3-4e7a-9eb6-4431f432fde4",NA,"Pliego","HUAL","yesos","01/05/2009",NA,NA,NA,"HUAL","A. Lahora",NA,NA,NA,NA,NA,NA,NA,NA,NA,NA,NA,NA,NA,NA,NA,NA,NA,NA,NA,NA,NA,NA,NA,NA,NA,NA,NA,NA,NA,NA,NA,NA,NA,NA,NA,NA,NA,NA,NA,NA,NA,NA,NA,NA,NA,NA,NA,NA,NA,NA,NA,NA
"3713851362","Herniaria fruticosa L.",37.72,-1.71,"cdc,gass84,mdativ,osiic,incomis,inmafu","83504144-f762-11e1-a439-00145eb45e9a","c1564d80-1b9d-471c-b84d-8d5dd2efbf0a","2a3f6a56-7591-4f05-8c4c-a1bb77aa4ea6","6c4a0bb0-2a4d-11d8-aa2d-b8a03c50a862","ES","EML","2026-04-18T01:37:24.938+00:00","2026-04-24T07:24:29.722+00:00",344,"PRESERVED_SPECIMEN",1,"PRESENT",7769858,6,7707728,220,422,2518,3085796,7769858,7769858,"Herniaria fruticosa L.","Plantae","Tracheophyta","Caryophyllales","Caryophyllaceae","Herniaria","Herniaria fruticosa","Herniaria","fruticosa","SPECIES","ACCEPTED",707,300,0,"EUROPE","Murcia",2009,5,1,"2009-05-01",121,121,NA,"2026-04-24T07:24:29.722+00:00","http://creativecommons.org/licenses/by/4.0/legalcode",FALSE,"825F7D1C-EF51-49D0-A9E0-8112E15C7239","none","none",FALSE,NA,"Herbario de la Universidad de Almería","A. Lahora","none","WGS84","Magnoliopsida","ES","none","none","EUROPE","Spain","EUROPE","825F7D1C-EF51-49D0-A9E0-8112E15C7239","21869-1",NA,NA,"JP","350","La Serrata","3713851362","es","HUAL","825F7D1C-EF51-49D0-A9E0-8112E15C7239","PhysicalObject","Herniaria fruticosa L.","a8343e51-cda3-4e7a-9eb6-4431f432fde4",NA,"Pliego","HUAL","cerros yesosos","01/05/2009","Lorca",NA,NA,"HUAL","A. Lahora",NA,NA,NA,NA,NA,NA,NA,NA,NA,NA,NA,NA,NA,NA,NA,NA,NA,NA,NA,NA,NA,NA,NA,NA,NA,NA,NA,NA,NA,NA,NA,NA,NA,NA,NA,NA,NA,NA,NA,NA,NA,NA,NA,NA,NA,NA,NA,NA,NA,NA,NA,NA
"3713858790","Herniaria fruticosa L.",37.86,-1.85,"cdc,gass84,mdativ,osiic,incomis,inmafu","83504144-f762-11e1-a439-00145eb45e9a","c1564d80-1b9d-471c-b84d-8d5dd2efbf0a","2a3f6a56-7591-4f05-8c4c-a1bb77aa4ea6","6c4a0bb0-2a4d-11d8-aa2d-b8a03c50a862","ES","EML","2026-04-18T01:37:24.938+00:00","2026-04-24T07:24:35.832+00:00",344,"PRESERVED_SPECIMEN",1,"PRESENT",7769858,6,7707728,220,422,2518,3085796,7769858,7769858,"Herniaria fruticosa L.","Plantae","Tracheophyta","Caryophyllales","Caryophyllaceae","Herniaria","Herniaria fruticosa","Herniaria","fruticosa","SPECIES","ACCEPTED",707,670,0,"EUROPE","Murcia",2009,5,1,"2009-05-01",121,121,NA,"2026-04-24T07:24:35.832+00:00","http://creativecommons.org/licenses/by/4.0/legalcode",FALSE,"9F5B6762-F563-4449-AA96-00EE5BDD9213","none","none",FALSE,NA,"Herbario de la Universidad de Almería","A. Lahora","none","WGS84","Magnoliopsida","ES","none","none","EUROPE","Spain","EUROPE","9F5B6762-F563-4449-AA96-00EE5BDD9213","21923-1",NA,NA,"JP","350","Zarcilla de Ramos","3713858790","es","HUAL","9F5B6762-F563-4449-AA96-00EE5BDD9213","PhysicalObject","Herniaria fruticosa L.","a8343e51-cda3-4e7a-9eb6-4431f432fde4",NA,"Pliego","HUAL","yesos","01/05/2009","Lorca",NA,NA,"HUAL","A. Lahora",NA,NA,NA,NA,NA,NA,NA,NA,NA,NA,NA,NA,NA,NA,NA,NA,NA,NA,NA,NA,NA,NA,NA,NA,NA,NA,NA,NA,NA,NA,NA,NA,NA,NA,NA,NA,NA,NA,NA,NA,NA,NA,NA,NA,NA,NA,NA,NA,NA,NA,NA,NA
"3713858229","Herniaria fruticosa L.",41.88,0.86,"cdc,gass84,mdativ,osiic,incomis,inmafu","83504144-f762-11e1-a439-00145eb45e9a","c1564d80-1b9d-471c-b84d-8d5dd2efbf0a","2a3f6a56-7591-4f05-8c4c-a1bb77aa4ea6","6c4a0bb0-2a4d-11d8-aa2d-b8a03c50a862","ES","EML","2026-04-18T01:37:24.938+00:00","2026-04-24T07:24:33.340+00:00",344,"PRESERVED_SPECIMEN",1,"PRESENT",7769858,6,7707728,220,422,2518,3085796,7769858,7769858,"Herniaria fruticosa L.","Plantae","Tracheophyta","Caryophyllales","Caryophyllaceae","Herniaria","Herniaria fruticosa","Herniaria","fruticosa","SPECIES","ACCEPTED",707,320,0,"EUROPE","Lérida",2009,7,1,"2009-07-01",182,182,NA,"2026-04-24T07:24:33.340+00:00","http://creativecommons.org/licenses/by/4.0/legalcode",FALSE,"9A27BEAD-060A-4999-0AC2-29547490D184","none","none",FALSE,NA,"Herbario de la Universidad de Almería","J.F. Mota, F.J. Pérez-García & I. Martínez-Nieto","none","WGS84","Magnoliopsida","ES","none","none","EUROPE","Spain","EUROPE","9A27BEAD-060A-4999-0AC2-29547490D184","21477-1",NA,NA,"JP","350","Noguera, entre Cubells y la Sentiu de Sió","3713858229","es","HUAL","9A27BEAD-060A-4999-0AC2-29547490D184","PhysicalObject","Herniaria fruticosa L.","a8343e51-cda3-4e7a-9eb6-4431f432fde4",NA,"Pliego","HUAL","Matorral ralo sobre sustrato yesoso","01/07/2009",NA,NA,NA,"HUAL","J.F. Mota",NA,NA,NA,NA,NA,NA,NA,NA,NA,NA,NA,NA,NA,NA,NA,NA,NA,NA,NA,NA,NA,NA,NA,NA,NA,NA,NA,NA,NA,NA,NA,NA,NA,NA,NA,NA,NA,NA,NA,NA,NA,NA,NA,NA,NA,NA,NA,NA,NA,NA,NA,NA
"211647432","Herniaria fruticosa L.",38.17,-1.647,"cdc,gass84,cdpi,colmano,inmafu","96b9eec4-f762-11e1-a439-00145eb45e9a","eba6daa8-0281-479e-aa2d-d78a2614db93","2a3f6a56-7591-4f05-8c4c-a1bb77aa4ea6","6c4a0bb0-2a4d-11d8-aa2d-b8a03c50a862","ES","EML","2026-04-17T22:02:24.702+00:00","2026-04-24T08:46:55.993+00:00",360,"PRESERVED_SPECIMEN",NA,"PRESENT",7769858,6,7707728,220,422,2518,3085796,7769858,7769858,"Herniaria fruticosa L.","Plantae","Tracheophyta","Caryophyllales","Caryophyllaceae","Herniaria","Herniaria fruticosa","Herniaria","fruticosa","SPECIES","ACCEPTED",NA,350,0,"EUROPE","Mu",2008,5,18,"2008-05-18",139,139,NA,"2026-04-24T08:46:55.993+00:00","http://creativecommons.org/licenses/by-nc/4.0/legalcode",FALSE,"211647432","none","none",FALSE,NA,NA,"P. Sánchez-Gómez, J. L. Cánovas & D. López","none","WGS84","Magnoliopsida","ES","none","none","EUROPE","Spain","EUROPE",NA,"109123-1",NA,NA,"MUB","366","Calasparra; Baños de Gilico. Yesares cercanos.","211647432",NA,"SURESTE","211647432",NA,"Herniaria fruticosa L.","0d3bc86d-03b3-4475-b018-67c8c79d97cd",NA,NA,"MUB",NA,NA,NA,NA,NA,NA,"P. Sánchez-Gómez",NA,NA,NA,NA,NA,NA,NA,NA,NA,NA,NA,NA,NA,NA,NA,NA,NA,NA,NA,NA,NA,NA,0,0,NA,NA,NA,NA,NA,NA,NA,NA,NA,NA,NA,NA,NA,NA,NA,NA,NA,NA,NA,NA,NA,NA,NA,NA,NA,NA,NA,NA
"318113776","Herniaria fruticosa L.",38.61,-0.93,"cdc,gass84,osiic,colmafu,inmafu","835852b2-f762-11e1-a439-00145eb45e9a","30b36805-4849-4abb-a39c-01b3a7fa3f2e","2a3f6a56-7591-4f05-8c4c-a1bb77aa4ea6","6c4a0bb0-2a4d-11d8-aa2d-b8a03c50a862","ES","EML","2026-04-18T01:37:27.890+00:00","2026-04-24T04:48:58.186+00:00",354,"PRESERVED_SPECIMEN",1,"PRESENT",7769858,6,7707728,220,422,2518,3085796,7769858,7769858,"Herniaria fruticosa L.","Plantae","Tracheophyta","Caryophyllales","Caryophyllaceae","Herniaria","Herniaria fruticosa","Herniaria","fruticosa","SPECIES","ACCEPTED",707,562,0,"EUROPE","Alicante",2008,5,30,"2008-05-30",151,151,"2016-09-29T14:55:57.000+00:00","2026-04-24T04:48:58.186+00:00","http://creativecommons.org/licenses/by/4.0/legalcode",FALSE,"5D928E94-C4A6-4334-B8C5-9FCD68E62652","none","none",FALSE,NA,NA,"J.M.Aragoneses & I.Aragoneses","none","WGS84","Magnoliopsida","ES","none","none","EUROPE","Spain","EUROPE","5D928E94-C4A6-4334-B8C5-9FCD68E62652","54405-1",NA,NA,"ABH","360","Villena; Arenal de la Virgen, base del Castellar","318113776",NA,"ABH","5D928E94-C4A6-4334-B8C5-9FCD68E62652",NA,"Herniaria fruticosa L.","8aa53465-012a-4394-bc5a-5f99beee1ce7","189e886d-b24c-4f29-8ee3-3827e567e7df",NA,"ABH",NA,"30052008",NA,NA,NA,NA,NA,NA,NA,NA,NA,NA,NA,NA,NA,NA,NA,NA,NA,NA,NA,NA,NA,NA,NA,NA,NA,NA,NA,NA,NA,NA,NA,NA,NA,NA,NA,NA,NA,NA,NA,NA,NA,NA,NA,NA,NA,NA,NA,NA,NA,NA,NA,NA,NA,NA,NA,NA,NA
"318113769","Herniaria fruticosa L.",37.76,-2.58,"cdc,gass84,osiic,colmafu,inmafu","835852b2-f762-11e1-a439-00145eb45e9a","30b36805-4849-4abb-a39c-01b3a7fa3f2e","2a3f6a56-7591-4f05-8c4c-a1bb77aa4ea6","6c4a0bb0-2a4d-11d8-aa2d-b8a03c50a862","ES","EML","2026-04-18T01:37:27.890+00:00","2026-04-24T04:48:57.817+00:00",354,"PRESERVED_SPECIMEN",1,"PRESENT",7769858,6,7707728,220,422,2518,3085796,7769858,7769858,"Herniaria fruticosa L.","Plantae","Tracheophyta","Caryophyllales","Caryophyllaceae","Herniaria","Herniaria fruticosa","Herniaria","fruticosa","SPECIES","ACCEPTED",707,890,0,"EUROPE","Granada",2008,6,25,"2008-06-25",177,177,"2016-07-28T13:23:32.000+00:00","2026-04-24T04:48:57.817+00:00","http://creativecommons.org/licenses/by/4.0/legalcode",FALSE,"16319A74-A42F-4D29-87C4-19EF813363EE","none","none",FALSE,NA,NA,"M.B.Crespo, A.Juan & J.C.Agulló","none","WGS84","Magnoliopsida","ES","none","none","EUROPE","Spain","EUROPE","16319A74-A42F-4D29-87C4-19EF813363EE","53662-1",NA,NA,"ABH","360","Galera; a 4 Km Galera, A-4200","318113769",NA,"ABH","16319A74-A42F-4D29-87C4-19EF813363EE",NA,"Herniaria fruticosa L.","8aa53465-012a-4394-bc5a-5f99beee1ce7","189e886d-b24c-4f29-8ee3-3827e567e7df",NA,"ABH",NA,"25062008",NA,NA,NA,NA,NA,NA,NA,NA,NA,NA,NA,NA,NA,NA,NA,NA,NA,NA,NA,NA,NA,NA,NA,NA,NA,NA,NA,NA,NA,NA,NA,NA,NA,NA,NA,NA,NA,NA,NA,NA,NA,NA,NA,NA,NA,NA,NA,NA,NA,NA,NA,NA,NA,NA,NA,NA,NA
"318113771","Herniaria fruticosa L.",40.37,-1.09,"cdc,gass84,osiic,colmafu,inmafu","835852b2-f762-11e1-a439-00145eb45e9a","30b36805-4849-4abb-a39c-01b3a7fa3f2e","2a3f6a56-7591-4f05-8c4c-a1bb77aa4ea6","6c4a0bb0-2a4d-11d8-aa2d-b8a03c50a862","ES","EML","2026-04-18T01:37:27.890+00:00","2026-04-24T04:49:51.525+00:00",354,"PRESERVED_SPECIMEN",1,"PRESENT",7769858,6,7707728,220,422,2518,3085796,7769858,7769858,"Herniaria fruticosa L.","Plantae","Tracheophyta","Caryophyllales","Caryophyllaceae","Herniaria","Herniaria fruticosa","Herniaria","fruticosa","SPECIES","ACCEPTED",707,935,0,"EUROPE","Teruel",2008,7,9,"2008-07-09",191,191,"2016-08-02T09:09:00.000+00:00","2026-04-24T04:49:51.525+00:00","http://creativecommons.org/licenses/by/4.0/legalcode",FALSE,"7EE07367-CAAF-44D3-AE66-082701ACC2D2","none","none",FALSE,NA,NA,"M.B.Crespo","none","WGS84","Magnoliopsida","ES","none","none","EUROPE","Spain","EUROPE","7EE07367-CAAF-44D3-AE66-082701ACC2D2","53732-1",NA,NA,"ABH","360","Teruel; Masada Cociero, prox.","318113771",NA,"ABH","7EE07367-CAAF-44D3-AE66-082701ACC2D2",NA,"Herniaria fruticosa L.","8aa53465-012a-4394-bc5a-5f99beee1ce7","189e886d-b24c-4f29-8ee3-3827e567e7df",NA,"ABH",NA,"09072008",NA,NA,NA,NA,NA,NA,NA,NA,NA,NA,NA,NA,NA,NA,NA,NA,NA,NA,NA,NA,NA,NA,NA,NA,NA,NA,NA,NA,NA,NA,NA,NA,NA,NA,NA,NA,NA,NA,NA,NA,NA,NA,NA,NA,NA,NA,NA,NA,NA,NA,NA,NA,NA,NA,NA,NA,NA
"3713843124","Herniaria fruticosa L.",39.47,-1.23,"cdc,gass84,mdativ,osiic,incomis,inmafu","83504144-f762-11e1-a439-00145eb45e9a","c1564d80-1b9d-471c-b84d-8d5dd2efbf0a","2a3f6a56-7591-4f05-8c4c-a1bb77aa4ea6","6c4a0bb0-2a4d-11d8-aa2d-b8a03c50a862","ES","EML","2026-04-18T01:37:24.938+00:00","2026-04-24T07:24:23.666+00:00",344,"PRESERVED_SPECIMEN",1,"PRESENT",7769858,6,7707728,220,422,2518,3085796,7769858,7769858,"Herniaria fruticosa L.","Plantae","Tracheophyta","Caryophyllales","Caryophyllaceae","Herniaria","Herniaria fruticosa","Herniaria","fruticosa","SPECIES","ACCEPTED",707,650,0,"EUROPE","Valencia",2008,7,3,"2008-07-03",185,185,NA,"2026-04-24T07:24:23.666+00:00","http://creativecommons.org/licenses/by/4.0/legalcode",FALSE,"408E4058-D2B1-4755-9045-0243BD792CB9","none","none",FALSE,NA,"Herbario de la Universidad de Almería","J.F. Mota, F.J. Pérez-García & A. Mendoza","none","WGS84","Magnoliopsida","ES","none","none","EUROPE","Spain","EUROPE","408E4058-D2B1-4755-9045-0243BD792CB9","19854-1",NA,NA,"JP","350","Requena-Utiel, Los Ruices","3713843124","es","HUAL","408E4058-D2B1-4755-9045-0243BD792CB9","PhysicalObject","Herniaria fruticosa L.","a8343e51-cda3-4e7a-9eb6-4431f432fde4",NA,"Pliego","HUAL","Matorral ralo y nitrificado sobre sustrato yesífero","03/07/2008",NA,NA,NA,"HUAL","J.F. Mota",NA,NA,NA,NA,NA,NA,NA,NA,NA,NA,NA,NA,NA,NA,NA,NA,NA,NA,NA,NA,NA,NA,NA,NA,NA,NA,NA,NA,NA,NA,NA,NA,NA,NA,NA,NA,NA,NA,NA,NA,NA,NA,NA,NA,NA,NA,NA,NA,NA,NA,NA,NA
"3713856654","Herniaria fruticosa L.",37.71,-1.61,"cdc,gass84,mdativ,osiic,incomis,inmafu","83504144-f762-11e1-a439-00145eb45e9a","c1564d80-1b9d-471c-b84d-8d5dd2efbf0a","2a3f6a56-7591-4f05-8c4c-a1bb77aa4ea6","6c4a0bb0-2a4d-11d8-aa2d-b8a03c50a862","ES","EML","2026-04-18T01:37:24.938+00:00","2026-04-24T07:24:47.301+00:00",344,"PRESERVED_SPECIMEN",1,"PRESENT",7769858,6,7707728,220,422,2518,3085796,7769858,7769858,"Herniaria fruticosa L.","Plantae","Tracheophyta","Caryophyllales","Caryophyllaceae","Herniaria","Herniaria fruticosa","Herniaria","fruticosa","SPECIES","ACCEPTED",707,380,0,"EUROPE","Murcia",2008,7,7,"2008-07-07",189,189,NA,"2026-04-24T07:24:47.301+00:00","http://creativecommons.org/licenses/by/4.0/legalcode",FALSE,"23368820-6086-4A29-8C67-0116E05BBC59","none","none",FALSE,NA,"Herbario de la Universidad de Almería","J.F. Mota, P. Sánchez-Gómez & F.J. Pérez-García","none","WGS84","Magnoliopsida","ES","none","none","EUROPE","Spain","EUROPE","23368820-6086-4A29-8C67-0116E05BBC59","19859-1",NA,NA,"JP","350","Sª de La Tercia, La Hoya","3713856654","es","HUAL","23368820-6086-4A29-8C67-0116E05BBC59","PhysicalObject","Herniaria fruticosa L.","a8343e51-cda3-4e7a-9eb6-4431f432fde4",NA,"Pliego","HUAL","Matorral ralo sobre sustrato yesífero","07/07/2008",NA,NA,NA,"HUAL","J.F. Mota",NA,NA,NA,NA,NA,NA,NA,NA,NA,NA,NA,NA,NA,NA,NA,NA,NA,NA,NA,NA,NA,NA,NA,NA,NA,NA,NA,NA,NA,NA,NA,NA,NA,NA,NA,NA,NA,NA,NA,NA,NA,NA,NA,NA,NA,NA,NA,NA,NA,NA,NA,NA
"3713862827","Herniaria fruticosa L.",40.21,-1.14,"cdc,gass84,mdativ,osiic,incomis,inmafu","83504144-f762-11e1-a439-00145eb45e9a","c1564d80-1b9d-471c-b84d-8d5dd2efbf0a","2a3f6a56-7591-4f05-8c4c-a1bb77aa4ea6","6c4a0bb0-2a4d-11d8-aa2d-b8a03c50a862","ES","EML","2026-04-18T01:37:24.938+00:00","2026-04-24T07:24:29.978+00:00",344,"PRESERVED_SPECIMEN",1,"PRESENT",7769858,6,7707728,220,422,2518,3085796,7769858,7769858,"Herniaria fruticosa L.","Plantae","Tracheophyta","Caryophyllales","Caryophyllaceae","Herniaria","Herniaria fruticosa","Herniaria","fruticosa","SPECIES","ACCEPTED",707,930,0,"EUROPE","Teruel",2008,7,3,"2008-07-03",185,185,NA,"2026-04-24T07:24:29.978+00:00","http://creativecommons.org/licenses/by/4.0/legalcode",FALSE,"995DBA1F-B206-4073-BFA3-05A632462B74","none","none",FALSE,NA,"Herbario de la Universidad de Almería","J.F. Mota, F.J. Pérez-García & A. Mendoza","none","WGS84","Magnoliopsida","ES","none","none","EUROPE","Spain","EUROPE","995DBA1F-B206-4073-BFA3-05A632462B74","19857-1",NA,NA,"JP","350","Hoya de Teruel, entre Villel y Cascante del Río","3713862827","es","HUAL","995DBA1F-B206-4073-BFA3-05A632462B74","PhysicalObject","Herniaria fruticosa L.","a8343e51-cda3-4e7a-9eb6-4431f432fde4",NA,"Pliego","HUAL","Matorral ralo sobre sustrato yesoso","03/07/2008",NA,NA,NA,"HUAL","J.F. Mota",NA,NA,NA,NA,NA,NA,NA,NA,NA,NA,NA,NA,NA,NA,NA,NA,NA,NA,NA,NA,NA,NA,NA,NA,NA,NA,NA,NA,NA,NA,NA,NA,NA,NA,NA,NA,NA,NA,NA,NA,NA,NA,NA,NA,NA,NA,NA,NA,NA,NA,NA,NA
"3713859417","Herniaria fruticosa L.",40.42,-1.08,"cdc,gass84,mdativ,osiic,incomis,inmafu","83504144-f762-11e1-a439-00145eb45e9a","c1564d80-1b9d-471c-b84d-8d5dd2efbf0a","2a3f6a56-7591-4f05-8c4c-a1bb77aa4ea6","6c4a0bb0-2a4d-11d8-aa2d-b8a03c50a862","ES","EML","2026-04-18T01:37:24.938+00:00","2026-04-24T07:24:06.766+00:00",344,"PRESERVED_SPECIMEN",1,"PRESENT",7769858,6,7707728,220,422,2518,3085796,7769858,7769858,"Herniaria fruticosa L.","Plantae","Tracheophyta","Caryophyllales","Caryophyllaceae","Herniaria","Herniaria fruticosa","Herniaria","fruticosa","SPECIES","ACCEPTED",707,990,0,"EUROPE","Teruel",2008,10,1,"2008-10-01",275,275,NA,"2026-04-24T07:24:06.766+00:00","http://creativecommons.org/licenses/by/4.0/legalcode",FALSE,"A5220503-ECA9-4C99-88A6-F569702677A6","none","none",FALSE,NA,"Herbario de la Universidad de Almería","A. Mendoza & J.A. Garrido","none","WGS84","Magnoliopsida","ES","none","none","EUROPE","Spain","EUROPE","A5220503-ECA9-4C99-88A6-F569702677A6","19849-1",NA,NA,"JP","350","Cuevas Labradas, Villalba","3713859417","es","HUAL","A5220503-ECA9-4C99-88A6-F569702677A6","PhysicalObject","Herniaria fruticosa L.","a8343e51-cda3-4e7a-9eb6-4431f432fde4",NA,"Pliego","HUAL","Sobre sustrato yesoso","01/10/2008",NA,NA,NA,"HUAL","A. Mendoza & J.A. Garrido",NA,NA,NA,NA,NA,NA,NA,NA,NA,NA,NA,NA,NA,NA,NA,NA,NA,NA,NA,NA,NA,NA,NA,NA,NA,NA,NA,NA,NA,NA,NA,NA,NA,NA,NA,NA,NA,NA,NA,NA,NA,NA,NA,NA,NA,NA,NA,NA,NA,NA,NA,NA
"3713868611","Herniaria fruticosa L.",37.73,-2.55,"cdc,gass84,mdativ,osiic,incomis,inmafu","83504144-f762-11e1-a439-00145eb45e9a","c1564d80-1b9d-471c-b84d-8d5dd2efbf0a","2a3f6a56-7591-4f05-8c4c-a1bb77aa4ea6","6c4a0bb0-2a4d-11d8-aa2d-b8a03c50a862","ES","EML","2026-04-18T01:37:24.938+00:00","2026-04-24T07:24:12.273+00:00",344,"PRESERVED_SPECIMEN",1,"PRESENT",7769858,6,7707728,220,422,2518,3085796,7769858,7769858,"Herniaria fruticosa L.","Plantae","Tracheophyta","Caryophyllales","Caryophyllaceae","Herniaria","Herniaria fruticosa","Herniaria","fruticosa","SPECIES","ACCEPTED",707,880,0,"EUROPE","Granada",2007,4,20,"2007-04-20",110,110,NA,"2026-04-24T07:24:12.273+00:00","http://creativecommons.org/licenses/by/4.0/legalcode",FALSE,"8F1724E2-8A17-478A-84ED-0EB8F7E87DC9","none","none",FALSE,NA,"Herbario de la Universidad de Almería","J.F. Mota, F.J. Pérez-García & F. Martínez-Hernández","none","WGS84","Magnoliopsida","ES","none","none","EUROPE","Spain","EUROPE","8F1724E2-8A17-478A-84ED-0EB8F7E87DC9","18650-1",NA,NA,"JP","350","Hoya de Baza, próx. Galera, Barranco del Agua","3713868611","es","HUAL","8F1724E2-8A17-478A-84ED-0EB8F7E87DC9","PhysicalObject","Herniaria fruticosa L.","a8343e51-cda3-4e7a-9eb6-4431f432fde4",NA,"Pliego","HUAL","Matorral ralo sobre sustrato yesífero","20/04/2007","Galera",NA,NA,"HUAL","J.F. Mota",NA,NA,NA,NA,NA,NA,NA,NA,NA,NA,NA,NA,NA,NA,NA,NA,NA,NA,NA,NA,NA,NA,NA,NA,NA,NA,NA,NA,NA,NA,NA,NA,NA,NA,NA,NA,NA,NA,NA,NA,NA,NA,NA,NA,NA,NA,NA,NA,NA,NA,NA,NA
"3033649649","Herniaria fruticosa L.",41.37,-0.62,"cdc,gass84,mdativ,colmano,inmafu","834f1756-f762-11e1-a439-00145eb45e9a","cb202839-87c6-456a-821c-dc5b268a200f","2a3f6a56-7591-4f05-8c4c-a1bb77aa4ea6","6c4a0bb0-2a4d-11d8-aa2d-b8a03c50a862","ES","EML","2026-04-18T01:36:55.261+00:00","2026-04-23T23:47:40.878+00:00",326,"PRESERVED_SPECIMEN",NA,"PRESENT",7769858,6,7707728,220,422,2518,3085796,7769858,7769858,"Herniaria fruticosa L.","Plantae","Tracheophyta","Caryophyllales","Caryophyllaceae","Herniaria","Herniaria fruticosa","Herniaria","fruticosa","SPECIES","ACCEPTED",707,250,0,"EUROPE","Terol",2007,6,5,"2007-06-05",156,156,NA,"2026-04-23T23:47:40.878+00:00","http://creativecommons.org/licenses/by-nc/4.0/legalcode",FALSE,"BCN 91797","none","none",FALSE,NA,"Col·lecció de Cormòfits de l'herbari BCN","Batriu, Efrem; Illa, Estela; Mercadé, Arnau; Pérez Haase, Aaron & Petit Saludes, Albert","none","WGS84","Magnoliopsida","ES","none","none","EUROPE","Spain","EUROPE","BCN 91797","91797",NA,NA,"BCN","350","Terol, Codo, el Planerón","3033649649",NA,"Corm","BCN 91797",NA,"Herniaria fruticosa L.","5db0342e-533f-461c-a97e-0ec9dc79a95c",NA,NA,"BCN-Cormophyta","Pradells més o menys guixencs, terofítics",NA,NA,NA,NA,NA,NA,NA,NA,NA,NA,NA,NA,NA,NA,NA,NA,NA,NA,NA,"CRAI CeDocBiV - Universitat de Barcelona",NA,NA,NA,NA,NA,NA,NA,NA,NA,NA,"UB",NA,"Herniaria fruticosa L.","90177",NA,NA,NA,NA,NA,NA,NA,NA,NA,NA,NA,NA,NA,NA,NA,NA,NA,NA,NA,NA,NA,NA,NA,NA
"3713846269","Herniaria fruticosa L.",41.36,-1.63,"cdc,gass84,mdativ,osiic,incomis,inmafu","83504144-f762-11e1-a439-00145eb45e9a","c1564d80-1b9d-471c-b84d-8d5dd2efbf0a","2a3f6a56-7591-4f05-8c4c-a1bb77aa4ea6","6c4a0bb0-2a4d-11d8-aa2d-b8a03c50a862","ES","EML","2026-04-18T01:37:24.938+00:00","2026-04-24T07:24:47.706+00:00",344,"PRESERVED_SPECIMEN",1,"PRESENT",7769858,6,7707728,220,422,2518,3085796,7769858,7769858,"Herniaria fruticosa L.","Plantae","Tracheophyta","Caryophyllales","Caryophyllaceae","Herniaria","Herniaria fruticosa","Herniaria","fruticosa","SPECIES","ACCEPTED",707,570,0,"EUROPE","Zaragoza",2007,6,8,"2007-06-08",159,159,NA,"2026-04-24T07:24:47.706+00:00","http://creativecommons.org/licenses/by/4.0/legalcode",FALSE,"89454DE9-1377-47F8-8B39-E736C9464084","none","none",FALSE,NA,"Herbario de la Universidad de Almería","J.F. Mota, F.J. Pérez-García & F. Martínez-Hernández","none","WGS84","Magnoliopsida","ES","none","none","EUROPE","Spain","EUROPE","89454DE9-1377-47F8-8B39-E736C9464084","18645-1",NA,NA,"JP","350","Calatayud, próx. casco urbano","3713846269","es","HUAL","89454DE9-1377-47F8-8B39-E736C9464084","PhysicalObject","Herniaria fruticosa L.","a8343e51-cda3-4e7a-9eb6-4431f432fde4",NA,"Pliego","HUAL","Matorral ralo sobre sustrato yesífero","08/06/2007","Calatayud",NA,NA,"HUAL","J.F. Mota",NA,NA,NA,NA,NA,NA,NA,NA,NA,NA,NA,NA,NA,NA,NA,NA,NA,NA,NA,NA,NA,NA,NA,NA,NA,NA,NA,NA,NA,NA,NA,NA,NA,NA,NA,NA,NA,NA,NA,NA,NA,NA,NA,NA,NA,NA,NA,NA,NA,NA,NA,NA
"3713846548","Herniaria fruticosa L.",42.23,-1.49,"cdc,gass84,mdativ,osiic,incomis,inmafu","83504144-f762-11e1-a439-00145eb45e9a","c1564d80-1b9d-471c-b84d-8d5dd2efbf0a","2a3f6a56-7591-4f05-8c4c-a1bb77aa4ea6","6c4a0bb0-2a4d-11d8-aa2d-b8a03c50a862","ES","EML","2026-04-18T01:37:24.938+00:00","2026-04-24T07:24:27.558+00:00",344,"PRESERVED_SPECIMEN",1,"PRESENT",7769858,6,7707728,220,422,2518,3085796,7769858,7769858,"Herniaria fruticosa L.","Plantae","Tracheophyta","Caryophyllales","Caryophyllaceae","Herniaria","Herniaria fruticosa","Herniaria","fruticosa","SPECIES","ACCEPTED",707,300,0,"EUROPE","Navarra",2007,6,7,"2007-06-07",158,158,NA,"2026-04-24T07:24:27.558+00:00","http://creativecommons.org/licenses/by/4.0/legalcode",FALSE,"A95B9E16-DDB8-4E63-B12F-0C19BBB378F2","none","none",FALSE,NA,"Herbario de la Universidad de Almería","J.F. Mota, F.J. Pérez-García & J.C. Bascones","none","WGS84","Magnoliopsida","ES","none","none","EUROPE","Spain","EUROPE","A95B9E16-DDB8-4E63-B12F-0C19BBB378F2","18637-1",NA,NA,"JP","350","Ribera Baja, Candévalos","3713846548","es","HUAL","A95B9E16-DDB8-4E63-B12F-0C19BBB378F2","PhysicalObject","Herniaria fruticosa L.","a8343e51-cda3-4e7a-9eb6-4431f432fde4",NA,"Pliego","HUAL","Vegetación rala sobre margas salinas","07/06/2007",NA,NA,NA,"HUAL","J.F. Mota",NA,NA,NA,NA,NA,NA,NA,NA,NA,NA,NA,NA,NA,NA,NA,NA,NA,NA,NA,NA,NA,NA,NA,NA,NA,NA,NA,NA,NA,NA,NA,NA,NA,NA,NA,NA,NA,NA,NA,NA,NA,NA,NA,NA,NA,NA,NA,NA,NA,NA,NA,NA
"3713848197","Herniaria fruticosa L.",37.77,-2.56,"cdc,gass84,mdativ,osiic,incomis,inmafu","83504144-f762-11e1-a439-00145eb45e9a","c1564d80-1b9d-471c-b84d-8d5dd2efbf0a","2a3f6a56-7591-4f05-8c4c-a1bb77aa4ea6","6c4a0bb0-2a4d-11d8-aa2d-b8a03c50a862","ES","EML","2026-04-18T01:37:24.938+00:00","2026-04-24T07:24:23.012+00:00",344,"PRESERVED_SPECIMEN",1,"PRESENT",7769858,6,7707728,220,422,2518,3085796,7769858,7769858,"Herniaria fruticosa L.","Plantae","Tracheophyta","Caryophyllales","Caryophyllaceae","Herniaria","Herniaria fruticosa","Herniaria","fruticosa","SPECIES","ACCEPTED",707,890,0,"EUROPE","Granada",2007,6,27,"2007-06-27",178,178,NA,"2026-04-24T07:24:23.012+00:00","http://creativecommons.org/licenses/by/4.0/legalcode",FALSE,"45DAC2DC-3465-4603-8954-FBBEDCEFEC9B","none","none",FALSE,NA,"Herbario de la Universidad de Almería","F. Gómez Mercado","none","WGS84","Magnoliopsida","ES","none","none","EUROPE","Spain","EUROPE","45DAC2DC-3465-4603-8954-FBBEDCEFEC9B","18391-1",NA,NA,"JP","350","Loma del Aro","3713848197","es","HUAL","45DAC2DC-3465-4603-8954-FBBEDCEFEC9B","PhysicalObject","Herniaria fruticosa L.","a8343e51-cda3-4e7a-9eb6-4431f432fde4",NA,"Pliego","HUAL",NA,"27/06/2007","Galera",NA,NA,"HUAL","F. Gómez Mercado",NA,NA,NA,NA,NA,NA,NA,NA,NA,NA,NA,NA,NA,NA,NA,NA,NA,NA,NA,NA,NA,NA,NA,NA,NA,NA,NA,NA,NA,NA,NA,NA,NA,NA,NA,NA,NA,NA,NA,NA,NA,NA,NA,NA,NA,NA,NA,NA,NA,NA,NA,NA
"3713849287","Herniaria fruticosa L.",42.04,-1.89,"cdc,gass84,mdativ,osiic,incomis,inmafu","83504144-f762-11e1-a439-00145eb45e9a","c1564d80-1b9d-471c-b84d-8d5dd2efbf0a","2a3f6a56-7591-4f05-8c4c-a1bb77aa4ea6","6c4a0bb0-2a4d-11d8-aa2d-b8a03c50a862","ES","EML","2026-04-18T01:37:24.938+00:00","2026-04-24T07:24:43.423+00:00",344,"PRESERVED_SPECIMEN",1,"PRESENT",7769858,6,7707728,220,422,2518,3085796,7769858,7769858,"Herniaria fruticosa L.","Plantae","Tracheophyta","Caryophyllales","Caryophyllaceae","Herniaria","Herniaria fruticosa","Herniaria","fruticosa","SPECIES","ACCEPTED",707,510,0,"EUROPE","Navarra",2007,6,7,"2007-06-07",158,158,NA,"2026-04-24T07:24:43.423+00:00","http://creativecommons.org/licenses/by/4.0/legalcode",FALSE,"4E2D7593-15E6-4D37-8093-0081932761D5","none","none",FALSE,NA,"Herbario de la Universidad de Almería","J.F. Mota, F.J. Pérez-García & J.C. Bascones","none","WGS84","Magnoliopsida","ES","none","none","EUROPE","Spain","EUROPE","4E2D7593-15E6-4D37-8093-0081932761D5","18657-1",NA,NA,"JP","350","Ribera Alta, próx. Fitero","3713849287","es","HUAL","4E2D7593-15E6-4D37-8093-0081932761D5","PhysicalObject","Herniaria fruticosa L.","a8343e51-cda3-4e7a-9eb6-4431f432fde4",NA,"Pliego","HUAL","Matorral ralo sobre sustrato yesífero","07/06/2007","Fitero",NA,NA,"HUAL","J.F. Mota",NA,NA,NA,NA,NA,NA,NA,NA,NA,NA,NA,NA,NA,NA,NA,NA,NA,NA,NA,NA,NA,NA,NA,NA,NA,NA,NA,NA,NA,NA,NA,NA,NA,NA,NA,NA,NA,NA,NA,NA,NA,NA,NA,NA,NA,NA,NA,NA,NA,NA,NA,NA
"3713853212","Herniaria fruticosa L.",42.38,-1.81,"cdc,gass84,mdativ,osiic,incomis,inmafu","83504144-f762-11e1-a439-00145eb45e9a","c1564d80-1b9d-471c-b84d-8d5dd2efbf0a","2a3f6a56-7591-4f05-8c4c-a1bb77aa4ea6","6c4a0bb0-2a4d-11d8-aa2d-b8a03c50a862","ES","EML","2026-04-18T01:37:24.938+00:00","2026-04-24T07:24:47.690+00:00",344,"PRESERVED_SPECIMEN",1,"PRESENT",7769858,6,7707728,220,422,2518,3085796,7769858,7769858,"Herniaria fruticosa L.","Plantae","Tracheophyta","Caryophyllales","Caryophyllaceae","Herniaria","Herniaria fruticosa","Herniaria","fruticosa","SPECIES","ACCEPTED",707,415,0,"EUROPE","Navarra",2007,6,7,"2007-06-07",158,158,NA,"2026-04-24T07:24:47.690+00:00","http://creativecommons.org/licenses/by/4.0/legalcode",FALSE,"12472A54-5C1B-4EE1-9A7D-4B42109CA1EF","none","none",FALSE,NA,"Herbario de la Universidad de Almería","J.F. Mota, F.J. Pérez-García & J.C. Bascones","none","WGS84","Magnoliopsida","ES","none","none","EUROPE","Spain","EUROPE","12472A54-5C1B-4EE1-9A7D-4B42109CA1EF","18633-1",NA,NA,"JP","350","Ribera Alta, próx. Falces","3713853212","es","HUAL","12472A54-5C1B-4EE1-9A7D-4B42109CA1EF","PhysicalObject","Herniaria fruticosa L.","a8343e51-cda3-4e7a-9eb6-4431f432fde4",NA,"Pliego","HUAL","Matorral denso sobre sustrato yesífero","07/06/2007","Falces",NA,NA,"HUAL","J.F. Mota",NA,NA,NA,NA,NA,NA,NA,NA,NA,NA,NA,NA,NA,NA,NA,NA,NA,NA,NA,NA,NA,NA,NA,NA,NA,NA,NA,NA,NA,NA,NA,NA,NA,NA,NA,NA,NA,NA,NA,NA,NA,NA,NA,NA,NA,NA,NA,NA,NA,NA,NA,NA
"3713856717","Herniaria fruticosa L.",41.96,-1.61,"cdc,gass84,mdativ,osiic,incomis,inmafu","83504144-f762-11e1-a439-00145eb45e9a","c1564d80-1b9d-471c-b84d-8d5dd2efbf0a","2a3f6a56-7591-4f05-8c4c-a1bb77aa4ea6","6c4a0bb0-2a4d-11d8-aa2d-b8a03c50a862","ES","EML","2026-04-18T01:37:24.938+00:00","2026-04-24T07:24:25.487+00:00",344,"PRESERVED_SPECIMEN",1,"PRESENT",7769858,6,7707728,220,422,2518,3085796,7769858,7769858,"Herniaria fruticosa L.","Plantae","Tracheophyta","Caryophyllales","Caryophyllaceae","Herniaria","Herniaria fruticosa","Herniaria","fruticosa","SPECIES","ACCEPTED",707,400,0,"EUROPE","Navarra",2007,6,7,"2007-06-07",158,158,NA,"2026-04-24T07:24:25.487+00:00","http://creativecommons.org/licenses/by/4.0/legalcode",FALSE,"0DD2F44A-EB7E-4E7C-A695-49414B242F13","none","none",FALSE,NA,"Herbario de la Universidad de Almería","J.F. Mota, F.J. Pérez-García & J.C. Bascones","none","WGS84","Magnoliopsida","ES","none","none","EUROPE","Spain","EUROPE","0DD2F44A-EB7E-4E7C-A695-49414B242F13","18639-1",NA,NA,"JP","350","Ribera Baja, próx. Ablitas","3713856717","es","HUAL","0DD2F44A-EB7E-4E7C-A695-49414B242F13","PhysicalObject","Herniaria fruticosa L.","a8343e51-cda3-4e7a-9eb6-4431f432fde4",NA,"Pliego","HUAL","Matorral ralo sobre sustrato yesífero","07/06/2007","Ablitas",NA,NA,"HUAL","J.F. Mota",NA,NA,NA,NA,NA,NA,NA,NA,NA,NA,NA,NA,NA,NA,NA,NA,NA,NA,NA,NA,NA,NA,NA,NA,NA,NA,NA,NA,NA,NA,NA,NA,NA,NA,NA,NA,NA,NA,NA,NA,NA,NA,NA,NA,NA,NA,NA,NA,NA,NA,NA,NA
"3713859556","Herniaria fruticosa L.",41.89,-4.35,"cdc,gass84,mdativ,osiic,incomis,inmafu","83504144-f762-11e1-a439-00145eb45e9a","c1564d80-1b9d-471c-b84d-8d5dd2efbf0a","2a3f6a56-7591-4f05-8c4c-a1bb77aa4ea6","6c4a0bb0-2a4d-11d8-aa2d-b8a03c50a862","ES","EML","2026-04-18T01:37:24.938+00:00","2026-04-24T07:24:32.682+00:00",344,"PRESERVED_SPECIMEN",1,"PRESENT",7769858,6,7707728,220,422,2518,3085796,7769858,7769858,"Herniaria fruticosa L.","Plantae","Tracheophyta","Caryophyllales","Caryophyllaceae","Herniaria","Herniaria fruticosa","Herniaria","fruticosa","SPECIES","ACCEPTED",707,810,0,"EUROPE","Palencia",2007,6,6,"2007-06-06",157,157,NA,"2026-04-24T07:24:32.682+00:00","http://creativecommons.org/licenses/by/4.0/legalcode",FALSE,"AD3A6B61-3619-4A81-8579-428C1BF5C391","none","none",FALSE,NA,"Herbario de la Universidad de Almería","J.F. Mota, F.J. Pérez-García & J.M. Martínez","none","WGS84","Magnoliopsida","ES","none","none","EUROPE","Spain","EUROPE","AD3A6B61-3619-4A81-8579-428C1BF5C391","18640-1",NA,NA,"JP","350","El Cerrato, próx. Valle del Cerrato","3713859556","es","HUAL","AD3A6B61-3619-4A81-8579-428C1BF5C391","PhysicalObject","Herniaria fruticosa L.","a8343e51-cda3-4e7a-9eb6-4431f432fde4",NA,"Pliego","HUAL","Matorral ralo sobre sustrato yesífero, entre el pinar de repoblación","06/06/2007",NA,NA,NA,"HUAL","J.F. Mota",NA,NA,NA,NA,NA,NA,NA,NA,NA,NA,NA,NA,NA,NA,NA,NA,NA,NA,NA,NA,NA,NA,NA,NA,NA,NA,NA,NA,NA,NA,NA,NA,NA,NA,NA,NA,NA,NA,NA,NA,NA,NA,NA,NA,NA,NA,NA,NA,NA,NA,NA,NA
"3713862816","Herniaria fruticosa L.",40.01,-3.05,"cdc,gass84,mdativ,osiic,incomis,inmafu","83504144-f762-11e1-a439-00145eb45e9a","c1564d80-1b9d-471c-b84d-8d5dd2efbf0a","2a3f6a56-7591-4f05-8c4c-a1bb77aa4ea6","6c4a0bb0-2a4d-11d8-aa2d-b8a03c50a862","ES","EML","2026-04-18T01:37:24.938+00:00","2026-04-24T07:24:43.036+00:00",344,"PRESERVED_SPECIMEN",1,"PRESENT",7769858,6,7707728,220,422,2518,3085796,7769858,7769858,"Herniaria fruticosa L.","Plantae","Tracheophyta","Caryophyllales","Caryophyllaceae","Herniaria","Herniaria fruticosa","Herniaria","fruticosa","SPECIES","ACCEPTED",707,790,0,"EUROPE","Cuenca",2007,6,5,"2007-06-05",156,156,NA,"2026-04-24T07:24:43.036+00:00","http://creativecommons.org/licenses/by/4.0/legalcode",FALSE,"70F6DCD0-86CE-4279-AD2C-BA2E3D7CF23A","none","none",FALSE,NA,"Herbario de la Universidad de Almería","J.F. Mota, F.J. Pérez-García & J.M. Martínez","none","WGS84","Magnoliopsida","ES","none","none","EUROPE","Spain","EUROPE","70F6DCD0-86CE-4279-AD2C-BA2E3D7CF23A","18642-1",NA,NA,"JP","350","Mancha Alta, Tarancón","3713862816","es","HUAL","70F6DCD0-86CE-4279-AD2C-BA2E3D7CF23A","PhysicalObject","Herniaria fruticosa L.","a8343e51-cda3-4e7a-9eb6-4431f432fde4",NA,"Pliego","HUAL","Matorral ralo sobre sustrato yesífero","05/06/2007","Tarancon",NA,NA,"HUAL","J.F. Mota",NA,NA,NA,NA,NA,NA,NA,NA,NA,NA,NA,NA,NA,NA,NA,NA,NA,NA,NA,NA,NA,NA,NA,NA,NA,NA,NA,NA,NA,NA,NA,NA,NA,NA,NA,NA,NA,NA,NA,NA,NA,NA,NA,NA,NA,NA,NA,NA,NA,NA,NA,NA
"3713862877","Herniaria fruticosa L.",40.14,-2.95,"cdc,gass84,mdativ,osiic,incomis,inmafu","83504144-f762-11e1-a439-00145eb45e9a","c1564d80-1b9d-471c-b84d-8d5dd2efbf0a","2a3f6a56-7591-4f05-8c4c-a1bb77aa4ea6","6c4a0bb0-2a4d-11d8-aa2d-b8a03c50a862","ES","EML","2026-04-18T01:37:24.938+00:00","2026-04-24T07:24:24.716+00:00",344,"PRESERVED_SPECIMEN",1,"PRESENT",7769858,6,7707728,220,422,2518,3085796,7769858,7769858,"Herniaria fruticosa L.","Plantae","Tracheophyta","Caryophyllales","Caryophyllaceae","Herniaria","Herniaria fruticosa","Herniaria","fruticosa","SPECIES","ACCEPTED",707,725,0,"EUROPE","Cuenca",2007,6,5,"2007-06-05",156,156,NA,"2026-04-24T07:24:24.716+00:00","http://creativecommons.org/licenses/by/4.0/legalcode",FALSE,"92EEE0D9-36D7-46CC-9377-5053C8242E6F","none","none",FALSE,NA,"Herbario de la Universidad de Almería","J.F. Mota, F.J. Pérez-García & J.M. Martínez","none","WGS84","Magnoliopsida","ES","none","none","EUROPE","Spain","EUROPE","92EEE0D9-36D7-46CC-9377-5053C8242E6F","18677-1",NA,NA,"JP","350","La Alcarria","3713862877","es","HUAL","92EEE0D9-36D7-46CC-9377-5053C8242E6F","PhysicalObject","Herniaria fruticosa L.","a8343e51-cda3-4e7a-9eb6-4431f432fde4",NA,"Pliego","HUAL","Pastizal de terófitos sobre sustrato yesífero","05/06/2007","Barajas de Melo",NA,NA,"HUAL","J.F. Mota",NA,NA,NA,NA,NA,NA,NA,NA,NA,NA,NA,NA,NA,NA,NA,NA,NA,NA,NA,NA,NA,NA,NA,NA,NA,NA,NA,NA,NA,NA,NA,NA,NA,NA,NA,NA,NA,NA,NA,NA,NA,NA,NA,NA,NA,NA,NA,NA,NA,NA,NA,NA
"3713864102","Herniaria fruticosa L.",42.17,-1.55,"cdc,gass84,mdativ,osiic,incomis,inmafu","83504144-f762-11e1-a439-00145eb45e9a","c1564d80-1b9d-471c-b84d-8d5dd2efbf0a","2a3f6a56-7591-4f05-8c4c-a1bb77aa4ea6","6c4a0bb0-2a4d-11d8-aa2d-b8a03c50a862","ES","EML","2026-04-18T01:37:24.938+00:00","2026-04-24T07:24:27.964+00:00",344,"PRESERVED_SPECIMEN",1,"PRESENT",7769858,6,7707728,220,422,2518,3085796,7769858,7769858,"Herniaria fruticosa L.","Plantae","Tracheophyta","Caryophyllales","Caryophyllaceae","Herniaria","Herniaria fruticosa","Herniaria","fruticosa","SPECIES","ACCEPTED",707,290,0,"EUROPE","Navarra",2007,6,7,"2007-06-07",158,158,NA,"2026-04-24T07:24:27.964+00:00","http://creativecommons.org/licenses/by/4.0/legalcode",FALSE,"4CB11E8B-5296-4D53-88F6-E194DF101073","none","none",FALSE,NA,"Herbario de la Universidad de Almería","J.F. Mota, F.J. Pérez-García & J.C. Bascones","none","WGS84","Magnoliopsida","ES","none","none","EUROPE","Spain","EUROPE","4CB11E8B-5296-4D53-88F6-E194DF101073","18635-1",NA,NA,"JP","350","Ribera Baja, próx. Angueda","3713864102","es","HUAL","4CB11E8B-5296-4D53-88F6-E194DF101073","PhysicalObject","Herniaria fruticosa L.","a8343e51-cda3-4e7a-9eb6-4431f432fde4",NA,"Pliego","HUAL","Matorral denso sobre sustrato yesífero","07/06/2007",NA,NA,NA,"HUAL","J.F. Mota",NA,NA,NA,NA,NA,NA,NA,NA,NA,NA,NA,NA,NA,NA,NA,NA,NA,NA,NA,NA,NA,NA,NA,NA,NA,NA,NA,NA,NA,NA,NA,NA,NA,NA,NA,NA,NA,NA,NA,NA,NA,NA,NA,NA,NA,NA,NA,NA,NA,NA,NA,NA
"3713866845","Herniaria fruticosa L.",42.4,-1.81,"cdc,gass84,mdativ,osiic,incomis,inmafu","83504144-f762-11e1-a439-00145eb45e9a","c1564d80-1b9d-471c-b84d-8d5dd2efbf0a","2a3f6a56-7591-4f05-8c4c-a1bb77aa4ea6","6c4a0bb0-2a4d-11d8-aa2d-b8a03c50a862","ES","EML","2026-04-18T01:37:24.938+00:00","2026-04-24T07:24:40.417+00:00",344,"PRESERVED_SPECIMEN",1,"PRESENT",7769858,6,7707728,220,422,2518,3085796,7769858,7769858,"Herniaria fruticosa L.","Plantae","Tracheophyta","Caryophyllales","Caryophyllaceae","Herniaria","Herniaria fruticosa","Herniaria","fruticosa","SPECIES","ACCEPTED",707,325,0,"EUROPE","Navarra",2007,6,7,"2007-06-07",158,158,NA,"2026-04-24T07:24:40.417+00:00","http://creativecommons.org/licenses/by/4.0/legalcode",FALSE,"5BC6AA91-F449-4C5A-B634-020E9D2DC97C","none","none",FALSE,NA,"Herbario de la Universidad de Almería","J.F. Mota, F.J. Pérez-García & J.C. Bascones","none","WGS84","Magnoliopsida","ES","none","none","EUROPE","Spain","EUROPE","5BC6AA91-F449-4C5A-B634-020E9D2DC97C","18636-1",NA,NA,"JP","350","Ribera Alta, próx. Falces","3713866845","es","HUAL","5BC6AA91-F449-4C5A-B634-020E9D2DC97C","PhysicalObject","Herniaria fruticosa L.","a8343e51-cda3-4e7a-9eb6-4431f432fde4",NA,"Pliego","HUAL","Matorral denso sobre sustrato yesífero","07/06/2007","Falces",NA,NA,"HUAL","J.F. Mota",NA,NA,NA,NA,NA,NA,NA,NA,NA,NA,NA,NA,NA,NA,NA,NA,NA,NA,NA,NA,NA,NA,NA,NA,NA,NA,NA,NA,NA,NA,NA,NA,NA,NA,NA,NA,NA,NA,NA,NA,NA,NA,NA,NA,NA,NA,NA,NA,NA,NA,NA,NA
"3713866920","Herniaria fruticosa L.",42.29,-1.66,"cdc,gass84,mdativ,osiic,incomis,inmafu","83504144-f762-11e1-a439-00145eb45e9a","c1564d80-1b9d-471c-b84d-8d5dd2efbf0a","2a3f6a56-7591-4f05-8c4c-a1bb77aa4ea6","6c4a0bb0-2a4d-11d8-aa2d-b8a03c50a862","ES","EML","2026-04-18T01:37:24.938+00:00","2026-04-24T07:24:20.408+00:00",344,"PRESERVED_SPECIMEN",1,"PRESENT",7769858,6,7707728,220,422,2518,3085796,7769858,7769858,"Herniaria fruticosa L.","Plantae","Tracheophyta","Caryophyllales","Caryophyllaceae","Herniaria","Herniaria fruticosa","Herniaria","fruticosa","SPECIES","ACCEPTED",707,420,0,"EUROPE","Navarra",2007,6,7,"2007-06-07",158,158,NA,"2026-04-24T07:24:20.408+00:00","http://creativecommons.org/licenses/by/4.0/legalcode",FALSE,"73EF3723-6562-4942-90C7-CAAE927FA323","none","none",FALSE,NA,"Herbario de la Universidad de Almería","J.F. Mota, F.J. Pérez-García & J.C. Bascones","none","WGS84","Magnoliopsida","ES","none","none","EUROPE","Spain","EUROPE","73EF3723-6562-4942-90C7-CAAE927FA323","18634-1",NA,NA,"JP","350","Ribera Alta, próx. Caparroso","3713866920","es","HUAL","73EF3723-6562-4942-90C7-CAAE927FA323","PhysicalObject","Herniaria fruticosa L.","a8343e51-cda3-4e7a-9eb6-4431f432fde4",NA,"Pliego","HUAL","Matorral denso sobre sustrato yesífero","07/06/2007","Caparroso",NA,NA,"HUAL","J.F. Mota",NA,NA,NA,NA,NA,NA,NA,NA,NA,NA,NA,NA,NA,NA,NA,NA,NA,NA,NA,NA,NA,NA,NA,NA,NA,NA,NA,NA,NA,NA,NA,NA,NA,NA,NA,NA,NA,NA,NA,NA,NA,NA,NA,NA,NA,NA,NA,NA,NA,NA,NA,NA
"3713867011","Herniaria fruticosa L.",41.36,-1.66,"cdc,gass84,mdativ,osiic,incomis,inmafu","83504144-f762-11e1-a439-00145eb45e9a","c1564d80-1b9d-471c-b84d-8d5dd2efbf0a","2a3f6a56-7591-4f05-8c4c-a1bb77aa4ea6","6c4a0bb0-2a4d-11d8-aa2d-b8a03c50a862","ES","EML","2026-04-18T01:37:24.938+00:00","2026-04-24T07:24:39.294+00:00",344,"PRESERVED_SPECIMEN",1,"PRESENT",7769858,6,7707728,220,422,2518,3085796,7769858,7769858,"Herniaria fruticosa L.","Plantae","Tracheophyta","Caryophyllales","Caryophyllaceae","Herniaria","Herniaria fruticosa","Herniaria","fruticosa","SPECIES","ACCEPTED",707,640,0,"EUROPE","Zaragoza",2007,6,8,"2007-06-08",159,159,NA,"2026-04-24T07:24:39.294+00:00","http://creativecommons.org/licenses/by/4.0/legalcode",FALSE,"E506108D-FBCA-4268-0BE3-E32593AE31D8","none","none",FALSE,NA,"Herbario de la Universidad de Almería","J.F. Mota, F.J. Pérez-García & F. Martínez-Hernández","none","WGS84","Magnoliopsida","ES","none","none","EUROPE","Spain","EUROPE","E506108D-FBCA-4268-0BE3-E32593AE31D8","18647-1",NA,NA,"JP","350","Calatayud, próx. casco urbano","3713867011","es","HUAL","E506108D-FBCA-4268-0BE3-E32593AE31D8","PhysicalObject","Herniaria fruticosa L.","a8343e51-cda3-4e7a-9eb6-4431f432fde4",NA,"Pliego","HUAL","Matorral ralo sobre sustrato yesífero","08/06/2007","Calatayud",NA,NA,"HUAL","J.F. Mota",NA,NA,NA,NA,NA,NA,NA,NA,NA,NA,NA,NA,NA,NA,NA,NA,NA,NA,NA,NA,NA,NA,NA,NA,NA,NA,NA,NA,NA,NA,NA,NA,NA,NA,NA,NA,NA,NA,NA,NA,NA,NA,NA,NA,NA,NA,NA,NA,NA,NA,NA,NA
"3713849358","Herniaria fruticosa L.",39.13,-1.74,"cdc,gass84,mdativ,osiic,incomis,inmafu","83504144-f762-11e1-a439-00145eb45e9a","c1564d80-1b9d-471c-b84d-8d5dd2efbf0a","2a3f6a56-7591-4f05-8c4c-a1bb77aa4ea6","6c4a0bb0-2a4d-11d8-aa2d-b8a03c50a862","ES","EML","2026-04-18T01:37:24.938+00:00","2026-04-24T07:24:23.382+00:00",344,"PRESERVED_SPECIMEN",1,"PRESENT",7769858,6,7707728,220,422,2518,3085796,7769858,7769858,"Herniaria fruticosa L.","Plantae","Tracheophyta","Caryophyllales","Caryophyllaceae","Herniaria","Herniaria fruticosa","Herniaria","fruticosa","SPECIES","ACCEPTED",707,640,0,"EUROPE","Albacete",2007,7,19,"2007-07-19",200,200,NA,"2026-04-24T07:24:23.382+00:00","http://creativecommons.org/licenses/by/4.0/legalcode",FALSE,"75040D8A-6EA6-4D4C-884E-CF432B81F149","none","none",FALSE,NA,"Herbario de la Universidad de Almería","J.F. Mota, F.J. Pérez-García & F. Martínez-Hernández","none","WGS84","Magnoliopsida","ES","none","none","EUROPE","Spain","EUROPE","75040D8A-6EA6-4D4C-884E-CF432B81F149","18632-1",NA,NA,"JP","350","Comarca Centro, Cuesta Yesares","3713849358","es","HUAL","75040D8A-6EA6-4D4C-884E-CF432B81F149","PhysicalObject","Herniaria fruticosa L.","a8343e51-cda3-4e7a-9eb6-4431f432fde4",NA,"Pliego","HUAL","Vegetación rala sobre sustrato yesífero","19/07/2007",NA,NA,NA,"HUAL","J.F. Mota",NA,NA,NA,NA,NA,NA,NA,NA,NA,NA,NA,NA,NA,NA,NA,NA,NA,NA,NA,NA,NA,NA,NA,NA,NA,NA,NA,NA,NA,NA,NA,NA,NA,NA,NA,NA,NA,NA,NA,NA,NA,NA,NA,NA,NA,NA,NA,NA,NA,NA,NA,NA
"1576193283","Herniaria fruticosa L.",40.162837,-3.431369,"cdc,cdround,gass84,inmano","d15c4775-92dd-48fa-88d4-1b26b957d941","e1f82403-54f7-47dd-afc1-e07a42eeb4e7","09b8b1f4-0b79-4867-aab8-7e45e77c28e5","7a646477-bd22-4832-902c-19d9671f3ab1","ES","EML","2026-05-20T06:50:37.046+00:00","2026-05-20T06:52:14.758+00:00",407,"PRESERVED_SPECIMEN",1,"PRESENT",7769858,6,7707728,220,422,2518,3085796,7769858,7769858,"Herniaria fruticosa L.","Plantae","Tracheophyta","Caryophyllales","Caryophyllaceae","Herniaria","Herniaria fruticosa","Herniaria","fruticosa","SPECIES","ACCEPTED",NA,NA,NA,"EUROPE","Comunidad de Madrid",2007,8,22,"2007-08-22",234,234,"2013-11-21T11:50:15.000+00:00","2026-05-20T06:52:14.758+00:00","http://creativecommons.org/licenses/by-nc/4.0/legalcode",FALSE,"RJBJCI:ALCA-BGV:ALCA-BG-0859/09","none","none",FALSE,NA,"Banco de Germoplasma del Real Jardín Botánico Juan Carlos I","Juan Pedro Zaballos","none","WGS84","Magnoliopsida","ES","none","none","EUROPE","Spain","EUROPE","RJBJCI:ALCA-BGV:ALCA-BG-0859/09","ALCA-BG-0859/09","Real Jardín Botánico Juan Carlos I",NA,"RJBJCI","407","_","1576193283","ES","ALCA-BGV","RJBJCI:ALCA-BGV:ALCA-BG-0859/09","PhysicalObject","Herniaria fruticosa L.",NA,NA,NA,NA,NA,NA,"Chinchón","In collection",NA,NA,NA,NA,NA,NA,NA,NA,"SUDOESTE DE EUROPA",NA,NA,NA,NA,NA,NA,NA,NA,"MADRID",NA,NA,NA,NA,NA,NA,NA,NA,NA,"RJBJCI","Banco de Germoplasma del Real Jardín Botánico Juan Carlos I",NA,"213073","RESCUED","2022-03-08T20:25:11Z","http://www.aimjb.net:8080/ipt/archive.do?r=rjbjci",NA,NA,NA,NA,NA,NA,NA,NA,NA,NA,NA,NA,NA,NA,NA,NA,NA,NA,NA,NA,NA
"1936663509","Herniaria fruticosa L.",32.6578,-4.5967,"cdc,gass84,inmano","834c9918-f762-11e1-a439-00145eb45e9a","0363cbd4-f666-455e-8e86-0bbddcf51950","2a3f6a56-7591-4f05-8c4c-a1bb77aa4ea6","6c4a0bb0-2a4d-11d8-aa2d-b8a03c50a862","ES","EML","2026-04-18T01:37:27.366+00:00","2026-04-24T05:20:43.016+00:00",423,"PRESERVED_SPECIMEN",NA,"PRESENT",7769858,6,7707728,220,422,2518,3085796,7769858,7769858,"Herniaria fruticosa L.","Plantae","Tracheophyta","Caryophyllales","Caryophyllaceae","Herniaria","Herniaria fruticosa","Herniaria","fruticosa","SPECIES","ACCEPTED",NA,NA,NA,"AFRICA","Mt",2006,7,9,"2006-07-09",190,190,NA,"2026-04-24T05:20:43.016+00:00","http://creativecommons.org/licenses/by-nc/4.0/legalcode",FALSE,"5e635b46-20fe-11e3-9e2e-000c29035824","none","none",FALSE,"834c9918-f762-11e1-a439-00145eb45e9a",NA,"Santiago Castroviejo Bolíbar","none","WGS84","Magnoliopsida","MA","none","none","AFRICA","Morocco","EUROPE","5e635b46-20fe-11e3-9e2e-000c29035824","MA-01-00746055","0363cbd4-f666-455e-8e86-0bbddcf51950",NA,"MA","429","entre Takat-n'imitert y Berthh","1936663509","es","MA","5e635b46-20fe-11e3-9e2e-000c29035824","Collection","Herniaria fruticosa L.",NA,NA,NA,"MA","Habitat: matorral muy ralo y seco, calizas y minas de yeso","09/07/2006",NA,NA,NA,NA,NA,"SC18101",NA,NA,"17abcf75-2f1e-46dd-bf75-a5b21dd02655",NA,NA,NA,NA,NA,NA,NA,NA,NA,NA,NA,NA,NA,"7769858",NA,NA,NA,NA,NA,NA,"MA",NA,NA,NA,NA,NA,NA,"MA-746055-1","ca776a39-20fe-11e3-9e2e-000c29035824",NA,NA,NA,NA,NA,NA,NA,NA,NA,NA,NA,NA,NA,NA,NA,NA,NA,NA,NA
"1576193196","Herniaria fruticosa L.",40.084564,-3.204236,"cdc,cdround,gass84,inmano","d15c4775-92dd-48fa-88d4-1b26b957d941","e1f82403-54f7-47dd-afc1-e07a42eeb4e7","09b8b1f4-0b79-4867-aab8-7e45e77c28e5","7a646477-bd22-4832-902c-19d9671f3ab1","ES","EML","2026-05-20T06:50:37.046+00:00","2026-05-20T06:52:13.701+00:00",407,"PRESERVED_SPECIMEN",1,"PRESENT",7769858,6,7707728,220,422,2518,3085796,7769858,7769858,"Herniaria fruticosa L.","Plantae","Tracheophyta","Caryophyllales","Caryophyllaceae","Herniaria","Herniaria fruticosa","Herniaria","fruticosa","SPECIES","ACCEPTED",NA,NA,NA,"EUROPE","Comunidad de Madrid",2006,8,16,"2006-08-16",228,228,"2013-11-21T11:56:31.000+00:00","2026-05-20T06:52:13.701+00:00","http://creativecommons.org/licenses/by-nc/4.0/legalcode",FALSE,"RJBJCI:ALCA-BGV:ALCA-BG-0615/09","none","none",FALSE,NA,"Banco de Germoplasma del Real Jardín Botánico Juan Carlos I","Juan Pedro Zaballos","none","WGS84","Magnoliopsida","ES","none","none","EUROPE","Spain","EUROPE","RJBJCI:ALCA-BGV:ALCA-BG-0615/09","ALCA-BG-0615/09","Real Jardín Botánico Juan Carlos I",NA,"RJBJCI","407","_","1576193196","ES","ALCA-BGV","RJBJCI:ALCA-BGV:ALCA-BG-0615/09","PhysicalObject","Herniaria fruticosa L.",NA,NA,NA,NA,NA,NA,"Villamanrique de Tajo","In collection",NA,NA,NA,NA,NA,NA,NA,NA,"SUDOESTE DE EUROPA",NA,NA,NA,NA,NA,NA,NA,NA,"MADRID",NA,NA,NA,NA,NA,NA,NA,NA,NA,"RJBJCI","Banco de Germoplasma del Real Jardín Botánico Juan Carlos I",NA,"214260","RESCUED","2022-03-08T20:25:11Z","http://www.aimjb.net:8080/ipt/archive.do?r=rjbjci",NA,NA,NA,NA,NA,NA,NA,NA,NA,NA,NA,NA,NA,NA,NA,NA,NA,NA,NA,NA,NA
"1576193317","Herniaria fruticosa L.",40.162837,-3.431369,"cdc,cdround,gass84,inmano","d15c4775-92dd-48fa-88d4-1b26b957d941","e1f82403-54f7-47dd-afc1-e07a42eeb4e7","09b8b1f4-0b79-4867-aab8-7e45e77c28e5","7a646477-bd22-4832-902c-19d9671f3ab1","ES","EML","2026-05-20T06:50:37.046+00:00","2026-05-20T06:52:15.239+00:00",407,"PRESERVED_SPECIMEN",1,"PRESENT",7769858,6,7707728,220,422,2518,3085796,7769858,7769858,"Herniaria fruticosa L.","Plantae","Tracheophyta","Caryophyllales","Caryophyllaceae","Herniaria","Herniaria fruticosa","Herniaria","fruticosa","SPECIES","ACCEPTED",NA,NA,NA,"EUROPE","Comunidad de Madrid",2006,8,16,"2006-08-16",228,228,"2013-11-21T11:47:00.000+00:00","2026-05-20T06:52:15.239+00:00","http://creativecommons.org/licenses/by-nc/4.0/legalcode",FALSE,"RJBJCI:ALCA-BGV:ALCA-BG-0858/09","none","none",FALSE,NA,"Banco de Germoplasma del Real Jardín Botánico Juan Carlos I","Juan Pedro Zaballos","none","WGS84","Magnoliopsida","ES","none","none","EUROPE","Spain","EUROPE","RJBJCI:ALCA-BGV:ALCA-BG-0858/09","ALCA-BG-0858/09","Real Jardín Botánico Juan Carlos I",NA,"RJBJCI","407","_","1576193317","ES","ALCA-BGV","RJBJCI:ALCA-BGV:ALCA-BG-0858/09","PhysicalObject","Herniaria fruticosa L.",NA,NA,NA,NA,NA,NA,"Chinchón","In collection",NA,NA,NA,NA,NA,NA,NA,NA,"SUDOESTE DE EUROPA",NA,NA,NA,NA,NA,NA,NA,NA,"MADRID",NA,NA,NA,NA,NA,NA,NA,NA,NA,"RJBJCI","Banco de Germoplasma del Real Jardín Botánico Juan Carlos I",NA,"213073","RESCUED","2022-03-08T20:25:11Z","http://www.aimjb.net:8080/ipt/archive.do?r=rjbjci",NA,NA,NA,NA,NA,NA,NA,NA,NA,NA,NA,NA,NA,NA,NA,NA,NA,NA,NA,NA,NA
"2558240418","Herniaria fruticosa L.",40.12,-1.23,"cdc,gass84,colmafu,inmafu","834a4794-f762-11e1-a439-00145eb45e9a","8209258a-80e8-4094-aba2-a3febe5ed45b","2a3f6a56-7591-4f05-8c4c-a1bb77aa4ea6","6c4a0bb0-2a4d-11d8-aa2d-b8a03c50a862","ES","EML","2026-04-18T01:37:24.691+00:00","2026-04-24T10:27:12.646+00:00",375,"PRESERVED_SPECIMEN",NA,"PRESENT",7769858,6,7707728,220,422,2518,3085796,7769858,7769858,"Herniaria fruticosa L.","Plantae","Tracheophyta","Caryophyllales","Caryophyllaceae","Herniaria","Herniaria fruticosa","Herniaria","fruticosa","SPECIES","ACCEPTED",707,780,0,"EUROPE","Teruel",2005,4,6,"2005-04-06",96,96,"2025-11-03T14:20:45.000+00:00","2026-04-24T10:27:12.646+00:00","http://creativecommons.org/licenses/by-nc/4.0/legalcode",FALSE,"586EA3A0-DF8F-4F0D-9DAC-7390FFBCB798","none","none",FALSE,NA,"Colección de plantas vasculares del herbario de la Universitat de València (VAL)","J. Fabado","none","WGS84","Magnoliopsida","ES","none","none","EUROPE","Spain","EUROPE","586EA3A0-DF8F-4F0D-9DAC-7390FFBCB798","222593-1","https://www.gbif.org/publisher/8209258a-80e8-4094-aba2-a3febe5ed45b",NA,"VAL","391","Libros, río Deva pr. el Estrecho","2558240418","es","VAL","586EA3A0-DF8F-4F0D-9DAC-7390FFBCB798","PhysicalObject","Herniaria fruticosa L.","c645b060-c130-45ee-97ab-b9fc94393523","6ceb64b5-0201-4a27-bcdb-8d62035e35d5","Pliego","VAL","escarpes yesosos","06/04/2005","Libros (Comunidad de Teruel)","in collection",NA,NA,NA,NA,"JFA-894",NA,NA,NA,NA,NA,NA,NA,NA,NA,NA,NA,NA,NA,NA,NA,NA,NA,NA,NA,NA,NA,NA,NA,NA,NA,NA,NA,NA,NA,NA,NA,NA,NA,NA,NA,NA,NA,NA,NA,NA,NA,NA,NA,NA,NA,NA,NA,NA,NA,NA
"318113779","Herniaria fruticosa L.",38.55,-0.89,"cdc,gass84,osiic,colmafu,inmafu","835852b2-f762-11e1-a439-00145eb45e9a","30b36805-4849-4abb-a39c-01b3a7fa3f2e","2a3f6a56-7591-4f05-8c4c-a1bb77aa4ea6","6c4a0bb0-2a4d-11d8-aa2d-b8a03c50a862","ES","EML","2026-04-18T01:37:27.890+00:00","2026-04-24T04:48:21.811+00:00",354,"PRESERVED_SPECIMEN",1,"PRESENT",7769858,6,7707728,220,422,2518,3085796,7769858,7769858,"Herniaria fruticosa L.","Plantae","Tracheophyta","Caryophyllales","Caryophyllaceae","Herniaria","Herniaria fruticosa","Herniaria","fruticosa","SPECIES","ACCEPTED",707,600,0,"EUROPE","Alicante",2005,5,22,"2005-05-22",142,142,"2016-09-06T13:57:28.000+00:00","2026-04-24T04:48:21.811+00:00","http://creativecommons.org/licenses/by/4.0/legalcode",FALSE,"9E99F59E-D989-4B05-8C2E-98A51E14749A","none","none",FALSE,NA,NA,"J.Monerris & F.Salvador","none","WGS84","Magnoliopsida","ES","none","none","EUROPE","Spain","EUROPE","9E99F59E-D989-4B05-8C2E-98A51E14749A","54545-1",NA,NA,"ABH","360","Villena; Sierra de Salinas, yesos de la base del alto de la Cruz","318113779",NA,"ABH","9E99F59E-D989-4B05-8C2E-98A51E14749A",NA,"Herniaria fruticosa L.","8aa53465-012a-4394-bc5a-5f99beee1ce7","189e886d-b24c-4f29-8ee3-3827e567e7df",NA,"ABH",NA,"22052005",NA,NA,NA,NA,NA,NA,NA,NA,NA,NA,NA,NA,NA,NA,NA,NA,NA,NA,NA,NA,NA,NA,NA,NA,NA,NA,NA,NA,NA,NA,NA,NA,NA,NA,NA,NA,NA,NA,NA,NA,NA,NA,NA,NA,NA,NA,NA,NA,NA,NA,NA,NA,NA,NA,NA,NA,NA
"3713847372","Herniaria fruticosa L.",37.92,-1.89,"cdc,gass84,mdativ,osiic,incomis,inmafu","83504144-f762-11e1-a439-00145eb45e9a","c1564d80-1b9d-471c-b84d-8d5dd2efbf0a","2a3f6a56-7591-4f05-8c4c-a1bb77aa4ea6","6c4a0bb0-2a4d-11d8-aa2d-b8a03c50a862","ES","EML","2026-04-18T01:37:24.938+00:00","2026-04-24T07:24:45.991+00:00",344,"PRESERVED_SPECIMEN",1,"PRESENT",7769858,6,7707728,220,422,2518,3085796,7769858,7769858,"Herniaria fruticosa L.","Plantae","Tracheophyta","Caryophyllales","Caryophyllaceae","Herniaria","Herniaria fruticosa","Herniaria","fruticosa","SPECIES","ACCEPTED",707,780,0,"EUROPE","Murcia",2005,5,18,"2005-05-18",138,138,NA,"2026-04-24T07:24:45.991+00:00","http://creativecommons.org/licenses/by/4.0/legalcode",FALSE,"08C63278-4FF0-42EE-887B-18E451153634","none","none",FALSE,NA,"Herbario de la Universidad de Almería",NA,"none","WGS84","Magnoliopsida","ES","none","none","EUROPE","Spain","EUROPE","08C63278-4FF0-42EE-887B-18E451153634","8484-1",NA,NA,"JP","350","Santa Teresa, valle de Guadalentín","3713847372","es","HUAL","08C63278-4FF0-42EE-887B-18E451153634","PhysicalObject","Herniaria fruticosa L.","a8343e51-cda3-4e7a-9eb6-4431f432fde4",NA,"Pliego","HUAL","matorral ralo sobre un afloramiento yesífero","18/05/2005",NA,NA,NA,"HUAL","J.F. Mota, F.J. Pérez-García & P. Sánchez Gómez",NA,NA,NA,NA,NA,NA,NA,NA,NA,NA,NA,NA,NA,NA,NA,NA,NA,NA,NA,NA,NA,NA,NA,NA,NA,NA,NA,NA,NA,NA,NA,NA,NA,NA,NA,NA,NA,NA,NA,NA,NA,NA,NA,NA,NA,NA,NA,NA,NA,NA,NA,NA
"3713853151","Herniaria fruticosa L.",38.41,-1.63,"cdc,gass84,mdativ,osiic,incomis,inmafu","83504144-f762-11e1-a439-00145eb45e9a","c1564d80-1b9d-471c-b84d-8d5dd2efbf0a","2a3f6a56-7591-4f05-8c4c-a1bb77aa4ea6","6c4a0bb0-2a4d-11d8-aa2d-b8a03c50a862","ES","EML","2026-04-18T01:37:24.938+00:00","2026-04-24T07:24:35.005+00:00",344,"PRESERVED_SPECIMEN",1,"PRESENT",7769858,6,7707728,220,422,2518,3085796,7769858,7769858,"Herniaria fruticosa L.","Plantae","Tracheophyta","Caryophyllales","Caryophyllaceae","Herniaria","Herniaria fruticosa","Herniaria","fruticosa","SPECIES","ACCEPTED",707,392,0,"EUROPE","Albacete",2005,5,19,"2005-05-19",139,139,NA,"2026-04-24T07:24:35.005+00:00","http://creativecommons.org/licenses/by/4.0/legalcode",FALSE,"1ADB0AAC-2712-4C49-9970-0C767CDAEC51","none","none",FALSE,NA,"Herbario de la Universidad de Almería",NA,"none","WGS84","Magnoliopsida","ES","none","none","EUROPE","Spain","EUROPE","1ADB0AAC-2712-4C49-9970-0C767CDAEC51","8488-1",NA,NA,"JP","350","Comarca de Hellín, Saladar de Agramón","3713853151","es","HUAL","1ADB0AAC-2712-4C49-9970-0C767CDAEC51","PhysicalObject","Herniaria fruticosa L.","a8343e51-cda3-4e7a-9eb6-4431f432fde4",NA,"Pliego","HUAL","matorral-albardinal sobre un afloramiento de yeso junto a un saladar","19/05/2005",NA,NA,NA,"HUAL","J.F.Mota, F.J. Pérez-García & J.B. Vera",NA,NA,NA,NA,NA,NA,NA,NA,NA,NA,NA,NA,NA,NA,NA,NA,NA,NA,NA,NA,NA,NA,NA,NA,NA,NA,NA,NA,NA,NA,NA,NA,NA,NA,NA,NA,NA,NA,NA,NA,NA,NA,NA,NA,NA,NA,NA,NA,NA,NA,NA,NA
"3713861173","Herniaria fruticosa L.",38.64,-0.89,"cdc,gass84,mdativ,osiic,incomis,inmafu","83504144-f762-11e1-a439-00145eb45e9a","c1564d80-1b9d-471c-b84d-8d5dd2efbf0a","2a3f6a56-7591-4f05-8c4c-a1bb77aa4ea6","6c4a0bb0-2a4d-11d8-aa2d-b8a03c50a862","ES","EML","2026-04-18T01:37:24.938+00:00","2026-04-24T07:24:37.659+00:00",344,"PRESERVED_SPECIMEN",1,"PRESENT",7769858,6,7707728,220,422,2518,3085796,7769858,7769858,"Herniaria fruticosa L.","Plantae","Tracheophyta","Caryophyllales","Caryophyllaceae","Herniaria","Herniaria fruticosa","Herniaria","fruticosa","SPECIES","ACCEPTED",707,558,0,"EUROPE","Alicante",2005,5,24,"2005-05-24",144,144,NA,"2026-04-24T07:24:37.659+00:00","http://creativecommons.org/licenses/by/4.0/legalcode",FALSE,"C0CFDD6D-D69D-4E2A-88B7-59C96A2F7935","none","none",FALSE,NA,"Herbario de la Universidad de Almería",NA,"none","WGS84","Magnoliopsida","ES","none","none","EUROPE","Spain","EUROPE","C0CFDD6D-D69D-4E2A-88B7-59C96A2F7935","8492-1",NA,NA,"JP","350","Comarca de Vinalopó, Los Cabecicos","3713861173","es","HUAL","C0CFDD6D-D69D-4E2A-88B7-59C96A2F7935","PhysicalObject","Herniaria fruticosa L.","a8343e51-cda3-4e7a-9eb6-4431f432fde4",NA,"Pliego","HUAL","matorral ralo sobre un afloramiento de yesos rojos del Keuper","24/05/2005",NA,NA,NA,"HUAL","J.F. Mota, F.J. Pérez-García & L. Serra Laliga",NA,NA,NA,NA,NA,NA,NA,NA,NA,NA,NA,NA,NA,NA,NA,NA,NA,NA,NA,NA,NA,NA,NA,NA,NA,NA,NA,NA,NA,NA,NA,NA,NA,NA,NA,NA,NA,NA,NA,NA,NA,NA,NA,NA,NA,NA,NA,NA,NA,NA,NA,NA
"3713865434","Herniaria fruticosa L.",38.58,-0.88,"cdc,gass84,mdativ,osiic,incomis,inmafu","83504144-f762-11e1-a439-00145eb45e9a","c1564d80-1b9d-471c-b84d-8d5dd2efbf0a","2a3f6a56-7591-4f05-8c4c-a1bb77aa4ea6","6c4a0bb0-2a4d-11d8-aa2d-b8a03c50a862","ES","EML","2026-04-18T01:37:24.938+00:00","2026-04-24T07:24:28.692+00:00",344,"PRESERVED_SPECIMEN",1,"PRESENT",7769858,6,7707728,220,422,2518,3085796,7769858,7769858,"Herniaria fruticosa L.","Plantae","Tracheophyta","Caryophyllales","Caryophyllaceae","Herniaria","Herniaria fruticosa","Herniaria","fruticosa","SPECIES","ACCEPTED",707,522,0,"EUROPE","Alicante",2005,5,24,"2005-05-24",144,144,NA,"2026-04-24T07:24:28.692+00:00","http://creativecommons.org/licenses/by/4.0/legalcode",FALSE,"7F42A844-09CF-4CC9-B97B-0B2CF1CFBEC3","none","none",FALSE,NA,"Herbario de la Universidad de Almería",NA,"none","WGS84","Magnoliopsida","ES","none","none","EUROPE","Spain","EUROPE","7F42A844-09CF-4CC9-B97B-0B2CF1CFBEC3","8489-1",NA,NA,"JP","350","Cabezo Largo, Villena, Comarca de Vinalopó","3713865434","es","HUAL","7F42A844-09CF-4CC9-B97B-0B2CF1CFBEC3","PhysicalObject","Herniaria fruticosa L.","a8343e51-cda3-4e7a-9eb6-4431f432fde4",NA,"Pliego","HUAL","matorral ralo sobre un afloramiento yesoso del Keuper","24/05/2005",NA,NA,NA,"HUAL","J.F.Mota, F.J. Pérez-García & L. Serra Laliga",NA,NA,NA,NA,NA,NA,NA,NA,NA,NA,NA,NA,NA,NA,NA,NA,NA,NA,NA,NA,NA,NA,NA,NA,NA,NA,NA,NA,NA,NA,NA,NA,NA,NA,NA,NA,NA,NA,NA,NA,NA,NA,NA,NA,NA,NA,NA,NA,NA,NA,NA,NA
"2521372550","Herniaria fruticosa L.",41.8005,0.8436,"gass84,inmano","838475f4-f762-11e1-a439-00145eb45e9a","6f3ccc65-0a54-4e65-ae7e-13b92d618e7c","2a3f6a56-7591-4f05-8c4c-a1bb77aa4ea6","6c4a0bb0-2a4d-11d8-aa2d-b8a03c50a862","ES","EML","2026-05-14T18:31:27.870+00:00","2026-05-19T13:30:23.171+00:00",396,"PRESERVED_SPECIMEN",NA,"PRESENT",7769858,6,7707728,220,422,2518,3085796,7769858,7769858,"Herniaria fruticosa L.","Plantae","Tracheophyta","Caryophyllales","Caryophyllaceae","Herniaria","Herniaria fruticosa","Herniaria","fruticosa","SPECIES","ACCEPTED",70.71,251,0,"EUROPE","Lleida",2005,6,23,"2005-06-23",174,174,"2017-10-19T00:00:00.000+00:00","2026-05-19T13:30:23.171+00:00","http://creativecommons.org/licenses/by-nc/4.0/legalcode",FALSE,"06fbb9e8-9c71-45dc-ae28-464fe5dee0fa","none","none",FALSE,NA,"Institut Botànic de Barcelona (CSIC-CMCNB) – BC","M. Casanoves","none","WGS84","Magnoliopsida","ES","none","none","EUROPE","Spain","EUROPE","06fbb9e8-9c71-45dc-ae28-464fe5dee0fa","BC-863904","6f3ccc65-0a54-4e65-ae7e-13b92d618e7c",NA,"BC","410","la Sentiu de Sió; La Sentiu, Carretera Balaguer-Tremp. Camí W-E uns 100 m abans de la sortida de la Sentiu","2521372550",NA,"BC","06fbb9e8-9c71-45dc-ae28-464fe5dee0fa",NA,"Herniaria fruticosa L.",NA,NA,"Herbarium specimen","BC",NA,"23/06/2005",NA,NA,NA,NA,NA,"MCT-53",NA,NA,NA,NA,NA,NA,NA,NA,NA,NA,NA,NA,NA,NA,NA,NA,NA,NA,NA,NA,NA,NA,NA,NA,NA,NA,NA,NA,NA,NA,NA,NA,"GENMEDOC","Last label",NA,NA,NA,NA,NA,NA,NA,NA,NA,NA,NA,NA,NA,NA,NA,NA,NA
"2521403035","Herniaria fruticosa L.",41.8005,0.8436,"gass84,inmano","838475f4-f762-11e1-a439-00145eb45e9a","6f3ccc65-0a54-4e65-ae7e-13b92d618e7c","2a3f6a56-7591-4f05-8c4c-a1bb77aa4ea6","6c4a0bb0-2a4d-11d8-aa2d-b8a03c50a862","ES","EML","2026-05-14T18:31:27.870+00:00","2026-05-19T13:30:24.627+00:00",396,"PRESERVED_SPECIMEN",NA,"PRESENT",7769858,6,7707728,220,422,2518,3085796,7769858,7769858,"Herniaria fruticosa L.","Plantae","Tracheophyta","Caryophyllales","Caryophyllaceae","Herniaria","Herniaria fruticosa","Herniaria","fruticosa","SPECIES","ACCEPTED",70.71,251,0,"EUROPE","Lleida",2005,6,14,"2005-06-14",165,165,"2017-10-19T00:00:00.000+00:00","2026-05-19T13:30:24.627+00:00","http://creativecommons.org/licenses/by-nc/4.0/legalcode",FALSE,"1c654960-05ea-40e9-b429-dd3d04db63f6","none","none",FALSE,NA,"Institut Botànic de Barcelona (CSIC-CMCNB) – BC","M. Casanoves","none","WGS84","Magnoliopsida","ES","none","none","EUROPE","Spain","EUROPE","1c654960-05ea-40e9-b429-dd3d04db63f6","BC-863922","6f3ccc65-0a54-4e65-ae7e-13b92d618e7c",NA,"BC","410","la Sentiu de Sió; La Sentiu, Carretera Balaguer-Tremp. Camí W-E uns 100 m abans de la sortida de la Sentiu","2521403035",NA,"BC","1c654960-05ea-40e9-b429-dd3d04db63f6",NA,"Herniaria fruticosa L.",NA,NA,"Herbarium specimen","BC",NA,"14/06/2005",NA,NA,NA,NA,NA,"MCT-35",NA,NA,NA,NA,NA,NA,NA,NA,NA,NA,NA,NA,NA,NA,NA,NA,NA,NA,NA,NA,NA,NA,NA,NA,NA,NA,NA,NA,NA,NA,NA,NA,"GENMEDOC","Last label",NA,NA,NA,NA,NA,NA,NA,NA,NA,NA,NA,NA,NA,NA,NA,NA,NA
"3713847345","Herniaria fruticosa L.",39.95,-3.61,"cdc,gass84,mdativ,osiic,incomis,inmafu","83504144-f762-11e1-a439-00145eb45e9a","c1564d80-1b9d-471c-b84d-8d5dd2efbf0a","2a3f6a56-7591-4f05-8c4c-a1bb77aa4ea6","6c4a0bb0-2a4d-11d8-aa2d-b8a03c50a862","ES","EML","2026-04-18T01:37:24.938+00:00","2026-04-24T07:24:44.538+00:00",344,"PRESERVED_SPECIMEN",1,"PRESENT",7769858,6,7707728,220,422,2518,3085796,7769858,7769858,"Herniaria fruticosa L.","Plantae","Tracheophyta","Caryophyllales","Caryophyllaceae","Herniaria","Herniaria fruticosa","Herniaria","fruticosa","SPECIES","ACCEPTED",707,640,0,"EUROPE","Toledo",2005,6,28,"2005-06-28",179,179,NA,"2026-04-24T07:24:44.538+00:00","http://creativecommons.org/licenses/by/4.0/legalcode",FALSE,"02A30020-EE92-4D54-83D6-25DD7311A5AB","none","none",FALSE,NA,"Herbario de la Universidad de Almería",NA,"none","WGS84","Magnoliopsida","ES","none","none","EUROPE","Spain","EUROPE","02A30020-EE92-4D54-83D6-25DD7311A5AB","8476-1",NA,NA,"JP","350","Comarca de La Mancha, Ontígola hacia Añover de Tajo","3713847345","es","HUAL","02A30020-EE92-4D54-83D6-25DD7311A5AB","PhysicalObject","Herniaria fruticosa L.","a8343e51-cda3-4e7a-9eb6-4431f432fde4",NA,"Pliego","HUAL","matorral ralo sobre yesos","28/06/2005",NA,NA,NA,"HUAL","J.F. Mota, F.J. García-Pérez & J.M. Martínez",NA,NA,NA,NA,NA,NA,NA,NA,NA,NA,NA,NA,NA,NA,NA,NA,NA,NA,NA,NA,NA,NA,NA,NA,NA,NA,NA,NA,NA,NA,NA,NA,NA,NA,NA,NA,NA,NA,NA,NA,NA,NA,NA,NA,NA,NA,NA,NA,NA,NA,NA,NA
"3713848555","Herniaria fruticosa L.",39.9,-3.64,"cdc,gass84,mdativ,osiic,incomis,inmafu","83504144-f762-11e1-a439-00145eb45e9a","c1564d80-1b9d-471c-b84d-8d5dd2efbf0a","2a3f6a56-7591-4f05-8c4c-a1bb77aa4ea6","6c4a0bb0-2a4d-11d8-aa2d-b8a03c50a862","ES","EML","2026-04-18T01:37:24.938+00:00","2026-04-24T07:24:46.214+00:00",344,"PRESERVED_SPECIMEN",1,"PRESENT",7769858,6,7707728,220,422,2518,3085796,7769858,7769858,"Herniaria fruticosa L.","Plantae","Tracheophyta","Caryophyllales","Caryophyllaceae","Herniaria","Herniaria fruticosa","Herniaria","fruticosa","SPECIES","ACCEPTED",707,650,0,"EUROPE","Toledo",2005,6,28,"2005-06-28",179,179,NA,"2026-04-24T07:24:46.214+00:00","http://creativecommons.org/licenses/by/4.0/legalcode",FALSE,"6635CAFF-25F4-4FE0-A9F3-666864E84E70","none","none",FALSE,NA,"Herbario de la Universidad de Almería",NA,"none","WGS84","Magnoliopsida","ES","none","none","EUROPE","Spain","EUROPE","6635CAFF-25F4-4FE0-A9F3-666864E84E70","8478-1",NA,NA,"JP","350","Yepes, Comarca de La Mancha","3713848555","es","HUAL","6635CAFF-25F4-4FE0-A9F3-666864E84E70","PhysicalObject","Herniaria fruticosa L.","a8343e51-cda3-4e7a-9eb6-4431f432fde4",NA,"Pliego","HUAL","matorral ralo sobre margas  yesíferas","28/06/2005",NA,NA,NA,"HUAL","J. F. Mota, F.J. Pérez-García & J.M. Martínez",NA,NA,NA,NA,NA,NA,NA,NA,NA,NA,NA,NA,NA,NA,NA,NA,NA,NA,NA,NA,NA,NA,NA,NA,NA,NA,NA,NA,NA,NA,NA,NA,NA,NA,NA,NA,NA,NA,NA,NA,NA,NA,NA,NA,NA,NA,NA,NA,NA,NA,NA,NA
"3713849628","Herniaria fruticosa L.",40.15,-3.14,"cdc,gass84,mdativ,osiic,incomis,inmafu","83504144-f762-11e1-a439-00145eb45e9a","c1564d80-1b9d-471c-b84d-8d5dd2efbf0a","2a3f6a56-7591-4f05-8c4c-a1bb77aa4ea6","6c4a0bb0-2a4d-11d8-aa2d-b8a03c50a862","ES","EML","2026-04-18T01:37:24.938+00:00","2026-04-24T07:24:29.791+00:00",344,"PRESERVED_SPECIMEN",1,"PRESENT",7769858,6,7707728,220,422,2518,3085796,7769858,7769858,"Herniaria fruticosa L.","Plantae","Tracheophyta","Caryophyllales","Caryophyllaceae","Herniaria","Herniaria fruticosa","Herniaria","fruticosa","SPECIES","ACCEPTED",707,570,0,"EUROPE","Madrid",2005,6,27,"2005-06-27",178,178,NA,"2026-04-24T07:24:29.791+00:00","http://creativecommons.org/licenses/by/4.0/legalcode",FALSE,"117EE8E2-FF2B-49A6-8DAE-0E0E35D5C04E","none","none",FALSE,NA,"Herbario de la Universidad de Almería",NA,"none","WGS84","Magnoliopsida","ES","none","none","EUROPE","Spain","EUROPE","117EE8E2-FF2B-49A6-8DAE-0E0E35D5C04E","8480-1",NA,NA,"JP","350","Fuentidueña de Tajo a Embalse de Estremera, Comarca de Vegas","3713849628","es","HUAL","117EE8E2-FF2B-49A6-8DAE-0E0E35D5C04E","PhysicalObject","Herniaria fruticosa L.","a8343e51-cda3-4e7a-9eb6-4431f432fde4",NA,"Pliego","HUAL","matorral ralo sobre sustrato  yesífero","27/06/2005",NA,NA,NA,"HUAL","J.F.Mota, F.J. Pérez-García & J.M. Martínez",NA,NA,NA,NA,NA,NA,NA,NA,NA,NA,NA,NA,NA,NA,NA,NA,NA,NA,NA,NA,NA,NA,NA,NA,NA,NA,NA,NA,NA,NA,NA,NA,NA,NA,NA,NA,NA,NA,NA,NA,NA,NA,NA,NA,NA,NA,NA,NA,NA,NA,NA,NA
"3713849766","Herniaria fruticosa L.",37.75,-2.59,"cdc,gass84,mdativ,osiic,incomis,inmafu","83504144-f762-11e1-a439-00145eb45e9a","c1564d80-1b9d-471c-b84d-8d5dd2efbf0a","2a3f6a56-7591-4f05-8c4c-a1bb77aa4ea6","6c4a0bb0-2a4d-11d8-aa2d-b8a03c50a862","ES","EML","2026-04-18T01:37:24.938+00:00","2026-04-24T07:24:12.125+00:00",344,"PRESERVED_SPECIMEN",1,"PRESENT",7769858,6,7707728,220,422,2518,3085796,7769858,7769858,"Herniaria fruticosa L.","Plantae","Tracheophyta","Caryophyllales","Caryophyllaceae","Herniaria","Herniaria fruticosa","Herniaria","fruticosa","SPECIES","ACCEPTED",707,895,0,"EUROPE","Granada",2005,6,9,"2005-06-09",160,160,NA,"2026-04-24T07:24:12.125+00:00","http://creativecommons.org/licenses/by/4.0/legalcode",FALSE,"03330931-07FF-4657-9FAE-A08EF0F4379B","none","none",FALSE,NA,"Herbario de la Universidad de Almería",NA,"none","WGS84","Magnoliopsida","ES","none","none","EUROPE","Spain","EUROPE","03330931-07FF-4657-9FAE-A08EF0F4379B","8481-1",NA,NA,"JP","350","Cebrian, Hoya de Baza","3713849766","es","HUAL","03330931-07FF-4657-9FAE-A08EF0F4379B","PhysicalObject","Herniaria fruticosa L.","a8343e51-cda3-4e7a-9eb6-4431f432fde4",NA,"Pliego","HUAL","matorral ralo sobre margas  yesíferas","09/06/2005","Polopos",NA,NA,"HUAL","C. Díaz de la Guardia",NA,NA,NA,NA,NA,NA,NA,NA,NA,NA,NA,NA,NA,NA,NA,NA,NA,NA,NA,NA,NA,NA,NA,NA,NA,NA,NA,NA,NA,NA,NA,NA,NA,NA,NA,NA,NA,NA,NA,NA,NA,NA,NA,NA,NA,NA,NA,NA,NA,NA,NA,NA
"3713853501","Herniaria fruticosa L.",40.14,-3.13,"cdc,gass84,mdativ,osiic,incomis,inmafu","83504144-f762-11e1-a439-00145eb45e9a","c1564d80-1b9d-471c-b84d-8d5dd2efbf0a","2a3f6a56-7591-4f05-8c4c-a1bb77aa4ea6","6c4a0bb0-2a4d-11d8-aa2d-b8a03c50a862","ES","EML","2026-04-18T01:37:24.938+00:00","2026-04-24T07:24:37.075+00:00",344,"PRESERVED_SPECIMEN",1,"PRESENT",7769858,6,7707728,220,422,2518,3085796,7769858,7769858,"Herniaria fruticosa L.","Plantae","Tracheophyta","Caryophyllales","Caryophyllaceae","Herniaria","Herniaria fruticosa","Herniaria","fruticosa","SPECIES","ACCEPTED",707,580,0,"EUROPE","Madrid",2005,6,27,"2005-06-27",178,178,NA,"2026-04-24T07:24:37.075+00:00","http://creativecommons.org/licenses/by/4.0/legalcode",FALSE,"80B03AC5-152E-4ADF-B58E-D6B5807871BE","none","none",FALSE,NA,"Herbario de la Universidad de Almería",NA,"none","WGS84","Magnoliopsida","ES","none","none","EUROPE","Spain","EUROPE","80B03AC5-152E-4ADF-B58E-D6B5807871BE","8477-1",NA,NA,"JP","350","Fuentidueña de Tajo a Embalse de Estremera","3713853501","es","HUAL","80B03AC5-152E-4ADF-B58E-D6B5807871BE","PhysicalObject","Herniaria fruticosa L.","a8343e51-cda3-4e7a-9eb6-4431f432fde4",NA,"Pliego","HUAL","matorral ralo sobre yesos","27/06/2005",NA,NA,NA,"HUAL","J. F. Mota, F.J. Pérez-García & J.M. Martínez",NA,NA,NA,NA,NA,NA,NA,NA,NA,NA,NA,NA,NA,NA,NA,NA,NA,NA,NA,NA,NA,NA,NA,NA,NA,NA,NA,NA,NA,NA,NA,NA,NA,NA,NA,NA,NA,NA,NA,NA,NA,NA,NA,NA,NA,NA,NA,NA,NA,NA,NA,NA
"3713862944","Herniaria fruticosa L.",37.75,-2.54,"cdc,gass84,mdativ,osiic,incomis,inmafu","83504144-f762-11e1-a439-00145eb45e9a","c1564d80-1b9d-471c-b84d-8d5dd2efbf0a","2a3f6a56-7591-4f05-8c4c-a1bb77aa4ea6","6c4a0bb0-2a4d-11d8-aa2d-b8a03c50a862","ES","EML","2026-04-18T01:37:24.938+00:00","2026-04-24T07:24:29.583+00:00",344,"PRESERVED_SPECIMEN",1,"PRESENT",7769858,6,7707728,220,422,2518,3085796,7769858,7769858,"Herniaria fruticosa L.","Plantae","Tracheophyta","Caryophyllales","Caryophyllaceae","Herniaria","Herniaria fruticosa","Herniaria","fruticosa","SPECIES","ACCEPTED",707,825,0,"EUROPE","Granada",2005,6,1,"2005-06-01",152,152,NA,"2026-04-24T07:24:29.583+00:00","http://creativecommons.org/licenses/by/4.0/legalcode",FALSE,"954D0AC4-45A4-4A99-BF28-51F8EEA43B5B","none","none",FALSE,NA,"Herbario de la Universidad de Almería",NA,"none","WGS84","Magnoliopsida","ES","none","none","EUROPE","Spain","EUROPE","954D0AC4-45A4-4A99-BF28-51F8EEA43B5B","8472-1",NA,NA,"JP","350","Hoya de Baza, Guardiola","3713862944","es","HUAL","954D0AC4-45A4-4A99-BF28-51F8EEA43B5B","PhysicalObject","Herniaria fruticosa L.","a8343e51-cda3-4e7a-9eb6-4431f432fde4",NA,"Pliego","HUAL","cuneta junto a un afloramiento de yesos sacaroideos","01/06/2005","Polopos",NA,NA,"HUAL","C. Díaz de la Guardia",NA,NA,NA,NA,NA,NA,NA,NA,NA,NA,NA,NA,NA,NA,NA,NA,NA,NA,NA,NA,NA,NA,NA,NA,NA,NA,NA,NA,NA,NA,NA,NA,NA,NA,NA,NA,NA,NA,NA,NA,NA,NA,NA,NA,NA,NA,NA,NA,NA,NA,NA,NA
"3713864194","Herniaria fruticosa L.",40.22,-3.3,"cdc,gass84,mdativ,osiic,incomis,inmafu","83504144-f762-11e1-a439-00145eb45e9a","c1564d80-1b9d-471c-b84d-8d5dd2efbf0a","2a3f6a56-7591-4f05-8c4c-a1bb77aa4ea6","6c4a0bb0-2a4d-11d8-aa2d-b8a03c50a862","ES","EML","2026-04-18T01:37:24.938+00:00","2026-04-24T07:24:42.762+00:00",344,"PRESERVED_SPECIMEN",1,"PRESENT",7769858,6,7707728,220,422,2518,3085796,7769858,7769858,"Herniaria fruticosa L.","Plantae","Tracheophyta","Caryophyllales","Caryophyllaceae","Herniaria","Herniaria fruticosa","Herniaria","fruticosa","SPECIES","ACCEPTED",707,620,0,"EUROPE","Madrid",2005,6,27,"2005-06-27",178,178,NA,"2026-04-24T07:24:42.762+00:00","http://creativecommons.org/licenses/by/4.0/legalcode",FALSE,"A9FFC3BA-9BC0-4ED8-B29C-E3A0547013A4","none","none",FALSE,NA,"Herbario de la Universidad de Almería",NA,"none","WGS84","Magnoliopsida","ES","none","none","EUROPE","Spain","EUROPE","A9FFC3BA-9BC0-4ED8-B29C-E3A0547013A4","8479-1",NA,NA,"JP","350","Comarca de Vegas, Peñas Gordas a Tilemes","3713864194","es","HUAL","A9FFC3BA-9BC0-4ED8-B29C-E3A0547013A4","PhysicalObject","Herniaria fruticosa L.","a8343e51-cda3-4e7a-9eb6-4431f432fde4",NA,"Pliego","HUAL","matorral ralo sobre sustrato  yesífero","27/06/2005",NA,NA,NA,"HUAL","J.F. Mota,  F.J. Pérez-García & J.M. Martínez",NA,NA,NA,NA,NA,NA,NA,NA,NA,NA,NA,NA,NA,NA,NA,NA,NA,NA,NA,NA,NA,NA,NA,NA,NA,NA,NA,NA,NA,NA,NA,NA,NA,NA,NA,NA,NA,NA,NA,NA,NA,NA,NA,NA,NA,NA,NA,NA,NA,NA,NA,NA
"3713867218","Herniaria fruticosa L.",37.72,-2.54,"cdc,gass84,mdativ,osiic,incomis,inmafu","83504144-f762-11e1-a439-00145eb45e9a","c1564d80-1b9d-471c-b84d-8d5dd2efbf0a","2a3f6a56-7591-4f05-8c4c-a1bb77aa4ea6","6c4a0bb0-2a4d-11d8-aa2d-b8a03c50a862","ES","EML","2026-04-18T01:37:24.938+00:00","2026-04-24T07:24:48.390+00:00",344,"PRESERVED_SPECIMEN",1,"PRESENT",7769858,6,7707728,220,422,2518,3085796,7769858,7769858,"Herniaria fruticosa L.","Plantae","Tracheophyta","Caryophyllales","Caryophyllaceae","Herniaria","Herniaria fruticosa","Herniaria","fruticosa","SPECIES","ACCEPTED",707,958,0,"EUROPE","Granada",2005,6,9,"2005-06-09",160,160,NA,"2026-04-24T07:24:48.390+00:00","http://creativecommons.org/licenses/by/4.0/legalcode",FALSE,"CE3869D5-EC7B-45E7-B4E7-41A747B04475","none","none",FALSE,NA,"Herbario de la Universidad de Almería",NA,"none","WGS84","Magnoliopsida","ES","none","none","EUROPE","Spain","EUROPE","CE3869D5-EC7B-45E7-B4E7-41A747B04475","8475-1",NA,NA,"JP","350","Hoya de Baza, Quitapellejos","3713867218","es","HUAL","CE3869D5-EC7B-45E7-B4E7-41A747B04475","PhysicalObject","Herniaria fruticosa L.","a8343e51-cda3-4e7a-9eb6-4431f432fde4",NA,"Pliego","HUAL","matorral ralo sobre sustrato yesífero con costra calcárea pliocuaternaria","09/06/2005","Polopos",NA,NA,"HUAL","C. Díaz de la Guardia",NA,NA,NA,NA,NA,NA,NA,NA,NA,NA,NA,NA,NA,NA,NA,NA,NA,NA,NA,NA,NA,NA,NA,NA,NA,NA,NA,NA,NA,NA,NA,NA,NA,NA,NA,NA,NA,NA,NA,NA,NA,NA,NA,NA,NA,NA,NA,NA,NA,NA,NA,NA
"4529387938","Herniaria fruticosa L.",41.757556,0.894949,"cdc,cdround,cdpi,inmano","a4b7c71e-fc73-434e-a008-d63c222179d0","7b4f2f30-a456-11d9-8049-b8a03c50a862","2a3f6a56-7591-4f05-8c4c-a1bb77aa4ea6","6c4a0bb0-2a4d-11d8-aa2d-b8a03c50a862","ES","EML","2026-04-17T15:02:28.711+00:00","2026-04-24T02:23:57.052+00:00",415,"PRESERVED_SPECIMEN",NA,"PRESENT",7769858,6,7707728,220,422,2518,3085796,7769858,7769858,"Herniaria fruticosa L.","Plantae","Tracheophyta","Caryophyllales","Caryophyllaceae","Herniaria","Herniaria fruticosa","Herniaria","fruticosa","SPECIES","ACCEPTED",NA,NA,NA,"EUROPE",NA,2005,6,23,"2005-06-23",174,174,"2024-01-08T00:00:00.000+00:00","2026-04-24T02:23:57.052+00:00","http://creativecommons.org/licenses/by-nc/4.0/legalcode",FALSE,"BDBC-C.2211.0.37040.11605","none","none",FALSE,"doi:10.15470/fzwiiu","FloraCAT: Banco de datos de los cormófitos de Cataluña","M. Casanoves, BC-863904, (GENMEDOC) 3 GENMEDOC","none","WGS84","Magnoliopsida","ES","none","none","EUROPE","Spain","EUROPE","BDBC-C.2211.0.37040.11605","BC-863904",NA,NA,"BDBC","421","La Sentiu, Carretera Balaguer-Tremp. CamÃ­ W-E uns 100 m abans de la sortida de la Sentiu [Carretera Balaguer-Tremp. CamÃ­ W-E uns 100 m abans de la sortida de la Sentiu. La Sentiu. WP46 [Datum European 1976]]","4529387938","es","BDBC-Floracat","BDBC-C.2211.0.37040.11605","Dataset","Herniaria fruticosa L.",NA,NA,NA,NA,NA,NA,NA,NA,NA,"BDBC","M. Casanoves",NA,NA,NA,NA,NA,NA,NA,NA,NA,NA,NA,NA,"original","Generalitat de Catalunya","Catalonia","UTM","{""percentNN"":0.9779,""countNN"":354,""distanceNN"":0.09}","C001530","Herniaria fruticosa L.","C001530","Institut BotÃ nic de Barcelona. (2018). Plecs Herbari BC. Institut BotÃ nic de Barcelona",NA,NA,NA,NA,NA,NA,NA,NA,NA,NA,NA,NA,NA,NA,"251",NA,NA,NA,NA,NA,NA,NA,NA,NA,NA,NA,NA,NA,NA,NA,NA
"4530853034","Herniaria fruticosa L.",41.757556,0.894949,"cdc,cdround,cdpi,inmano","a4b7c71e-fc73-434e-a008-d63c222179d0","7b4f2f30-a456-11d9-8049-b8a03c50a862","2a3f6a56-7591-4f05-8c4c-a1bb77aa4ea6","6c4a0bb0-2a4d-11d8-aa2d-b8a03c50a862","ES","EML","2026-04-17T15:02:28.711+00:00","2026-04-24T02:24:26.019+00:00",415,"PRESERVED_SPECIMEN",NA,"PRESENT",7769858,6,7707728,220,422,2518,3085796,7769858,7769858,"Herniaria fruticosa L.","Plantae","Tracheophyta","Caryophyllales","Caryophyllaceae","Herniaria","Herniaria fruticosa","Herniaria","fruticosa","SPECIES","ACCEPTED",NA,NA,NA,"EUROPE",NA,2005,6,14,"2005-06-14",165,165,"2024-01-08T00:00:00.000+00:00","2026-04-24T02:24:26.019+00:00","http://creativecommons.org/licenses/by-nc/4.0/legalcode",FALSE,"BDBC-C.2211.0.36580.11478","none","none",FALSE,"doi:10.15470/fzwiiu","FloraCAT: Banco de datos de los cormófitos de Cataluña","M. Casanoves, BC-863922, (GENMEDOC) 3 GENMEDOC","none","WGS84","Magnoliopsida","ES","none","none","EUROPE","Spain","EUROPE","BDBC-C.2211.0.36580.11478","BC-863922",NA,NA,"BDBC","421","La Sentiu, Carretera Balaguer-Tremp. CamÃ­ W-E uns 100 m abans de la sortida de la Sentiu [Carretera Balaguer-Tremp. CamÃ­ W-E uns 100 m abans de la sortida de la Sentiu. La Sentiu. WP46 [Datum European 1976]]","4530853034","es","BDBC-Floracat","BDBC-C.2211.0.36580.11478","Dataset","Herniaria fruticosa L.",NA,NA,NA,NA,NA,NA,NA,NA,NA,"BDBC","M. Casanoves",NA,NA,NA,NA,NA,NA,NA,NA,NA,NA,NA,NA,"original","Generalitat de Catalunya","Catalonia","UTM","{""percentNN"":0.9779,""countNN"":354,""distanceNN"":0.09}","C001530","Herniaria fruticosa L.","C001530","Institut BotÃ nic de Barcelona. (2018). Plecs Herbari BC. Institut BotÃ nic de Barcelona",NA,NA,NA,NA,NA,NA,NA,NA,NA,NA,NA,NA,NA,NA,"251",NA,NA,NA,NA,NA,NA,NA,NA,NA,NA,NA,NA,NA,NA,NA,NA
"3713846107","Herniaria fruticosa L.",41.55,-0.54,"cdc,gass84,mdativ,osiic,incomis,inmafu","83504144-f762-11e1-a439-00145eb45e9a","c1564d80-1b9d-471c-b84d-8d5dd2efbf0a","2a3f6a56-7591-4f05-8c4c-a1bb77aa4ea6","6c4a0bb0-2a4d-11d8-aa2d-b8a03c50a862","ES","EML","2026-04-18T01:37:24.938+00:00","2026-04-24T07:24:42.322+00:00",344,"PRESERVED_SPECIMEN",1,"PRESENT",7769858,6,7707728,220,422,2518,3085796,7769858,7769858,"Herniaria fruticosa L.","Plantae","Tracheophyta","Caryophyllales","Caryophyllaceae","Herniaria","Herniaria fruticosa","Herniaria","fruticosa","SPECIES","ACCEPTED",707,220,0,"EUROPE","Zaragoza",2005,7,5,"2005-07-05",186,186,NA,"2026-04-24T07:24:42.322+00:00","http://creativecommons.org/licenses/by/4.0/legalcode",FALSE,"1E427F4E-3433-477A-B011-064C09AC0DE7","none","none",FALSE,NA,"Herbario de la Universidad de Almería",NA,"none","WGS84","Magnoliopsida","ES","none","none","EUROPE","Spain","EUROPE","1E427F4E-3433-477A-B011-064C09AC0DE7","8485-1",NA,NA,"JP","350","Valle del Ebro, Saso de Osera","3713846107","es","HUAL","1E427F4E-3433-477A-B011-064C09AC0DE7","PhysicalObject","Herniaria fruticosa L.","a8343e51-cda3-4e7a-9eb6-4431f432fde4",NA,"Pliego","HUAL","matorral ralo sobre margas haloyesosas nitrificadas","05/07/2005",NA,NA,NA,"HUAL","J.F. Mota, F.J. Pérez-García & P.Catalán",NA,NA,NA,NA,NA,NA,NA,NA,NA,NA,NA,NA,NA,NA,NA,NA,NA,NA,NA,NA,NA,NA,NA,NA,NA,NA,NA,NA,NA,NA,NA,NA,NA,NA,NA,NA,NA,NA,NA,NA,NA,NA,NA,NA,NA,NA,NA,NA,NA,NA,NA,NA
"3713846456","Herniaria fruticosa L.",41.99,0.32,"cdc,gass84,mdativ,osiic,incomis,inmafu","83504144-f762-11e1-a439-00145eb45e9a","c1564d80-1b9d-471c-b84d-8d5dd2efbf0a","2a3f6a56-7591-4f05-8c4c-a1bb77aa4ea6","6c4a0bb0-2a4d-11d8-aa2d-b8a03c50a862","ES","EML","2026-04-18T01:37:24.938+00:00","2026-04-24T07:24:48.621+00:00",344,"PRESERVED_SPECIMEN",1,"PRESENT",7769858,6,7707728,220,422,2518,3085796,7769858,7769858,"Herniaria fruticosa L.","Plantae","Tracheophyta","Caryophyllales","Caryophyllaceae","Herniaria","Herniaria fruticosa","Herniaria","fruticosa","SPECIES","ACCEPTED",707,500,0,"EUROPE","Huesca",2005,7,7,"2005-07-07",188,188,NA,"2026-04-24T07:24:48.621+00:00","http://creativecommons.org/licenses/by/4.0/legalcode",FALSE,"642B17F1-32C8-4DB4-8184-0342FEBE41F5","none","none",FALSE,NA,"Herbario de la Universidad de Almería",NA,"none","WGS84","Magnoliopsida","ES","none","none","EUROPE","Spain","EUROPE","642B17F1-32C8-4DB4-8184-0342FEBE41F5","8487-1",NA,NA,"JP","350","Azanuy a Alins del Monte, La Litera","3713846456","es","HUAL","642B17F1-32C8-4DB4-8184-0342FEBE41F5","PhysicalObject","Herniaria fruticosa L.","a8343e51-cda3-4e7a-9eb6-4431f432fde4",NA,"Pliego","HUAL","matorral ralo en un vertedero sellado situado en la plaza de una antigua cantera de yeso","07/07/2005",NA,NA,NA,"HUAL","J.F. Mota. F.J. Pérez-García & P.Catalán",NA,NA,NA,NA,NA,NA,NA,NA,NA,NA,NA,NA,NA,NA,NA,NA,NA,NA,NA,NA,NA,NA,NA,NA,NA,NA,NA,NA,NA,NA,NA,NA,NA,NA,NA,NA,NA,NA,NA,NA,NA,NA,NA,NA,NA,NA,NA,NA,NA,NA,NA,NA
"3713855275","Herniaria fruticosa L.",41.61,-0.48,"cdc,gass84,mdativ,osiic,incomis,inmafu","83504144-f762-11e1-a439-00145eb45e9a","c1564d80-1b9d-471c-b84d-8d5dd2efbf0a","2a3f6a56-7591-4f05-8c4c-a1bb77aa4ea6","6c4a0bb0-2a4d-11d8-aa2d-b8a03c50a862","ES","EML","2026-04-18T01:37:24.938+00:00","2026-04-24T07:24:27.191+00:00",344,"PRESERVED_SPECIMEN",1,"PRESENT",7769858,6,7707728,220,422,2518,3085796,7769858,7769858,"Herniaria fruticosa L.","Plantae","Tracheophyta","Caryophyllales","Caryophyllaceae","Herniaria","Herniaria fruticosa","Herniaria","fruticosa","SPECIES","ACCEPTED",707,318,0,"EUROPE","Zaragoza",2005,7,6,"2005-07-06",187,187,NA,"2026-04-24T07:24:27.191+00:00","http://creativecommons.org/licenses/by/4.0/legalcode",FALSE,"D82D788D-1F90-40D3-AAC5-355EFBA7B2F1","none","none",FALSE,NA,"Herbario de la Universidad de Almería",NA,"none","WGS84","Magnoliopsida","ES","none","none","EUROPE","Spain","EUROPE","D82D788D-1F90-40D3-AAC5-355EFBA7B2F1","8473-1",NA,NA,"JP","350","Valle del Ebro, Ebro a Sª de Alcubierre","3713855275","es","HUAL","D82D788D-1F90-40D3-AAC5-355EFBA7B2F1","PhysicalObject","Herniaria fruticosa L.","a8343e51-cda3-4e7a-9eb6-4431f432fde4",NA,"Pliego","HUAL","matorral ralo sobre sustrato yesífero","06/07/2005",NA,NA,NA,"HUAL","J.F. Mota, F.J. Pérez-García & P. Catalán",NA,NA,NA,NA,NA,NA,NA,NA,NA,NA,NA,NA,NA,NA,NA,NA,NA,NA,NA,NA,NA,NA,NA,NA,NA,NA,NA,NA,NA,NA,NA,NA,NA,NA,NA,NA,NA,NA,NA,NA,NA,NA,NA,NA,NA,NA,NA,NA,NA,NA,NA,NA
"3713856438","Herniaria fruticosa L.",41.54,-0.56,"cdc,gass84,mdativ,osiic,incomis,inmafu","83504144-f762-11e1-a439-00145eb45e9a","c1564d80-1b9d-471c-b84d-8d5dd2efbf0a","2a3f6a56-7591-4f05-8c4c-a1bb77aa4ea6","6c4a0bb0-2a4d-11d8-aa2d-b8a03c50a862","ES","EML","2026-04-18T01:37:24.938+00:00","2026-04-24T07:24:35.920+00:00",344,"PRESERVED_SPECIMEN",1,"PRESENT",7769858,6,7707728,220,422,2518,3085796,7769858,7769858,"Herniaria fruticosa L.","Plantae","Tracheophyta","Caryophyllales","Caryophyllaceae","Herniaria","Herniaria fruticosa","Herniaria","fruticosa","SPECIES","ACCEPTED",707,225,0,"EUROPE","Zaragoza",2005,7,6,"2005-07-06",187,187,NA,"2026-04-24T07:24:35.920+00:00","http://creativecommons.org/licenses/by/4.0/legalcode",FALSE,"DAAD4182-EBA4-4BC9-9D34-6B3CB548CDBA","none","none",FALSE,NA,"Herbario de la Universidad de Almería",NA,"none","WGS84","Magnoliopsida","ES","none","none","EUROPE","Spain","EUROPE","DAAD4182-EBA4-4BC9-9D34-6B3CB548CDBA","8493-1",NA,NA,"JP","350","Valle del Ebro, Saso de Osera","3713856438","es","HUAL","DAAD4182-EBA4-4BC9-9D34-6B3CB548CDBA","PhysicalObject","Herniaria fruticosa L.","a8343e51-cda3-4e7a-9eb6-4431f432fde4",NA,"Pliego","HUAL","matorral ralo sobre margas haloyesosas","06/07/2005",NA,NA,NA,"HUAL","J. F. Mota, F.J. Pérez-García & P. Catalán",NA,NA,NA,NA,NA,NA,NA,NA,NA,NA,NA,NA,NA,NA,NA,NA,NA,NA,NA,NA,NA,NA,NA,NA,NA,NA,NA,NA,NA,NA,NA,NA,NA,NA,NA,NA,NA,NA,NA,NA,NA,NA,NA,NA,NA,NA,NA,NA,NA,NA,NA,NA
"3713857751","Herniaria fruticosa L.",41.62,-0.44,"cdc,gass84,mdativ,osiic,incomis,inmafu","83504144-f762-11e1-a439-00145eb45e9a","c1564d80-1b9d-471c-b84d-8d5dd2efbf0a","2a3f6a56-7591-4f05-8c4c-a1bb77aa4ea6","6c4a0bb0-2a4d-11d8-aa2d-b8a03c50a862","ES","EML","2026-04-18T01:37:24.938+00:00","2026-04-24T07:24:11.894+00:00",344,"PRESERVED_SPECIMEN",1,"PRESENT",7769858,6,7707728,220,422,2518,3085796,7769858,7769858,"Herniaria fruticosa L.","Plantae","Tracheophyta","Caryophyllales","Caryophyllaceae","Herniaria","Herniaria fruticosa","Herniaria","fruticosa","SPECIES","ACCEPTED",707,400,0,"EUROPE","Zaragoza",2005,7,6,"2005-07-06",187,187,NA,"2026-04-24T07:24:11.894+00:00","http://creativecommons.org/licenses/by/4.0/legalcode",FALSE,"570921A5-9E44-4A2C-90F9-D9E79B198C5F","none","none",FALSE,NA,"Herbario de la Universidad de Almería",NA,"none","WGS84","Magnoliopsida","ES","none","none","EUROPE","Spain","EUROPE","570921A5-9E44-4A2C-90F9-D9E79B198C5F","8494-1",NA,NA,"JP","350","Valle del Ebro, Río Ebro a Sª de Alcubierre, próx. Monegrillo","3713857751","es","HUAL","570921A5-9E44-4A2C-90F9-D9E79B198C5F","PhysicalObject","Herniaria fruticosa L.","a8343e51-cda3-4e7a-9eb6-4431f432fde4",NA,"Pliego","HUAL","matorral ralo sobre un crestón de margas con yeso sacaroideo","06/07/2005",NA,NA,NA,"HUAL","J. F. Mota, F.J. Pérez-García & P. Catalán",NA,NA,NA,NA,NA,NA,NA,NA,NA,NA,NA,NA,NA,NA,NA,NA,NA,NA,NA,NA,NA,NA,NA,NA,NA,NA,NA,NA,NA,NA,NA,NA,NA,NA,NA,NA,NA,NA,NA,NA,NA,NA,NA,NA,NA,NA,NA,NA,NA,NA,NA,NA
"3713859515","Herniaria fruticosa L.",42.04,0.01,"cdc,gass84,mdativ,osiic,incomis,inmafu","83504144-f762-11e1-a439-00145eb45e9a","c1564d80-1b9d-471c-b84d-8d5dd2efbf0a","2a3f6a56-7591-4f05-8c4c-a1bb77aa4ea6","6c4a0bb0-2a4d-11d8-aa2d-b8a03c50a862","ES","EML","2026-04-18T01:37:24.938+00:00","2026-04-24T07:24:36.157+00:00",344,"PRESERVED_SPECIMEN",1,"PRESENT",7769858,6,7707728,220,422,2518,3085796,7769858,7769858,"Herniaria fruticosa L.","Plantae","Tracheophyta","Caryophyllales","Caryophyllaceae","Herniaria","Herniaria fruticosa","Herniaria","fruticosa","SPECIES","ACCEPTED",707,480,0,"EUROPE","Huesca",2005,7,7,"2005-07-07",188,188,NA,"2026-04-24T07:24:36.157+00:00","http://creativecommons.org/licenses/by/4.0/legalcode",FALSE,"615B6DD9-73C0-4737-A641-CB28F828F213","none","none",FALSE,NA,"Herbario de la Universidad de Almería",NA,"none","WGS84","Magnoliopsida","ES","none","none","EUROPE","Spain","EUROPE","615B6DD9-73C0-4737-A641-CB28F828F213","8491-1",NA,NA,"JP","350","Somontano, próx. Santuario del Pueyo","3713859515","es","HUAL","615B6DD9-73C0-4737-A641-CB28F828F213","PhysicalObject","Herniaria fruticosa L.","a8343e51-cda3-4e7a-9eb6-4431f432fde4",NA,"Pliego","HUAL","matorral denso sobre margas yesíferas","07/07/2005",NA,NA,NA,"HUAL","J. F. Mota, F.J. Pérez-García & P. Catalán",NA,NA,NA,NA,NA,NA,NA,NA,NA,NA,NA,NA,NA,NA,NA,NA,NA,NA,NA,NA,NA,NA,NA,NA,NA,NA,NA,NA,NA,NA,NA,NA,NA,NA,NA,NA,NA,NA,NA,NA,NA,NA,NA,NA,NA,NA,NA,NA,NA,NA,NA,NA
"3713866956","Herniaria fruticosa L.",41.88,0.41,"cdc,gass84,mdativ,osiic,incomis,inmafu","83504144-f762-11e1-a439-00145eb45e9a","c1564d80-1b9d-471c-b84d-8d5dd2efbf0a","2a3f6a56-7591-4f05-8c4c-a1bb77aa4ea6","6c4a0bb0-2a4d-11d8-aa2d-b8a03c50a862","ES","EML","2026-04-18T01:37:24.938+00:00","2026-04-24T07:24:37.826+00:00",344,"PRESERVED_SPECIMEN",1,"PRESENT",7769858,6,7707728,220,422,2518,3085796,7769858,7769858,"Herniaria fruticosa L.","Plantae","Tracheophyta","Caryophyllales","Caryophyllaceae","Herniaria","Herniaria fruticosa","Herniaria","fruticosa","SPECIES","ACCEPTED",707,400,0,"EUROPE","Huesca",2005,7,7,"2005-07-07",188,188,NA,"2026-04-24T07:24:37.826+00:00","http://creativecommons.org/licenses/by/4.0/legalcode",FALSE,"3BFA106A-AAC8-4246-9E32-0F8A38E7CFEB","none","none",FALSE,NA,"Herbario de la Universidad de Almería",NA,"none","WGS84","Magnoliopsida","ES","none","none","EUROPE","Spain","EUROPE","3BFA106A-AAC8-4246-9E32-0F8A38E7CFEB","8486-1",NA,NA,"JP","350","Tamarite de Litera a Alcampel, La Litera","3713866956","es","HUAL","3BFA106A-AAC8-4246-9E32-0F8A38E7CFEB","PhysicalObject","Herniaria fruticosa L.","a8343e51-cda3-4e7a-9eb6-4431f432fde4",NA,"Pliego","HUAL","matorral sobre yeso sacaroideo","07/07/2005",NA,NA,NA,"HUAL","J.F.Mota, F.J. Pérez-García & P.Catalán",NA,NA,NA,NA,NA,NA,NA,NA,NA,NA,NA,NA,NA,NA,NA,NA,NA,NA,NA,NA,NA,NA,NA,NA,NA,NA,NA,NA,NA,NA,NA,NA,NA,NA,NA,NA,NA,NA,NA,NA,NA,NA,NA,NA,NA,NA,NA,NA,NA,NA,NA,NA
"211646891","Herniaria fruticosa L.",38.157,-1.351,"cdc,gass84,cdpi,colmano,inmafu","96b9eec4-f762-11e1-a439-00145eb45e9a","eba6daa8-0281-479e-aa2d-d78a2614db93","2a3f6a56-7591-4f05-8c4c-a1bb77aa4ea6","6c4a0bb0-2a4d-11d8-aa2d-b8a03c50a862","ES","EML","2026-04-17T22:02:24.702+00:00","2026-04-24T08:46:53.705+00:00",360,"PRESERVED_SPECIMEN",NA,"PRESENT",7769858,6,7707728,220,422,2518,3085796,7769858,7769858,"Herniaria fruticosa L.","Plantae","Tracheophyta","Caryophyllales","Caryophyllaceae","Herniaria","Herniaria fruticosa","Herniaria","fruticosa","SPECIES","ACCEPTED",NA,1,0,"EUROPE","Mu",2004,5,14,"2004-05-14",135,135,NA,"2026-04-24T08:46:53.705+00:00","http://creativecommons.org/licenses/by-nc/4.0/legalcode",FALSE,"211646891","none","none",FALSE,NA,NA,"J. B. Vera","none","WGS84","Magnoliopsida","ES","none","none","EUROPE","Spain","EUROPE",NA,"104536-1",NA,NA,"MUB","366","Ojos; El Solvente","211646891",NA,"SURESTE","211646891",NA,"Herniaria fruticosa L.","0d3bc86d-03b3-4475-b018-67c8c79d97cd",NA,NA,"MUB",NA,NA,NA,NA,NA,NA,"P. Sánchez-Gómez",NA,NA,NA,NA,NA,NA,NA,NA,NA,NA,NA,NA,NA,NA,NA,NA,NA,NA,NA,NA,NA,NA,0,0,NA,NA,NA,NA,NA,NA,NA,NA,NA,NA,NA,NA,NA,NA,NA,NA,NA,NA,NA,NA,NA,NA,NA,NA,NA,NA,NA,NA
"318113798","Herniaria fruticosa L.",40.8,-0.2,"cdc,gass84,osiic,colmafu,inmafu","835852b2-f762-11e1-a439-00145eb45e9a","30b36805-4849-4abb-a39c-01b3a7fa3f2e","2a3f6a56-7591-4f05-8c4c-a1bb77aa4ea6","6c4a0bb0-2a4d-11d8-aa2d-b8a03c50a862","ES","EML","2026-04-18T01:37:27.890+00:00","2026-04-24T04:49:44.035+00:00",354,"PRESERVED_SPECIMEN",1,"PRESENT",7769858,6,7707728,220,422,2518,3085796,7769858,7769858,"Herniaria fruticosa L.","Plantae","Tracheophyta","Caryophyllales","Caryophyllaceae","Herniaria","Herniaria fruticosa","Herniaria","fruticosa","SPECIES","ACCEPTED",707,700,0,"EUROPE","Teruel",2004,6,1,"2004-06-01",153,153,"2016-09-02T13:01:23.000+00:00","2026-04-24T04:49:44.035+00:00","http://creativecommons.org/licenses/by/4.0/legalcode",FALSE,"BE30BA66-6CCA-4184-B73A-0C548D6DD26A","none","none",FALSE,NA,NA,"M.A.Alonso, A.Juan & B.Coca","none","WGS84","Magnoliopsida","ES","none","none","EUROPE","Spain","EUROPE","BE30BA66-6CCA-4184-B73A-0C548D6DD26A","55215-1",NA,NA,"ABH","360","Aguaviva","318113798",NA,"ABH","BE30BA66-6CCA-4184-B73A-0C548D6DD26A",NA,"Herniaria fruticosa L.","8aa53465-012a-4394-bc5a-5f99beee1ce7","189e886d-b24c-4f29-8ee3-3827e567e7df",NA,"ABH",NA,"01062004",NA,NA,NA,NA,"J.Marmaneu",NA,NA,NA,NA,NA,NA,NA,NA,NA,NA,NA,NA,NA,NA,NA,NA,NA,NA,NA,NA,NA,"yesos",NA,NA,NA,NA,NA,NA,NA,NA,NA,NA,NA,NA,NA,NA,NA,NA,NA,NA,NA,NA,NA,NA,NA,NA,NA,NA,NA,NA,NA,NA
"2521424236","Herniaria fruticosa L.",41.807,0.887,"gass84,inmano","838475f4-f762-11e1-a439-00145eb45e9a","6f3ccc65-0a54-4e65-ae7e-13b92d618e7c","2a3f6a56-7591-4f05-8c4c-a1bb77aa4ea6","6c4a0bb0-2a4d-11d8-aa2d-b8a03c50a862","ES","EML","2026-05-14T18:31:27.870+00:00","2026-05-19T13:30:18.549+00:00",396,"PRESERVED_SPECIMEN",NA,"PRESENT",7769858,6,7707728,220,422,2518,3085796,7769858,7769858,"Herniaria fruticosa L.","Plantae","Tracheophyta","Caryophyllales","Caryophyllaceae","Herniaria","Herniaria fruticosa","Herniaria","fruticosa","SPECIES","ACCEPTED",707.11,NA,NA,"EUROPE","Lleida",2004,7,21,"2004-07-21",203,203,"2017-10-19T00:00:00.000+00:00","2026-05-19T13:30:18.549+00:00","http://creativecommons.org/licenses/by-nc/4.0/legalcode",FALSE,"98b9886b-5325-4c9e-9af0-e3315a2b9026","none","none",FALSE,NA,"Institut Botànic de Barcelona (CSIC-CMCNB) – BC","S. Pyke & al.","none","WGS84","Magnoliopsida","ES","none","none","EUROPE","Spain","EUROPE","98b9886b-5325-4c9e-9af0-e3315a2b9026","BC-863768","6f3ccc65-0a54-4e65-ae7e-13b92d618e7c",NA,"BC","410","la Sentiu de Sió; La Sentiu","2521424236",NA,"BC","98b9886b-5325-4c9e-9af0-e3315a2b9026",NA,"Herniaria fruticosa L.",NA,NA,"Herbarium specimen","BC",NA,"21/07/2004",NA,NA,NA,NA,NA,NA,NA,NA,NA,NA,NA,NA,NA,NA,NA,NA,NA,NA,NA,NA,NA,NA,NA,NA,NA,NA,NA,NA,NA,NA,NA,NA,NA,NA,NA,NA,NA,NA,"GENMEDOC","Last label",NA,NA,NA,NA,NA,NA,NA,NA,NA,NA,NA,NA,NA,NA,NA,NA,NA
"4530862401","Herniaria fruticosa L.",41.847565,0.892,"cdc,cdround,cdpi,inmano","a4b7c71e-fc73-434e-a008-d63c222179d0","7b4f2f30-a456-11d9-8049-b8a03c50a862","2a3f6a56-7591-4f05-8c4c-a1bb77aa4ea6","6c4a0bb0-2a4d-11d8-aa2d-b8a03c50a862","ES","EML","2026-04-17T15:02:28.711+00:00","2026-04-24T02:24:14.367+00:00",415,"PRESERVED_SPECIMEN",NA,"PRESENT",7769858,6,7707728,220,422,2518,3085796,7769858,7769858,"Herniaria fruticosa L.","Plantae","Tracheophyta","Caryophyllales","Caryophyllaceae","Herniaria","Herniaria fruticosa","Herniaria","fruticosa","SPECIES","ACCEPTED",NA,NA,NA,"EUROPE",NA,2004,7,21,"2004-07-21",203,203,"2024-01-08T00:00:00.000+00:00","2026-04-24T02:24:14.367+00:00","http://creativecommons.org/licenses/by-nc/4.0/legalcode",FALSE,"BDBC-C.2211.0.36939.11579","none","none",FALSE,"doi:10.15470/fzwiiu","FloraCAT: Banco de datos de los cormófitos de Cataluña","S. Pyke & al., BC-863768, (GENMEDOC) 3 GENMEDOC","none","WGS84","Magnoliopsida","ES","none","none","EUROPE","Spain","EUROPE","BDBC-C.2211.0.36939.11579","BC-863768",NA,NA,"BDBC","421","La Sentiu [Hs [L] La Sentiu]","4530862401","es","BDBC-Floracat","BDBC-C.2211.0.36939.11579","Dataset","Herniaria fruticosa L.",NA,NA,NA,NA,NA,NA,NA,NA,NA,"BDBC","S. Pyke & al.",NA,NA,NA,NA,NA,NA,NA,NA,NA,NA,NA,NA,"original","Generalitat de Catalunya","Catalonia","UTM","{""percentNN"":0.9779,""countNN"":354,""distanceNN"":0.09}","C001530","Herniaria fruticosa L.","C001530","Institut BotÃ nic de Barcelona. (2018). Plecs Herbari BC. Institut BotÃ nic de Barcelona",NA,NA,NA,NA,NA,NA,NA,NA,NA,NA,NA,NA,NA,NA,NA,NA,NA,NA,NA,NA,NA,NA,NA,NA,NA,NA,NA,NA,NA,NA,NA
"211646528","Herniaria fruticosa L.",38.465,-1.504,"cdc,gass84,cdpi,colmano,inmafu","96b9eec4-f762-11e1-a439-00145eb45e9a","eba6daa8-0281-479e-aa2d-d78a2614db93","2a3f6a56-7591-4f05-8c4c-a1bb77aa4ea6","6c4a0bb0-2a4d-11d8-aa2d-b8a03c50a862","ES","EML","2026-04-17T22:02:24.702+00:00","2026-04-24T08:46:54.705+00:00",360,"PRESERVED_SPECIMEN",NA,"PRESENT",7769858,6,7707728,220,422,2518,3085796,7769858,7769858,"Herniaria fruticosa L.","Plantae","Tracheophyta","Caryophyllales","Caryophyllaceae","Herniaria","Herniaria fruticosa","Herniaria","fruticosa","SPECIES","ACCEPTED",NA,1,0,"EUROPE","Ab",2003,4,11,"2003-04-11",101,101,NA,"2026-04-24T08:46:54.705+00:00","http://creativecommons.org/licenses/by-nc/4.0/legalcode",FALSE,"211646528","none","none",FALSE,NA,NA,"J. F. Jiménez","none","WGS84","Magnoliopsida","ES","none","none","EUROPE","Spain","EUROPE",NA,"100809-1",NA,NA,"MUB","366","Hellin; Cerro de las Minas","211646528",NA,"SURESTE","211646528",NA,"Herniaria fruticosa L.","0d3bc86d-03b3-4475-b018-67c8c79d97cd",NA,NA,"MUB",NA,NA,NA,NA,NA,NA,"J. F. Jiménez",NA,NA,NA,NA,NA,NA,NA,NA,NA,NA,NA,NA,NA,NA,NA,NA,NA,NA,NA,NA,NA,NA,0,0,NA,NA,NA,NA,NA,NA,NA,NA,NA,NA,NA,NA,NA,NA,NA,NA,NA,NA,NA,NA,NA,NA,NA,NA,NA,NA,NA,NA
"895205195","Herniaria fruticosa L.",38.65,-0.92,"cdc,gass84,colmafu,inmafu","834a4794-f762-11e1-a439-00145eb45e9a","8209258a-80e8-4094-aba2-a3febe5ed45b","2a3f6a56-7591-4f05-8c4c-a1bb77aa4ea6","6c4a0bb0-2a4d-11d8-aa2d-b8a03c50a862","ES","EML","2026-04-18T01:37:24.691+00:00","2026-04-24T10:27:29.900+00:00",375,"PRESERVED_SPECIMEN",NA,"PRESENT",7769858,6,7707728,220,422,2518,3085796,7769858,7769858,"Herniaria fruticosa L.","Plantae","Tracheophyta","Caryophyllales","Caryophyllaceae","Herniaria","Herniaria fruticosa","Herniaria","fruticosa","SPECIES","ACCEPTED",707,500,0,"EUROPE","Alacant",2003,5,30,"2003-05-30",150,150,"2025-11-03T14:20:45.000+00:00","2026-04-24T10:27:29.900+00:00","http://creativecommons.org/licenses/by-nc/4.0/legalcode",FALSE,"871F60E1-DA68-430D-BACF-8549B32EC97B","none","none",TRUE,NA,"Colección de plantas vasculares del herbario de la Universitat de València (VAL)","J. Riera","none","WGS84","Magnoliopsida","ES","none","none","EUROPE","Spain","EUROPE","871F60E1-DA68-430D-BACF-8549B32EC97B","189586-1","https://www.gbif.org/publisher/8209258a-80e8-4094-aba2-a3febe5ed45b",NA,"VAL","391","Villena (L´Alt Vinalopó), Los Cabezos","895205195","es","VAL","871F60E1-DA68-430D-BACF-8549B32EC97B","PhysicalObject","Herniaria fruticosa L.","c645b060-c130-45ee-97ab-b9fc94393523","6ceb64b5-0201-4a27-bcdb-8d62035e35d5","Pliego","VAL","matorrales y tomillares sobre yesos triásicos","30052003","Villena (Alt Vinalopó)","in collection",NA,NA,NA,NA,"JRV-4573",NA,NA,NA,NA,NA,NA,NA,NA,NA,NA,NA,NA,NA,NA,NA,NA,NA,NA,NA,NA,NA,NA,NA,NA,NA,NA,NA,NA,NA,NA,NA,NA,NA,NA,NA,NA,NA,NA,NA,NA,NA,NA,NA,NA,NA,NA,NA,NA,NA,NA
"3033675600","Herniaria fruticosa L.",38.65,-0.92,"cdc,gass84,mdativ,colmano,inmafu","834f1756-f762-11e1-a439-00145eb45e9a","cb202839-87c6-456a-821c-dc5b268a200f","2a3f6a56-7591-4f05-8c4c-a1bb77aa4ea6","6c4a0bb0-2a4d-11d8-aa2d-b8a03c50a862","ES","EML","2026-04-18T01:36:55.261+00:00","2026-04-23T23:49:10.441+00:00",326,"PRESERVED_SPECIMEN",NA,"PRESENT",7769858,6,7707728,220,422,2518,3085796,7769858,7769858,"Herniaria fruticosa L.","Plantae","Tracheophyta","Caryophyllales","Caryophyllaceae","Herniaria","Herniaria fruticosa","Herniaria","fruticosa","SPECIES","ACCEPTED",707,500,0,"EUROPE","Alacant",2003,5,30,"2003-05-30",150,150,NA,"2026-04-23T23:49:10.441+00:00","http://creativecommons.org/licenses/by-nc/4.0/legalcode",FALSE,"BCN 6274","none","none",TRUE,NA,"Col·lecció de Cormòfits de l'herbari BCN","Vicens Fandos, Josep","none","WGS84","Magnoliopsida","ES","none","none","EUROPE","Spain","EUROPE","BCN 6274","6274",NA,NA,"BCN","350","Villena (Alt Vinalopó), Los Cabezos","3033675600",NA,"Corm","BCN 6274",NA,"Herniaria fruticosa L.","5db0342e-533f-461c-a97e-0ec9dc79a95c",NA,NA,"BCN-Cormophyta","Tomillares y matorrales sobre yesos triásicos del Keuper",NA,NA,NA,NA,NA,NA,NA,NA,NA,NA,NA,NA,NA,NA,NA,NA,NA,NA,NA,"CRAI CeDocBiV - Universitat de Barcelona",NA,NA,NA,NA,NA,NA,NA,NA,NA,NA,"UB",NA,"Herniaria fruticosa L.","6219",NA,NA,NA,NA,NA,NA,NA,NA,NA,NA,NA,NA,NA,NA,NA,NA,NA,NA,NA,NA,NA,NA,NA,NA
"895227246","Herniaria fruticosa L.",38.69,-0.76,"cdc,gass84,colmafu,inmafu","834a4794-f762-11e1-a439-00145eb45e9a","8209258a-80e8-4094-aba2-a3febe5ed45b","2a3f6a56-7591-4f05-8c4c-a1bb77aa4ea6","6c4a0bb0-2a4d-11d8-aa2d-b8a03c50a862","ES","EML","2026-04-18T01:37:24.691+00:00","2026-04-24T10:27:27.263+00:00",375,"PRESERVED_SPECIMEN",NA,"PRESENT",7769858,6,7707728,220,422,2518,3085796,7769858,7769858,"Herniaria fruticosa L.","Plantae","Tracheophyta","Caryophyllales","Caryophyllaceae","Herniaria","Herniaria fruticosa","Herniaria","fruticosa","SPECIES","ACCEPTED",7071,610,0,"EUROPE","Alacant",2003,6,19,"2003-06-19",170,170,"2025-11-03T14:20:45.000+00:00","2026-04-24T10:27:27.263+00:00","http://creativecommons.org/licenses/by-nc/4.0/legalcode",FALSE,"4B61DB73-800C-4278-84E0-A36EC6CB5DB6","none","none",FALSE,NA,"Colección de plantas vasculares del herbario de la Universitat de València (VAL)","E. Estrelles & al.","none","WGS84","Magnoliopsida","ES","none","none","EUROPE","Spain","EUROPE","4B61DB73-800C-4278-84E0-A36EC6CB5DB6","212530-1","https://www.gbif.org/publisher/8209258a-80e8-4094-aba2-a3febe5ed45b",NA,"VAL","391","Beneixama (Alcoià), creuament carretera a Fontanars dels Alforins","895227246","es","VAL","4B61DB73-800C-4278-84E0-A36EC6CB5DB6","PhysicalObject","Herniaria fruticosa L.","c645b060-c130-45ee-97ab-b9fc94393523","6ceb64b5-0201-4a27-bcdb-8d62035e35d5","Pliego","VAL",NA,"19062003","Beneixama (Alt Vinalopó)","in collection",NA,NA,NA,NA,NA,NA,NA,NA,NA,NA,NA,NA,NA,NA,NA,NA,NA,NA,NA,NA,NA,NA,NA,NA,NA,NA,NA,NA,NA,NA,NA,NA,NA,NA,NA,NA,NA,NA,NA,NA,NA,NA,NA,NA,NA,NA,NA,NA,NA,NA,NA,NA,NA,NA,NA
"1851353228","Herniaria fruticosa L.",36.82,-2.05,"cdc,gass84,mdativ,osiic,colmafu,inmafu","7b74be32-f762-11e1-a439-00145eb45e9a","730cd32c-627f-44a8-9d93-fcfb23ade969","2a3f6a56-7591-4f05-8c4c-a1bb77aa4ea6","6c4a0bb0-2a4d-11d8-aa2d-b8a03c50a862","ES","EML","2026-04-17T20:40:41.625+00:00","2026-04-29T14:09:01.019+00:00",434,"PRESERVED_SPECIMEN",1,"PRESENT",7769858,6,7707728,220,422,2518,3085796,7769858,7769858,"Herniaria fruticosa L.","Plantae","Tracheophyta","Caryophyllales","Caryophyllaceae","Herniaria","Herniaria fruticosa","Herniaria","fruticosa","SPECIES","ACCEPTED",7071,NA,NA,"EUROPE","ALMERíA",2002,10,9,"2002-10-09",282,282,NA,"2026-04-29T14:09:01.019+00:00","http://creativecommons.org/licenses/by-nc/4.0/legalcode",FALSE,"5EE9C42B-A43A-4E55-AEED-A3438B4D2347","none","none",FALSE,"doi:10.15470/j3rugb","Colección de plantas vasculares del Herbario Jaime Andrés Rodríguez. LEB","C.Acedo","none","WGS84","Magnoliopsida","ES","none","none","EUROPE","Spain","EUROPE","5EE9C42B-A43A-4E55-AEED-A3438B4D2347","79520-1",NA,NA,"LEB","440","Los Escollas. Cabo de Gata","1851353228","ES","LEB","5EE9C42B-A43A-4E55-AEED-A3438B4D2347","PhysicalObject","Herniaria fruticosa L.","2af539a2-4f55-473c-9ad2-9ee7b20cb63a","1ba310c1-85e9-4c21-810b-09b5da025e80","Pliego","LEB",NA,"09-10-2002",NA,"in collection",NA,NA,NA,NA,NA,NA,NA,NA,NA,NA,NA,NA,NA,NA,NA,NA,NA,NA,NA,NA,NA,NA,NA,NA,NA,NA,NA,NA,NA,NA,NA,NA,NA,NA,NA,NA,NA,NA,NA,NA,NA,NA,NA,NA,NA,NA,NA,NA,NA,NA,NA,NA,NA,NA,NA
"211646893","Herniaria fruticosa L.",38.7,-1.1,"cdc,gass84,cdpi,colmano,inmafu","96b9eec4-f762-11e1-a439-00145eb45e9a","eba6daa8-0281-479e-aa2d-d78a2614db93","2a3f6a56-7591-4f05-8c4c-a1bb77aa4ea6","6c4a0bb0-2a4d-11d8-aa2d-b8a03c50a862","ES","EML","2026-04-17T22:02:24.702+00:00","2026-04-24T08:46:57.157+00:00",360,"PRESERVED_SPECIMEN",NA,"PRESENT",7769858,6,7707728,220,422,2518,3085796,7769858,7769858,"Herniaria fruticosa L.","Plantae","Tracheophyta","Caryophyllales","Caryophyllaceae","Herniaria","Herniaria fruticosa","Herniaria","fruticosa","SPECIES","ACCEPTED",NA,1,0,"EUROPE","Mu",2001,4,8,"2001-04-08",98,98,NA,"2026-04-24T08:46:57.157+00:00","http://creativecommons.org/licenses/by-nc/4.0/legalcode",FALSE,"211646893","none","none",FALSE,NA,NA,"J. B. Vera","none","WGS84","Magnoliopsida","ES","none","none","EUROPE","Spain","EUROPE",NA,"104538-1",NA,NA,"MUB","366","Yecla; Coto de Doña Elena","211646893",NA,"SURESTE","211646893",NA,"Herniaria fruticosa L.","0d3bc86d-03b3-4475-b018-67c8c79d97cd",NA,NA,"MUB",NA,NA,NA,NA,NA,NA,"P. Sánchez-Gómez",NA,NA,NA,NA,NA,NA,NA,NA,NA,NA,NA,NA,NA,NA,NA,NA,NA,NA,NA,NA,NA,NA,0,0,NA,NA,NA,NA,NA,NA,NA,NA,NA,NA,NA,NA,NA,NA,NA,NA,NA,NA,NA,NA,NA,NA,NA,NA,NA,NA,NA,NA
"895205145","Herniaria fruticosa L.",38.61,-0.95,"cdc,gass84,colmafu,inmafu","834a4794-f762-11e1-a439-00145eb45e9a","8209258a-80e8-4094-aba2-a3febe5ed45b","2a3f6a56-7591-4f05-8c4c-a1bb77aa4ea6","6c4a0bb0-2a4d-11d8-aa2d-b8a03c50a862","ES","EML","2026-04-18T01:37:24.691+00:00","2026-04-24T10:27:01.973+00:00",375,"PRESERVED_SPECIMEN",NA,"PRESENT",7769858,6,7707728,220,422,2518,3085796,7769858,7769858,"Herniaria fruticosa L.","Plantae","Tracheophyta","Caryophyllales","Caryophyllaceae","Herniaria","Herniaria fruticosa","Herniaria","fruticosa","SPECIES","ACCEPTED",707,550,0,"EUROPE","Alacant",2000,7,26,"2000-07-26",208,208,"2025-11-03T14:20:45.000+00:00","2026-04-24T10:27:01.973+00:00","http://creativecommons.org/licenses/by-nc/4.0/legalcode",FALSE,"1CEA5441-E59A-43BC-9B2A-00CBBC8FF97B","none","none",FALSE,NA,"Colección de plantas vasculares del herbario de la Universitat de València (VAL)","J. V. Andrés, J. Casabó, J. Güemes & F. Marco-Rubio","none","WGS84","Magnoliopsida","ES","none","none","EUROPE","Spain","EUROPE","1CEA5441-E59A-43BC-9B2A-00CBBC8FF97B","189558-1","https://www.gbif.org/publisher/8209258a-80e8-4094-aba2-a3febe5ed45b",NA,"VAL","391","Villena (L´Alt Vinalopó), barranco de las Cabras","895205145","es","VAL","1CEA5441-E59A-43BC-9B2A-00CBBC8FF97B","PhysicalObject","Herniaria fruticosa L.","c645b060-c130-45ee-97ab-b9fc94393523","6ceb64b5-0201-4a27-bcdb-8d62035e35d5","Pliego","VAL","espartal sobre conglomerats, en el semiàrid","26072000","Villena (Alt Vinalopó)","in collection",NA,NA,NA,NA,NA,NA,NA,NA,NA,NA,NA,NA,NA,NA,NA,NA,NA,NA,NA,NA,NA,NA,NA,NA,NA,NA,NA,NA,NA,NA,NA,NA,NA,NA,NA,NA,NA,NA,NA,NA,NA,NA,NA,NA,NA,NA,NA,NA,NA,NA,NA,NA,NA,NA,NA
"1935981294","Herniaria fruticosa L.",40.3236,-3.5074,"cdc,gass84,txmathi,inmano","834c9918-f762-11e1-a439-00145eb45e9a","0363cbd4-f666-455e-8e86-0bbddcf51950","2a3f6a56-7591-4f05-8c4c-a1bb77aa4ea6","6c4a0bb0-2a4d-11d8-aa2d-b8a03c50a862","ES","EML","2026-04-18T01:37:27.366+00:00","2026-04-24T05:19:37.609+00:00",423,"PRESERVED_SPECIMEN",NA,"PRESENT",7769858,6,7707728,220,422,2518,3085796,7769858,7769858,"Herniaria fruticosa L.","Plantae","Tracheophyta","Caryophyllales","Caryophyllaceae","Herniaria","Herniaria fruticosa","Herniaria","fruticosa","SPECIES","ACCEPTED",NA,NA,NA,"EUROPE","Madrid",2000,9,28,"2000-09-28",272,272,NA,"2026-04-24T05:19:37.609+00:00","http://creativecommons.org/licenses/by-nc/4.0/legalcode",FALSE,"30e101fb-20fe-11e3-9e2e-000c29035824","none","none",FALSE,"834c9918-f762-11e1-a439-00145eb45e9a",NA,"E. Huguet del Villar","none","WGS84","Magnoliopsida","ES","none","none","EUROPE","Spain","EUROPE","30e101fb-20fe-11e3-9e2e-000c29035824","MA-01-00158095","0363cbd4-f666-455e-8e86-0bbddcf51950",NA,"MA","429","Vaciamadrid","1935981294","es","MA","30e101fb-20fe-11e3-9e2e-000c29035824","Collection","Herniaria fruticosa L.",NA,NA,NA,"MA","acantilados yesosos y sus taludes (éstos con Salsoletum verniculata)","28090000",NA,NA,NA,NA,"M. Nazeer Chaudhri",NA,NA,NA,"17abcf75-2f1e-46dd-bf75-a5b21dd02655",NA,NA,NA,NA,NA,NA,NA,NA,NA,NA,NA,NA,NA,"7769858",NA,NA,NA,NA,NA,NA,"MA",NA,NA,NA,NA,NA,NA,"MA-158095-1","a16dc49c-20fe-11e3-9e2e-000c29035824",NA,NA,NA,NA,NA,NA,NA,NA,NA,NA,NA,NA,NA,NA,NA,NA,NA,NA,NA
"1935981329","Herniaria fruticosa L.",40.3236,-3.5074,"cdc,gass84,txmathi,inmano","834c9918-f762-11e1-a439-00145eb45e9a","0363cbd4-f666-455e-8e86-0bbddcf51950","2a3f6a56-7591-4f05-8c4c-a1bb77aa4ea6","6c4a0bb0-2a4d-11d8-aa2d-b8a03c50a862","ES","EML","2026-04-18T01:37:27.366+00:00","2026-04-24T05:19:37.608+00:00",423,"PRESERVED_SPECIMEN",NA,"PRESENT",7769858,6,7707728,220,422,2518,3085796,7769858,7769858,"Herniaria fruticosa L.","Plantae","Tracheophyta","Caryophyllales","Caryophyllaceae","Herniaria","Herniaria fruticosa","Herniaria","fruticosa","SPECIES","ACCEPTED",NA,NA,NA,"EUROPE","Madrid",2000,9,28,"2000-09-28",272,272,NA,"2026-04-24T05:19:37.608+00:00","http://creativecommons.org/licenses/by-nc/4.0/legalcode",FALSE,"30e10649-20fe-11e3-9e2e-000c29035824","none","none",FALSE,"834c9918-f762-11e1-a439-00145eb45e9a",NA,"E. Huguet del Villar","none","WGS84","Magnoliopsida","ES","none","none","EUROPE","Spain","EUROPE","30e10649-20fe-11e3-9e2e-000c29035824","MA-01-00158096","0363cbd4-f666-455e-8e86-0bbddcf51950",NA,"MA","429","Vaciamadrid","1935981329","es","MA","30e10649-20fe-11e3-9e2e-000c29035824","Collection","Herniaria fruticosa L.",NA,NA,NA,"MA","acantilados yesosos y sus taludes (éstos con Salsoletum verniculata)","28090000",NA,NA,NA,NA,"M. Nazeer Chaudhri",NA,NA,NA,"17abcf75-2f1e-46dd-bf75-a5b21dd02655",NA,NA,NA,NA,NA,NA,NA,NA,NA,NA,NA,NA,NA,"7769858",NA,NA,NA,NA,NA,NA,"MA",NA,NA,NA,NA,NA,NA,"MA-158096-1","a16dc90f-20fe-11e3-9e2e-000c29035824",NA,NA,NA,NA,NA,NA,NA,NA,NA,NA,NA,NA,NA,NA,NA,NA,NA,NA,NA
"318113664","Herniaria fruticosa L.",37.31,-1.96,"cdc,gass84,osiic,colmafu,inmafu","835852b2-f762-11e1-a439-00145eb45e9a","30b36805-4849-4abb-a39c-01b3a7fa3f2e","2a3f6a56-7591-4f05-8c4c-a1bb77aa4ea6","6c4a0bb0-2a4d-11d8-aa2d-b8a03c50a862","ES","EML","2026-04-18T01:37:27.890+00:00","2026-04-24T04:49:59.179+00:00",354,"PRESERVED_SPECIMEN",1,"PRESENT",7769858,6,7707728,220,422,2518,3085796,7769858,7769858,"Herniaria fruticosa L.","Plantae","Tracheophyta","Caryophyllales","Caryophyllaceae","Herniaria","Herniaria fruticosa","Herniaria","fruticosa","SPECIES","ACCEPTED",707,260,0,"EUROPE","Almeria",1999,3,12,"1999-03-12",71,71,"2016-09-02T13:04:42.000+00:00","2026-04-24T04:49:59.179+00:00","http://creativecommons.org/licenses/by/4.0/legalcode",FALSE,"1692A948-BA6C-4D05-9BE9-0BF16F4A88B9","none","none",FALSE,NA,NA,"M.B.Crespo, J.L.Solanas, A.Barber, J.C.Cristóbal & al.","none","WGS84","Magnoliopsida","ES","none","none","EUROPE","Spain","EUROPE","1692A948-BA6C-4D05-9BE9-0BF16F4A88B9","45259-1",NA,NA,"ABH","360","Huércal-Overa","318113664",NA,"ABH","1692A948-BA6C-4D05-9BE9-0BF16F4A88B9",NA,"Herniaria fruticosa L.","8aa53465-012a-4394-bc5a-5f99beee1ce7","189e886d-b24c-4f29-8ee3-3827e567e7df",NA,"ABH",NA,"12/3/1999",NA,NA,NA,NA,NA,NA,NA,NA,NA,NA,NA,NA,NA,NA,NA,NA,NA,NA,NA,NA,NA,NA,NA,NA,NA,NA,"Iter-AHIM-98",NA,NA,NA,NA,NA,NA,NA,NA,NA,NA,NA,NA,NA,NA,NA,NA,NA,NA,NA,NA,NA,NA,NA,NA,NA,NA,NA,NA,NA,NA
"3713867153","Herniaria fruticosa L.",37.87,-2.18,"cdc,gass84,mdativ,osiic,incomis,inmafu","83504144-f762-11e1-a439-00145eb45e9a","c1564d80-1b9d-471c-b84d-8d5dd2efbf0a","2a3f6a56-7591-4f05-8c4c-a1bb77aa4ea6","6c4a0bb0-2a4d-11d8-aa2d-b8a03c50a862","ES","EML","2026-04-18T01:37:24.938+00:00","2026-04-24T07:24:36.843+00:00",344,"PRESERVED_SPECIMEN",1,"PRESENT",7769858,6,7707728,220,422,2518,3085796,7769858,7769858,"Herniaria fruticosa L.","Plantae","Tracheophyta","Caryophyllales","Caryophyllaceae","Herniaria","Herniaria fruticosa","Herniaria","fruticosa","SPECIES","ACCEPTED",707,NA,NA,"EUROPE","ALMERíA",1999,4,29,"1999-04-29",119,119,NA,"2026-04-24T07:24:36.843+00:00","http://creativecommons.org/licenses/by/4.0/legalcode",FALSE,"0AC954F5-1C1D-439B-B977-D684DFA4554B","none","none",FALSE,NA,"Herbario de la Universidad de Almería","J.F. Mota, F.J. Pérez-García, E. Dana, M.I. Cerrillo & M. Cueto.","none","WGS84","Magnoliopsida","ES","none","none","EUROPE","Spain","EUROPE","0AC954F5-1C1D-439B-B977-D684DFA4554B","2447-1",NA,NA,"JP","350","Topares, al norte del Cjo. Gamonar","3713867153","es","HUAL","0AC954F5-1C1D-439B-B977-D684DFA4554B","PhysicalObject","Herniaria fruticosa L.","a8343e51-cda3-4e7a-9eb6-4431f432fde4",NA,NA,"HUAL","Pared orientada al oeste, en una cantera de yeso abandonada hace varias décadas.","29/04/1999",NA,NA,NA,"HUAL","J.F. Mota, F.J. Pérez-García, E. Dana, M.I. Cerrillo &",NA,NA,NA,NA,NA,NA,NA,NA,NA,NA,NA,NA,NA,NA,NA,NA,NA,NA,NA,NA,NA,NA,NA,NA,NA,NA,NA,NA,NA,NA,NA,NA,NA,NA,NA,NA,NA,NA,NA,NA,NA,NA,NA,NA,NA,NA,NA,NA,NA,NA,NA,NA
"144906434","Herniaria fruticosa L.",38.14,-6.86,"cdc,gass84,txmathi,osiic,colmano,inmafu","837c0162-f762-11e1-a439-00145eb45e9a","5a21e58d-5a4c-4ee4-b2e0-b67f5ce28720","2a3f6a56-7591-4f05-8c4c-a1bb77aa4ea6","6c4a0bb0-2a4d-11d8-aa2d-b8a03c50a862","ES","EML","2026-04-18T01:37:28.749+00:00","2026-04-24T04:40:38.040+00:00",394,"PRESERVED_SPECIMEN",1,"PRESENT",7769858,6,7707728,220,422,2518,3085796,7769858,7769858,"Herniaria fruticosa L.","Plantae","Tracheophyta","Caryophyllales","Caryophyllaceae","Herniaria","Herniaria fruticosa","Herniaria","fruticosa","SPECIES","ACCEPTED",707,NA,NA,"EUROPE","Huelva",1998,5,20,"1998-05-20",140,140,NA,"2026-04-24T04:40:38.040+00:00","http://creativecommons.org/licenses/by-nc/4.0/legalcode",FALSE,"61DBC603-87C2-4C77-B4D9-C8EEDCE9BFD9","none","none",FALSE,NA,"Herbario COFC de la Universidad de Córdoba: colección general de plantas vasculares","R. Martínez","none","WGS84","Magnoliopsida","ES","none","none","EUROPE","Spain","EUROPE","61DBC603-87C2-4C77-B4D9-C8EEDCE9BFD9","26542-1",NA,NA,"COFC","400","alrededores","144906434","es","Herbario_cofc","61DBC603-87C2-4C77-B4D9-C8EEDCE9BFD9",NA,"Herniaria fruticosa L.","4d2698bd-08d1-4f94-af6a-b505de34fe3e",NA,NA,"COFC",NA,"19980520","Encinasola",NA,NA,"CGL2008-02982-C03-03; CGL2011-28613-C03-02; CGL2014-52787-C3-3-P; CGL2017-85204-C3-3-P","R. Tamajón",NA,NA,"subsp.",NA,NA,NA,NA,NA,NA,NA,NA,NA,NA,NA,NA,NA,NA,NA,NA,NA,NA,NA,NA,NA,NA,NA,NA,NA,NA,NA,NA,NA,NA,NA,NA,NA,NA,NA,NA,NA,NA,NA,NA,NA,NA,NA,NA,NA,NA,NA,NA,NA
"3311388465","Herniaria fruticosa L.",38.36,-6.25,"inmano","837acfc2-f762-11e1-a439-00145eb45e9a","bafca313-f02c-4ce7-9cba-760770a0e4b9","2a3f6a56-7591-4f05-8c4c-a1bb77aa4ea6","6c4a0bb0-2a4d-11d8-aa2d-b8a03c50a862","ES","EML","2026-04-18T01:36:56.844+00:00","2026-04-24T03:39:49.487+00:00",395,"PRESERVED_SPECIMEN",NA,"PRESENT",7769858,6,7707728,220,422,2518,3085796,7769858,7769858,"Herniaria fruticosa L.","Plantae","Tracheophyta","Caryophyllales","Caryophyllaceae","Herniaria","Herniaria fruticosa","Herniaria","fruticosa","SPECIES","ACCEPTED",550,530,NA,"EUROPE","Badajoz",1998,5,7,"1998-05-07",127,127,"2006-07-11T22:01:00.000+00:00","2026-04-24T03:39:49.487+00:00","http://creativecommons.org/licenses/by-nc/4.0/legalcode",FALSE,"HSS:HSS:02324","none","none",FALSE,NA,"Herbario HSS","P. Moreno|V. Moreno|S. Rincón|F.M. Vázquez","none","WGS84","Magnoliopsida","ES","none","none","EUROPE","Spain","EUROPE","HSS:HSS:02324","02324","124407","ICBN","CICYTEX","401","Matanegra","3311388465","es","HSS","HSS:HSS:02324","PhysicalObject","Herniaria fruticosa L.",NA,NA,NA,"HSS","Zonas calcáreas de tipo Cámbrico",NA,"Zafra","in collection",NA,NA,"F.M. Vázquez",NA,NA,NA,NA,NA,NA,NA,NA,NA,NA,NA,NA,"F. Márquez","Centro de Investigaciones Científicas y Tecnológicas de Extremadura",NA,NA,NA,NA,NA,NA,NA,NA,NA,NA,NA,NA,NA,NA,NA,NA,NA,NA,NA,NA,NA,NA,NA,NA,NA,NA,NA,NA,NA,NA,NA,NA,NA,NA,NA,NA,NA,NA
"318113598","Herniaria fruticosa L.",38.36,-0.6,"cdc,gass84,osiic,colmafu,inmafu","835852b2-f762-11e1-a439-00145eb45e9a","30b36805-4849-4abb-a39c-01b3a7fa3f2e","2a3f6a56-7591-4f05-8c4c-a1bb77aa4ea6","6c4a0bb0-2a4d-11d8-aa2d-b8a03c50a862","ES","EML","2026-04-18T01:37:27.890+00:00","2026-04-24T04:49:29.880+00:00",354,"PRESERVED_SPECIMEN",1,"PRESENT",7769858,6,7707728,220,422,2518,3085796,7769858,7769858,"Herniaria fruticosa L.","Plantae","Tracheophyta","Caryophyllales","Caryophyllaceae","Herniaria","Herniaria fruticosa","Herniaria","fruticosa","SPECIES","ACCEPTED",707,150,0,"EUROPE","Alicante",1998,6,5,"1998-06-05",156,156,"2016-08-05T13:23:03.000+00:00","2026-04-24T04:49:29.880+00:00","http://creativecommons.org/licenses/by/4.0/legalcode",FALSE,"7B918F83-0FB3-4D56-BAA5-D5485A9F2074","none","none",TRUE,NA,NA,"E.Camuñas","none","WGS84","Magnoliopsida","ES","none","none","EUROPE","Spain","EUROPE","7B918F83-0FB3-4D56-BAA5-D5485A9F2074","39615-1",NA,NA,"ABH","360","Alicante; lomas de las Indias","318113598",NA,"ABH","7B918F83-0FB3-4D56-BAA5-D5485A9F2074",NA,"Herniaria fruticosa L.","8aa53465-012a-4394-bc5a-5f99beee1ce7","189e886d-b24c-4f29-8ee3-3827e567e7df",NA,"ABH",NA,"5/6/1998",NA,NA,NA,NA,NA,NA,NA,NA,NA,NA,NA,NA,NA,NA,NA,NA,NA,NA,NA,NA,NA,NA,NA,NA,NA,NA,NA,NA,NA,NA,NA,NA,NA,NA,NA,NA,NA,NA,NA,NA,NA,NA,NA,NA,NA,NA,NA,NA,NA,NA,NA,NA,NA,NA,NA,NA,NA
"318113627","Herniaria fruticosa L.",38.41,-1.63,"cdc,gass84,osiic,colmafu,inmafu","835852b2-f762-11e1-a439-00145eb45e9a","30b36805-4849-4abb-a39c-01b3a7fa3f2e","2a3f6a56-7591-4f05-8c4c-a1bb77aa4ea6","6c4a0bb0-2a4d-11d8-aa2d-b8a03c50a862","ES","EML","2026-04-18T01:37:27.890+00:00","2026-04-24T04:49:53.701+00:00",354,"PRESERVED_SPECIMEN",1,"PRESENT",7769858,6,7707728,220,422,2518,3085796,7769858,7769858,"Herniaria fruticosa L.","Plantae","Tracheophyta","Caryophyllales","Caryophyllaceae","Herniaria","Herniaria fruticosa","Herniaria","fruticosa","SPECIES","ACCEPTED",707,400,0,"EUROPE","Albacete",1998,8,28,"1998-08-28",240,240,"2016-09-20T11:11:56.000+00:00","2026-04-24T04:49:53.701+00:00","http://creativecommons.org/licenses/by/4.0/legalcode",FALSE,"B99E1288-1060-492B-9E2C-DD2BDEA91759","none","none",FALSE,NA,NA,"M.A.Alonso & J.J.Montoya","none","WGS84","Magnoliopsida","ES","none","none","EUROPE","Spain","EUROPE","B99E1288-1060-492B-9E2C-DD2BDEA91759","42498-1",NA,NA,"ABH","360","Hellín; Agramón, rambla de Tobarra","318113627",NA,"ABH","B99E1288-1060-492B-9E2C-DD2BDEA91759",NA,"Herniaria fruticosa L.","8aa53465-012a-4394-bc5a-5f99beee1ce7","189e886d-b24c-4f29-8ee3-3827e567e7df",NA,"ABH",NA,"28/8/1998",NA,NA,NA,NA,NA,NA,NA,NA,NA,NA,NA,NA,NA,NA,NA,NA,NA,NA,NA,NA,NA,NA,NA,NA,NA,NA,NA,NA,NA,NA,NA,NA,NA,NA,NA,NA,NA,NA,NA,NA,NA,NA,NA,NA,NA,NA,NA,NA,NA,NA,NA,NA,NA,NA,NA,NA,NA
"3855038037","Herniaria fruticosa L.",37.72,-2.55,"cdc,gass84,iddativ,osiic","6a7575fa-ae03-4ba3-b322-2da15b5033e2","d68c4230-a271-11d8-a9b3-b8a03c50a862","2a3f6a56-7591-4f05-8c4c-a1bb77aa4ea6","6c4a0bb0-2a4d-11d8-aa2d-b8a03c50a862","ES","EML","2026-04-17T19:28:29.248+00:00","2026-04-24T04:39:15.853+00:00",394,"PRESERVED_SPECIMEN",1,"PRESENT",7769858,6,7707728,220,422,2518,3085796,7769858,7769858,"Herniaria fruticosa L.","Plantae","Tracheophyta","Caryophyllales","Caryophyllaceae","Herniaria","Herniaria fruticosa","Herniaria","fruticosa","SPECIES","ACCEPTED",707,960,0,"EUROPE","Granada",1998,8,20,"1998-08-20",232,232,"2022-06-24T10:36:01.000+00:00","2026-04-24T04:39:15.853+00:00","http://creativecommons.org/licenses/by-nc/4.0/legalcode",FALSE,"733BCB1F-36D9-4A48-9EBF-009631F3415B","none","none",FALSE,NA,"Herbario de la Universidad de Granada: Colección GDA-Fanerogamia","F.B. Navarro Reyes","none","WGS84","Magnoliopsida","ES","none","none","EUROPE","Spain","EUROPE","733BCB1F-36D9-4A48-9EBF-009631F3415B","47804-1","https://www.gbif.org/grscicoll/institution/a46ced27-ecc3-43df-981f-d6de329f50b4",NA,"GDA","400","Granada, Galera, junto al repetidor.","3855038037","es","GDA-Fanero","733BCB1F-36D9-4A48-9EBF-009631F3415B","PhysicalObject","Herniaria fruticosa L.","a46ced27-ecc3-43df-981f-d6de329f50b4","82d87a2a-f701-46ca-a1c0-292e83fc790a","Pliego",NA,"romerales gipsícolas. Mesomediterráneo semiárido. Sobre yesos.","20/08/1998",NA,"in collection",NA,NA,"C. Díaz de la Guardia",NA,NA,NA,NA,NA,NA,NA,NA,NA,NA,NA,NA,NA,"Herbarium University of Granada, Spain",NA,NA,NA,NA,NA,NA,NA,NA,0,0,"GDA","https://www.gbif.org/grscicoll/collection/82d87a2a-f701-46ca-a1c0-292e83fc790a",NA,NA,NA,NA,NA,NA,NA,NA,"Etiqueta de revisión para Flora de Andalucía Oriental.",NA,NA,NA,NA,NA,NA,NA,NA,NA,NA,NA,NA,NA,NA,NA,NA,NA
"318113541","Herniaria fruticosa L.",38.44,-1.04,"cdc,gass84,osiic,colmafu,inmafu","835852b2-f762-11e1-a439-00145eb45e9a","30b36805-4849-4abb-a39c-01b3a7fa3f2e","2a3f6a56-7591-4f05-8c4c-a1bb77aa4ea6","6c4a0bb0-2a4d-11d8-aa2d-b8a03c50a862","ES","EML","2026-04-18T01:37:27.890+00:00","2026-04-24T04:49:09.597+00:00",354,"PRESERVED_SPECIMEN",1,"PRESENT",7769858,6,7707728,220,422,2518,3085796,7769858,7769858,"Herniaria fruticosa L.","Plantae","Tracheophyta","Caryophyllales","Caryophyllaceae","Herniaria","Herniaria fruticosa","Herniaria","fruticosa","SPECIES","ACCEPTED",707,NA,NA,"EUROPE","Alicante",1997,3,29,"1997-03-29",88,88,"2016-09-06T13:57:24.000+00:00","2026-04-24T04:49:09.597+00:00","http://creativecommons.org/licenses/by/4.0/legalcode",FALSE,"57EE3C4C-7287-403C-90F7-F93B5C7CF8D5","none","none",FALSE,NA,NA,"E.Ortega & M.Pastor","none","WGS84","Magnoliopsida","ES","none","none","EUROPE","Spain","EUROPE","57EE3C4C-7287-403C-90F7-F93B5C7CF8D5","35084-1",NA,NA,"ABH","360","Pinoso; Sierra de Salinas, prox. casas del Paredón","318113541",NA,"ABH","57EE3C4C-7287-403C-90F7-F93B5C7CF8D5",NA,"Herniaria fruticosa L.","8aa53465-012a-4394-bc5a-5f99beee1ce7","189e886d-b24c-4f29-8ee3-3827e567e7df",NA,"ABH",NA,"29/3/1997",NA,NA,NA,NA,NA,NA,NA,NA,NA,NA,NA,NA,NA,NA,NA,NA,NA,NA,NA,NA,NA,NA,NA,NA,NA,NA,NA,NA,NA,NA,NA,NA,NA,NA,NA,NA,NA,NA,NA,NA,NA,NA,NA,NA,NA,NA,NA,NA,NA,NA,NA,NA,NA,NA,NA,NA,NA
"318113527","Herniaria fruticosa L.",36.91,-2.27,"cdc,gass84,txmathi,osiic,colmafu,inmafu","835852b2-f762-11e1-a439-00145eb45e9a","30b36805-4849-4abb-a39c-01b3a7fa3f2e","2a3f6a56-7591-4f05-8c4c-a1bb77aa4ea6","6c4a0bb0-2a4d-11d8-aa2d-b8a03c50a862","ES","EML","2026-04-18T01:37:27.890+00:00","2026-04-24T04:49:04.018+00:00",354,"PRESERVED_SPECIMEN",1,"PRESENT",7769858,6,7707728,220,422,2518,3085796,7769858,7769858,"Herniaria fruticosa L.","Plantae","Tracheophyta","Caryophyllales","Caryophyllaceae","Herniaria","Herniaria fruticosa","Herniaria","fruticosa","SPECIES","ACCEPTED",7071,300,0,"EUROPE","Almeria",1997,4,11,"1997-04-11",101,101,"2016-08-03T09:04:29.000+00:00","2026-04-24T04:49:04.018+00:00","http://creativecommons.org/licenses/by/4.0/legalcode",FALSE,"39062740-061D-4160-BD6B-043B63D0E726","none","none",FALSE,NA,NA,"M.B.Crespo, A.Juan & J.C.Cristóbal","none","WGS84","Magnoliopsida","ES","none","none","EUROPE","Spain","EUROPE","39062740-061D-4160-BD6B-043B63D0E726","34034-1",NA,NA,"ABH","360","Níjar; a 4 Km, prox. 2ª salida autopista","318113527",NA,"ABH","39062740-061D-4160-BD6B-043B63D0E726",NA,"Herniaria fruticosa L.","8aa53465-012a-4394-bc5a-5f99beee1ce7","189e886d-b24c-4f29-8ee3-3827e567e7df",NA,"ABH",NA,"11/4/1997",NA,NA,NA,NA,NA,NA,NA,NA,NA,NA,NA,NA,NA,NA,NA,NA,NA,NA,NA,NA,NA,NA,NA,NA,NA,NA,"Iter-GRANADA97",NA,NA,NA,NA,NA,NA,NA,NA,NA,NA,NA,NA,NA,NA,NA,NA,NA,NA,NA,NA,NA,NA,NA,NA,NA,NA,NA,NA,NA,NA
"318113539","Herniaria fruticosa L.",38.5,-0.52,"cdc,gass84,osiic,colmafu,inmafu","835852b2-f762-11e1-a439-00145eb45e9a","30b36805-4849-4abb-a39c-01b3a7fa3f2e","2a3f6a56-7591-4f05-8c4c-a1bb77aa4ea6","6c4a0bb0-2a4d-11d8-aa2d-b8a03c50a862","ES","EML","2026-04-18T01:37:27.890+00:00","2026-04-24T04:49:58.448+00:00",354,"PRESERVED_SPECIMEN",1,"PRESENT",7769858,6,7707728,220,422,2518,3085796,7769858,7769858,"Herniaria fruticosa L.","Plantae","Tracheophyta","Caryophyllales","Caryophyllaceae","Herniaria","Herniaria fruticosa","Herniaria","fruticosa","SPECIES","ACCEPTED",707,350,0,"EUROPE","Alicante",1997,4,18,"1997-04-18",108,108,"2016-07-28T12:52:43.000+00:00","2026-04-24T04:49:58.448+00:00","http://creativecommons.org/licenses/by/4.0/legalcode",FALSE,"7443B9AE-15F7-4B03-88B1-9C4B612E651F","none","none",FALSE,NA,NA,"J.C.Cristóbal, F.J.Girona & C.Barberá","none","WGS84","Magnoliopsida","ES","none","none","EUROPE","Spain","EUROPE","7443B9AE-15F7-4B03-88B1-9C4B612E651F","35057-1",NA,NA,"ABH","360","Jijona; Monnegre, barranco Salinas","318113539",NA,"ABH","7443B9AE-15F7-4B03-88B1-9C4B612E651F",NA,"Herniaria fruticosa L.","8aa53465-012a-4394-bc5a-5f99beee1ce7","189e886d-b24c-4f29-8ee3-3827e567e7df",NA,"ABH",NA,"18/4/1997",NA,NA,NA,NA,NA,NA,NA,NA,NA,NA,NA,NA,NA,NA,NA,NA,NA,NA,NA,NA,NA,NA,NA,NA,NA,NA,NA,NA,NA,NA,NA,NA,NA,NA,NA,NA,NA,NA,NA,NA,NA,NA,NA,NA,NA,NA,NA,NA,NA,NA,NA,NA,NA,NA,NA,NA,NA
"1936536110","Herniaria fruticosa L.",37.041,-2.1016,"cdc,gass84,inmano","834c9918-f762-11e1-a439-00145eb45e9a","0363cbd4-f666-455e-8e86-0bbddcf51950","2a3f6a56-7591-4f05-8c4c-a1bb77aa4ea6","6c4a0bb0-2a4d-11d8-aa2d-b8a03c50a862","ES","EML","2026-04-18T01:37:27.366+00:00","2026-04-24T05:21:21.478+00:00",423,"PRESERVED_SPECIMEN",NA,"PRESENT",7769858,6,7707728,220,422,2518,3085796,7769858,7769858,"Herniaria fruticosa L.","Plantae","Tracheophyta","Caryophyllales","Caryophyllaceae","Herniaria","Herniaria fruticosa","Herniaria","fruticosa","SPECIES","ACCEPTED",NA,420,NA,"EUROPE","Almería",1997,4,11,"1997-04-11",101,101,NA,"2026-04-24T05:21:21.478+00:00","http://creativecommons.org/licenses/by-nc/4.0/legalcode",FALSE,"5255c71c-20fe-11e3-9e2e-000c29035824","none","none",FALSE,"834c9918-f762-11e1-a439-00145eb45e9a",NA,"Stephen Leonard Jury","none","WGS84","Magnoliopsida","ES","none","none","EUROPE","Spain","EUROPE","5255c71c-20fe-11e3-9e2e-000c29035824","MA-01-00611161","0363cbd4-f666-455e-8e86-0bbddcf51950",NA,"MA","429","Along old road to Sorbas from Carboneras junction of Autovía, Peñas Negras","1936536110","es","MA","5255c71c-20fe-11e3-9e2e-000c29035824","Collection","Herniaria fruticosa L.",NA,NA,NA,"MA","Habitat: sandy area with stipa tenacissima","11-04-1997",NA,NA,NA,NA,"R. Rutherford","17242",NA,NA,"17abcf75-2f1e-46dd-bf75-a5b21dd02655",NA,NA,NA,NA,NA,NA,"1997-05-01T00:00:00",NA,NA,NA,NA,NA,NA,"7769858",NA,NA,NA,NA,NA,NA,"MA",NA,NA,NA,NA,NA,NA,"MA-611161-1","c0ad488a-20fe-11e3-9e2e-000c29035824",NA,NA,NA,NA,NA,NA,NA,NA,NA,NA,NA,NA,NA,NA,NA,NA,NA,NA,NA
"318113530","Herniaria fruticosa L.",38.22,-0.97,"cdc,gass84,osiic,colmafu,inmafu","835852b2-f762-11e1-a439-00145eb45e9a","30b36805-4849-4abb-a39c-01b3a7fa3f2e","2a3f6a56-7591-4f05-8c4c-a1bb77aa4ea6","6c4a0bb0-2a4d-11d8-aa2d-b8a03c50a862","ES","EML","2026-04-18T01:37:27.890+00:00","2026-04-24T04:48:42.227+00:00",354,"PRESERVED_SPECIMEN",1,"PRESENT",7769858,6,7707728,220,422,2518,3085796,7769858,7769858,"Herniaria fruticosa L.","Plantae","Tracheophyta","Caryophyllales","Caryophyllaceae","Herniaria","Herniaria fruticosa","Herniaria","fruticosa","SPECIES","ACCEPTED",707,220,0,"EUROPE","Alicante",1997,5,11,"1997-05-11",131,131,"2016-09-02T14:47:31.000+00:00","2026-04-24T04:48:42.227+00:00","http://creativecommons.org/licenses/by/4.0/legalcode",FALSE,"02851DB7-4D50-4A74-AD7C-DAA59C8597E2","none","none",TRUE,NA,NA,"L.Serra","none","WGS84","Magnoliopsida","ES","none","none","EUROPE","Spain","EUROPE","02851DB7-4D50-4A74-AD7C-DAA59C8597E2","34226-1",NA,NA,"ABH","360","Orihuela; Los Vives","318113530",NA,"ABH","02851DB7-4D50-4A74-AD7C-DAA59C8597E2",NA,"Herniaria fruticosa L.","8aa53465-012a-4394-bc5a-5f99beee1ce7","189e886d-b24c-4f29-8ee3-3827e567e7df",NA,"ABH",NA,"11/5/1997",NA,NA,NA,NA,NA,NA,NA,NA,NA,NA,NA,NA,NA,NA,NA,NA,NA,NA,NA,NA,NA,NA,NA,NA,NA,NA,NA,NA,NA,NA,NA,NA,NA,NA,NA,NA,NA,NA,NA,NA,NA,NA,NA,NA,NA,NA,NA,NA,NA,NA,NA,NA,NA,NA,NA,NA,NA
"318113532","Herniaria fruticosa L.",38.36,-0.6,"cdc,gass84,osiic,colmafu,inmafu","835852b2-f762-11e1-a439-00145eb45e9a","30b36805-4849-4abb-a39c-01b3a7fa3f2e","2a3f6a56-7591-4f05-8c4c-a1bb77aa4ea6","6c4a0bb0-2a4d-11d8-aa2d-b8a03c50a862","ES","EML","2026-04-18T01:37:27.890+00:00","2026-04-24T04:49:42.290+00:00",354,"PRESERVED_SPECIMEN",1,"PRESENT",7769858,6,7707728,220,422,2518,3085796,7769858,7769858,"Herniaria fruticosa L.","Plantae","Tracheophyta","Caryophyllales","Caryophyllaceae","Herniaria","Herniaria fruticosa","Herniaria","fruticosa","SPECIES","ACCEPTED",707,160,0,"EUROPE","Alicante",1997,5,6,"1997-05-06",126,126,"2016-09-02T14:48:29.000+00:00","2026-04-24T04:49:42.290+00:00","http://creativecommons.org/licenses/by/4.0/legalcode",FALSE,"4FDD9392-D822-47F1-835B-8DE5E633B190","none","none",TRUE,NA,NA,"E.Camuñas & A.Juan","none","WGS84","Magnoliopsida","ES","none","none","EUROPE","Spain","EUROPE","4FDD9392-D822-47F1-835B-8DE5E633B190","34386-1",NA,NA,"ABH","360","Alicante; Fontcalent, yesos","318113532",NA,"ABH","4FDD9392-D822-47F1-835B-8DE5E633B190",NA,"Herniaria fruticosa L.","8aa53465-012a-4394-bc5a-5f99beee1ce7","189e886d-b24c-4f29-8ee3-3827e567e7df",NA,"ABH",NA,"6/5/1997",NA,NA,NA,NA,NA,NA,NA,NA,NA,NA,NA,NA,NA,NA,NA,NA,NA,NA,NA,NA,NA,NA,NA,NA,NA,NA,NA,NA,NA,NA,NA,NA,NA,NA,NA,NA,NA,NA,NA,NA,NA,NA,NA,NA,NA,NA,NA,NA,NA,NA,NA,NA,NA,NA,NA,NA,NA
"318113542","Herniaria fruticosa L.",38.74,-0.91,"cdc,gass84,osiic,colmafu,inmafu","835852b2-f762-11e1-a439-00145eb45e9a","30b36805-4849-4abb-a39c-01b3a7fa3f2e","2a3f6a56-7591-4f05-8c4c-a1bb77aa4ea6","6c4a0bb0-2a4d-11d8-aa2d-b8a03c50a862","ES","EML","2026-04-18T01:37:27.890+00:00","2026-04-24T04:49:17.623+00:00",354,"PRESERVED_SPECIMEN",1,"PRESENT",7769858,6,7707728,220,422,2518,3085796,7769858,7769858,"Herniaria fruticosa L.","Plantae","Tracheophyta","Caryophyllales","Caryophyllaceae","Herniaria","Herniaria fruticosa","Herniaria","fruticosa","SPECIES","ACCEPTED",707,600,0,"EUROPE","Alicante",1997,5,17,"1997-05-17",137,137,"2016-08-03T12:10:52.000+00:00","2026-04-24T04:49:17.623+00:00","http://creativecommons.org/licenses/by/4.0/legalcode",FALSE,"63686C92-CCBD-438C-0A07-033CB670169A","none","none",TRUE,NA,NA,"L.Serra","none","WGS84","Magnoliopsida","ES","none","none","EUROPE","Spain","EUROPE","63686C92-CCBD-438C-0A07-033CB670169A","35104-1",NA,NA,"ABH","360","Villena; cerro Cantalar","318113542",NA,"ABH","63686C92-CCBD-438C-0A07-033CB670169A",NA,"Herniaria fruticosa L.","8aa53465-012a-4394-bc5a-5f99beee1ce7","189e886d-b24c-4f29-8ee3-3827e567e7df",NA,"ABH",NA,"17/5/1997",NA,NA,NA,NA,NA,NA,NA,NA,NA,NA,NA,NA,NA,NA,NA,NA,NA,NA,NA,NA,NA,NA,NA,NA,NA,NA,NA,NA,NA,NA,NA,NA,NA,NA,NA,NA,NA,NA,NA,NA,NA,NA,NA,NA,NA,NA,NA,NA,NA,NA,NA,NA,NA,NA,NA,NA,NA
"1851372759","Herniaria fruticosa L.",38.36,-0.602,"cdc,gass84,mdativ,osiic,colmafu,inmafu","7b74be32-f762-11e1-a439-00145eb45e9a","730cd32c-627f-44a8-9d93-fcfb23ade969","2a3f6a56-7591-4f05-8c4c-a1bb77aa4ea6","6c4a0bb0-2a4d-11d8-aa2d-b8a03c50a862","ES","EML","2026-04-17T20:40:41.625+00:00","2026-04-29T14:09:07.705+00:00",434,"PRESERVED_SPECIMEN",1,"PRESENT",7769858,6,7707728,220,422,2518,3085796,7769858,7769858,"Herniaria fruticosa L.","Plantae","Tracheophyta","Caryophyllales","Caryophyllaceae","Herniaria","Herniaria fruticosa","Herniaria","fruticosa","SPECIES","ACCEPTED",707,160,0,"EUROPE","Alicante",1997,5,6,"1997-05-06",126,126,NA,"2026-04-29T14:09:07.705+00:00","http://creativecommons.org/licenses/by-nc/4.0/legalcode",FALSE,"9413E349-0A66-4E2B-82AB-106687484558","none","none",FALSE,"doi:10.15470/j3rugb","Colección de plantas vasculares del Herbario Jaime Andrés Rodríguez. LEB","A.Camuñas & A.Juan","none","WGS84","Magnoliopsida","ES","none","none","EUROPE","Spain","EUROPE","9413E349-0A66-4E2B-82AB-106687484558","81938-1",NA,NA,"LEB","440","Alicante. Fontcalent","1851372759","ES","LEB","9413E349-0A66-4E2B-82AB-106687484558","PhysicalObject","Herniaria fruticosa L.","2af539a2-4f55-473c-9ad2-9ee7b20cb63a","1ba310c1-85e9-4c21-810b-09b5da025e80","Pliego","LEB",NA,"06-05-1997",NA,"in collection",NA,NA,NA,NA,NA,NA,NA,NA,NA,NA,NA,NA,NA,NA,NA,NA,NA,NA,NA,NA,NA,NA,NA,NA,NA,NA,NA,NA,NA,NA,NA,NA,NA,NA,NA,NA,NA,NA,NA,NA,NA,NA,NA,NA,NA,NA,NA,NA,NA,NA,NA,NA,NA,NA,NA
"1936648316","Herniaria fruticosa L.",38.354,-0.6094,"cdc,gass84,inmano","834c9918-f762-11e1-a439-00145eb45e9a","0363cbd4-f666-455e-8e86-0bbddcf51950","2a3f6a56-7591-4f05-8c4c-a1bb77aa4ea6","6c4a0bb0-2a4d-11d8-aa2d-b8a03c50a862","ES","EML","2026-04-18T01:37:27.366+00:00","2026-04-24T05:20:41.468+00:00",423,"PRESERVED_SPECIMEN",NA,"PRESENT",7769858,6,7707728,220,422,2518,3085796,7769858,7769858,"Herniaria fruticosa L.","Plantae","Tracheophyta","Caryophyllales","Caryophyllaceae","Herniaria","Herniaria fruticosa","Herniaria","fruticosa","SPECIES","ACCEPTED",NA,NA,NA,"EUROPE","Alicante",1997,5,6,"1997-05-06",126,126,NA,"2026-04-24T05:20:41.468+00:00","http://creativecommons.org/licenses/by-nc/4.0/legalcode",FALSE,"5c644a1e-20fe-11e3-9e2e-000c29035824","none","none",FALSE,"834c9918-f762-11e1-a439-00145eb45e9a",NA,"E. Camuñas & M.B. Crespo","none","WGS84","Magnoliopsida","ES","none","none","EUROPE","Spain","EUROPE","5c644a1e-20fe-11e3-9e2e-000c29035824","MA-01-00732332","0363cbd4-f666-455e-8e86-0bbddcf51950",NA,"MA","429","Fontcalent","1936648316","es","MA","5c644a1e-20fe-11e3-9e2e-000c29035824","Collection","Herniaria fruticosa L.",NA,NA,NA,"MA","Habitat: yesos","06051997",NA,NA,NA,NA,NA,NA,NA,NA,"17abcf75-2f1e-46dd-bf75-a5b21dd02655",NA,NA,NA,NA,NA,NA,NA,NA,NA,NA,NA,NA,NA,"7769858",NA,NA,NA,NA,NA,NA,"MA",NA,NA,NA,NA,NA,NA,"MA-732332-1","c9242793-20fe-11e3-9e2e-000c29035824",NA,NA,NA,NA,NA,NA,NA,NA,NA,NA,NA,NA,NA,NA,NA,NA,NA,NA,NA
"318113555","Herniaria fruticosa L.",38.35,-0.64,"cdc,gass84,osiic,colmafu,inmafu","835852b2-f762-11e1-a439-00145eb45e9a","30b36805-4849-4abb-a39c-01b3a7fa3f2e","2a3f6a56-7591-4f05-8c4c-a1bb77aa4ea6","6c4a0bb0-2a4d-11d8-aa2d-b8a03c50a862","ES","EML","2026-04-18T01:37:27.890+00:00","2026-04-24T04:48:15.082+00:00",354,"PRESERVED_SPECIMEN",1,"PRESENT",7769858,6,7707728,220,422,2518,3085796,7769858,7769858,"Herniaria fruticosa L.","Plantae","Tracheophyta","Caryophyllales","Caryophyllaceae","Herniaria","Herniaria fruticosa","Herniaria","fruticosa","SPECIES","ACCEPTED",707,240,0,"EUROPE","Alicante",1997,6,10,"1997-06-10",161,161,"2016-09-02T13:04:50.000+00:00","2026-04-24T04:48:15.082+00:00","http://creativecommons.org/licenses/by/4.0/legalcode",FALSE,"173EFAE8-0B28-447E-A1F8-0EE681F0F1CE","none","none",FALSE,NA,NA,"M.B.Crespo, A.Juan, M.J.Gras & E.Camuñas","none","WGS84","Magnoliopsida","ES","none","none","EUROPE","Spain","EUROPE","173EFAE8-0B28-447E-A1F8-0EE681F0F1CE","36405-1",NA,NA,"ABH","360","Monforte del Cid","318113555",NA,"ABH","173EFAE8-0B28-447E-A1F8-0EE681F0F1CE",NA,"Herniaria fruticosa L.","8aa53465-012a-4394-bc5a-5f99beee1ce7","189e886d-b24c-4f29-8ee3-3827e567e7df",NA,"ABH",NA,"10/6/1997",NA,NA,NA,NA,NA,NA,NA,NA,NA,NA,NA,NA,NA,NA,NA,NA,NA,NA,NA,NA,NA,NA,NA,NA,NA,NA,NA,NA,NA,NA,NA,NA,NA,NA,NA,NA,NA,NA,NA,NA,NA,NA,NA,NA,NA,NA,NA,NA,NA,NA,NA,NA,NA,NA,NA,NA,NA
"318113558","Herniaria fruticosa L.",38.37,-0.64,"cdc,gass84,osiic,colmafu,inmafu","835852b2-f762-11e1-a439-00145eb45e9a","30b36805-4849-4abb-a39c-01b3a7fa3f2e","2a3f6a56-7591-4f05-8c4c-a1bb77aa4ea6","6c4a0bb0-2a4d-11d8-aa2d-b8a03c50a862","ES","EML","2026-04-18T01:37:27.890+00:00","2026-04-24T04:49:34.804+00:00",354,"PRESERVED_SPECIMEN",1,"PRESENT",7769858,6,7707728,220,422,2518,3085796,7769858,7769858,"Herniaria fruticosa L.","Plantae","Tracheophyta","Caryophyllales","Caryophyllaceae","Herniaria","Herniaria fruticosa","Herniaria","fruticosa","SPECIES","ACCEPTED",707,280,0,"EUROPE","Alicante",1997,6,10,"1997-06-10",161,161,"2016-09-06T13:56:30.000+00:00","2026-04-24T04:49:34.804+00:00","http://creativecommons.org/licenses/by/4.0/legalcode",FALSE,"3A334258-18E7-4041-B5D1-88D5EF4EC02C","none","none",FALSE,NA,NA,"E.Camuñas, M.B.Crespo, A.Juan & M.J.Gras","none","WGS84","Magnoliopsida","ES","none","none","EUROPE","Spain","EUROPE","3A334258-18E7-4041-B5D1-88D5EF4EC02C","36492-1",NA,NA,"ABH","360","Alicante; Sierra de las Águilas","318113558",NA,"ABH","3A334258-18E7-4041-B5D1-88D5EF4EC02C",NA,"Herniaria fruticosa L.","8aa53465-012a-4394-bc5a-5f99beee1ce7","189e886d-b24c-4f29-8ee3-3827e567e7df",NA,"ABH",NA,"10/6/1997",NA,NA,NA,NA,NA,NA,NA,NA,NA,NA,NA,NA,NA,NA,NA,NA,NA,NA,NA,NA,NA,NA,NA,NA,NA,NA,NA,NA,NA,NA,NA,NA,NA,NA,NA,NA,NA,NA,NA,NA,NA,NA,NA,NA,NA,NA,NA,NA,NA,NA,NA,NA,NA,NA,NA,NA,NA
"1936276713","Herniaria fruticosa L.",40.195375,-2.653414,"cdc,cdround,gass84,txmathi,inmano","834c9918-f762-11e1-a439-00145eb45e9a","0363cbd4-f666-455e-8e86-0bbddcf51950","2a3f6a56-7591-4f05-8c4c-a1bb77aa4ea6","6c4a0bb0-2a4d-11d8-aa2d-b8a03c50a862","ES","EML","2026-04-18T01:37:27.366+00:00","2026-04-24T05:21:03.064+00:00",423,"PRESERVED_SPECIMEN",NA,"PRESENT",7769858,6,7707728,220,422,2518,3085796,7769858,7769858,"Herniaria fruticosa L.","Plantae","Tracheophyta","Caryophyllales","Caryophyllaceae","Herniaria","Herniaria fruticosa","Herniaria","fruticosa","SPECIES","ACCEPTED",NA,NA,NA,"EUROPE","Cuenca",1997,6,29,"1997-06-29",180,180,NA,"2026-04-24T05:21:03.064+00:00","http://creativecommons.org/licenses/by-nc/4.0/legalcode",FALSE,"fe2248bf-7d38-42be-86e5-b59b7e0f28cd","none","none",FALSE,"834c9918-f762-11e1-a439-00145eb45e9a",NA,"Hernández Palacios, G.","none","WGS84","Magnoliopsida","ES","none","none","EUROPE","Spain","EUROPE","fe2248bf-7d38-42be-86e5-b59b7e0f28cd","MA-01-00866777","0363cbd4-f666-455e-8e86-0bbddcf51950",NA,"MA","429","Huete","1936276713","es","MA","fe2248bf-7d38-42be-86e5-b59b7e0f28cd","Collection","Herniaria fruticosa L.",NA,NA,NA,"MA","Habitat: comunidades de aljezar","29/06/1997",NA,NA,NA,NA,"Hernández Palacios, G.",NA,NA,NA,"17abcf75-2f1e-46dd-bf75-a5b21dd02655",NA,NA,NA,NA,NA,NA,NA,NA,NA,NA,NA,NA,NA,"7769858",NA,NA,NA,NA,NA,NA,"MA",NA,NA,NA,NA,NA,NA,"MA-866777-1","b8c1abb1-1882-4a92-9445-5216f23810ea",NA,NA,NA,NA,NA,NA,NA,NA,NA,NA,NA,NA,NA,NA,NA,NA,NA,NA,NA
"211646892","Herniaria fruticosa L.",38.019,-1.172,"cdc,gass84,cdpi,colmano,inmafu","96b9eec4-f762-11e1-a439-00145eb45e9a","eba6daa8-0281-479e-aa2d-d78a2614db93","2a3f6a56-7591-4f05-8c4c-a1bb77aa4ea6","6c4a0bb0-2a4d-11d8-aa2d-b8a03c50a862","ES","EML","2026-04-17T22:02:24.702+00:00","2026-04-24T08:46:50.962+00:00",360,"PRESERVED_SPECIMEN",NA,"PRESENT",7769858,6,7707728,220,422,2518,3085796,7769858,7769858,"Herniaria fruticosa L.","Plantae","Tracheophyta","Caryophyllales","Caryophyllaceae","Herniaria","Herniaria fruticosa","Herniaria","fruticosa","SPECIES","ACCEPTED",NA,1,0,"EUROPE","Mu",1997,12,17,"1997-12-17",351,351,NA,"2026-04-24T08:46:50.962+00:00","http://creativecommons.org/licenses/by-nc/4.0/legalcode",FALSE,"211646892","none","none",FALSE,NA,NA,"M. A. Carrión","none","WGS84","Magnoliopsida","ES","none","none","EUROPE","Spain","EUROPE",NA,"104537-1",NA,NA,"MUB","366","Murcia; Campus de Espinardo","211646892",NA,"SURESTE","211646892",NA,"Herniaria fruticosa L.","0d3bc86d-03b3-4475-b018-67c8c79d97cd",NA,NA,"MUB",NA,NA,NA,NA,NA,NA,"P. Sánchez-Gómez",NA,NA,NA,NA,NA,NA,NA,NA,NA,NA,NA,NA,NA,NA,NA,NA,NA,NA,NA,NA,NA,NA,0,0,NA,NA,NA,NA,NA,NA,NA,NA,NA,NA,NA,NA,NA,NA,NA,NA,NA,NA,NA,NA,NA,NA,NA,NA,NA,NA,NA,NA
"318113363","Herniaria fruticosa L.",38.4,-1.01,"cdc,gass84,osiic,colmafu,inmafu","835852b2-f762-11e1-a439-00145eb45e9a","30b36805-4849-4abb-a39c-01b3a7fa3f2e","2a3f6a56-7591-4f05-8c4c-a1bb77aa4ea6","6c4a0bb0-2a4d-11d8-aa2d-b8a03c50a862","ES","EML","2026-04-18T01:37:27.890+00:00","2026-04-24T04:49:27.210+00:00",354,"PRESERVED_SPECIMEN",1,"PRESENT",7769858,6,7707728,220,422,2518,3085796,7769858,7769858,"Herniaria fruticosa L.","Plantae","Tracheophyta","Caryophyllales","Caryophyllaceae","Herniaria","Herniaria fruticosa","Herniaria","fruticosa","SPECIES","ACCEPTED",707,550,0,"EUROPE","Alicante",1996,5,2,"1996-05-02",123,123,"2016-08-03T12:11:09.000+00:00","2026-04-24T04:49:27.210+00:00","http://creativecommons.org/licenses/by/4.0/legalcode",FALSE,"7C8DA722-509C-45F3-8CD1-3B6C73435CC3","none","none",TRUE,NA,NA,"A.Navarro","none","WGS84","Magnoliopsida","ES","none","none","EUROPE","Spain","EUROPE","7C8DA722-509C-45F3-8CD1-3B6C73435CC3","17193-1",NA,NA,"ABH","360","Pinoso; cerro de la Sal","318113363",NA,"ABH","7C8DA722-509C-45F3-8CD1-3B6C73435CC3",NA,"Herniaria fruticosa L.","8aa53465-012a-4394-bc5a-5f99beee1ce7","189e886d-b24c-4f29-8ee3-3827e567e7df",NA,"ABH",NA,"2/5/1996",NA,NA,NA,NA,NA,NA,NA,NA,NA,NA,NA,NA,NA,NA,NA,NA,NA,NA,NA,NA,NA,NA,NA,NA,NA,NA,NA,NA,NA,NA,NA,NA,NA,NA,NA,NA,NA,NA,NA,NA,NA,NA,NA,NA,NA,NA,NA,NA,NA,NA,NA,NA,NA,NA,NA,NA,NA
"318113495","Herniaria fruticosa subsp. erecta (Willk.) Batt.",37.96,-0.79,"cdc,gass84,osiic,colmafu,inmafu","835852b2-f762-11e1-a439-00145eb45e9a","30b36805-4849-4abb-a39c-01b3a7fa3f2e","2a3f6a56-7591-4f05-8c4c-a1bb77aa4ea6","6c4a0bb0-2a4d-11d8-aa2d-b8a03c50a862","ES","EML","2026-04-18T01:37:27.890+00:00","2026-04-24T04:49:50.237+00:00",354,"PRESERVED_SPECIMEN",1,"PRESENT",7922689,6,7707728,220,422,2518,3085796,7769858,7769858,"Herniaria fruticosa L.","Plantae","Tracheophyta","Caryophyllales","Caryophyllaceae","Herniaria","Herniaria fruticosa","Herniaria","fruticosa","SUBSPECIES","SYNONYM",707,100,0,"EUROPE","Alicante",1996,5,31,"1996-05-31",152,152,"2016-09-02T13:06:03.000+00:00","2026-04-24T04:49:50.237+00:00","http://creativecommons.org/licenses/by/4.0/legalcode",FALSE,"8CB1DF41-1EBB-4E9C-A742-0DA3B721984A","none","none",FALSE,NA,NA,"S.Espinar & al.","none","WGS84","Magnoliopsida","ES","none","none","EUROPE","Spain","EUROPE","8CB1DF41-1EBB-4E9C-A742-0DA3B721984A","31827-1",NA,NA,"ABH","360","Orihuela; Dehesa de Campoamor","318113495",NA,"ABH","8CB1DF41-1EBB-4E9C-A742-0DA3B721984A",NA,"Herniaria fruticosa subsp. erecta (Willk.) Batt.","8aa53465-012a-4394-bc5a-5f99beee1ce7","189e886d-b24c-4f29-8ee3-3827e567e7df",NA,"ABH",NA,"31/5/1996",NA,NA,NA,NA,NA,NA,NA,NA,NA,NA,NA,NA,NA,NA,NA,NA,NA,NA,NA,NA,NA,NA,NA,NA,NA,NA,"var. erecta Willk.",NA,NA,NA,NA,NA,NA,NA,NA,NA,NA,NA,NA,NA,NA,"erecta",NA,NA,NA,NA,NA,NA,NA,NA,NA,NA,NA,NA,NA,NA,NA
"318113474","Herniaria fruticosa L.",38.65,-0.91,"cdc,gass84,osiic,colmafu,inmafu","835852b2-f762-11e1-a439-00145eb45e9a","30b36805-4849-4abb-a39c-01b3a7fa3f2e","2a3f6a56-7591-4f05-8c4c-a1bb77aa4ea6","6c4a0bb0-2a4d-11d8-aa2d-b8a03c50a862","ES","EML","2026-04-18T01:37:27.890+00:00","2026-04-24T04:48:14.112+00:00",354,"PRESERVED_SPECIMEN",1,"PRESENT",7769858,6,7707728,220,422,2518,3085796,7769858,7769858,"Herniaria fruticosa L.","Plantae","Tracheophyta","Caryophyllales","Caryophyllaceae","Herniaria","Herniaria fruticosa","Herniaria","fruticosa","SPECIES","ACCEPTED",707,520,0,"EUROPE","Alicante",1996,6,9,"1996-06-09",161,161,"2016-08-31T10:24:34.000+00:00","2026-04-24T04:48:14.112+00:00","http://creativecommons.org/licenses/by/4.0/legalcode",FALSE,"59EA7F90-247F-4AEA-A964-7FF1EF57E4F9","none","none",TRUE,NA,NA,"L.Serra","none","WGS84","Magnoliopsida","ES","none","none","EUROPE","Spain","EUROPE","59EA7F90-247F-4AEA-A964-7FF1EF57E4F9","30095-1",NA,NA,"ABH","360","Villena; El Salero","318113474",NA,"ABH","59EA7F90-247F-4AEA-A964-7FF1EF57E4F9",NA,"Herniaria fruticosa L.","8aa53465-012a-4394-bc5a-5f99beee1ce7","189e886d-b24c-4f29-8ee3-3827e567e7df",NA,"ABH",NA,"9/6/1996",NA,NA,NA,NA,NA,NA,NA,NA,NA,NA,NA,NA,NA,NA,NA,NA,NA,NA,NA,NA,NA,NA,NA,NA,NA,NA,NA,NA,NA,NA,NA,NA,NA,NA,NA,NA,NA,NA,NA,NA,NA,NA,NA,NA,NA,NA,NA,NA,NA,NA,NA,NA,NA,NA,NA,NA,NA
"895290576","Herniaria fruticosa L.",39.06,-1.09,"cdc,gass84,colmafu,inmafu","834a4794-f762-11e1-a439-00145eb45e9a","8209258a-80e8-4094-aba2-a3febe5ed45b","2a3f6a56-7591-4f05-8c4c-a1bb77aa4ea6","6c4a0bb0-2a4d-11d8-aa2d-b8a03c50a862","ES","EML","2026-04-18T01:37:24.691+00:00","2026-04-24T10:27:19.943+00:00",375,"PRESERVED_SPECIMEN",NA,"PRESENT",7769858,6,7707728,220,422,2518,3085796,7769858,7769858,"Herniaria fruticosa L.","Plantae","Tracheophyta","Caryophyllales","Caryophyllaceae","Herniaria","Herniaria fruticosa","Herniaria","fruticosa","SPECIES","ACCEPTED",7071,560,0,"EUROPE","València",1996,6,28,"1996-06-28",180,180,"2025-11-03T14:20:45.000+00:00","2026-04-24T10:27:19.943+00:00","http://creativecommons.org/licenses/by-nc/4.0/legalcode",FALSE,"A19A2FEB-B4E1-4E21-A139-A3A76F873A63","none","none",TRUE,NA,"Colección de plantas vasculares del herbario de la Universitat de València (VAL)","Marín Campos","none","WGS84","Magnoliopsida","ES","none","none","EUROPE","Spain","EUROPE","A19A2FEB-B4E1-4E21-A139-A3A76F873A63","98551-1","https://www.gbif.org/publisher/8209258a-80e8-4094-aba2-a3febe5ed45b",NA,"VAL","391","Ayora; alrededores, hacia Teresa de Cofren","895290576","es","VAL","A19A2FEB-B4E1-4E21-A139-A3A76F873A63","PhysicalObject","Herniaria fruticosa L.","c645b060-c130-45ee-97ab-b9fc94393523","6ceb64b5-0201-4a27-bcdb-8d62035e35d5","Pliego","VAL","margas yesosas","28/06/1996","Ayora (Vall de Cofrents-Aiora)","in collection",NA,NA,NA,NA,NA,NA,NA,NA,NA,NA,NA,NA,NA,NA,NA,NA,NA,NA,NA,NA,NA,NA,NA,NA,"ex VAB-962801",NA,NA,NA,NA,NA,NA,NA,NA,NA,NA,NA,NA,NA,NA,NA,NA,NA,NA,NA,NA,NA,NA,NA,NA,NA,NA,NA,NA,NA,NA
"1050634728","Herniaria fruticosa L.",42.33,-1.69,"cdc,gass84,mdativ,cdpi,osiic,colmano,inmafu","9f6f3c1c-b8b2-4d1d-be3e-36217e1cb9b8","4c91866b-3c2e-4568-aca0-3ab0a1c1a45e","2a3f6a56-7591-4f05-8c4c-a1bb77aa4ea6","6c4a0bb0-2a4d-11d8-aa2d-b8a03c50a862","ES","EML","2026-04-17T17:25:51.802+00:00","2026-04-24T02:23:49.288+00:00",432,"PRESERVED_SPECIMEN",1,"PRESENT",7769858,6,7707728,220,422,2518,3085796,7769858,7769858,"Herniaria fruticosa L.","Plantae","Tracheophyta","Caryophyllales","Caryophyllaceae","Herniaria","Herniaria fruticosa","Herniaria","fruticosa","SPECIES","ACCEPTED",NA,342.5,2.5,"EUROPE","Navarra",1996,6,14,"1996-06-14",166,166,NA,"2026-04-24T02:23:49.288+00:00","http://creativecommons.org/licenses/by-nc/4.0/legalcode",FALSE,"VIT:VIT-Vasculares:70935-1","none","none",FALSE,NA,NA,"I. BIURRUN & A. DARQUISTADE","none","WGS84","Magnoliopsida","ES","none","none","EUROPE","Spain","EUROPE","VIT:VIT-Vasculares:70935-1","70935-1",NA,NA,"VIT","438","Caparroso; Entre Marcilla y Caparroso","1050634728",NA,"VIT-Vasculares","VIT:VIT-Vasculares:70935-1",NA,"Herniaria fruticosa L.","a4c92107-b55e-433c-8db1-6c0dfe31eace",NA,"Herbarium specimen",NA,NA,NA,NA,NA,NA,NA,NA,NA,NA,NA,NA,NA,NA,NA,NA,NA,NA,NA,NA,NA,NA,NA,NA,NA,NA,NA,NA,NA,"Intercambio BIO (2003); Matorral de Helianthemetum squamati",NA,NA,NA,NA,NA,NA,NA,NA,NA,NA,NA,NA,NA,NA,NA,NA,NA,NA,NA,NA,NA,NA,NA,NA,NA,NA,NA,NA,NA,NA
"1936571773","Herniaria fruticosa L.",42.4948,-0.4823,"cdc,gass84,inmano","834c9918-f762-11e1-a439-00145eb45e9a","0363cbd4-f666-455e-8e86-0bbddcf51950","2a3f6a56-7591-4f05-8c4c-a1bb77aa4ea6","6c4a0bb0-2a4d-11d8-aa2d-b8a03c50a862","ES","EML","2026-04-18T01:37:27.366+00:00","2026-04-24T05:20:30.990+00:00",423,"PRESERVED_SPECIMEN",NA,"PRESENT",7769858,6,7707728,220,422,2518,3085796,7769858,7769858,"Herniaria fruticosa L.","Plantae","Tracheophyta","Caryophyllales","Caryophyllaceae","Herniaria","Herniaria fruticosa","Herniaria","fruticosa","SPECIES","ACCEPTED",NA,NA,NA,"EUROPE","Zaragoza",1996,6,27,"1996-06-27",179,179,NA,"2026-04-24T05:20:30.990+00:00","http://creativecommons.org/licenses/by-nc/4.0/legalcode",FALSE,"56127fd9-20fe-11e3-9e2e-000c29035824","none","none",FALSE,"834c9918-f762-11e1-a439-00145eb45e9a",NA,"Almaraz, T. & Alvarez, I.","none","WGS84","Magnoliopsida","ES","none","none","EUROPE","Spain","EUROPE","56127fd9-20fe-11e3-9e2e-000c29035824","MA-01-00648207","0363cbd4-f666-455e-8e86-0bbddcf51950",NA,"MA","429","Villafranca de Ebro, Los Monegros, carretera de Osera a Monegrillos Km. 10","1936571773","es","MA","56127fd9-20fe-11e3-9e2e-000c29035824","Collection","Herniaria fruticosa L.",NA,NA,NA,"MA","Habitat: romerales yesíferos con Lygeum spartium","27061996",NA,NA,NA,NA,NA,"IA992",NA,NA,"17abcf75-2f1e-46dd-bf75-a5b21dd02655",NA,NA,NA,NA,NA,NA,NA,NA,NA,NA,NA,NA,NA,"7769858",NA,NA,NA,NA,NA,NA,"MA",NA,NA,NA,NA,NA,NA,"MA-648207-1","c3a596bb-20fe-11e3-9e2e-000c29035824",NA,NA,NA,NA,NA,NA,NA,NA,NA,NA,NA,NA,NA,NA,NA,NA,NA,NA,NA
"3829884997","Herniaria fruticosa L.",42.3288796,-1.6912044,"cdc,cdrep,inmano","834dcb62-f762-11e1-a439-00145eb45e9a","e8fb330c-5750-4698-afba-5438618af521","2a3f6a56-7591-4f05-8c4c-a1bb77aa4ea6","6c4a0bb0-2a4d-11d8-aa2d-b8a03c50a862","ES","EML","2026-04-18T01:37:26.846+00:00","2026-04-24T06:43:53.212+00:00",400,"PRESERVED_SPECIMEN",NA,"PRESENT",7769858,6,7707728,220,422,2518,3085796,7769858,7769858,"Herniaria fruticosa L.","Plantae","Tracheophyta","Caryophyllales","Caryophyllaceae","Herniaria","Herniaria fruticosa","Herniaria","fruticosa","SPECIES","ACCEPTED",707,340,0,"EUROPE","Nafarroa",1996,6,14,"1996-06-14",166,166,"2021-06-08T10:49:06.000+00:00","2026-04-24T06:43:53.212+00:00","http://creativecommons.org/licenses/by-nc/4.0/legalcode",FALSE,"B5FCA327-341D-4C26-08F9-38A82EEAA1EF","none","none",FALSE,"doi:10.15468/xtjld4","Herbario BIO de Plantas Vasculares (BIO), Universidad del Pais Vasco (UPV/EHU)","I. Biurrun|A. Darquistade","none","WGS84","Magnoliopsida","ES","none","none","EUROPE","Spain","EUROPE","B5FCA327-341D-4C26-08F9-38A82EEAA1EF","24193-1","e8fb330c-5750-4698-afba-5438618af521","ICBN","Universidad del Pais Vasco (UPV/EHU)","406","Caparroso","3829884997","es | en","BIO","B5FCA327-341D-4C26-08F9-38A82EEAA1EF","PhysicalObject","Herniaria fruticosa L.",NA,NA,"Pliego","BIO","Matorral del Helianthemetum squamati","14/06/1996",NA,"in collection",NA,NA,"I. Biurrun|A. Darquistade",NA,NA,NA,NA,NA,NA,NA,NA,NA,NA,NA,NA,NA,NA,NA,NA,NA,NA,NA,NA,NA,NA,NA,NA,NA,NA,NA,NA,NA,NA,NA,NA,NA,NA,NA,NA,NA,NA,NA,NA,NA,NA,NA,NA,NA,NA,NA,NA,NA,NA,NA,NA
"318113413","Herniaria fruticosa L.",38.54,-0.86,"cdc,gass84,osiic,colmafu,inmafu","835852b2-f762-11e1-a439-00145eb45e9a","30b36805-4849-4abb-a39c-01b3a7fa3f2e","2a3f6a56-7591-4f05-8c4c-a1bb77aa4ea6","6c4a0bb0-2a4d-11d8-aa2d-b8a03c50a862","ES","EML","2026-04-18T01:37:27.890+00:00","2026-04-24T04:47:52.488+00:00",354,"PRESERVED_SPECIMEN",1,"PRESENT",7769858,6,7707728,220,422,2518,3085796,7769858,7769858,"Herniaria fruticosa L.","Plantae","Tracheophyta","Caryophyllales","Caryophyllaceae","Herniaria","Herniaria fruticosa","Herniaria","fruticosa","SPECIES","ACCEPTED",707,560,0,"EUROPE","Alicante",1996,7,9,"1996-07-09",191,191,"2016-08-05T13:23:01.000+00:00","2026-04-24T04:47:52.488+00:00","http://creativecommons.org/licenses/by/4.0/legalcode",FALSE,"AC724056-8430-4D10-B3EA-BB4A485B599F","none","none",FALSE,NA,NA,"L.Serra","none","WGS84","Magnoliopsida","ES","none","none","EUROPE","Spain","EUROPE","AC724056-8430-4D10-B3EA-BB4A485B599F","19941-1",NA,NA,"ABH","360","Sax; lomas de la Tejera","318113413",NA,"ABH","AC724056-8430-4D10-B3EA-BB4A485B599F",NA,"Herniaria fruticosa L.","8aa53465-012a-4394-bc5a-5f99beee1ce7","189e886d-b24c-4f29-8ee3-3827e567e7df",NA,"ABH",NA,"9/7/1996",NA,NA,NA,NA,NA,NA,NA,NA,NA,NA,NA,NA,NA,NA,NA,NA,NA,NA,NA,NA,NA,NA,NA,NA,NA,NA,"yesos",NA,NA,NA,NA,NA,NA,NA,NA,NA,NA,NA,NA,NA,NA,NA,NA,NA,NA,NA,NA,NA,NA,NA,NA,NA,NA,NA,NA,NA,NA
"318113508","Herniaria fruticosa L.",38.37,-1.02,"cdc,gass84,osiic,colmafu,inmafu","835852b2-f762-11e1-a439-00145eb45e9a","30b36805-4849-4abb-a39c-01b3a7fa3f2e","2a3f6a56-7591-4f05-8c4c-a1bb77aa4ea6","6c4a0bb0-2a4d-11d8-aa2d-b8a03c50a862","ES","EML","2026-04-18T01:37:27.890+00:00","2026-04-24T04:48:49.841+00:00",354,"PRESERVED_SPECIMEN",1,"PRESENT",7769858,6,7707728,220,422,2518,3085796,7769858,7769858,"Herniaria fruticosa L.","Plantae","Tracheophyta","Caryophyllales","Caryophyllaceae","Herniaria","Herniaria fruticosa","Herniaria","fruticosa","SPECIES","ACCEPTED",707,700,0,"EUROPE","Alicante",1996,7,10,"1996-07-10",192,192,"2016-08-03T12:11:13.000+00:00","2026-04-24T04:48:49.841+00:00","http://creativecommons.org/licenses/by/4.0/legalcode",FALSE,"70AE011E-B91C-40B2-918B-3A1F4E358CD8","none","none",FALSE,NA,NA,"A.Navarro & J.C.Cristóbal","none","WGS84","Magnoliopsida","ES","none","none","EUROPE","Spain","EUROPE","70AE011E-B91C-40B2-918B-3A1F4E358CD8","32769-1",NA,NA,"ABH","360","Pinoso; cerro de la Sal","318113508",NA,"ABH","70AE011E-B91C-40B2-918B-3A1F4E358CD8",NA,"Herniaria fruticosa L.","8aa53465-012a-4394-bc5a-5f99beee1ce7","189e886d-b24c-4f29-8ee3-3827e567e7df",NA,"ABH",NA,"10/7/1996",NA,NA,NA,NA,NA,NA,NA,NA,NA,NA,NA,NA,NA,NA,NA,NA,NA,NA,NA,NA,NA,NA,NA,NA,NA,NA,NA,NA,NA,NA,NA,NA,NA,NA,NA,NA,NA,NA,NA,NA,NA,NA,NA,NA,NA,NA,NA,NA,NA,NA,NA,NA,NA,NA,NA,NA,NA
"318113566","Herniaria fruticosa L.",37.96,-0.79,"cdc,gass84,osiic,colmafu,inmafu","835852b2-f762-11e1-a439-00145eb45e9a","30b36805-4849-4abb-a39c-01b3a7fa3f2e","2a3f6a56-7591-4f05-8c4c-a1bb77aa4ea6","6c4a0bb0-2a4d-11d8-aa2d-b8a03c50a862","ES","EML","2026-04-18T01:37:27.890+00:00","2026-04-24T04:49:52.349+00:00",354,"PRESERVED_SPECIMEN",1,"PRESENT",7769858,6,7707728,220,422,2518,3085796,7769858,7769858,"Herniaria fruticosa L.","Plantae","Tracheophyta","Caryophyllales","Caryophyllaceae","Herniaria","Herniaria fruticosa","Herniaria","fruticosa","SPECIES","ACCEPTED",707,100,0,"EUROPE","Alicante",1996,11,12,"1996-11-12",317,317,"2016-09-02T13:05:07.000+00:00","2026-04-24T04:49:52.349+00:00","http://creativecommons.org/licenses/by/4.0/legalcode",FALSE,"7EF2AACF-B323-4CE3-9591-4B29CB1461DE","none","none",FALSE,NA,NA,"S.Espinar & J.C.Cristóbal","none","WGS84","Magnoliopsida","ES","none","none","EUROPE","Spain","EUROPE","7EF2AACF-B323-4CE3-9591-4B29CB1461DE","36986-1",NA,NA,"ABH","360","San Miguel de Salinas","318113566",NA,"ABH","7EF2AACF-B323-4CE3-9591-4B29CB1461DE",NA,"Herniaria fruticosa L.","8aa53465-012a-4394-bc5a-5f99beee1ce7","189e886d-b24c-4f29-8ee3-3827e567e7df",NA,"ABH",NA,"12/11/1996",NA,NA,NA,NA,NA,NA,NA,NA,NA,NA,NA,NA,NA,NA,NA,NA,NA,NA,NA,NA,NA,NA,NA,NA,NA,NA,NA,NA,NA,NA,NA,NA,NA,NA,NA,NA,NA,NA,NA,NA,NA,NA,NA,NA,NA,NA,NA,NA,NA,NA,NA,NA,NA,NA,NA,NA,NA
"895228946","Herniaria fruticosa L.",41.41,-2.22,"cdc,gass84,colmafu,inmafu","834a4794-f762-11e1-a439-00145eb45e9a","8209258a-80e8-4094-aba2-a3febe5ed45b","2a3f6a56-7591-4f05-8c4c-a1bb77aa4ea6","6c4a0bb0-2a4d-11d8-aa2d-b8a03c50a862","ES","EML","2026-04-18T01:37:24.691+00:00","2026-04-24T10:27:01.676+00:00",375,"PRESERVED_SPECIMEN",NA,"PRESENT",7769858,6,7707728,220,422,2518,3085796,7769858,7769858,"Herniaria fruticosa L.","Plantae","Tracheophyta","Caryophyllales","Caryophyllaceae","Herniaria","Herniaria fruticosa","Herniaria","fruticosa","SPECIES","ACCEPTED",7071,810,0,"EUROPE","Soria",1995,5,25,"1995-05-25",145,145,"2025-11-03T14:20:45.000+00:00","2026-04-24T10:27:01.676+00:00","http://creativecommons.org/licenses/by-nc/4.0/legalcode",FALSE,"17C8245D-7DBB-463F-93BD-0D4325B1534E","none","none",FALSE,NA,"Colección de plantas vasculares del herbario de la Universitat de València (VAL)","A. Martínez","none","WGS84","Magnoliopsida","ES","none","none","EUROPE","Spain","EUROPE","17C8245D-7DBB-463F-93BD-0D4325B1534E","214172-1","https://www.gbif.org/publisher/8209258a-80e8-4094-aba2-a3febe5ed45b",NA,"VAL","391","Monteagudo de las Vicarías, embalse","895228946","es","VAL","17C8245D-7DBB-463F-93BD-0D4325B1534E","PhysicalObject","Herniaria fruticosa L.","c645b060-c130-45ee-97ab-b9fc94393523","6ceb64b5-0201-4a27-bcdb-8d62035e35d5","Pliego","VAL",NA,"25051995","Monteagudo de las Vicarías","in collection",NA,NA,NA,NA,NA,NA,NA,NA,NA,NA,NA,NA,NA,NA,NA,NA,NA,NA,NA,NA,NA,NA,NA,NA,"Herbari d'Alfredo Martínez Cabeza",NA,NA,NA,NA,NA,NA,NA,NA,NA,NA,NA,NA,NA,NA,NA,NA,NA,NA,NA,NA,NA,NA,NA,NA,NA,NA,NA,NA,NA,NA
"895280448","Herniaria fruticosa L.",40.93,-0.21,"cdc,gass84,colmafu,inmafu","834a4794-f762-11e1-a439-00145eb45e9a","8209258a-80e8-4094-aba2-a3febe5ed45b","2a3f6a56-7591-4f05-8c4c-a1bb77aa4ea6","6c4a0bb0-2a4d-11d8-aa2d-b8a03c50a862","ES","EML","2026-04-18T01:37:24.691+00:00","2026-04-24T10:27:10.081+00:00",375,"PRESERVED_SPECIMEN",NA,"PRESENT",7769858,6,7707728,220,422,2518,3085796,7769858,7769858,"Herniaria fruticosa L.","Plantae","Tracheophyta","Caryophyllales","Caryophyllaceae","Herniaria","Herniaria fruticosa","Herniaria","fruticosa","SPECIES","ACCEPTED",7071,400,0,"EUROPE","Teruel",1994,2,13,"1994-02-13",44,44,"2025-11-03T14:20:45.000+00:00","2026-04-24T10:27:10.081+00:00","http://creativecommons.org/licenses/by-nc/4.0/legalcode",FALSE,"43001585-9063-4F2A-B09E-396D68D4647D","none","none",FALSE,NA,"Colección de plantas vasculares del herbario de la Universitat de València (VAL)","C. Fabregat, S. López Udias","none","WGS84","Magnoliopsida","ES","none","none","EUROPE","Spain","EUROPE","43001585-9063-4F2A-B09E-396D68D4647D","84686-1","https://www.gbif.org/publisher/8209258a-80e8-4094-aba2-a3febe5ed45b",NA,"VAL","391","Calanda; pr. La Herradura","895280448","es","VAL","43001585-9063-4F2A-B09E-396D68D4647D","PhysicalObject","Herniaria fruticosa L.","c645b060-c130-45ee-97ab-b9fc94393523","6ceb64b5-0201-4a27-bcdb-8d62035e35d5","Pliego","VAL",NA,"13/02/1994","Calanda (Bajo Aragón)","in collection",NA,NA,NA,NA,NA,NA,NA,NA,NA,NA,NA,NA,NA,NA,NA,NA,NA,NA,NA,NA,NA,NA,NA,NA,"ex VAB-942506",NA,NA,NA,NA,NA,NA,NA,NA,NA,NA,NA,NA,NA,NA,NA,NA,NA,NA,NA,NA,NA,NA,NA,NA,NA,NA,NA,NA,NA,NA
"30870254","Herniaria fruticosa L.",36.83,-2.54,"cdc,gass84,osiic,colmafu,inmafu","8353c5bc-f762-11e1-a439-00145eb45e9a","857b3f90-230f-474d-9559-6f740efadbba","2a3f6a56-7591-4f05-8c4c-a1bb77aa4ea6","6c4a0bb0-2a4d-11d8-aa2d-b8a03c50a862","ES","EML","2026-04-18T01:37:26.992+00:00","2026-04-24T05:11:38.209+00:00",339,"PRESERVED_SPECIMEN",1,"PRESENT",7769858,6,7707728,220,422,2518,3085796,7769858,7769858,"Herniaria fruticosa L.","Plantae","Tracheophyta","Caryophyllales","Caryophyllaceae","Herniaria","Herniaria fruticosa","Herniaria","fruticosa","SPECIES","ACCEPTED",707,250,0,"EUROPE","ALMERíA",1994,4,22,"1994-04-22",112,112,"2017-09-12T09:30:31.000+00:00","2026-04-24T05:11:38.209+00:00","http://creativecommons.org/licenses/by/4.0/legalcode",FALSE,"0BA462E5-6D79-4D55-A285-4F4A8C99EAD0","none","none",FALSE,NA,"ardín Botánico de Córdoba: Herbarium COA","A. Pujadas","none","WGS84","Magnoliopsida","ES","none","none","EUROPE","Spain","EUROPE","0BA462E5-6D79-4D55-A285-4F4A8C99EAD0","18757-1",NA,NA,"COA","345","Barranco El Palmer","30870254","es","COA","0BA462E5-6D79-4D55-A285-4F4A8C99EAD0","PhysicalObject","Herniaria fruticosa L.","d9c5994e-45c4-4f46-8579-50f60f174d10","54dc0fad-9516-42b4-b1e7-b43d5b7281f1",NA,"COA",NA,"22/ IV /1994",NA,NA,NA,NA,"A. Pujadas",NA,NA,NA,NA,NA,NA,NA,NA,NA,NA,NA,NA,NA,NA,NA,NA,NA,NA,NA,NA,NA,NA,NA,NA,NA,NA,NA,NA,NA,NA,NA,NA,NA,NA,NA,NA,NA,NA,NA,NA,NA,NA,NA,NA,NA,NA,NA,NA,NA,NA,NA,NA
"895280467","Herniaria fruticosa L.",41.11,-0.2,"cdc,gass84,colmafu,inmafu","834a4794-f762-11e1-a439-00145eb45e9a","8209258a-80e8-4094-aba2-a3febe5ed45b","2a3f6a56-7591-4f05-8c4c-a1bb77aa4ea6","6c4a0bb0-2a4d-11d8-aa2d-b8a03c50a862","ES","EML","2026-04-18T01:37:24.691+00:00","2026-04-24T10:26:56.250+00:00",375,"PRESERVED_SPECIMEN",NA,"PRESENT",7769858,6,7707728,220,422,2518,3085796,7769858,7769858,"Herniaria fruticosa L.","Plantae","Tracheophyta","Caryophyllales","Caryophyllaceae","Herniaria","Herniaria fruticosa","Herniaria","fruticosa","SPECIES","ACCEPTED",7071,450,0,"EUROPE","Teruel",1994,4,24,"1994-04-24",114,114,"2025-11-03T14:20:45.000+00:00","2026-04-24T10:26:56.250+00:00","http://creativecommons.org/licenses/by-nc/4.0/legalcode",FALSE,"08761823-B974-427B-B567-AC3E9E6FD7FF","none","none",FALSE,NA,"Colección de plantas vasculares del herbario de la Universitat de València (VAL)","C. Fabregat, S. López Udias","none","WGS84","Magnoliopsida","ES","none","none","EUROPE","Spain","EUROPE","08761823-B974-427B-B567-AC3E9E6FD7FF","84775-1","https://www.gbif.org/publisher/8209258a-80e8-4094-aba2-a3febe5ed45b",NA,"VAL","391","Alcañiz; pr. Collado de la Villanzona","895280467","es","VAL","08761823-B974-427B-B567-AC3E9E6FD7FF","PhysicalObject","Herniaria fruticosa L.","c645b060-c130-45ee-97ab-b9fc94393523","6ceb64b5-0201-4a27-bcdb-8d62035e35d5","Pliego","VAL",NA,"24/04/1994","Alcañiz (Bajo Aragón)","in collection",NA,NA,NA,NA,NA,NA,NA,NA,NA,NA,NA,NA,NA,NA,NA,NA,NA,NA,NA,NA,NA,NA,NA,NA,"ex VAB-942597",NA,NA,NA,NA,NA,NA,NA,NA,NA,NA,NA,NA,NA,NA,NA,NA,NA,NA,NA,NA,NA,NA,NA,NA,NA,NA,NA,NA,NA,NA
"318113854","Herniaria fruticosa L.",38.62,-0.89,"cdc,gass84,osiic,colmafu,inmafu","835852b2-f762-11e1-a439-00145eb45e9a","30b36805-4849-4abb-a39c-01b3a7fa3f2e","2a3f6a56-7591-4f05-8c4c-a1bb77aa4ea6","6c4a0bb0-2a4d-11d8-aa2d-b8a03c50a862","ES","EML","2026-04-18T01:37:27.890+00:00","2026-04-24T04:49:02.464+00:00",354,"PRESERVED_SPECIMEN",1,"PRESENT",7769858,6,7707728,220,422,2518,3085796,7769858,7769858,"Herniaria fruticosa L.","Plantae","Tracheophyta","Caryophyllales","Caryophyllaceae","Herniaria","Herniaria fruticosa","Herniaria","fruticosa","SPECIES","ACCEPTED",707,500,0,"EUROPE","Alicante",1994,5,3,"1994-05-03",123,123,"2016-08-01T13:53:32.000+00:00","2026-04-24T04:49:02.464+00:00","http://creativecommons.org/licenses/by/4.0/legalcode",FALSE,"140CE5E0-AECD-4AA8-9ACC-06A9929D9A15","none","none",FALSE,NA,NA,"M.A.Alonso & M.D.Vargas","none","WGS84","Magnoliopsida","ES","none","none","EUROPE","Spain","EUROPE","140CE5E0-AECD-4AA8-9ACC-06A9929D9A15","8914-1",NA,NA,"ABH","360","Villena; ermita de San Bartolomé","318113854",NA,"ABH","140CE5E0-AECD-4AA8-9ACC-06A9929D9A15",NA,"Herniaria fruticosa L.","8aa53465-012a-4394-bc5a-5f99beee1ce7","189e886d-b24c-4f29-8ee3-3827e567e7df",NA,"ABH",NA,"3/5/1994",NA,NA,NA,NA,NA,NA,NA,NA,NA,NA,NA,NA,NA,NA,NA,NA,NA,NA,NA,NA,NA,NA,NA,NA,NA,NA,NA,NA,NA,NA,NA,NA,NA,NA,NA,NA,NA,NA,NA,NA,NA,NA,NA,NA,NA,NA,NA,NA,NA,NA,NA,NA,NA,NA,NA,NA,NA
"318113276","Herniaria fruticosa var. erecta Willk.",38.26,-0.85,"cdc,gass84,osiic,colmafu,inmafu","835852b2-f762-11e1-a439-00145eb45e9a","30b36805-4849-4abb-a39c-01b3a7fa3f2e","2a3f6a56-7591-4f05-8c4c-a1bb77aa4ea6","6c4a0bb0-2a4d-11d8-aa2d-b8a03c50a862","ES","EML","2026-04-18T01:37:27.890+00:00","2026-04-24T04:49:01.934+00:00",354,"PRESERVED_SPECIMEN",1,"PRESENT",7578391,6,7707728,220,422,2518,3085796,7769858,7769858,"Herniaria fruticosa L.","Plantae","Tracheophyta","Caryophyllales","Caryophyllaceae","Herniaria","Herniaria fruticosa","Herniaria","fruticosa","VARIETY","SYNONYM",707,400,0,"EUROPE","Alicante",1994,6,1,"1994-06-01",152,152,"2016-09-02T13:04:11.000+00:00","2026-04-24T04:49:01.934+00:00","http://creativecommons.org/licenses/by/4.0/legalcode",FALSE,"C23D7752-1F0A-4D7D-ADE9-027C8BC2FF63","none","none",FALSE,NA,NA,"M.Vicedo, A.de la Torre & M.A.Alonso","none","WGS84","Magnoliopsida","ES","none","none","EUROPE","Spain","EUROPE","C23D7752-1F0A-4D7D-ADE9-027C8BC2FF63","10775-1",NA,NA,"ABH","360","Crevillente","318113276",NA,"ABH","C23D7752-1F0A-4D7D-ADE9-027C8BC2FF63",NA,"Herniaria fruticosa var. erecta Willk.","8aa53465-012a-4394-bc5a-5f99beee1ce7","189e886d-b24c-4f29-8ee3-3827e567e7df",NA,"ABH",NA,"1/6/1994",NA,NA,NA,NA,NA,NA,NA,NA,NA,NA,NA,NA,NA,NA,NA,NA,NA,NA,NA,NA,NA,NA,NA,NA,NA,NA,NA,NA,NA,NA,NA,NA,NA,NA,NA,NA,NA,NA,NA,NA,NA,"erecta",NA,NA,NA,NA,NA,NA,NA,NA,NA,NA,NA,NA,NA,NA,NA
"318113303","Herniaria fruticosa L.",40.17,-3.61,"cdc,gass84,txmathi,osiic,colmafu,inmafu","835852b2-f762-11e1-a439-00145eb45e9a","30b36805-4849-4abb-a39c-01b3a7fa3f2e","2a3f6a56-7591-4f05-8c4c-a1bb77aa4ea6","6c4a0bb0-2a4d-11d8-aa2d-b8a03c50a862","ES","EML","2026-04-18T01:37:27.890+00:00","2026-04-24T04:49:37.719+00:00",354,"PRESERVED_SPECIMEN",1,"PRESENT",7769858,6,7707728,220,422,2518,3085796,7769858,7769858,"Herniaria fruticosa L.","Plantae","Tracheophyta","Caryophyllales","Caryophyllaceae","Herniaria","Herniaria fruticosa","Herniaria","fruticosa","SPECIES","ACCEPTED",707,530,0,"EUROPE","Madrid",1994,6,11,"1994-06-11",162,162,"2016-08-02T12:12:55.000+00:00","2026-04-24T04:49:37.719+00:00","http://creativecommons.org/licenses/by/4.0/legalcode",FALSE,"2F49F23C-8906-4A72-A3FD-F64F2AF2CBFB","none","none",FALSE,NA,NA,"V.J.Arán & M.J.Tohá","none","WGS84","Magnoliopsida","ES","none","none","EUROPE","Spain","EUROPE","2F49F23C-8906-4A72-A3FD-F64F2AF2CBFB","13256-1",NA,NA,"ABH","360","Valdemoro; Ciempozuelos, prox.","318113303",NA,"ABH","2F49F23C-8906-4A72-A3FD-F64F2AF2CBFB",NA,"Herniaria fruticosa L.","8aa53465-012a-4394-bc5a-5f99beee1ce7","189e886d-b24c-4f29-8ee3-3827e567e7df",NA,"ABH",NA,"11/6/1994",NA,NA,NA,NA,NA,NA,NA,NA,NA,NA,NA,NA,NA,NA,NA,NA,NA,NA,NA,NA,NA,NA,NA,NA,NA,NA,"ex dupla VAB",NA,NA,NA,NA,NA,NA,NA,NA,NA,NA,NA,NA,NA,NA,NA,NA,NA,NA,NA,NA,NA,NA,NA,NA,NA,NA,NA,NA,NA,NA
"318113870","Herniaria fruticosa L.",38.44,-0.77,"cdc,gass84,txmathi,osiic,colmafu,inmafu","835852b2-f762-11e1-a439-00145eb45e9a","30b36805-4849-4abb-a39c-01b3a7fa3f2e","2a3f6a56-7591-4f05-8c4c-a1bb77aa4ea6","6c4a0bb0-2a4d-11d8-aa2d-b8a03c50a862","ES","EML","2026-04-18T01:37:27.890+00:00","2026-04-24T04:49:20.480+00:00",354,"PRESERVED_SPECIMEN",1,"PRESENT",7769858,6,7707728,220,422,2518,3085796,7769858,7769858,"Herniaria fruticosa L.","Plantae","Tracheophyta","Caryophyllales","Caryophyllaceae","Herniaria","Herniaria fruticosa","Herniaria","fruticosa","SPECIES","ACCEPTED",707,470,0,"EUROPE","Alicante",1994,6,5,"1994-06-05",156,156,"2016-09-02T14:47:58.000+00:00","2026-04-24T04:49:20.480+00:00","http://creativecommons.org/licenses/by/4.0/legalcode",FALSE,"86050D04-2329-4E35-A43D-17A0F67FFF32","none","none",FALSE,NA,NA,"A.Juan & I.Juan","none","WGS84","Magnoliopsida","ES","none","none","EUROPE","Spain","EUROPE","86050D04-2329-4E35-A43D-17A0F67FFF32","9499-1",NA,NA,"ABH","360","Petrel; Salinetas","318113870",NA,"ABH","86050D04-2329-4E35-A43D-17A0F67FFF32",NA,"Herniaria fruticosa L.","8aa53465-012a-4394-bc5a-5f99beee1ce7","189e886d-b24c-4f29-8ee3-3827e567e7df",NA,"ABH",NA,"5/6/1994",NA,NA,NA,NA,NA,NA,NA,NA,NA,NA,NA,NA,NA,NA,NA,NA,NA,NA,NA,NA,NA,NA,NA,NA,NA,NA,NA,NA,NA,NA,NA,NA,NA,NA,NA,NA,NA,NA,NA,NA,NA,NA,NA,NA,NA,NA,NA,NA,NA,NA,NA,NA,NA,NA,NA,NA,NA
"895282224","Herniaria fruticosa L.",40.15,-3.65,"cdc,gass84,colmafu,inmafu","834a4794-f762-11e1-a439-00145eb45e9a","8209258a-80e8-4094-aba2-a3febe5ed45b","2a3f6a56-7591-4f05-8c4c-a1bb77aa4ea6","6c4a0bb0-2a4d-11d8-aa2d-b8a03c50a862","ES","EML","2026-04-18T01:37:24.691+00:00","2026-04-24T10:27:25.454+00:00",375,"PRESERVED_SPECIMEN",NA,"PRESENT",7769858,6,7707728,220,422,2518,3085796,7769858,7769858,"Herniaria fruticosa L.","Plantae","Tracheophyta","Caryophyllales","Caryophyllaceae","Herniaria","Herniaria fruticosa","Herniaria","fruticosa","SPECIES","ACCEPTED",7071,530,0,"EUROPE","Madrid",1994,6,11,"1994-06-11",162,162,"2025-11-03T14:20:45.000+00:00","2026-04-24T10:27:25.454+00:00","http://creativecommons.org/licenses/by-nc/4.0/legalcode",FALSE,"FB51649B-1E6B-4A17-8A8E-64B8ED181736","none","none",FALSE,NA,"Colección de plantas vasculares del herbario de la Universitat de València (VAL)","Arán","none","WGS84","Magnoliopsida","ES","none","none","EUROPE","Spain","EUROPE","FB51649B-1E6B-4A17-8A8E-64B8ED181736","87108-1","https://www.gbif.org/publisher/8209258a-80e8-4094-aba2-a3febe5ed45b",NA,"VAL","391","Valdemoro; pr. Ciempozuelos","895282224","es","VAL","FB51649B-1E6B-4A17-8A8E-64B8ED181736","PhysicalObject","Herniaria fruticosa L.","c645b060-c130-45ee-97ab-b9fc94393523","6ceb64b5-0201-4a27-bcdb-8d62035e35d5","Pliego","VAL",NA,"11/06/1994",NA,"in collection",NA,NA,NA,NA,NA,NA,NA,NA,NA,NA,NA,NA,NA,NA,NA,NA,NA,NA,NA,NA,NA,NA,NA,NA,"ex VAB-944936",NA,NA,NA,NA,NA,NA,NA,NA,NA,NA,NA,NA,NA,NA,NA,NA,NA,NA,NA,NA,NA,NA,NA,NA,NA,NA,NA,NA,NA,NA
"318113284","Herniaria fruticosa L.",40.38,-1.08,"cdc,gass84,osiic,colmafu,inmafu","835852b2-f762-11e1-a439-00145eb45e9a","30b36805-4849-4abb-a39c-01b3a7fa3f2e","2a3f6a56-7591-4f05-8c4c-a1bb77aa4ea6","6c4a0bb0-2a4d-11d8-aa2d-b8a03c50a862","ES","EML","2026-04-18T01:37:27.890+00:00","2026-04-24T04:49:03.563+00:00",354,"PRESERVED_SPECIMEN",1,"PRESENT",7769858,6,7707728,220,422,2518,3085796,7769858,7769858,"Herniaria fruticosa L.","Plantae","Tracheophyta","Caryophyllales","Caryophyllaceae","Herniaria","Herniaria fruticosa","Herniaria","fruticosa","SPECIES","ACCEPTED",707,1000,0,"EUROPE","Teruel",1994,7,6,"1994-07-06",187,187,"2016-09-02T14:57:01.000+00:00","2026-04-24T04:49:03.563+00:00","http://creativecommons.org/licenses/by/4.0/legalcode",FALSE,"BE6421CE-40ED-42F6-99D9-EF1C675E8E9E","none","none",FALSE,NA,NA,"M.B.Crespo, L.Serra, E.Camuñas, L.Rull & al.","none","WGS84","Magnoliopsida","ES","none","none","EUROPE","Spain","EUROPE","BE6421CE-40ED-42F6-99D9-EF1C675E8E9E","11871-1",NA,NA,"ABH","360","Teruel; hacia Tortajada","318113284",NA,"ABH","BE6421CE-40ED-42F6-99D9-EF1C675E8E9E",NA,"Herniaria fruticosa L.","8aa53465-012a-4394-bc5a-5f99beee1ce7","189e886d-b24c-4f29-8ee3-3827e567e7df",NA,"ABH",NA,"6/7/1994",NA,NA,NA,NA,NA,NA,NA,NA,NA,NA,NA,NA,NA,NA,NA,NA,NA,NA,NA,NA,NA,NA,NA,NA,NA,NA,NA,NA,NA,NA,NA,NA,NA,NA,NA,NA,NA,NA,NA,NA,NA,NA,NA,NA,NA,NA,NA,NA,NA,NA,NA,NA,NA,NA,NA,NA,NA
"4529441411","Herniaria fruticosa L.",42.316839,3.303378,"cdc,cdround,cdpi,inmano","a4b7c71e-fc73-434e-a008-d63c222179d0","7b4f2f30-a456-11d9-8049-b8a03c50a862","2a3f6a56-7591-4f05-8c4c-a1bb77aa4ea6","6c4a0bb0-2a4d-11d8-aa2d-b8a03c50a862","ES","EML","2026-04-17T15:02:28.711+00:00","2026-04-24T02:24:16.285+00:00",415,"PRESERVED_SPECIMEN",NA,"PRESENT",7769858,6,7707728,220,422,2518,3085796,7769858,7769858,"Herniaria fruticosa L.","Plantae","Tracheophyta","Caryophyllales","Caryophyllaceae","Herniaria","Herniaria fruticosa","Herniaria","fruticosa","SPECIES","ACCEPTED",NA,NA,NA,"EUROPE",NA,1994,9,10,"1994-09-10",253,253,"2024-01-08T00:00:00.000+00:00","2026-04-24T02:24:16.285+00:00","http://creativecommons.org/licenses/by-nc/4.0/legalcode",FALSE,"BDBC-C.2236.0.17700.10263","none","none",FALSE,"doi:10.15470/fzwiiu","FloraCAT: Banco de datos de los cormófitos de Cataluña","J. Font, HGI-7555, * 3","none","WGS84","Magnoliopsida","ES","none","none","EUROPE","Spain","EUROPE","BDBC-C.2236.0.17700.10263","HGI-7555",NA,NA,"BDBC","421","CADAQUÃˆS, al cap de Creus prop del far ensorrat; CADAQUÃˆS; Alt EmpordÃ ","4529441411","es","BDBC-Floracat","BDBC-C.2236.0.17700.10263","Dataset","Herniaria fruticosa L.",NA,NA,NA,NA,NA,NA,NA,NA,NA,"BDBC","J. Font",NA,NA,NA,NA,NA,NA,NA,NA,NA,NA,NA,NA,"original","Generalitat de Catalunya","Catalonia","UTM","{""percentNN"":0.9779,""countNN"":354,""distanceNN"":0.09}","C001530","Herniaria fruticosa","C001530","Herbari de l'Universitat de Girona. (2021). Plecs Herbari HGI. Herbari de Girona",NA,NA,NA,NA,NA,NA,NA,NA,NA,NA,NA,NA,NA,NA,NA,NA,NA,NA,NA,NA,NA,NA,NA,NA,NA,NA,NA,NA,NA,NA,NA
"318113826","Herniaria fruticosa L.",38.42,-0.74,"cdc,gass84,txmathi,osiic,colmafu,inmafu","835852b2-f762-11e1-a439-00145eb45e9a","30b36805-4849-4abb-a39c-01b3a7fa3f2e","2a3f6a56-7591-4f05-8c4c-a1bb77aa4ea6","6c4a0bb0-2a4d-11d8-aa2d-b8a03c50a862","ES","EML","2026-04-18T01:37:27.890+00:00","2026-04-24T04:49:45.519+00:00",354,"PRESERVED_SPECIMEN",1,"PRESENT",7769858,6,7707728,220,422,2518,3085796,7769858,7769858,"Herniaria fruticosa L.","Plantae","Tracheophyta","Caryophyllales","Caryophyllaceae","Herniaria","Herniaria fruticosa","Herniaria","fruticosa","SPECIES","ACCEPTED",707,430,0,"EUROPE","Alicante",1993,5,23,"1993-05-23",143,143,"2016-09-06T13:50:09.000+00:00","2026-04-24T04:49:45.519+00:00","http://creativecommons.org/licenses/by/4.0/legalcode",FALSE,"70A00CC5-2B43-4094-8F89-0B0674D440AF","none","none",FALSE,NA,NA,"A.Juan","none","WGS84","Magnoliopsida","ES","none","none","EUROPE","Spain","EUROPE","70A00CC5-2B43-4094-8F89-0B0674D440AF","6971-1",NA,NA,"ABH","360","Novelda; Sierra del Cid","318113826",NA,"ABH","70A00CC5-2B43-4094-8F89-0B0674D440AF",NA,"Herniaria fruticosa L.","8aa53465-012a-4394-bc5a-5f99beee1ce7","189e886d-b24c-4f29-8ee3-3827e567e7df",NA,"ABH",NA,"23/5/1993",NA,NA,NA,NA,NA,NA,NA,NA,NA,NA,NA,NA,NA,NA,NA,NA,NA,NA,NA,NA,NA,NA,NA,NA,NA,NA,NA,NA,NA,NA,NA,NA,NA,NA,NA,NA,NA,NA,NA,NA,NA,NA,NA,NA,NA,NA,NA,NA,NA,NA,NA,NA,NA,NA,NA,NA,NA
"318113754","Herniaria fruticosa L.",38.51,-0.88,"cdc,gass84,osiic,colmafu,inmafu","835852b2-f762-11e1-a439-00145eb45e9a","30b36805-4849-4abb-a39c-01b3a7fa3f2e","2a3f6a56-7591-4f05-8c4c-a1bb77aa4ea6","6c4a0bb0-2a4d-11d8-aa2d-b8a03c50a862","ES","EML","2026-04-18T01:37:27.890+00:00","2026-04-24T04:48:31.236+00:00",354,"PRESERVED_SPECIMEN",1,"PRESENT",7769858,6,7707728,220,422,2518,3085796,7769858,7769858,"Herniaria fruticosa L.","Plantae","Tracheophyta","Caryophyllales","Caryophyllaceae","Herniaria","Herniaria fruticosa","Herniaria","fruticosa","SPECIES","ACCEPTED",7071,560,0,"EUROPE","Alicante",1993,6,13,"1993-06-13",164,164,"2016-09-02T13:05:44.000+00:00","2026-04-24T04:48:31.236+00:00","http://creativecommons.org/licenses/by/4.0/legalcode",FALSE,"CEB98F90-E5CF-47C9-815C-232523936366","none","none",TRUE,NA,NA,"L.Serra","none","WGS84","Magnoliopsida","ES","none","none","EUROPE","Spain","EUROPE","CEB98F90-E5CF-47C9-815C-232523936366","5261-1",NA,NA,"ABH","360","Villena; Cabezos de la Torba","318113754",NA,"ABH","CEB98F90-E5CF-47C9-815C-232523936366",NA,"Herniaria fruticosa L.","8aa53465-012a-4394-bc5a-5f99beee1ce7","189e886d-b24c-4f29-8ee3-3827e567e7df",NA,"ABH",NA,"13/6/1993",NA,NA,NA,NA,NA,NA,NA,NA,NA,NA,NA,NA,NA,NA,NA,NA,NA,NA,NA,NA,NA,NA,NA,NA,NA,NA,"Matorrales secos gipsicolas",NA,NA,NA,NA,NA,NA,NA,NA,NA,NA,NA,NA,NA,NA,NA,NA,NA,NA,NA,NA,NA,NA,NA,NA,NA,NA,NA,NA,NA,NA
"318113756","Herniaria fruticosa L.",38.42,-0.77,"cdc,gass84,osiic,colmafu,inmafu","835852b2-f762-11e1-a439-00145eb45e9a","30b36805-4849-4abb-a39c-01b3a7fa3f2e","2a3f6a56-7591-4f05-8c4c-a1bb77aa4ea6","6c4a0bb0-2a4d-11d8-aa2d-b8a03c50a862","ES","EML","2026-04-18T01:37:27.890+00:00","2026-04-24T04:49:51.035+00:00",354,"PRESERVED_SPECIMEN",1,"PRESENT",7769858,6,7707728,220,422,2518,3085796,7769858,7769858,"Herniaria fruticosa L.","Plantae","Tracheophyta","Caryophyllales","Caryophyllaceae","Herniaria","Herniaria fruticosa","Herniaria","fruticosa","SPECIES","ACCEPTED",7071,360,0,"EUROPE","Alicante",1993,6,13,"1993-06-13",164,164,"2016-08-03T12:11:01.000+00:00","2026-04-24T04:49:51.035+00:00","http://creativecommons.org/licenses/by/4.0/legalcode",FALSE,"76604CC8-D03F-47B7-8844-09EB4B15AD64","none","none",TRUE,NA,NA,"L.Serra","none","WGS84","Magnoliopsida","ES","none","none","EUROPE","Spain","EUROPE","76604CC8-D03F-47B7-8844-09EB4B15AD64","5297-1",NA,NA,"ABH","360","Novelda; cerro de la Mola","318113756",NA,"ABH","76604CC8-D03F-47B7-8844-09EB4B15AD64",NA,"Herniaria fruticosa L.","8aa53465-012a-4394-bc5a-5f99beee1ce7","189e886d-b24c-4f29-8ee3-3827e567e7df",NA,"ABH",NA,"13/6/1993",NA,NA,NA,NA,NA,NA,NA,NA,NA,NA,NA,NA,NA,NA,NA,NA,NA,NA,NA,NA,NA,NA,NA,NA,NA,NA,"Matorrales secos gipsicolas",NA,NA,NA,NA,NA,NA,NA,NA,NA,NA,NA,NA,NA,NA,NA,NA,NA,NA,NA,NA,NA,NA,NA,NA,NA,NA,NA,NA,NA,NA
"318113843","Herniaria fruticosa var. erecta Willk.",38.28,-0.82,"cdc,gass84,osiic,colmafu,inmafu","835852b2-f762-11e1-a439-00145eb45e9a","30b36805-4849-4abb-a39c-01b3a7fa3f2e","2a3f6a56-7591-4f05-8c4c-a1bb77aa4ea6","6c4a0bb0-2a4d-11d8-aa2d-b8a03c50a862","ES","EML","2026-04-18T01:37:27.890+00:00","2026-04-24T04:48:37.997+00:00",354,"PRESERVED_SPECIMEN",1,"PRESENT",7578391,6,7707728,220,422,2518,3085796,7769858,7769858,"Herniaria fruticosa L.","Plantae","Tracheophyta","Caryophyllales","Caryophyllaceae","Herniaria","Herniaria fruticosa","Herniaria","fruticosa","VARIETY","SYNONYM",707,450,0,"EUROPE","Alicante",1993,8,31,"1993-08-31",243,243,"2016-09-06T13:55:33.000+00:00","2026-04-24T04:48:37.997+00:00","http://creativecommons.org/licenses/by/4.0/legalcode",FALSE,"9980B9BB-D339-4ED5-BCBA-703A8BF36864","none","none",TRUE,NA,NA,"A.de la Torre & col.","none","WGS84","Magnoliopsida","ES","none","none","EUROPE","Spain","EUROPE","9980B9BB-D339-4ED5-BCBA-703A8BF36864","8015-1",NA,NA,"ABH","360","Crevillente; Sierra de Crevillente, yesos","318113843",NA,"ABH","9980B9BB-D339-4ED5-BCBA-703A8BF36864",NA,"Herniaria fruticosa var. erecta Willk.","8aa53465-012a-4394-bc5a-5f99beee1ce7","189e886d-b24c-4f29-8ee3-3827e567e7df",NA,"ABH",NA,"31/8/1993",NA,NA,NA,NA,NA,NA,NA,NA,NA,NA,NA,NA,NA,NA,NA,NA,NA,NA,NA,NA,NA,NA,NA,NA,NA,NA,NA,NA,NA,NA,NA,NA,NA,NA,NA,NA,NA,NA,NA,NA,NA,"erecta",NA,NA,NA,NA,NA,NA,NA,NA,NA,NA,NA,NA,NA,NA,NA
"895237665","Herniaria fruticosa L.",41.38,0.07,"cdc,gass84,colmafu,inmafu","834a4794-f762-11e1-a439-00145eb45e9a","8209258a-80e8-4094-aba2-a3febe5ed45b","2a3f6a56-7591-4f05-8c4c-a1bb77aa4ea6","6c4a0bb0-2a4d-11d8-aa2d-b8a03c50a862","ES","EML","2026-04-18T01:37:24.691+00:00","2026-04-24T10:27:18.699+00:00",375,"PRESERVED_SPECIMEN",NA,"PRESENT",7769858,6,7707728,220,422,2518,3085796,7769858,7769858,"Herniaria fruticosa L.","Plantae","Tracheophyta","Caryophyllales","Caryophyllaceae","Herniaria","Herniaria fruticosa","Herniaria","fruticosa","SPECIES","ACCEPTED",7071,180,0,"EUROPE","Huesca",1992,5,8,"1992-05-08",129,129,"2025-11-03T14:20:45.000+00:00","2026-04-24T10:27:18.699+00:00","http://creativecommons.org/licenses/by-nc/4.0/legalcode",FALSE,"A8043F8E-A52A-41A6-8017-4E12381E8967","none","none",FALSE,NA,"Colección de plantas vasculares del herbario de la Universitat de València (VAL)","A. Aguilella","none","WGS84","Magnoliopsida","ES","none","none","EUROPE","Spain","EUROPE","A8043F8E-A52A-41A6-8017-4E12381E8967","25317-1","https://www.gbif.org/publisher/8209258a-80e8-4094-aba2-a3febe5ed45b",NA,"VAL","391","Fraga, pr. Candasnos, La Valcuerna, junto al refugio de pescadores","895237665","es","VAL","A8043F8E-A52A-41A6-8017-4E12381E8967","PhysicalObject","Herniaria fruticosa L.","c645b060-c130-45ee-97ab-b9fc94393523","6ceb64b5-0201-4a27-bcdb-8d62035e35d5","Pliego","VAL",NA,"08051992","Fraga (Bajo Cinca)","in collection",NA,NA,"J. Fabado",NA,"7915-AAP",NA,NA,NA,NA,NA,NA,NA,NA,"2022-11-01T00:00:00",NA,NA,NA,NA,NA,NA,NA,NA,NA,NA,NA,NA,NA,NA,NA,NA,NA,NA,NA,NA,NA,NA,NA,NA,NA,NA,NA,NA,NA,NA,NA,NA,NA,NA,NA,NA,NA,NA,NA,NA,NA
"1936425570","Herniaria fruticosa L.",41.9691,-2.0358,"cdc,gass84,inmano","834c9918-f762-11e1-a439-00145eb45e9a","0363cbd4-f666-455e-8e86-0bbddcf51950","2a3f6a56-7591-4f05-8c4c-a1bb77aa4ea6","6c4a0bb0-2a4d-11d8-aa2d-b8a03c50a862","ES","EML","2026-04-18T01:37:27.366+00:00","2026-04-24T05:20:12.715+00:00",423,"PRESERVED_SPECIMEN",NA,"PRESENT",7769858,6,7707728,220,422,2518,3085796,7769858,7769858,"Herniaria fruticosa L.","Plantae","Tracheophyta","Caryophyllales","Caryophyllaceae","Herniaria","Herniaria fruticosa","Herniaria","fruticosa","SPECIES","ACCEPTED",NA,NA,NA,"EUROPE","La Rioja",1992,7,24,"1992-07-24",206,206,NA,"2026-04-24T05:20:12.715+00:00","http://creativecommons.org/licenses/by-nc/4.0/legalcode",FALSE,"4bea8507-20fe-11e3-9e2e-000c29035824","none","none",FALSE,"834c9918-f762-11e1-a439-00145eb45e9a",NA,"M. L. Gil Zúñiga & J. A. Alejandre","none","WGS84","Magnoliopsida","ES","none","none","EUROPE","Spain","EUROPE","4bea8507-20fe-11e3-9e2e-000c29035824","MA-01-00533835","0363cbd4-f666-455e-8e86-0bbddcf51950",NA,"MA","429","Aguilar de Río Alhama, Sierra de Tormo","1936425570","es","MA","4bea8507-20fe-11e3-9e2e-000c29035824","Collection","Herniaria fruticosa L.",NA,NA,NA,"MA","Habitat: laderas desertizados y erosionadas al pie de roquedos verticales, sustrato algo salinizado","24071992",NA,NA,NA,NA,NA,NA,NA,NA,"17abcf75-2f1e-46dd-bf75-a5b21dd02655",NA,NA,NA,NA,NA,NA,NA,NA,NA,NA,NA,NA,NA,"7769858",NA,NA,NA,NA,NA,NA,"MA",NA,NA,NA,NA,NA,NA,"MA-533835-1","bb646a24-20fe-11e3-9e2e-000c29035824",NA,NA,NA,NA,NA,NA,NA,NA,NA,NA,NA,NA,NA,NA,NA,NA,NA,NA,NA
"318113390","Herniaria fruticosa L.",37.98,-1.24,"cdc,gass84,osiic,colmafu,inmafu","835852b2-f762-11e1-a439-00145eb45e9a","30b36805-4849-4abb-a39c-01b3a7fa3f2e","2a3f6a56-7591-4f05-8c4c-a1bb77aa4ea6","6c4a0bb0-2a4d-11d8-aa2d-b8a03c50a862","ES","EML","2026-04-18T01:37:27.890+00:00","2026-04-24T04:49:11.522+00:00",354,"PRESERVED_SPECIMEN",1,"PRESENT",7769858,6,7707728,220,422,2518,3085796,7769858,7769858,"Herniaria fruticosa L.","Plantae","Tracheophyta","Caryophyllales","Caryophyllaceae","Herniaria","Herniaria fruticosa","Herniaria","fruticosa","SPECIES","ACCEPTED",7071,NA,NA,"EUROPE","Murcia",1992,8,7,"1992-08-07",220,220,"2016-11-02T10:37:00.000+00:00","2026-04-24T04:49:11.522+00:00","http://creativecommons.org/licenses/by/4.0/legalcode",FALSE,"8EE5B80D-B3E8-484A-8DF3-0A08F50C61C9","none","none",FALSE,NA,NA,"A.de la Torre","none","WGS84","Magnoliopsida","ES","none","none","EUROPE","Spain","EUROPE","8EE5B80D-B3E8-484A-8DF3-0A08F50C61C9","1877-1",NA,NA,"ABH","360","Alcantarilla","318113390",NA,"ABH","8EE5B80D-B3E8-484A-8DF3-0A08F50C61C9",NA,"Herniaria fruticosa L.","8aa53465-012a-4394-bc5a-5f99beee1ce7","189e886d-b24c-4f29-8ee3-3827e567e7df",NA,"ABH",NA,"7/8/1992",NA,NA,NA,NA,NA,NA,NA,NA,NA,NA,NA,NA,NA,NA,NA,NA,NA,NA,NA,NA,NA,NA,NA,NA,NA,NA,"UTM orientativa",NA,NA,NA,NA,NA,NA,NA,NA,NA,NA,NA,NA,NA,NA,NA,NA,NA,NA,NA,NA,NA,NA,NA,NA,NA,NA,NA,NA,NA,NA
"895274048","Herniaria fruticosa L.",41.77,-1.5,"cdc,gass84,colmafu,inmafu","834a4794-f762-11e1-a439-00145eb45e9a","8209258a-80e8-4094-aba2-a3febe5ed45b","2a3f6a56-7591-4f05-8c4c-a1bb77aa4ea6","6c4a0bb0-2a4d-11d8-aa2d-b8a03c50a862","ES","EML","2026-04-18T01:37:24.691+00:00","2026-04-24T10:27:00.903+00:00",375,"PRESERVED_SPECIMEN",NA,"PRESENT",7769858,6,7707728,220,422,2518,3085796,7769858,7769858,"Herniaria fruticosa L.","Plantae","Tracheophyta","Caryophyllales","Caryophyllaceae","Herniaria","Herniaria fruticosa","Herniaria","fruticosa","SPECIES","ACCEPTED",7071,500,0,"EUROPE","Zaragoza",1991,4,21,"1991-04-21",111,111,"2025-11-03T14:20:45.000+00:00","2026-04-24T10:27:00.903+00:00","http://creativecommons.org/licenses/by-nc/4.0/legalcode",FALSE,"138DE264-8433-43AD-B88D-1DFAA9BE40CC","none","none",FALSE,NA,"Colección de plantas vasculares del herbario de la Universitat de València (VAL)","Moya López","none","WGS84","Magnoliopsida","ES","none","none","EUROPE","Spain","EUROPE","138DE264-8433-43AD-B88D-1DFAA9BE40CC","75910-1","https://www.gbif.org/publisher/8209258a-80e8-4094-aba2-a3febe5ed45b",NA,"VAL","391","Fuendejalón;","895274048","es","VAL","138DE264-8433-43AD-B88D-1DFAA9BE40CC","PhysicalObject","Herniaria fruticosa L.","c645b060-c130-45ee-97ab-b9fc94393523","6ceb64b5-0201-4a27-bcdb-8d62035e35d5","Pliego","VAL","matorral sobre yesos","21/04/1991","Fuendejalón (Campo de Borja)","in collection",NA,NA,NA,NA,NA,NA,NA,NA,NA,NA,NA,NA,NA,NA,NA,NA,NA,NA,NA,NA,NA,NA,NA,NA,"ex VAB-913453",NA,NA,NA,NA,NA,NA,NA,NA,NA,NA,NA,NA,NA,NA,NA,NA,NA,NA,NA,NA,NA,NA,NA,NA,NA,NA,NA,NA,NA,NA
"2996756178","Herniaria fruticosa L.",0,0,"cucdmis,gass84,iddativ,rdativ,zerocd,colmafu,inmafu","5c9a924c-8d45-4452-8604-415a118578aa","838537fc-4aeb-4980-8b58-97fbdcd1d91a","ecb15bdf-98de-4937-84f5-4f93ee9efc73","838537fc-4aeb-4980-8b58-97fbdcd1d91a","BR","EML","2026-05-02T08:30:38.552+00:00","2026-05-02T09:03:14.085+00:00",295,"PRESERVED_SPECIMEN",NA,"PRESENT",7769858,6,7707728,220,422,2518,3085796,7769858,7769858,"Herniaria fruticosa L.","Plantae","Tracheophyta","Caryophyllales","Caryophyllaceae","Herniaria","Herniaria fruticosa","Herniaria","fruticosa","SPECIES","ACCEPTED",NA,0,0,NA,NA,1991,5,1,"1991-05-01",121,121,NA,"2026-05-02T09:03:14.085+00:00","http://creativecommons.org/licenses/by/4.0/legalcode",FALSE,"3866201","none","none",TRUE,NA,NA,"Hartmann, U;et al.,Hartmann, U.","none","WGS84","Magnoliopsida","ES","none","none","EUROPE","Spain","LATIN_AMERICA","3866201","MBM231494",NA,NA,"MBM","296",NA,"2996756178",NA,"MBM","3866201",NA,"Herniaria fruticosa L.","b745abcd-45b2-4a84-a327-9298e795dbfb","d3b42067-b567-4d47-a136-bb5d52ed32fc",NA,NA,NA,"1991-5-1",NA,NA,NA,NA,"Nowak, B","59-0505",NA,NA,"4b0d8edb-7504-42c4-9349-63e86c01bf97","none",NA,NA,NA,NA,NA,NA,NA,NA,"MBM",NA,NA,NA,NA,NA,NA,"Herbário Virtual REFLORA Disponível em: http://herbariovirtualreflora.jbrj.gov.br/reflora/herbarioVirtual/ConsultaPublicoHVUC/ConsultaPublicoHVUC.do?idTestemunho=3866201",NA,NA,NA,NA,NA,NA,NA,NA,NA,NA,"MBM 231494",NA,NA,NA,NA,NA,NA,NA,NA,NA,NA,NA,NA,NA,NA,NA,NA,NA,NA,NA,NA
"895222897","Herniaria fruticosa L.",41.5,-1.5,"cdc,gass84,colmafu,inmafu","834a4794-f762-11e1-a439-00145eb45e9a","8209258a-80e8-4094-aba2-a3febe5ed45b","2a3f6a56-7591-4f05-8c4c-a1bb77aa4ea6","6c4a0bb0-2a4d-11d8-aa2d-b8a03c50a862","ES","EML","2026-04-18T01:37:24.691+00:00","2026-04-24T10:27:09.826+00:00",375,"PRESERVED_SPECIMEN",NA,"PRESENT",7769858,6,7707728,220,422,2518,3085796,7769858,7769858,"Herniaria fruticosa L.","Plantae","Tracheophyta","Caryophyllales","Caryophyllaceae","Herniaria","Herniaria fruticosa","Herniaria","fruticosa","SPECIES","ACCEPTED",7071,NA,NA,"EUROPE","Zaragoza",1991,6,12,"1991-06-12",163,163,"2025-11-03T14:20:45.000+00:00","2026-04-24T10:27:09.826+00:00","http://creativecommons.org/licenses/by-nc/4.0/legalcode",FALSE,"3B4F795C-4E56-435E-A971-DBDEA64A2295","none","none",FALSE,NA,"Colección de plantas vasculares del herbario de la Universitat de València (VAL)","A. Martínez","none","WGS84","Magnoliopsida","ES","none","none","EUROPE","Spain","EUROPE","3B4F795C-4E56-435E-A971-DBDEA64A2295","208348-1","https://www.gbif.org/publisher/8209258a-80e8-4094-aba2-a3febe5ed45b",NA,"VAL","391","Chodes","895222897","es","VAL","3B4F795C-4E56-435E-A971-DBDEA64A2295","PhysicalObject","Herniaria fruticosa L.","c645b060-c130-45ee-97ab-b9fc94393523","6ceb64b5-0201-4a27-bcdb-8d62035e35d5","Pliego","VAL",NA,"12061991","Chodes (Valdejalón)","in collection",NA,NA,NA,NA,NA,NA,NA,NA,NA,NA,NA,NA,NA,NA,NA,NA,NA,NA,NA,NA,NA,NA,NA,NA,"Herbari d'Alfredo Martínez Cabeza",NA,NA,NA,NA,NA,NA,NA,NA,NA,NA,NA,NA,NA,NA,NA,NA,NA,NA,NA,NA,NA,NA,NA,NA,NA,NA,NA,NA,NA,NA
"30870255","Herniaria fruticosa L.",37.38,-1.94,"cdc,gass84,osiic,colmafu,inmafu","8353c5bc-f762-11e1-a439-00145eb45e9a","857b3f90-230f-474d-9559-6f740efadbba","2a3f6a56-7591-4f05-8c4c-a1bb77aa4ea6","6c4a0bb0-2a4d-11d8-aa2d-b8a03c50a862","ES","EML","2026-04-18T01:37:26.992+00:00","2026-04-24T05:11:56.849+00:00",339,"PRESERVED_SPECIMEN",1,"PRESENT",7769858,6,7707728,220,422,2518,3085796,7769858,7769858,"Herniaria fruticosa L.","Plantae","Tracheophyta","Caryophyllales","Caryophyllaceae","Herniaria","Herniaria fruticosa","Herniaria","fruticosa","SPECIES","ACCEPTED",707,NA,NA,"EUROPE","ALMERíA",1990,4,11,"1990-04-11",101,101,"2017-09-12T09:30:31.000+00:00","2026-04-24T05:11:56.849+00:00","http://creativecommons.org/licenses/by/4.0/legalcode",FALSE,"99339AE9-732B-402B-9F1E-26DC73F9B2CE","none","none",FALSE,NA,"ardín Botánico de Córdoba: Herbarium COA","E. Martínez","none","WGS84","Magnoliopsida","ES","none","none","EUROPE","Spain","EUROPE","99339AE9-732B-402B-9F1E-26DC73F9B2CE","18758-1",NA,NA,"COA","345","Sierra Almagro, Huércal-Overa","30870255","es","COA","99339AE9-732B-402B-9F1E-26DC73F9B2CE","PhysicalObject","Herniaria fruticosa L.","d9c5994e-45c4-4f46-8579-50f60f174d10","54dc0fad-9516-42b4-b1e7-b43d5b7281f1",NA,"COA",NA,"11/ IV /1990",NA,NA,NA,NA,"E. Martínez",NA,NA,NA,NA,NA,NA,NA,NA,NA,NA,NA,NA,NA,NA,NA,NA,NA,NA,NA,NA,NA,NA,NA,NA,NA,NA,NA,NA,NA,NA,NA,NA,NA,NA,NA,NA,NA,NA,NA,NA,NA,NA,NA,NA,NA,NA,NA,NA,NA,NA,NA,NA
"3855036908","Herniaria fruticosa L.",36.96,-2.2,"cdc,gass84,osiic","6a7575fa-ae03-4ba3-b322-2da15b5033e2","d68c4230-a271-11d8-a9b3-b8a03c50a862","2a3f6a56-7591-4f05-8c4c-a1bb77aa4ea6","6c4a0bb0-2a4d-11d8-aa2d-b8a03c50a862","ES","EML","2026-04-17T19:28:29.248+00:00","2026-04-24T04:39:30.894+00:00",394,"PRESERVED_SPECIMEN",1,"PRESENT",7769858,6,7707728,220,422,2518,3085796,7769858,7769858,"Herniaria fruticosa L.","Plantae","Tracheophyta","Caryophyllales","Caryophyllaceae","Herniaria","Herniaria fruticosa","Herniaria","fruticosa","SPECIES","ACCEPTED",707,450,0,"EUROPE","Almería",1990,12,5,"1990-12-05",339,339,"2022-06-24T10:36:01.000+00:00","2026-04-24T04:39:30.894+00:00","http://creativecommons.org/licenses/by-nc/4.0/legalcode",FALSE,"07C1FC35-5DB0-445C-939B-DF7F4FC64EEB","none","none",FALSE,NA,"Herbario de la Universidad de Granada: Colección GDA-Fanerogamia","M.J. Martínez Lirola & L. Gutiérrez","none","WGS84","Magnoliopsida","ES","none","none","EUROPE","Spain","EUROPE","07C1FC35-5DB0-445C-939B-DF7F4FC64EEB","26014-1","https://www.gbif.org/grscicoll/institution/a46ced27-ecc3-43df-981f-d6de329f50b4",NA,"GDA","400","Almería, Níjar.","3855036908","es","GDA-Fanero","07C1FC35-5DB0-445C-939B-DF7F4FC64EEB","PhysicalObject","Herniaria fruticosa L.","a46ced27-ecc3-43df-981f-d6de329f50b4","82d87a2a-f701-46ca-a1c0-292e83fc790a","Pliego",NA,"matorral sobre sustrato calizo pedregoso","05/12/1990",NA,"in collection",NA,NA,"Martínez Lirola, M.J.",NA,NA,NA,NA,NA,NA,NA,NA,NA,NA,NA,NA,NA,"Herbarium University of Granada, Spain",NA,NA,NA,NA,NA,NA,NA,NA,0,0,"GDA","https://www.gbif.org/grscicoll/collection/82d87a2a-f701-46ca-a1c0-292e83fc790a",NA,NA,NA,NA,NA,NA,NA,NA,"N.v.: rompepiedra.",NA,NA,NA,NA,NA,NA,NA,NA,NA,NA,NA,NA,NA,NA,NA,NA,NA
"895235975","Herniaria fruticosa L.",36.82,-2.27,"cdc,gass84,colmafu,inmafu","834a4794-f762-11e1-a439-00145eb45e9a","8209258a-80e8-4094-aba2-a3febe5ed45b","2a3f6a56-7591-4f05-8c4c-a1bb77aa4ea6","6c4a0bb0-2a4d-11d8-aa2d-b8a03c50a862","ES","EML","2026-04-18T01:37:24.691+00:00","2026-04-24T10:27:10.332+00:00",375,"PRESERVED_SPECIMEN",NA,"PRESENT",7769858,6,7707728,220,422,2518,3085796,7769858,7769858,"Herniaria fruticosa L.","Plantae","Tracheophyta","Caryophyllales","Caryophyllaceae","Herniaria","Herniaria fruticosa","Herniaria","fruticosa","SPECIES","ACCEPTED",7071,4,0,"EUROPE","Almería",1989,3,25,"1989-03-25",84,84,"2025-11-03T14:20:45.000+00:00","2026-04-24T10:27:10.332+00:00","http://creativecommons.org/licenses/by-nc/4.0/legalcode",FALSE,"3E5B159D-B175-49C5-A076-6E698A506450","none","none",FALSE,NA,"Colección de plantas vasculares del herbario de la Universitat de València (VAL)","A. Aguilella","none","WGS84","Magnoliopsida","ES","none","none","EUROPE","Spain","EUROPE","3E5B159D-B175-49C5-A076-6E698A506450","22903-1","https://www.gbif.org/publisher/8209258a-80e8-4094-aba2-a3febe5ed45b",NA,"VAL","391","Entre el Elquián y Cabo de Gata, El Retamar","895235975","es","VAL","3E5B159D-B175-49C5-A076-6E698A506450","PhysicalObject","Herniaria fruticosa L.","c645b060-c130-45ee-97ab-b9fc94393523","6ceb64b5-0201-4a27-bcdb-8d62035e35d5","Pliego","VAL",NA,"25/03/1989","Almería","in collection",NA,NA,"J. Fabado",NA,"AAP-2823",NA,NA,NA,NA,NA,NA,NA,NA,"2022-09-01T00:00:00",NA,NA,NA,NA,NA,NA,NA,NA,NA,NA,NA,NA,NA,NA,NA,NA,NA,NA,NA,NA,NA,NA,NA,NA,NA,NA,NA,NA,NA,NA,NA,NA,NA,NA,NA,NA,NA,NA,NA,NA,NA
"30870252","Herniaria fruticosa L.",37.05,-2.38,"cdc,gass84,osiic,colmafu,inmafu","8353c5bc-f762-11e1-a439-00145eb45e9a","857b3f90-230f-474d-9559-6f740efadbba","2a3f6a56-7591-4f05-8c4c-a1bb77aa4ea6","6c4a0bb0-2a4d-11d8-aa2d-b8a03c50a862","ES","EML","2026-04-18T01:37:26.992+00:00","2026-04-24T05:11:47.425+00:00",339,"PRESERVED_SPECIMEN",1,"PRESENT",7769858,6,7707728,220,422,2518,3085796,7769858,7769858,"Herniaria fruticosa L.","Plantae","Tracheophyta","Caryophyllales","Caryophyllaceae","Herniaria","Herniaria fruticosa","Herniaria","fruticosa","SPECIES","ACCEPTED",707,NA,NA,"EUROPE","ALMERíA",1989,5,1,"1989-05-01",121,121,"2017-09-12T09:30:31.000+00:00","2026-04-24T05:11:47.425+00:00","http://creativecommons.org/licenses/by/4.0/legalcode",FALSE,"925032C9-DF68-46A6-A33E-C0BFC1901FFF","none","none",FALSE,NA,"ardín Botánico de Córdoba: Herbarium COA","A. Pujadas y P. Poyato","none","WGS84","Magnoliopsida","ES","none","none","EUROPE","Spain","EUROPE","925032C9-DF68-46A6-A33E-C0BFC1901FFF","18755-1",NA,NA,"COA","345","Tabernas, desierto de Tabernas","30870252","es","COA","925032C9-DF68-46A6-A33E-C0BFC1901FFF","PhysicalObject","Herniaria fruticosa L.","d9c5994e-45c4-4f46-8579-50f60f174d10","54dc0fad-9516-42b4-b1e7-b43d5b7281f1",NA,"COA",NA,"1/  V /1989",NA,NA,NA,NA,"A. Pujadas",NA,NA,NA,NA,NA,NA,NA,NA,NA,NA,NA,NA,NA,NA,NA,NA,NA,NA,NA,NA,NA,NA,NA,NA,NA,NA,NA,NA,NA,NA,NA,NA,NA,NA,NA,NA,NA,NA,NA,NA,NA,NA,NA,NA,NA,NA,NA,NA,NA,NA,NA,NA
"318113470","Herniaria fruticosa L.",38.61,-0.9,"cdc,gass84,osiic,colmafu,inmafu","835852b2-f762-11e1-a439-00145eb45e9a","30b36805-4849-4abb-a39c-01b3a7fa3f2e","2a3f6a56-7591-4f05-8c4c-a1bb77aa4ea6","6c4a0bb0-2a4d-11d8-aa2d-b8a03c50a862","ES","EML","2026-04-18T01:37:27.890+00:00","2026-04-24T04:49:44.792+00:00",354,"PRESERVED_SPECIMEN",1,"PRESENT",7769858,6,7707728,220,422,2518,3085796,7769858,7769858,"Herniaria fruticosa L.","Plantae","Tracheophyta","Caryophyllales","Caryophyllaceae","Herniaria","Herniaria fruticosa","Herniaria","fruticosa","SPECIES","ACCEPTED",707,500,0,"EUROPE","Alicante",1989,7,17,"1989-07-17",198,198,"2016-09-02T13:05:10.000+00:00","2026-04-24T04:49:44.792+00:00","http://creativecommons.org/licenses/by/4.0/legalcode",FALSE,"707FD94E-D89D-4B26-8FE6-497BEDD419D5","none","none",FALSE,NA,NA,"J.Güemes & M.B.Crespo","none","WGS84","Magnoliopsida","ES","none","none","EUROPE","Spain","EUROPE","707FD94E-D89D-4B26-8FE6-497BEDD419D5","3000-1",NA,NA,"ABH","360","Villena","318113470",NA,"ABH","707FD94E-D89D-4B26-8FE6-497BEDD419D5",NA,"Herniaria fruticosa L.","8aa53465-012a-4394-bc5a-5f99beee1ce7","189e886d-b24c-4f29-8ee3-3827e567e7df",NA,"ABH",NA,"17/7/1989",NA,NA,NA,NA,NA,NA,NA,NA,NA,NA,NA,NA,NA,NA,NA,NA,NA,NA,NA,NA,NA,NA,NA,NA,NA,NA,NA,NA,NA,NA,NA,NA,NA,NA,NA,NA,NA,NA,NA,NA,NA,NA,NA,NA,NA,NA,NA,NA,NA,NA,NA,NA,NA,NA,NA,NA,NA
"1842902060","Herniaria fruticosa L.",40.2908,-3.4743,"gass84,rdativ,inmano","838475f4-f762-11e1-a439-00145eb45e9a","6f3ccc65-0a54-4e65-ae7e-13b92d618e7c","2a3f6a56-7591-4f05-8c4c-a1bb77aa4ea6","6c4a0bb0-2a4d-11d8-aa2d-b8a03c50a862","ES","EML","2026-05-14T18:31:27.870+00:00","2026-05-19T13:30:13.512+00:00",396,"PRESERVED_SPECIMEN",NA,"PRESENT",7769858,6,7707728,220,422,2518,3085796,7769858,7769858,"Herniaria fruticosa L.","Plantae","Tracheophyta","Caryophyllales","Caryophyllaceae","Herniaria","Herniaria fruticosa","Herniaria","fruticosa","SPECIES","ACCEPTED",500,NA,NA,"EUROPE","Madrid",1989,7,6,"1989-07-06",187,187,"2017-10-19T00:00:00.000+00:00","2026-05-19T13:30:13.512+00:00","http://creativecommons.org/licenses/by-nc/4.0/legalcode",FALSE,"F7CC3D47-6468-4E14-AED9-67194EA7C344","none","none",FALSE,NA,"Institut Botànic de Barcelona (CSIC-CMCNB) – BC",NA,"none","WGS84","Magnoliopsida","ES","none","none","EUROPE","Spain","EUROPE","F7CC3D47-6468-4E14-AED9-67194EA7C344","BC-962020","6f3ccc65-0a54-4e65-ae7e-13b92d618e7c",NA,"BC","410","Arganda del Rey; Arganda del Rey, vertedero","1842902060",NA,"BC","F7CC3D47-6468-4E14-AED9-67194EA7C344",NA,"Herniaria fruticosa L.",NA,NA,"Herbarium specimen","BC",NA,"06/07/1989",NA,NA,NA,NA,NA,NA,NA,NA,NA,NA,NA,NA,NA,NA,NA,NA,NA,NA,NA,NA,NA,NA,NA,NA,NA,NA,NA,NA,NA,NA,NA,NA,NA,NA,NA,NA,NA,NA,"Ex Herb. Centro de Ciencias Medioambientales de Madrid (CCMA)","Last label",NA,NA,NA,NA,NA,NA,NA,NA,NA,NA,NA,NA,NA,NA,NA,NA,NA
"895141812","Herniaria fruticosa L.",39.51,-1.31,"cdc,gass84,colmafu,inmafu","834a4794-f762-11e1-a439-00145eb45e9a","8209258a-80e8-4094-aba2-a3febe5ed45b","2a3f6a56-7591-4f05-8c4c-a1bb77aa4ea6","6c4a0bb0-2a4d-11d8-aa2d-b8a03c50a862","ES","EML","2026-04-18T01:37:24.691+00:00","2026-04-24T10:27:17.092+00:00",375,"PRESERVED_SPECIMEN",NA,"PRESENT",7769858,6,7707728,220,422,2518,3085796,7769858,7769858,"Herniaria fruticosa L.","Plantae","Tracheophyta","Caryophyllales","Caryophyllaceae","Herniaria","Herniaria fruticosa","Herniaria","fruticosa","SPECIES","ACCEPTED",7071,700,0,"EUROPE","València",1989,9,19,"1989-09-19",262,262,"2025-11-03T14:20:45.000+00:00","2026-04-24T10:27:17.092+00:00","http://creativecommons.org/licenses/by-nc/4.0/legalcode",FALSE,"7DF73BD2-9507-46F4-969A-0263B365A7ED","none","none",TRUE,NA,"Colección de plantas vasculares del herbario de la Universitat de València (VAL)","García Navarro","none","WGS84","Magnoliopsida","ES","none","none","EUROPE","Spain","EUROPE","7DF73BD2-9507-46F4-969A-0263B365A7ED","102946-1","https://www.gbif.org/publisher/8209258a-80e8-4094-aba2-a3febe5ed45b",NA,"VAL","391","Venta del Moro; Los Ruices","895141812","es","VAL","7DF73BD2-9507-46F4-969A-0263B365A7ED","PhysicalObject","Herniaria fruticosa L.","c645b060-c130-45ee-97ab-b9fc94393523","6ceb64b5-0201-4a27-bcdb-8d62035e35d5","Pliego","VAL",NA,"19/09/1989","Venta del Moro (Plana d´Utiel-Requena)","in collection",NA,NA,NA,NA,NA,NA,NA,NA,NA,NA,NA,NA,NA,NA,NA,NA,NA,NA,NA,NA,NA,NA,NA,NA,"ex VAB-972550",NA,NA,NA,NA,NA,NA,NA,NA,NA,NA,NA,NA,NA,NA,NA,NA,NA,NA,NA,NA,NA,NA,NA,NA,NA,NA,NA,NA,NA,NA
"2960525580","Herniaria fruticosa L.",38.233,-1.041,"cdc,gass84,mdativ,colmafu,inmafu","ceff8c75-950b-4405-a116-60247d1adacb","21936918-2ce6-4314-a15e-91f9f6735361","2a3f6a56-7591-4f05-8c4c-a1bb77aa4ea6","6c4a0bb0-2a4d-11d8-aa2d-b8a03c50a862","ES","EML","2026-05-08T11:20:57.240+00:00","2026-05-08T11:22:04.526+00:00",281,"PRESERVED_SPECIMEN",NA,"PRESENT",7769858,6,7707728,220,422,2518,3085796,7769858,7769858,"Herniaria fruticosa L.","Plantae","Tracheophyta","Caryophyllales","Caryophyllaceae","Herniaria","Herniaria fruticosa","Herniaria","fruticosa","SPECIES","ACCEPTED",707.11,400,0,"EUROPE","Murcia",1988,2,16,"1988-02-16",47,47,NA,"2026-05-08T11:22:04.526+00:00","http://creativecommons.org/licenses/by-nc/4.0/legalcode",FALSE,"4BBF1C43-4CCA-4218-AC41-D4B88DE7CBA3","none","none",FALSE,"doi:10.15470/akznrb","Herbario de la Facultad de Ciencias Biológicas de la Universidad Complutense de Madrid (MACB)","P. García López","none","WGS84","Magnoliopsida","ES","none","none","EUROPE","Spain","EUROPE","4BBF1C43-4CCA-4218-AC41-D4B88DE7CBA3","30256-1","https://www.gbif.org/publisher/21936918-2ce6-4314-a15e-91f9f6735361",NA,"MACB","281","Abanilla, Sierra de Abanilla","2960525580","es","MACB","4BBF1C43-4CCA-4218-AC41-D4B88DE7CBA3","PhysicalObject","Herniaria fruticosa L.","8ccf3bd0-c0ae-437e-9948-8cc60608f14b","7302692a-9ae7-43ed-9449-c5c5626921fc",NA,NA,NA,"16/02/1988",NA,NA,NA,NA,"Costa, Molina & García",NA,NA,NA,NA,NA,NA,NA,NA,NA,NA,NA,NA,NA,NA,NA,NA,NA,NA,NA,NA,NA,NA,NA,NA,NA,NA,NA,NA,NA,NA,NA,NA,NA,NA,NA,NA,NA,NA,NA,NA,NA,NA,NA,NA,NA,NA,NA,NA,NA,NA,NA,NA
"204429130","Herniaria fruticosa L.",42.187,-1.601,"cdc,cdround,gass84,txmathi,cdpi,colmafu,inmafu","8354ecee-f762-11e1-a439-00145eb45e9a","823818f6-0696-4e29-bc4c-b6f3817535a7","2a3f6a56-7591-4f05-8c4c-a1bb77aa4ea6","6c4a0bb0-2a4d-11d8-aa2d-b8a03c50a862","ES","EML","2026-05-05T12:27:20.579+00:00","2026-05-05T12:28:56.578+00:00",360,"PRESERVED_SPECIMEN",NA,"PRESENT",7769858,6,7707728,220,422,2518,3085796,7769858,7769858,"Herniaria fruticosa L.","Plantae","Tracheophyta","Caryophyllales","Caryophyllaceae","Herniaria","Herniaria fruticosa","Herniaria","fruticosa","SPECIES","ACCEPTED",NA,280,NA,"EUROPE","Na",1988,4,1,"1988-04-01",92,92,NA,"2026-05-05T12:28:56.578+00:00","http://creativecommons.org/licenses/by/4.0/legalcode",FALSE,"204429130","none","none",FALSE,NA,NA,"Aizpuru & Catalán","none","WGS84","Magnoliopsida","ES","none","none","EUROPE","Spain","EUROPE",NA,"18256-1",NA,NA,"ARAN","360","Arguedas. Arguedas","204429130",NA,"Aran","204429130",NA,"Herniaria fruticosa L.","569d6220-c713-4af6-8b51-d6cb154c341e","68ae2c1d-9bd3-4cdf-8a2d-3a510de14c38",NA,"ARAN",NA,NA,NA,NA,NA,NA,NA,NA,NA,NA,NA,NA,NA,NA,NA,NA,NA,NA,NA,NA,NA,NA,NA,NA,NA,NA,NA,NA,NA,NA,NA,NA,NA,NA,NA,NA,NA,NA,NA,NA,NA,NA,NA,NA,NA,NA,NA,NA,NA,NA,NA,NA,NA,NA,NA,NA,NA,NA,NA
"3033657164","Herniaria fruticosa L.",42.32,3.31,"cdc,gass84,mdativ,colmano,inmafu","834f1756-f762-11e1-a439-00145eb45e9a","cb202839-87c6-456a-821c-dc5b268a200f","2a3f6a56-7591-4f05-8c4c-a1bb77aa4ea6","6c4a0bb0-2a4d-11d8-aa2d-b8a03c50a862","ES","EML","2026-04-18T01:36:55.261+00:00","2026-04-23T23:49:03.651+00:00",326,"PRESERVED_SPECIMEN",NA,"PRESENT",7769858,6,7707728,220,422,2518,3085796,7769858,7769858,"Herniaria fruticosa L.","Plantae","Tracheophyta","Caryophyllales","Caryophyllaceae","Herniaria","Herniaria fruticosa","Herniaria","fruticosa","SPECIES","ACCEPTED",200,NA,NA,"EUROPE","Girona",1988,5,15,"1988-05-15",136,136,NA,"2026-04-23T23:49:03.651+00:00","http://creativecommons.org/licenses/by-nc/4.0/legalcode",FALSE,"BCN 124201","none","none",FALSE,NA,"Col·lecció de Cormòfits de l'herbari BCN","Curcó Masip, Antoni","none","WGS84","Magnoliopsida","ES","none","none","EUROPE","Spain","EUROPE","BCN 124201","124201",NA,NA,"BCN","350","Cap de Creus (Cala Sa Claveguera)","3033657164",NA,"Corm","BCN 124201",NA,"Herniaria fruticosa L.","5db0342e-533f-461c-a97e-0ec9dc79a95c",NA,NA,"BCN-Cormophyta","Roquissar litoral",NA,NA,NA,NA,NA,NA,NA,NA,NA,NA,NA,NA,NA,NA,NA,NA,NA,NA,NA,"CRAI CeDocBiV - Universitat de Barcelona","Alt Empordà",NA,NA,NA,NA,NA,NA,NA,NA,NA,"UB",NA,"Herniaria fruticosa L.","119833",NA,NA,NA,"ex BCC",NA,NA,NA,NA,NA,NA,NA,NA,NA,NA,NA,NA,NA,NA,NA,NA,NA,NA,NA,NA
"3033659201","Herniaria fruticosa L.",41.41,-0.17,"cdc,gass84,mdativ,colmano,inmafu","834f1756-f762-11e1-a439-00145eb45e9a","cb202839-87c6-456a-821c-dc5b268a200f","2a3f6a56-7591-4f05-8c4c-a1bb77aa4ea6","6c4a0bb0-2a4d-11d8-aa2d-b8a03c50a862","ES","EML","2026-04-18T01:36:55.261+00:00","2026-04-23T23:48:41.757+00:00",326,"PRESERVED_SPECIMEN",NA,"PRESENT",7769858,6,7707728,220,422,2518,3085796,7769858,7769858,"Herniaria fruticosa L.","Plantae","Tracheophyta","Caryophyllales","Caryophyllaceae","Herniaria","Herniaria fruticosa","Herniaria","fruticosa","SPECIES","ACCEPTED",520,NA,NA,"EUROPE","Saragossa",1988,5,23,"1988-05-23",144,144,NA,"2026-04-23T23:48:41.757+00:00","http://creativecommons.org/licenses/by-nc/4.0/legalcode",FALSE,"BCN 124205","none","none",FALSE,NA,"Col·lecció de Cormòfits de l'herbari BCN","Vigo Bonada, Josep & al","none","WGS84","Magnoliopsida","ES","none","none","EUROPE","Spain","EUROPE","BCN 124205","124205",NA,NA,"BCN","350","Laguna del Pueyo. Monegros","3033659201",NA,"Corm","BCN 124205",NA,"Herniaria fruticosa L.","5db0342e-533f-461c-a97e-0ec9dc79a95c",NA,NA,"BCN-Cormophyta",NA,NA,NA,NA,NA,NA,NA,NA,NA,NA,NA,NA,NA,NA,NA,NA,NA,NA,NA,NA,"CRAI CeDocBiV - Universitat de Barcelona",NA,NA,NA,NA,NA,NA,NA,NA,NA,NA,"UB",NA,"Herniaria fruticosa L.","119837",NA,NA,NA,"ex BCC",NA,NA,NA,NA,NA,NA,NA,NA,NA,NA,NA,NA,NA,NA,NA,NA,NA,NA,NA,NA
"1050587410","Herniaria fruticosa L.",42.57,-2.26,"cdc,gass84,mdativ,txmathi,cdpi,osiic,colmano,inmafu","9f6f3c1c-b8b2-4d1d-be3e-36217e1cb9b8","4c91866b-3c2e-4568-aca0-3ab0a1c1a45e","2a3f6a56-7591-4f05-8c4c-a1bb77aa4ea6","6c4a0bb0-2a4d-11d8-aa2d-b8a03c50a862","ES","EML","2026-04-17T17:25:51.802+00:00","2026-04-24T02:23:06.440+00:00",432,"PRESERVED_SPECIMEN",1,"PRESENT",7769858,6,7707728,220,422,2518,3085796,7769858,7769858,"Herniaria fruticosa L.","Plantae","Tracheophyta","Caryophyllales","Caryophyllaceae","Herniaria","Herniaria fruticosa","Herniaria","fruticosa","SPECIES","ACCEPTED",NA,482.5,2.5,"EUROPE","Navarra",1988,6,16,"1988-06-16",168,168,NA,"2026-04-24T02:23:06.440+00:00","http://creativecommons.org/licenses/by-nc/4.0/legalcode",FALSE,"VIT:VIT-Vasculares:24653-1","none","none",FALSE,NA,NA,"P.M. URIBE-ECHEBARRIA","none","WGS84","Magnoliopsida","ES","none","none","EUROPE","Spain","EUROPE","VIT:VIT-Vasculares:24653-1","24653-1",NA,NA,"VIT","438","Sansol","1050587410",NA,"VIT-Vasculares","VIT:VIT-Vasculares:24653-1",NA,"Herniaria fruticosa L.","a4c92107-b55e-433c-8db1-6c0dfe31eace",NA,"Herbarium specimen",NA,NA,NA,NA,NA,NA,NA,NA,NA,NA,NA,NA,NA,NA,NA,NA,NA,NA,NA,NA,NA,NA,NA,NA,NA,NA,NA,NA,NA,"Romeral ralo, sobre yeso",NA,NA,NA,NA,NA,NA,NA,NA,NA,NA,NA,NA,NA,NA,NA,NA,NA,NA,NA,NA,NA,NA,NA,NA,NA,NA,NA,NA,NA,NA
"1936379116","Herniaria fruticosa L.",42.492,-2.113,"cdc,gass84,inmano","834c9918-f762-11e1-a439-00145eb45e9a","0363cbd4-f666-455e-8e86-0bbddcf51950","2a3f6a56-7591-4f05-8c4c-a1bb77aa4ea6","6c4a0bb0-2a4d-11d8-aa2d-b8a03c50a862","ES","EML","2026-04-18T01:37:27.366+00:00","2026-04-24T05:20:06.922+00:00",423,"PRESERVED_SPECIMEN",NA,"PRESENT",7769858,6,7707728,220,422,2518,3085796,7769858,7769858,"Herniaria fruticosa L.","Plantae","Tracheophyta","Caryophyllales","Caryophyllaceae","Herniaria","Herniaria fruticosa","Herniaria","fruticosa","SPECIES","ACCEPTED",NA,NA,NA,"EUROPE","Navarra",1988,6,26,"1988-06-26",178,178,NA,"2026-04-24T05:20:06.922+00:00","http://creativecommons.org/licenses/by-nc/4.0/legalcode",FALSE,"479e67b1-20fe-11e3-9e2e-000c29035824","none","none",FALSE,"834c9918-f762-11e1-a439-00145eb45e9a",NA,"Juan Antonio Alejandre Sáenz","none","WGS84","Magnoliopsida","ES","none","none","EUROPE","Spain","EUROPE","479e67b1-20fe-11e3-9e2e-000c29035824","MA-01-00468610","0363cbd4-f666-455e-8e86-0bbddcf51950",NA,"MA","429","Sesma","1936379116","es","MA","479e67b1-20fe-11e3-9e2e-000c29035824","Collection","Herniaria fruticosa L.",NA,NA,NA,"MA","Habitat: cerros yesosos","26061988",NA,NA,NA,NA,NA,NA,NA,NA,"17abcf75-2f1e-46dd-bf75-a5b21dd02655",NA,NA,NA,NA,NA,NA,NA,NA,NA,NA,NA,NA,NA,"7769858",NA,NA,NA,NA,NA,NA,"MA",NA,NA,NA,NA,NA,NA,"MA-468610-1","b7285d36-20fe-11e3-9e2e-000c29035824",NA,NA,NA,NA,NA,NA,NA,NA,NA,NA,NA,NA,NA,NA,NA,NA,NA,NA,NA
"1936385204","Herniaria fruticosa L.",39.1286,-1.7518,"cdc,gass84,inmano","834c9918-f762-11e1-a439-00145eb45e9a","0363cbd4-f666-455e-8e86-0bbddcf51950","2a3f6a56-7591-4f05-8c4c-a1bb77aa4ea6","6c4a0bb0-2a4d-11d8-aa2d-b8a03c50a862","ES","EML","2026-04-18T01:37:27.366+00:00","2026-04-24T05:20:07.667+00:00",423,"PRESERVED_SPECIMEN",NA,"PRESENT",7769858,6,7707728,220,422,2518,3085796,7769858,7769858,"Herniaria fruticosa L.","Plantae","Tracheophyta","Caryophyllales","Caryophyllaceae","Herniaria","Herniaria fruticosa","Herniaria","fruticosa","SPECIES","ACCEPTED",NA,NA,NA,"EUROPE","Albacete",1988,6,16,"1988-06-16",168,168,NA,"2026-04-24T05:20:07.667+00:00","http://creativecommons.org/licenses/by-nc/4.0/legalcode",FALSE,"484b3143-20fe-11e3-9e2e-000c29035824","none","none",FALSE,"834c9918-f762-11e1-a439-00145eb45e9a",NA,"J. Herranz","none","WGS84","Magnoliopsida","ES","none","none","EUROPE","Spain","EUROPE","484b3143-20fe-11e3-9e2e-000c29035824","MA-01-00478748","0363cbd4-f666-455e-8e86-0bbddcf51950",NA,"MA","429","Cercanías de Valdeganga, Los Yesares","1936385204","es","MA","484b3143-20fe-11e3-9e2e-000c29035824","Collection","Herniaria fruticosa L.",NA,NA,NA,"MA","Habitat: en yesos","16061988",NA,NA,NA,NA,NA,NA,NA,NA,"17abcf75-2f1e-46dd-bf75-a5b21dd02655",NA,NA,NA,NA,NA,NA,NA,NA,NA,NA,NA,NA,NA,"7769858",NA,NA,NA,NA,NA,NA,"MA",NA,NA,NA,NA,NA,NA,"MA-478748-1","b79afeaa-20fe-11e3-9e2e-000c29035824",NA,NA,NA,NA,NA,NA,NA,NA,NA,NA,NA,NA,NA,NA,NA,NA,NA,NA,NA
"2960573634","Herniaria fruticosa L.",41.342,-1.703,"cdc,gass84,mdativ,colmafu,inmafu","ceff8c75-950b-4405-a116-60247d1adacb","21936918-2ce6-4314-a15e-91f9f6735361","2a3f6a56-7591-4f05-8c4c-a1bb77aa4ea6","6c4a0bb0-2a4d-11d8-aa2d-b8a03c50a862","ES","EML","2026-05-08T11:20:57.240+00:00","2026-05-08T11:22:46.117+00:00",281,"PRESERVED_SPECIMEN",NA,"PRESENT",7769858,6,7707728,220,422,2518,3085796,7769858,7769858,"Herniaria fruticosa L.","Plantae","Tracheophyta","Caryophyllales","Caryophyllaceae","Herniaria","Herniaria fruticosa","Herniaria","fruticosa","SPECIES","ACCEPTED",707.11,NA,NA,"EUROPE","Zaragoza",1988,6,18,"1988-06-18",170,170,NA,"2026-05-08T11:22:46.117+00:00","http://creativecommons.org/licenses/by-nc/4.0/legalcode",FALSE,"F66E1D21-51DB-433A-B4CB-FF761010D187","none","none",FALSE,"doi:10.15470/akznrb","Herbario de la Facultad de Ciencias Biológicas de la Universidad Complutense de Madrid (MACB)","A. Rubio","none","WGS84","Magnoliopsida","ES","none","none","EUROPE","Spain","EUROPE","F66E1D21-51DB-433A-B4CB-FF761010D187","31472-1","https://www.gbif.org/publisher/21936918-2ce6-4314-a15e-91f9f6735361",NA,"MACB","281","Calatayud-Terrer","2960573634","es","MACB","F66E1D21-51DB-433A-B4CB-FF761010D187","PhysicalObject","Herniaria fruticosa L.","8ccf3bd0-c0ae-437e-9948-8cc60608f14b","7302692a-9ae7-43ed-9449-c5c5626921fc",NA,NA,NA,"18/06/1988",NA,NA,NA,NA,NA,NA,NA,NA,NA,NA,NA,NA,NA,NA,NA,NA,NA,NA,NA,NA,NA,NA,NA,NA,NA,NA,NA,NA,NA,NA,NA,NA,NA,NA,NA,NA,NA,NA,NA,NA,NA,NA,NA,NA,NA,NA,NA,NA,NA,NA,NA,NA,NA,NA,NA,NA,NA
"895261982","Herniaria fruticosa L.",40.14,-1.06,"cdc,gass84,colmafu,inmafu","834a4794-f762-11e1-a439-00145eb45e9a","8209258a-80e8-4094-aba2-a3febe5ed45b","2a3f6a56-7591-4f05-8c4c-a1bb77aa4ea6","6c4a0bb0-2a4d-11d8-aa2d-b8a03c50a862","ES","EML","2026-04-18T01:37:24.691+00:00","2026-04-24T10:27:01.656+00:00",375,"PRESERVED_SPECIMEN",NA,"PRESENT",7769858,6,7707728,220,422,2518,3085796,7769858,7769858,"Herniaria fruticosa L.","Plantae","Tracheophyta","Caryophyllales","Caryophyllaceae","Herniaria","Herniaria fruticosa","Herniaria","fruticosa","SPECIES","ACCEPTED",7071,1030,0,"EUROPE","Teruel",1988,7,3,"1988-07-03",185,185,"2025-11-03T14:20:45.000+00:00","2026-04-24T10:27:01.656+00:00","http://creativecommons.org/licenses/by-nc/4.0/legalcode",FALSE,"11F97C9F-335D-41F4-B3E7-0136FAE7827A","none","none",FALSE,NA,"Colección de plantas vasculares del herbario de la Universitat de València (VAL)","G. Mateo","none","WGS84","Magnoliopsida","ES","none","none","EUROPE","Spain","EUROPE","11F97C9F-335D-41F4-B3E7-0136FAE7827A","59511-1","https://www.gbif.org/publisher/8209258a-80e8-4094-aba2-a3febe5ed45b",NA,"VAL","391","Valacloche;","895261982","es","VAL","11F97C9F-335D-41F4-B3E7-0136FAE7827A","PhysicalObject","Herniaria fruticosa L.","c645b060-c130-45ee-97ab-b9fc94393523","6ceb64b5-0201-4a27-bcdb-8d62035e35d5","Pliego","VAL","margas yesiferas","03/07/1988","Valacloche (Comunidad de Teruel)","in collection",NA,NA,NA,NA,NA,NA,NA,NA,NA,NA,NA,NA,NA,NA,NA,NA,NA,NA,NA,NA,NA,NA,NA,NA,"ex VAB-882620",NA,NA,NA,NA,NA,NA,NA,NA,NA,NA,NA,NA,NA,NA,NA,NA,NA,NA,NA,NA,NA,NA,NA,NA,NA,NA,NA,NA,NA,NA
"895308802","Herniaria fruticosa L.",36.91,-4.07,"cdc,gass84,colmafu,inmafu","834a4794-f762-11e1-a439-00145eb45e9a","8209258a-80e8-4094-aba2-a3febe5ed45b","2a3f6a56-7591-4f05-8c4c-a1bb77aa4ea6","6c4a0bb0-2a4d-11d8-aa2d-b8a03c50a862","ES","EML","2026-04-18T01:37:24.691+00:00","2026-04-24T10:26:59.019+00:00",375,"PRESERVED_SPECIMEN",NA,"PRESENT",7769858,6,7707728,220,422,2518,3085796,7769858,7769858,"Herniaria fruticosa L.","Plantae","Tracheophyta","Caryophyllales","Caryophyllaceae","Herniaria","Herniaria fruticosa","Herniaria","fruticosa","SPECIES","ACCEPTED",7071,NA,NA,"EUROPE","Málaga",1988,7,6,"1988-07-06",188,188,"2025-11-03T14:20:45.000+00:00","2026-04-24T10:26:59.019+00:00","http://creativecommons.org/licenses/by-nc/4.0/legalcode",FALSE,"03AE898D-5415-47EC-8E84-0B1369AB7C6D","none","none",FALSE,NA,"Colección de plantas vasculares del herbario de la Universitat de València (VAL)","J. Güemes & M. B. Crespo","none","WGS84","Magnoliopsida","ES","none","none","EUROPE","Spain","EUROPE","03AE898D-5415-47EC-8E84-0B1369AB7C6D","202389-1","https://www.gbif.org/publisher/8209258a-80e8-4094-aba2-a3febe5ed45b",NA,"VAL","391","Sierra Tejeda","895308802","es","VAL","03AE898D-5415-47EC-8E84-0B1369AB7C6D","PhysicalObject","Herniaria fruticosa L.","c645b060-c130-45ee-97ab-b9fc94393523","6ceb64b5-0201-4a27-bcdb-8d62035e35d5","Pliego","VAL",NA,"06071988","Canillas de Aceituno","in collection",NA,NA,"J. Riera",NA,NA,NA,NA,NA,NA,NA,NA,NA,NA,"2010-11-01T00:00:00",NA,NA,NA,NA,NA,NA,NA,NA,NA,NA,NA,NA,NA,NA,NA,NA,NA,NA,NA,NA,NA,NA,NA,NA,NA,NA,NA,NA,NA,NA,NA,NA,NA,NA,NA,NA,NA,NA,NA,NA,NA
"1936401487","Herniaria fruticosa L.",41.3354,-1.7106,"cdc,gass84,inmano","834c9918-f762-11e1-a439-00145eb45e9a","0363cbd4-f666-455e-8e86-0bbddcf51950","2a3f6a56-7591-4f05-8c4c-a1bb77aa4ea6","6c4a0bb0-2a4d-11d8-aa2d-b8a03c50a862","ES","EML","2026-04-18T01:37:27.366+00:00","2026-04-24T05:20:09.860+00:00",423,"PRESERVED_SPECIMEN",NA,"PRESENT",7769858,6,7707728,220,422,2518,3085796,7769858,7769858,"Herniaria fruticosa L.","Plantae","Tracheophyta","Caryophyllales","Caryophyllaceae","Herniaria","Herniaria fruticosa","Herniaria","fruticosa","SPECIES","ACCEPTED",NA,NA,NA,"EUROPE","Zaragoza",1988,7,9,"1988-07-09",191,191,NA,"2026-04-24T05:20:09.860+00:00","http://creativecommons.org/licenses/by-nc/4.0/legalcode",FALSE,"49b20745-20fe-11e3-9e2e-000c29035824","none","none",FALSE,"834c9918-f762-11e1-a439-00145eb45e9a",NA,"A. Rubio","none","WGS84","Magnoliopsida","ES","none","none","EUROPE","Spain","EUROPE","49b20745-20fe-11e3-9e2e-000c29035824","MA-01-00502088","0363cbd4-f666-455e-8e86-0bbddcf51950",NA,"MA","429","Calatayud-Terrer","1936401487","es","MA","49b20745-20fe-11e3-9e2e-000c29035824","Collection","Herniaria fruticosa L.",NA,NA,NA,"MA",NA,"09071988",NA,NA,NA,NA,NA,"1704",NA,NA,"17abcf75-2f1e-46dd-bf75-a5b21dd02655",NA,NA,NA,NA,NA,NA,NA,NA,NA,NA,NA,NA,NA,"7769858",NA,NA,NA,NA,NA,NA,"MA",NA,NA,NA,NA,NA,NA,"MA-502088-1","b92f4c02-20fe-11e3-9e2e-000c29035824",NA,NA,NA,NA,NA,NA,NA,NA,NA,NA,NA,NA,NA,NA,NA,NA,NA,NA,NA
"2960521633","Herniaria fruticosa L.",41.368,-1.655,"cdc,gass84,mdativ,colmafu,inmafu","ceff8c75-950b-4405-a116-60247d1adacb","21936918-2ce6-4314-a15e-91f9f6735361","2a3f6a56-7591-4f05-8c4c-a1bb77aa4ea6","6c4a0bb0-2a4d-11d8-aa2d-b8a03c50a862","ES","EML","2026-05-08T11:20:57.240+00:00","2026-05-08T11:22:00.392+00:00",281,"PRESERVED_SPECIMEN",NA,"PRESENT",7769858,6,7707728,220,422,2518,3085796,7769858,7769858,"Herniaria fruticosa L.","Plantae","Tracheophyta","Caryophyllales","Caryophyllaceae","Herniaria","Herniaria fruticosa","Herniaria","fruticosa","SPECIES","ACCEPTED",707.11,NA,NA,"EUROPE","Zaragoza",1988,7,10,"1988-07-10",192,192,NA,"2026-05-08T11:22:00.392+00:00","http://creativecommons.org/licenses/by-nc/4.0/legalcode",FALSE,"1A4ACBB4-78F7-42C1-9047-543B4FF0ACF1","none","none",FALSE,"doi:10.15470/akznrb","Herbario de la Facultad de Ciencias Biológicas de la Universidad Complutense de Madrid (MACB)","A. Rubio","none","WGS84","Magnoliopsida","ES","none","none","EUROPE","Spain","EUROPE","1A4ACBB4-78F7-42C1-9047-543B4FF0ACF1","31478-1","https://www.gbif.org/publisher/21936918-2ce6-4314-a15e-91f9f6735361",NA,"MACB","281","Calatayud","2960521633","es","MACB","1A4ACBB4-78F7-42C1-9047-543B4FF0ACF1","PhysicalObject","Herniaria fruticosa L.","8ccf3bd0-c0ae-437e-9948-8cc60608f14b","7302692a-9ae7-43ed-9449-c5c5626921fc",NA,NA,NA,"10/07/1988",NA,NA,NA,NA,NA,NA,NA,NA,NA,NA,NA,NA,NA,NA,NA,NA,NA,NA,NA,NA,NA,NA,NA,NA,NA,NA,NA,NA,NA,NA,NA,NA,NA,NA,NA,NA,NA,NA,NA,NA,NA,NA,NA,NA,NA,NA,NA,NA,NA,NA,NA,NA,NA,NA,NA,NA,NA
"2960523634","Herniaria fruticosa L.",41.359,-1.643,"cdc,gass84,mdativ,colmafu,inmafu","ceff8c75-950b-4405-a116-60247d1adacb","21936918-2ce6-4314-a15e-91f9f6735361","2a3f6a56-7591-4f05-8c4c-a1bb77aa4ea6","6c4a0bb0-2a4d-11d8-aa2d-b8a03c50a862","ES","EML","2026-05-08T11:20:57.240+00:00","2026-05-08T11:22:03.712+00:00",281,"PRESERVED_SPECIMEN",NA,"PRESENT",7769858,6,7707728,220,422,2518,3085796,7769858,7769858,"Herniaria fruticosa L.","Plantae","Tracheophyta","Caryophyllales","Caryophyllaceae","Herniaria","Herniaria fruticosa","Herniaria","fruticosa","SPECIES","ACCEPTED",707.11,NA,NA,"EUROPE","Zaragoza",1988,7,10,"1988-07-10",192,192,NA,"2026-05-08T11:22:03.712+00:00","http://creativecommons.org/licenses/by-nc/4.0/legalcode",FALSE,"A1DA0E00-1DBA-4175-9384-DECCF58DA13D","none","none",FALSE,"doi:10.15470/akznrb","Herbario de la Facultad de Ciencias Biológicas de la Universidad Complutense de Madrid (MACB)","A. Rubio","none","WGS84","Magnoliopsida","ES","none","none","EUROPE","Spain","EUROPE","A1DA0E00-1DBA-4175-9384-DECCF58DA13D","31477-1","https://www.gbif.org/publisher/21936918-2ce6-4314-a15e-91f9f6735361",NA,"MACB","281","Calatayud - Paracuellos de Jiloca","2960523634","es","MACB","A1DA0E00-1DBA-4175-9384-DECCF58DA13D","PhysicalObject","Herniaria fruticosa L.","8ccf3bd0-c0ae-437e-9948-8cc60608f14b","7302692a-9ae7-43ed-9449-c5c5626921fc",NA,NA,NA,"10/07/1988",NA,NA,NA,NA,NA,NA,NA,NA,NA,NA,NA,NA,NA,NA,NA,NA,NA,NA,NA,NA,NA,NA,NA,NA,NA,NA,NA,NA,NA,NA,NA,NA,NA,NA,NA,NA,NA,NA,NA,NA,NA,NA,NA,NA,NA,NA,NA,NA,NA,NA,NA,NA,NA,NA,NA,NA,NA
"2960524620","Herniaria fruticosa L.",41.35,-1.655,"cdc,gass84,mdativ,colmafu,inmafu","ceff8c75-950b-4405-a116-60247d1adacb","21936918-2ce6-4314-a15e-91f9f6735361","2a3f6a56-7591-4f05-8c4c-a1bb77aa4ea6","6c4a0bb0-2a4d-11d8-aa2d-b8a03c50a862","ES","EML","2026-05-08T11:20:57.240+00:00","2026-05-08T11:22:02.751+00:00",281,"PRESERVED_SPECIMEN",NA,"PRESENT",7769858,6,7707728,220,422,2518,3085796,7769858,7769858,"Herniaria fruticosa L.","Plantae","Tracheophyta","Caryophyllales","Caryophyllaceae","Herniaria","Herniaria fruticosa","Herniaria","fruticosa","SPECIES","ACCEPTED",707.11,NA,NA,"EUROPE","Zaragoza",1988,7,9,"1988-07-09",191,191,NA,"2026-05-08T11:22:02.751+00:00","http://creativecommons.org/licenses/by-nc/4.0/legalcode",FALSE,"47EC9B45-1494-4530-0B84-95EF9A104F38","none","none",FALSE,"doi:10.15470/akznrb","Herbario de la Facultad de Ciencias Biológicas de la Universidad Complutense de Madrid (MACB)","A. Rubio","none","WGS84","Magnoliopsida","ES","none","none","EUROPE","Spain","EUROPE","47EC9B45-1494-4530-0B84-95EF9A104F38","31479-1","https://www.gbif.org/publisher/21936918-2ce6-4314-a15e-91f9f6735361",NA,"MACB","281","Calatayud","2960524620","es","MACB","47EC9B45-1494-4530-0B84-95EF9A104F38","PhysicalObject","Herniaria fruticosa L.","8ccf3bd0-c0ae-437e-9948-8cc60608f14b","7302692a-9ae7-43ed-9449-c5c5626921fc",NA,NA,NA,"09/07/1988",NA,NA,NA,NA,NA,NA,NA,NA,NA,NA,NA,NA,NA,NA,NA,NA,NA,NA,NA,NA,NA,NA,NA,NA,NA,NA,NA,NA,NA,NA,NA,NA,NA,NA,NA,NA,NA,NA,NA,NA,NA,NA,NA,NA,NA,NA,NA,NA,NA,NA,NA,NA,NA,NA,NA,NA,NA
"2960569617","Herniaria fruticosa L.",41.369,-1.679,"cdc,gass84,mdativ,colmafu,inmafu","ceff8c75-950b-4405-a116-60247d1adacb","21936918-2ce6-4314-a15e-91f9f6735361","2a3f6a56-7591-4f05-8c4c-a1bb77aa4ea6","6c4a0bb0-2a4d-11d8-aa2d-b8a03c50a862","ES","EML","2026-05-08T11:20:57.240+00:00","2026-05-08T11:22:45.367+00:00",281,"PRESERVED_SPECIMEN",NA,"PRESENT",7769858,6,7707728,220,422,2518,3085796,7769858,7769858,"Herniaria fruticosa L.","Plantae","Tracheophyta","Caryophyllales","Caryophyllaceae","Herniaria","Herniaria fruticosa","Herniaria","fruticosa","SPECIES","ACCEPTED",707.11,NA,NA,"EUROPE","Zaragoza",1988,7,10,"1988-07-10",192,192,NA,"2026-05-08T11:22:45.367+00:00","http://creativecommons.org/licenses/by-nc/4.0/legalcode",FALSE,"7CF6E9B8-9569-45DD-914B-0A49AE8EFE57","none","none",FALSE,"doi:10.15470/akznrb","Herbario de la Facultad de Ciencias Biológicas de la Universidad Complutense de Madrid (MACB)","A. Rubio","none","WGS84","Magnoliopsida","ES","none","none","EUROPE","Spain","EUROPE","7CF6E9B8-9569-45DD-914B-0A49AE8EFE57","31473-1","https://www.gbif.org/publisher/21936918-2ce6-4314-a15e-91f9f6735361",NA,"MACB","281","Calatayud","2960569617","es","MACB","7CF6E9B8-9569-45DD-914B-0A49AE8EFE57","PhysicalObject","Herniaria fruticosa L.","8ccf3bd0-c0ae-437e-9948-8cc60608f14b","7302692a-9ae7-43ed-9449-c5c5626921fc",NA,NA,NA,"10/07/1988",NA,NA,NA,NA,NA,NA,NA,NA,NA,NA,NA,NA,NA,NA,NA,NA,NA,NA,NA,NA,NA,NA,NA,NA,NA,NA,NA,NA,NA,NA,NA,NA,NA,NA,NA,NA,NA,NA,NA,NA,NA,NA,NA,NA,NA,NA,NA,NA,NA,NA,NA,NA,NA,NA,NA,NA,NA
"2960572628","Herniaria fruticosa L.",41.342,-1.703,"cdc,gass84,mdativ,colmafu,inmafu","ceff8c75-950b-4405-a116-60247d1adacb","21936918-2ce6-4314-a15e-91f9f6735361","2a3f6a56-7591-4f05-8c4c-a1bb77aa4ea6","6c4a0bb0-2a4d-11d8-aa2d-b8a03c50a862","ES","EML","2026-05-08T11:20:57.240+00:00","2026-05-08T11:22:47.184+00:00",281,"PRESERVED_SPECIMEN",NA,"PRESENT",7769858,6,7707728,220,422,2518,3085796,7769858,7769858,"Herniaria fruticosa L.","Plantae","Tracheophyta","Caryophyllales","Caryophyllaceae","Herniaria","Herniaria fruticosa","Herniaria","fruticosa","SPECIES","ACCEPTED",707.11,NA,NA,"EUROPE","Zaragoza",1988,7,9,"1988-07-09",191,191,NA,"2026-05-08T11:22:47.184+00:00","http://creativecommons.org/licenses/by-nc/4.0/legalcode",FALSE,"2121E3E0-2159-4DEE-A0D5-0737A8FCC270","none","none",FALSE,"doi:10.15470/akznrb","Herbario de la Facultad de Ciencias Biológicas de la Universidad Complutense de Madrid (MACB)","A. Rubio","none","WGS84","Magnoliopsida","ES","none","none","EUROPE","Spain","EUROPE","2121E3E0-2159-4DEE-A0D5-0737A8FCC270","31474-1","https://www.gbif.org/publisher/21936918-2ce6-4314-a15e-91f9f6735361",NA,"MACB","281","Calatayud - Terrer","2960572628","es","MACB","2121E3E0-2159-4DEE-A0D5-0737A8FCC270","PhysicalObject","Herniaria fruticosa L.","8ccf3bd0-c0ae-437e-9948-8cc60608f14b","7302692a-9ae7-43ed-9449-c5c5626921fc",NA,NA,NA,"09/07/1988",NA,NA,NA,NA,NA,NA,NA,NA,NA,NA,NA,NA,NA,NA,NA,NA,NA,NA,NA,NA,NA,NA,NA,NA,NA,NA,NA,NA,NA,NA,NA,NA,NA,NA,NA,NA,NA,NA,NA,NA,NA,NA,NA,NA,NA,NA,NA,NA,NA,NA,NA,NA,NA,NA,NA,NA,NA
"2960574628","Herniaria fruticosa L.",41.351,-1.703,"cdc,gass84,mdativ,colmafu,inmafu","ceff8c75-950b-4405-a116-60247d1adacb","21936918-2ce6-4314-a15e-91f9f6735361","2a3f6a56-7591-4f05-8c4c-a1bb77aa4ea6","6c4a0bb0-2a4d-11d8-aa2d-b8a03c50a862","ES","EML","2026-05-08T11:20:57.240+00:00","2026-05-08T11:22:47.020+00:00",281,"PRESERVED_SPECIMEN",NA,"PRESENT",7769858,6,7707728,220,422,2518,3085796,7769858,7769858,"Herniaria fruticosa L.","Plantae","Tracheophyta","Caryophyllales","Caryophyllaceae","Herniaria","Herniaria fruticosa","Herniaria","fruticosa","SPECIES","ACCEPTED",707.11,NA,NA,"EUROPE","Zaragoza",1988,7,10,"1988-07-10",192,192,NA,"2026-05-08T11:22:47.020+00:00","http://creativecommons.org/licenses/by-nc/4.0/legalcode",FALSE,"7C785B96-738E-4A0A-9C51-0CD51DD0E83D","none","none",FALSE,"doi:10.15470/akznrb","Herbario de la Facultad de Ciencias Biológicas de la Universidad Complutense de Madrid (MACB)","A. Rubio","none","WGS84","Magnoliopsida","ES","none","none","EUROPE","Spain","EUROPE","7C785B96-738E-4A0A-9C51-0CD51DD0E83D","31475-1","https://www.gbif.org/publisher/21936918-2ce6-4314-a15e-91f9f6735361",NA,"MACB","281","Calatayud","2960574628","es","MACB","7C785B96-738E-4A0A-9C51-0CD51DD0E83D","PhysicalObject","Herniaria fruticosa L.","8ccf3bd0-c0ae-437e-9948-8cc60608f14b","7302692a-9ae7-43ed-9449-c5c5626921fc",NA,NA,NA,"10/07/1988",NA,NA,NA,NA,NA,NA,NA,NA,NA,NA,NA,NA,NA,NA,NA,NA,NA,NA,NA,NA,NA,NA,NA,NA,NA,NA,NA,NA,NA,NA,NA,NA,NA,NA,NA,NA,NA,NA,NA,NA,NA,NA,NA,NA,NA,NA,NA,NA,NA,NA,NA,NA,NA,NA,NA,NA,NA
"2960575636","Herniaria fruticosa L.",41.342,-1.703,"cdc,gass84,mdativ,colmafu,inmafu","ceff8c75-950b-4405-a116-60247d1adacb","21936918-2ce6-4314-a15e-91f9f6735361","2a3f6a56-7591-4f05-8c4c-a1bb77aa4ea6","6c4a0bb0-2a4d-11d8-aa2d-b8a03c50a862","ES","EML","2026-05-08T11:20:57.240+00:00","2026-05-08T11:22:49.871+00:00",281,"PRESERVED_SPECIMEN",NA,"PRESENT",7769858,6,7707728,220,422,2518,3085796,7769858,7769858,"Herniaria fruticosa L.","Plantae","Tracheophyta","Caryophyllales","Caryophyllaceae","Herniaria","Herniaria fruticosa","Herniaria","fruticosa","SPECIES","ACCEPTED",707.11,NA,NA,"EUROPE","Zaragoza",1988,7,9,"1988-07-09",191,191,NA,"2026-05-08T11:22:49.871+00:00","http://creativecommons.org/licenses/by-nc/4.0/legalcode",FALSE,"1B6B5311-7A28-4FD3-AA82-9D1EB31CF281","none","none",FALSE,"doi:10.15470/akznrb","Herbario de la Facultad de Ciencias Biológicas de la Universidad Complutense de Madrid (MACB)","A. Rubio","none","WGS84","Magnoliopsida","ES","none","none","EUROPE","Spain","EUROPE","1B6B5311-7A28-4FD3-AA82-9D1EB31CF281","31476-1","https://www.gbif.org/publisher/21936918-2ce6-4314-a15e-91f9f6735361",NA,"MACB","281","Calatayud - Terrer","2960575636","es","MACB","1B6B5311-7A28-4FD3-AA82-9D1EB31CF281","PhysicalObject","Herniaria fruticosa L.","8ccf3bd0-c0ae-437e-9948-8cc60608f14b","7302692a-9ae7-43ed-9449-c5c5626921fc",NA,NA,NA,"09/07/1988",NA,NA,NA,NA,NA,NA,NA,NA,NA,NA,NA,NA,NA,NA,NA,NA,NA,NA,NA,NA,NA,NA,NA,NA,NA,NA,NA,NA,NA,NA,NA,NA,NA,NA,NA,NA,NA,NA,NA,NA,NA,NA,NA,NA,NA,NA,NA,NA,NA,NA,NA,NA,NA,NA,NA,NA,NA
"1936148822","Herniaria fruticosa L.",39.1026,-1.1509,"cdc,gass84,txmathi,inmano","834c9918-f762-11e1-a439-00145eb45e9a","0363cbd4-f666-455e-8e86-0bbddcf51950","2a3f6a56-7591-4f05-8c4c-a1bb77aa4ea6","6c4a0bb0-2a4d-11d8-aa2d-b8a03c50a862","ES","EML","2026-04-18T01:37:27.366+00:00","2026-04-24T05:20:04.688+00:00",423,"PRESERVED_SPECIMEN",NA,"PRESENT",7769858,6,7707728,220,422,2518,3085796,7769858,7769858,"Herniaria fruticosa L.","Plantae","Tracheophyta","Caryophyllales","Caryophyllaceae","Herniaria","Herniaria fruticosa","Herniaria","fruticosa","SPECIES","ACCEPTED",NA,NA,NA,"EUROPE","Valencia",1987,5,24,"1987-05-24",144,144,NA,"2026-04-24T05:20:04.688+00:00","http://creativecommons.org/licenses/by-nc/4.0/legalcode",FALSE,"42bc18d2-20fe-11e3-9e2e-000c29035824","none","none",FALSE,"834c9918-f762-11e1-a439-00145eb45e9a",NA,"R. Figuerola, J. B. Peris & G. Stübing","none","WGS84","Magnoliopsida","ES","none","none","EUROPE","Spain","EUROPE","42bc18d2-20fe-11e3-9e2e-000c29035824","MA-01-00395110","0363cbd4-f666-455e-8e86-0bbddcf51950",NA,"MA","429","Jalance","1936148822","es","MA","42bc18d2-20fe-11e3-9e2e-000c29035824","Collection","Herniaria fruticosa L.",NA,NA,NA,"MA","matorral sobre yesos","24051987",NA,NA,NA,NA,NA,NA,NA,NA,"17abcf75-2f1e-46dd-bf75-a5b21dd02655",NA,NA,NA,NA,NA,NA,NA,NA,NA,NA,NA,NA,NA,"7769858",NA,NA,NA,NA,NA,NA,"MA",NA,NA,NA,NA,NA,NA,"MA-395110-1","b3276ef5-20fe-11e3-9e2e-000c29035824",NA,NA,NA,NA,NA,NA,NA,NA,NA,NA,NA,NA,NA,NA,NA,NA,NA,NA,NA
"2960573398","Herniaria fruticosa L.",39.15,-1.09,"cdc,gass84,mdativ,txmathi,colmafu,inmafu","ceff8c75-950b-4405-a116-60247d1adacb","21936918-2ce6-4314-a15e-91f9f6735361","2a3f6a56-7591-4f05-8c4c-a1bb77aa4ea6","6c4a0bb0-2a4d-11d8-aa2d-b8a03c50a862","ES","EML","2026-05-08T11:20:57.240+00:00","2026-05-08T11:22:46.556+00:00",281,"PRESERVED_SPECIMEN",NA,"PRESENT",7769858,6,7707728,220,422,2518,3085796,7769858,7769858,"Herniaria fruticosa L.","Plantae","Tracheophyta","Caryophyllales","Caryophyllaceae","Herniaria","Herniaria fruticosa","Herniaria","fruticosa","SPECIES","ACCEPTED",7071.07,400,0,"EUROPE","Valencia",1987,5,24,"1987-05-24",144,144,NA,"2026-05-08T11:22:46.556+00:00","http://creativecommons.org/licenses/by-nc/4.0/legalcode",FALSE,"8D88D677-3D75-48C1-B388-53F3561522B1","none","none",FALSE,"doi:10.15470/akznrb","Herbario de la Facultad de Ciencias Biológicas de la Universidad Complutense de Madrid (MACB)","R. Figuerola, J. B. Peris & G. Stübing","none","WGS84","Magnoliopsida","ES","none","none","EUROPE","Spain","EUROPE","8D88D677-3D75-48C1-B388-53F3561522B1","25590-1","https://www.gbif.org/publisher/21936918-2ce6-4314-a15e-91f9f6735361",NA,"MACB","281","Jalance","2960573398","es","MACB","8D88D677-3D75-48C1-B388-53F3561522B1","PhysicalObject","Herniaria fruticosa L.","8ccf3bd0-c0ae-437e-9948-8cc60608f14b","7302692a-9ae7-43ed-9449-c5c5626921fc",NA,NA,"En matorral sobre yesos","24/05/1987",NA,NA,NA,NA,NA,NA,NA,"subsp.",NA,NA,NA,NA,NA,NA,NA,NA,NA,NA,NA,NA,NA,NA,NA,NA,NA,NA,NA,NA,NA,NA,NA,NA,NA,NA,NA,NA,NA,NA,NA,NA,NA,NA,NA,NA,NA,NA,NA,NA,NA,NA,NA,NA,NA,NA,NA,NA,NA
"5890543092","Herniaria fruticosa L.",39.1488192,-1.0911355,"cdc,cdrep,iddativ,txmathi,colmafu,inmafu","c3b131e0-e7fd-48de-bafb-6ce794018af9","245ca00d-9f35-4094-886c-f1df056cd684","2a3f6a56-7591-4f05-8c4c-a1bb77aa4ea6","6c4a0bb0-2a4d-11d8-aa2d-b8a03c50a862","ES","EML","2026-04-22T03:29:58.225+00:00","2026-04-24T07:53:39.177+00:00",159,"PRESERVED_SPECIMEN",NA,"PRESENT",7769858,6,7707728,220,422,2518,3085796,7769858,7769858,"Herniaria fruticosa L.","Plantae","Tracheophyta","Caryophyllales","Caryophyllaceae","Herniaria","Herniaria fruticosa","Herniaria","fruticosa","SPECIES","ACCEPTED",7071,NA,NA,"EUROPE","València",1987,5,24,"1987-05-24",144,144,"2025-01-23T17:49:39.000+00:00","2026-04-24T07:53:39.177+00:00","http://creativecommons.org/licenses/by-nc/4.0/legalcode",FALSE,"238D777A-6EE6-4C54-973A-9385E0B93983","none","none",FALSE,"doi:10.15470/wiadvo","Universidad de Jaén - Herbario de la Universidad de Jaén (JAEN)","R. Figuerola, J.B. Peris & G. Stübing","none","WGS84","Magnoliopsida","ES","none","none","EUROPE","Spain","EUROPE","238D777A-6EE6-4C54-973A-9385E0B93983","880238-1",NA,NA,"JAEN","181","Jalance","5890543092","es","JAEN","238D777A-6EE6-4C54-973A-9385E0B93983","PhysicalObject","Herniaria fruticosa L.","49a198b0-7ef5-45bb-8685-70c360fe8d82","aa248eeb-5d01-4120-8edb-82a10e430533",NA,NA,"matorral sobre yesos","24/05/1987","Jalance",NA,NA,NA,"R. Figuerola, J.B. Peris & G. Stübing",NA,NA,NA,NA,NA,NA,NA,NA,NA,NA,NA,NA,NA,NA,NA,NA,NA,NA,NA,NA,NA,"Ex Duplis Horto Botanico Matritensis (Herbario MA),",NA,NA,NA,NA,NA,NA,NA,NA,NA,NA,NA,NA,NA,NA,NA,NA,NA,NA,NA,NA,NA,NA,NA,NA,NA,NA,NA,NA,NA,NA
"895259766","Herniaria fruticosa L.",40.41,-1.07,"cdc,gass84,colmafu,inmafu","834a4794-f762-11e1-a439-00145eb45e9a","8209258a-80e8-4094-aba2-a3febe5ed45b","2a3f6a56-7591-4f05-8c4c-a1bb77aa4ea6","6c4a0bb0-2a4d-11d8-aa2d-b8a03c50a862","ES","EML","2026-04-18T01:37:24.691+00:00","2026-04-24T10:27:24.379+00:00",375,"PRESERVED_SPECIMEN",NA,"PRESENT",7769858,6,7707728,220,422,2518,3085796,7769858,7769858,"Herniaria fruticosa L.","Plantae","Tracheophyta","Caryophyllales","Caryophyllaceae","Herniaria","Herniaria fruticosa","Herniaria","fruticosa","SPECIES","ACCEPTED",707,980,0,"EUROPE","Teruel",1987,6,20,"1987-06-20",171,171,"2025-11-03T14:20:45.000+00:00","2026-04-24T10:27:24.379+00:00","http://creativecommons.org/licenses/by-nc/4.0/legalcode",FALSE,"E3DB1C87-7684-4D55-A119-8C81D13AECE1","none","none",FALSE,NA,"Colección de plantas vasculares del herbario de la Universitat de València (VAL)","G. Mateo","none","WGS84","Magnoliopsida","ES","none","none","EUROPE","Spain","EUROPE","E3DB1C87-7684-4D55-A119-8C81D13AECE1","56258-1","https://www.gbif.org/publisher/8209258a-80e8-4094-aba2-a3febe5ed45b",NA,"VAL","391","Villalba Baja","895259766","es","VAL","E3DB1C87-7684-4D55-A119-8C81D13AECE1","PhysicalObject","Herniaria fruticosa L.","c645b060-c130-45ee-97ab-b9fc94393523","6ceb64b5-0201-4a27-bcdb-8d62035e35d5","Pliego","VAL",NA,"20/06/1987","Teruel (Comunidad de Teruel)","in collection",NA,NA,NA,NA,NA,NA,NA,NA,NA,NA,NA,NA,NA,NA,NA,NA,NA,NA,NA,NA,NA,NA,NA,NA,"ex VAB-871236",NA,NA,NA,NA,NA,NA,NA,NA,NA,NA,NA,NA,NA,NA,NA,NA,NA,NA,NA,NA,NA,NA,NA,NA,NA,NA,NA,NA,NA,NA
"1050587271","Herniaria fruticosa L.",42.52,-2.17,"cdc,gass84,mdativ,txmathi,cdpi,osiic,colmano,inmafu","9f6f3c1c-b8b2-4d1d-be3e-36217e1cb9b8","4c91866b-3c2e-4568-aca0-3ab0a1c1a45e","2a3f6a56-7591-4f05-8c4c-a1bb77aa4ea6","6c4a0bb0-2a4d-11d8-aa2d-b8a03c50a862","ES","EML","2026-04-17T17:25:51.802+00:00","2026-04-24T02:22:25.350+00:00",432,"PRESERVED_SPECIMEN",1,"PRESENT",7769858,6,7707728,220,422,2518,3085796,7769858,7769858,"Herniaria fruticosa L.","Plantae","Tracheophyta","Caryophyllales","Caryophyllaceae","Herniaria","Herniaria fruticosa","Herniaria","fruticosa","SPECIES","ACCEPTED",NA,502.5,2.5,"EUROPE","Navarra",1987,6,8,"1987-06-08",159,159,NA,"2026-04-24T02:22:25.350+00:00","http://creativecommons.org/licenses/by-nc/4.0/legalcode",FALSE,"VIT:VIT-Vasculares:24654-1","none","none",FALSE,NA,NA,"P.M. URIBE-ECHEBARRIA","none","WGS84","Magnoliopsida","ES","none","none","EUROPE","Spain","EUROPE","VIT:VIT-Vasculares:24654-1","24654-1",NA,NA,"VIT","438","Los Arcos","1050587271",NA,"VIT-Vasculares","VIT:VIT-Vasculares:24654-1",NA,"Herniaria fruticosa L.","a4c92107-b55e-433c-8db1-6c0dfe31eace",NA,"Herbarium specimen",NA,NA,NA,NA,NA,NA,NA,NA,NA,NA,NA,NA,NA,NA,NA,NA,NA,NA,NA,NA,NA,NA,NA,NA,NA,NA,NA,NA,NA,"Cerros de yeso. Romeral y pasto xerófilo",NA,NA,NA,NA,NA,NA,NA,NA,NA,NA,NA,NA,NA,NA,NA,NA,NA,NA,NA,NA,NA,NA,NA,NA,NA,NA,NA,NA,NA,NA
"1050587296","Herniaria fruticosa L.",42.45,-1.88,"cdc,gass84,mdativ,txmathi,cdpi,osiic,colmano,inmafu","9f6f3c1c-b8b2-4d1d-be3e-36217e1cb9b8","4c91866b-3c2e-4568-aca0-3ab0a1c1a45e","2a3f6a56-7591-4f05-8c4c-a1bb77aa4ea6","6c4a0bb0-2a4d-11d8-aa2d-b8a03c50a862","ES","EML","2026-04-17T17:25:51.802+00:00","2026-04-24T02:22:53.244+00:00",432,"PRESERVED_SPECIMEN",1,"PRESENT",7769858,6,7707728,220,422,2518,3085796,7769858,7769858,"Herniaria fruticosa L.","Plantae","Tracheophyta","Caryophyllales","Caryophyllaceae","Herniaria","Herniaria fruticosa","Herniaria","fruticosa","SPECIES","ACCEPTED",NA,502.5,2.5,"EUROPE","Navarra",1987,6,9,"1987-06-09",160,160,NA,"2026-04-24T02:22:53.244+00:00","http://creativecommons.org/licenses/by-nc/4.0/legalcode",FALSE,"VIT:VIT-Vasculares:24655-1","none","none",FALSE,NA,NA,"P.M. URIBE-ECHEBARRIA","none","WGS84","Magnoliopsida","ES","none","none","EUROPE","Spain","EUROPE","VIT:VIT-Vasculares:24655-1","24655-1",NA,NA,"VIT","438","Falces","1050587296",NA,"VIT-Vasculares","VIT:VIT-Vasculares:24655-1",NA,"Herniaria fruticosa L.","a4c92107-b55e-433c-8db1-6c0dfe31eace",NA,"Herbarium specimen",NA,NA,NA,NA,NA,NA,NA,NA,NA,NA,NA,NA,NA,NA,NA,NA,NA,NA,NA,NA,NA,NA,NA,NA,NA,NA,NA,NA,NA,"Cerro de yeso.Talud corredizo al pie del escarpe",NA,NA,NA,NA,NA,NA,NA,NA,NA,NA,NA,NA,NA,NA,NA,NA,NA,NA,NA,NA,NA,NA,NA,NA,NA,NA,NA,NA,NA,NA
"1050587319","Herniaria fruticosa L.",42.45,-1.88,"cdc,gass84,mdativ,txmathi,cdpi,osiic,colmano,inmafu","9f6f3c1c-b8b2-4d1d-be3e-36217e1cb9b8","4c91866b-3c2e-4568-aca0-3ab0a1c1a45e","2a3f6a56-7591-4f05-8c4c-a1bb77aa4ea6","6c4a0bb0-2a4d-11d8-aa2d-b8a03c50a862","ES","EML","2026-04-17T17:25:51.802+00:00","2026-04-24T02:23:25.703+00:00",432,"PRESERVED_SPECIMEN",1,"PRESENT",7769858,6,7707728,220,422,2518,3085796,7769858,7769858,"Herniaria fruticosa L.","Plantae","Tracheophyta","Caryophyllales","Caryophyllaceae","Herniaria","Herniaria fruticosa","Herniaria","fruticosa","SPECIES","ACCEPTED",NA,477.5,2.5,"EUROPE","Navarra",1987,6,18,"1987-06-18",169,169,NA,"2026-04-24T02:23:25.703+00:00","http://creativecommons.org/licenses/by-nc/4.0/legalcode",FALSE,"VIT:VIT-Vasculares:24656-1","none","none",FALSE,NA,NA,"P.M. URIBE-ECHEBARRIA & P.URRUTIA","none","WGS84","Magnoliopsida","ES","none","none","EUROPE","Spain","EUROPE","VIT:VIT-Vasculares:24656-1","24656-1",NA,NA,"VIT","438","Falces","1050587319",NA,"VIT-Vasculares","VIT:VIT-Vasculares:24656-1",NA,"Herniaria fruticosa L.","a4c92107-b55e-433c-8db1-6c0dfe31eace",NA,"Herbarium specimen",NA,NA,NA,NA,NA,NA,NA,NA,NA,NA,NA,NA,NA,NA,NA,NA,NA,NA,NA,NA,NA,NA,NA,NA,NA,NA,NA,NA,NA,"Cerro de yeso, pedregoso. Coscojar",NA,NA,NA,NA,NA,NA,NA,NA,NA,NA,NA,NA,NA,NA,NA,NA,NA,NA,NA,NA,NA,NA,NA,NA,NA,NA,NA,NA,NA,NA
"1050587343","Herniaria fruticosa L.",42.31,-1.9,"cdc,gass84,mdativ,txmathi,cdpi,osiic,colmano,inmafu","9f6f3c1c-b8b2-4d1d-be3e-36217e1cb9b8","4c91866b-3c2e-4568-aca0-3ab0a1c1a45e","2a3f6a56-7591-4f05-8c4c-a1bb77aa4ea6","6c4a0bb0-2a4d-11d8-aa2d-b8a03c50a862","ES","EML","2026-04-17T17:25:51.802+00:00","2026-04-24T02:24:06.674+00:00",432,"PRESERVED_SPECIMEN",1,"PRESENT",7769858,6,7707728,220,422,2518,3085796,7769858,7769858,"Herniaria fruticosa L.","Plantae","Tracheophyta","Caryophyllales","Caryophyllaceae","Herniaria","Herniaria fruticosa","Herniaria","fruticosa","SPECIES","ACCEPTED",NA,302.5,2.5,"EUROPE","Navarra",1987,6,12,"1987-06-12",163,163,NA,"2026-04-24T02:24:06.674+00:00","http://creativecommons.org/licenses/by-nc/4.0/legalcode",FALSE,"VIT:VIT-Vasculares:24657-1","none","none",FALSE,NA,NA,"P.M. URIBE-ECHEBARRIA","none","WGS84","Magnoliopsida","ES","none","none","EUROPE","Spain","EUROPE","VIT:VIT-Vasculares:24657-1","24657-1",NA,NA,"VIT","438","Azagra","1050587343",NA,"VIT-Vasculares","VIT:VIT-Vasculares:24657-1",NA,"Herniaria fruticosa L.","a4c92107-b55e-433c-8db1-6c0dfe31eace",NA,"Herbarium specimen",NA,NA,NA,NA,NA,NA,NA,NA,NA,NA,NA,NA,NA,NA,NA,NA,NA,NA,NA,NA,NA,NA,NA,NA,NA,NA,NA,NA,NA,"Escarpes de yeso. Soleado",NA,NA,NA,NA,NA,NA,NA,NA,NA,NA,NA,NA,NA,NA,NA,NA,NA,NA,NA,NA,NA,NA,NA,NA,NA,NA,NA,NA,NA,NA
"1050587368","Herniaria fruticosa L.",42.47,-1.94,"cdc,gass84,mdativ,txmathi,cdpi,osiic,colmano,inmafu","9f6f3c1c-b8b2-4d1d-be3e-36217e1cb9b8","4c91866b-3c2e-4568-aca0-3ab0a1c1a45e","2a3f6a56-7591-4f05-8c4c-a1bb77aa4ea6","6c4a0bb0-2a4d-11d8-aa2d-b8a03c50a862","ES","EML","2026-04-17T17:25:51.802+00:00","2026-04-24T02:23:35.787+00:00",432,"PRESERVED_SPECIMEN",1,"PRESENT",7769858,6,7707728,220,422,2518,3085796,7769858,7769858,"Herniaria fruticosa L.","Plantae","Tracheophyta","Caryophyllales","Caryophyllaceae","Herniaria","Herniaria fruticosa","Herniaria","fruticosa","SPECIES","ACCEPTED",NA,402.5,2.5,"EUROPE","Navarra",1987,6,9,"1987-06-09",160,160,NA,"2026-04-24T02:23:35.787+00:00","http://creativecommons.org/licenses/by-nc/4.0/legalcode",FALSE,"VIT:VIT-Vasculares:24658-1","none","none",FALSE,NA,NA,"P.M. URIBE-ECHEBARRIA","none","WGS84","Magnoliopsida","ES","none","none","EUROPE","Spain","EUROPE","VIT:VIT-Vasculares:24658-1","24658-1",NA,NA,"VIT","438","Lerín, Corral de Saso","1050587368",NA,"VIT-Vasculares","VIT:VIT-Vasculares:24658-1",NA,"Herniaria fruticosa L.","a4c92107-b55e-433c-8db1-6c0dfe31eace",NA,"Herbarium specimen",NA,NA,NA,NA,NA,NA,NA,NA,NA,NA,NA,NA,NA,NA,NA,NA,NA,NA,NA,NA,NA,NA,NA,NA,NA,NA,NA,NA,NA,"Cerros de yeso. Romeral gipsícola",NA,NA,NA,NA,NA,NA,NA,NA,NA,NA,NA,NA,NA,NA,NA,NA,NA,NA,NA,NA,NA,NA,NA,NA,NA,NA,NA,NA,NA,NA
"1050587414","Herniaria fruticosa L.",42.37,-1.93,"cdc,gass84,mdativ,txmathi,cdpi,osiic,colmano,inmafu","9f6f3c1c-b8b2-4d1d-be3e-36217e1cb9b8","4c91866b-3c2e-4568-aca0-3ab0a1c1a45e","2a3f6a56-7591-4f05-8c4c-a1bb77aa4ea6","6c4a0bb0-2a4d-11d8-aa2d-b8a03c50a862","ES","EML","2026-04-17T17:25:51.802+00:00","2026-04-24T02:22:57.224+00:00",432,"PRESERVED_SPECIMEN",1,"PRESENT",7769858,6,7707728,220,422,2518,3085796,7769858,7769858,"Herniaria fruticosa L.","Plantae","Tracheophyta","Caryophyllales","Caryophyllaceae","Herniaria","Herniaria fruticosa","Herniaria","fruticosa","SPECIES","ACCEPTED",NA,352.5,2.5,"EUROPE","Navarra",1987,6,12,"1987-06-12",163,163,NA,"2026-04-24T02:22:57.224+00:00","http://creativecommons.org/licenses/by-nc/4.0/legalcode",FALSE,"VIT:VIT-Vasculares:24660-1","none","none",FALSE,NA,NA,"P.M. URIBE-ECHEBARRIA","none","WGS84","Magnoliopsida","ES","none","none","EUROPE","Spain","EUROPE","VIT:VIT-Vasculares:24660-1","24660-1",NA,NA,"VIT","438","Andosilla","1050587414",NA,"VIT-Vasculares","VIT:VIT-Vasculares:24660-1",NA,"Herniaria fruticosa L.","a4c92107-b55e-433c-8db1-6c0dfe31eace",NA,"Herbarium specimen",NA,NA,NA,NA,NA,NA,NA,NA,NA,NA,NA,NA,NA,NA,NA,NA,NA,NA,NA,NA,NA,NA,NA,NA,NA,NA,NA,NA,NA,"Gran farallón de yeso",NA,NA,NA,NA,NA,NA,NA,NA,NA,NA,NA,NA,NA,NA,NA,NA,NA,NA,NA,NA,NA,NA,NA,NA,NA,NA,NA,NA,NA,NA
"1053980815","Herniaria fruticosa L.",42.18,-1.49,"cdc,incomis,inmafu","95e9f2dc-f762-11e1-a439-00145eb45e9a","fbcad409-9d05-41d7-a869-1ddcab51e091","2a3f6a56-7591-4f05-8c4c-a1bb77aa4ea6","6c4a0bb0-2a4d-11d8-aa2d-b8a03c50a862","ES","EML","2026-04-17T22:12:56.461+00:00","2026-04-24T08:43:30.833+00:00",395,"PRESERVED_SPECIMEN",NA,"PRESENT",7769858,6,7707728,220,422,2518,3085796,7769858,7769858,"Herniaria fruticosa L.","Plantae","Tracheophyta","Caryophyllales","Caryophyllaceae","Herniaria","Herniaria fruticosa","Herniaria","fruticosa","SPECIES","ACCEPTED",707,300,0,"EUROPE","Navarra",1987,6,25,"1987-06-25",176,176,"2017-10-19T11:32:52.000+00:00","2026-04-24T08:43:30.833+00:00","http://creativecommons.org/licenses/by/4.0/legalcode",FALSE,"UPNA:H:626","none","none",FALSE,NA,NA,"C. Osácar","none","WGS84","Magnoliopsida","ES","none","none","EUROPE","Spain","EUROPE","UPNA:H:626","626",NA,NA,"UPNA","401","La Blanca","1053980815","es","H","UPNA:H:626","PhysicalObject","Herniaria fruticosa L.","78788916-f293-4d75-b4b0-c4336237c9e2",NA,NA,"UPNA-H",NA,NA,NA,NA,NA,NA,"C. Ursúa",NA,NA,NA,NA,NA,NA,NA,NA,NA,NA,NA,NA,NA,NA,"Bardenas",NA,NA,NA,NA,NA,NA,NA,NA,NA,NA,NA,NA,NA,NA,NA,NA,NA,NA,NA,NA,NA,NA,NA,NA,NA,NA,NA,NA,NA,NA,NA,NA,NA,NA,NA,NA,NA
"204429133","Herniaria fruticosa L.",42.433998,-1.924,"cdc,cdround,gass84,txmathi,cdpi,colmafu,inmafu","8354ecee-f762-11e1-a439-00145eb45e9a","823818f6-0696-4e29-bc4c-b6f3817535a7","2a3f6a56-7591-4f05-8c4c-a1bb77aa4ea6","6c4a0bb0-2a4d-11d8-aa2d-b8a03c50a862","ES","EML","2026-05-05T12:27:20.579+00:00","2026-05-05T12:28:56.595+00:00",360,"PRESERVED_SPECIMEN",NA,"PRESENT",7769858,6,7707728,220,422,2518,3085796,7769858,7769858,"Herniaria fruticosa L.","Plantae","Tracheophyta","Caryophyllales","Caryophyllaceae","Herniaria","Herniaria fruticosa","Herniaria","fruticosa","SPECIES","ACCEPTED",NA,350,NA,"EUROPE","Na",1987,7,15,"1987-07-15",196,196,NA,"2026-05-05T12:28:56.595+00:00","http://creativecommons.org/licenses/by/4.0/legalcode",FALSE,"204429133","none","none",FALSE,NA,NA,"F. Garín","none","WGS84","Magnoliopsida","ES","none","none","EUROPE","Spain","EUROPE",NA,"18259-1",NA,NA,"ARAN","360","Lerín. Lerin","204429133",NA,"Aran","204429133",NA,"Herniaria fruticosa L.","569d6220-c713-4af6-8b51-d6cb154c341e","68ae2c1d-9bd3-4cdf-8a2d-3a510de14c38",NA,"ARAN",NA,NA,NA,NA,NA,NA,NA,NA,NA,NA,NA,NA,NA,NA,NA,NA,NA,NA,NA,NA,NA,NA,NA,NA,NA,NA,NA,NA,NA,NA,NA,NA,NA,NA,NA,NA,NA,NA,NA,NA,NA,NA,NA,NA,NA,NA,NA,NA,NA,NA,NA,NA,NA,NA,NA,NA,NA,NA,NA
"1050587304","Herniaria fruticosa L.",42.04,-1.87,"cdc,gass84,mdativ,txmathi,cdpi,osiic,colmano,inmafu","9f6f3c1c-b8b2-4d1d-be3e-36217e1cb9b8","4c91866b-3c2e-4568-aca0-3ab0a1c1a45e","2a3f6a56-7591-4f05-8c4c-a1bb77aa4ea6","6c4a0bb0-2a4d-11d8-aa2d-b8a03c50a862","ES","EML","2026-04-17T17:25:51.802+00:00","2026-04-24T02:22:03.236+00:00",432,"PRESERVED_SPECIMEN",1,"PRESENT",7769858,6,7707728,220,422,2518,3085796,7769858,7769858,"Herniaria fruticosa L.","Plantae","Tracheophyta","Caryophyllales","Caryophyllaceae","Herniaria","Herniaria fruticosa","Herniaria","fruticosa","SPECIES","ACCEPTED",NA,550,50,"EUROPE","Navarra",1987,7,10,"1987-07-10",191,191,NA,"2026-04-24T02:22:03.236+00:00","http://creativecommons.org/licenses/by-nc/4.0/legalcode",FALSE,"VIT:VIT-Vasculares:24662-1","none","none",FALSE,NA,NA,"P.M. URIBE-ECHEBARRIA","none","WGS84","Magnoliopsida","ES","none","none","EUROPE","Spain","EUROPE","VIT:VIT-Vasculares:24662-1","24662-1",NA,NA,"VIT","438","Fitero, Peña Roya","1050587304",NA,"VIT-Vasculares","VIT:VIT-Vasculares:24662-1",NA,"Herniaria fruticosa L.","a4c92107-b55e-433c-8db1-6c0dfe31eace",NA,"Herbarium specimen",NA,NA,NA,NA,NA,NA,NA,NA,NA,NA,NA,NA,NA,NA,NA,NA,NA,NA,NA,NA,NA,NA,NA,NA,NA,NA,NA,NA,NA,"Cerros de conglomerados calcáreos. Romeral gipsícola",NA,NA,NA,NA,NA,NA,NA,NA,NA,NA,NA,NA,NA,NA,NA,NA,NA,NA,NA,NA,NA,NA,NA,NA,NA,NA,NA,NA,NA,NA
"204429132","Herniaria fruticosa L.",42.205002,-1.589,"cdc,cdround,gass84,txmathi,cdpi,colmafu,inmafu","8354ecee-f762-11e1-a439-00145eb45e9a","823818f6-0696-4e29-bc4c-b6f3817535a7","2a3f6a56-7591-4f05-8c4c-a1bb77aa4ea6","6c4a0bb0-2a4d-11d8-aa2d-b8a03c50a862","ES","EML","2026-05-05T12:27:20.579+00:00","2026-05-05T12:28:56.579+00:00",360,"PRESERVED_SPECIMEN",NA,"PRESENT",7769858,6,7707728,220,422,2518,3085796,7769858,7769858,"Herniaria fruticosa L.","Plantae","Tracheophyta","Caryophyllales","Caryophyllaceae","Herniaria","Herniaria fruticosa","Herniaria","fruticosa","SPECIES","ACCEPTED",NA,440,NA,"EUROPE","Na",1987,8,8,"1987-08-08",220,220,NA,"2026-05-05T12:28:56.579+00:00","http://creativecommons.org/licenses/by/4.0/legalcode",FALSE,"204429132","none","none",FALSE,NA,NA,"P. Garín","none","WGS84","Magnoliopsida","ES","none","none","EUROPE","Spain","EUROPE",NA,"18258-1",NA,NA,"ARAN","360","Arguedas. Arguedas ; Nuestra Señora del Yugo","204429132",NA,"Aran","204429132",NA,"Herniaria fruticosa L.","569d6220-c713-4af6-8b51-d6cb154c341e","68ae2c1d-9bd3-4cdf-8a2d-3a510de14c38",NA,"ARAN",NA,NA,NA,NA,NA,NA,NA,NA,NA,NA,NA,NA,NA,NA,NA,NA,NA,NA,NA,NA,NA,NA,NA,NA,NA,NA,NA,NA,NA,NA,NA,NA,NA,NA,NA,NA,NA,NA,NA,NA,NA,NA,NA,NA,NA,NA,NA,NA,NA,NA,NA,NA,NA,NA,NA,NA,NA,NA,NA
"1936081194","Herniaria fruticosa L.",37.3733,-1.9622,"cdc,gass84,inmano","834c9918-f762-11e1-a439-00145eb45e9a","0363cbd4-f666-455e-8e86-0bbddcf51950","2a3f6a56-7591-4f05-8c4c-a1bb77aa4ea6","6c4a0bb0-2a4d-11d8-aa2d-b8a03c50a862","ES","EML","2026-04-18T01:37:27.366+00:00","2026-04-24T05:19:55.691+00:00",423,"PRESERVED_SPECIMEN",NA,"PRESENT",7769858,6,7707728,220,422,2518,3085796,7769858,7769858,"Herniaria fruticosa L.","Plantae","Tracheophyta","Caryophyllales","Caryophyllaceae","Herniaria","Herniaria fruticosa","Herniaria","fruticosa","SPECIES","ACCEPTED",NA,NA,NA,"EUROPE","Almería",1986,3,27,"1986-03-27",86,86,NA,"2026-04-24T05:19:55.691+00:00","http://creativecommons.org/licenses/by-nc/4.0/legalcode",FALSE,"3ba99c4d-20fe-11e3-9e2e-000c29035824","none","none",FALSE,"834c9918-f762-11e1-a439-00145eb45e9a",NA,"G. López","none","WGS84","Magnoliopsida","ES","none","none","EUROPE","Spain","EUROPE","3ba99c4d-20fe-11e3-9e2e-000c29035824","MA-01-00306326","0363cbd4-f666-455e-8e86-0bbddcf51950",NA,"MA","429","Huercal-Overa, la Yesera","1936081194","es","MA","3ba99c4d-20fe-11e3-9e2e-000c29035824","Collection","Herniaria fruticosa L.",NA,NA,NA,"MA","cerros margosos yesíferos y cultivos","27031986",NA,NA,NA,NA,NA,"9742",NA,NA,"17abcf75-2f1e-46dd-bf75-a5b21dd02655",NA,NA,NA,NA,NA,NA,NA,NA,NA,NA,NA,NA,NA,"7769858",NA,NA,NA,NA,NA,NA,"MA",NA,NA,NA,NA,NA,NA,"MA-306326-1","ad38e578-20fe-11e3-9e2e-000c29035824",NA,NA,NA,NA,NA,NA,NA,NA,NA,NA,NA,NA,NA,NA,NA,NA,NA,NA,NA
"204429131","Herniaria fruticosa L.",42.313,-1.598,"cdc,cdround,gass84,txmathi,cdpi,colmafu,inmafu","8354ecee-f762-11e1-a439-00145eb45e9a","823818f6-0696-4e29-bc4c-b6f3817535a7","2a3f6a56-7591-4f05-8c4c-a1bb77aa4ea6","6c4a0bb0-2a4d-11d8-aa2d-b8a03c50a862","ES","EML","2026-05-05T12:27:20.579+00:00","2026-05-05T12:28:56.619+00:00",360,"PRESERVED_SPECIMEN",NA,"PRESENT",7769858,6,7707728,220,422,2518,3085796,7769858,7769858,"Herniaria fruticosa L.","Plantae","Tracheophyta","Caryophyllales","Caryophyllaceae","Herniaria","Herniaria fruticosa","Herniaria","fruticosa","SPECIES","ACCEPTED",NA,350,NA,"EUROPE","Na",1986,5,19,"1986-05-19",139,139,NA,"2026-05-05T12:28:56.619+00:00","http://creativecommons.org/licenses/by/4.0/legalcode",FALSE,"204429131","none","none",FALSE,NA,NA,"Aizpuru & Catalán","none","WGS84","Magnoliopsida","ES","none","none","EUROPE","Spain","EUROPE",NA,"18257-1",NA,NA,"ARAN","360","Caparroso. Caparroso","204429131",NA,"Aran","204429131",NA,"Herniaria fruticosa L.","569d6220-c713-4af6-8b51-d6cb154c341e","68ae2c1d-9bd3-4cdf-8a2d-3a510de14c38",NA,"ARAN",NA,NA,NA,NA,NA,NA,NA,NA,NA,NA,NA,NA,NA,NA,NA,NA,NA,NA,NA,NA,NA,NA,NA,NA,NA,NA,NA,NA,NA,NA,NA,NA,NA,NA,NA,NA,NA,NA,NA,NA,NA,NA,NA,NA,NA,NA,NA,NA,NA,NA,NA,NA,NA,NA,NA,NA,NA,NA,NA
"204429135","Herniaria fruticosa L.",42.332001,-1.647,"cdc,cdround,gass84,txmathi,cdpi,colmafu,inmafu","8354ecee-f762-11e1-a439-00145eb45e9a","823818f6-0696-4e29-bc4c-b6f3817535a7","2a3f6a56-7591-4f05-8c4c-a1bb77aa4ea6","6c4a0bb0-2a4d-11d8-aa2d-b8a03c50a862","ES","EML","2026-05-05T12:27:20.579+00:00","2026-05-05T12:28:56.597+00:00",360,"PRESERVED_SPECIMEN",NA,"PRESENT",7769858,6,7707728,220,422,2518,3085796,7769858,7769858,"Herniaria fruticosa L.","Plantae","Tracheophyta","Caryophyllales","Caryophyllaceae","Herniaria","Herniaria fruticosa","Herniaria","fruticosa","SPECIES","ACCEPTED",NA,350,NA,"EUROPE","Na",1986,5,10,"1986-05-10",130,130,NA,"2026-05-05T12:28:56.597+00:00","http://creativecommons.org/licenses/by/4.0/legalcode",FALSE,"204429135","none","none",FALSE,NA,NA,"Aizpuru & Catalán","none","WGS84","Magnoliopsida","ES","none","none","EUROPE","Spain","EUROPE",NA,"18261-1",NA,NA,"ARAN","360","Caparroso. Caparroso","204429135",NA,"Aran","204429135",NA,"Herniaria fruticosa L.","569d6220-c713-4af6-8b51-d6cb154c341e","68ae2c1d-9bd3-4cdf-8a2d-3a510de14c38",NA,"ARAN",NA,NA,NA,NA,NA,NA,NA,NA,NA,NA,NA,NA,NA,NA,NA,NA,NA,NA,NA,NA,NA,NA,NA,NA,NA,NA,NA,NA,NA,NA,NA,NA,NA,NA,NA,NA,NA,NA,NA,NA,NA,NA,NA,NA,NA,NA,NA,NA,NA,NA,NA,NA,NA,NA,NA,NA,NA,NA,NA
"1936370538","Herniaria fruticosa L.",37.9862,-1.2135,"cdc,gass84,inmano","834c9918-f762-11e1-a439-00145eb45e9a","0363cbd4-f666-455e-8e86-0bbddcf51950","2a3f6a56-7591-4f05-8c4c-a1bb77aa4ea6","6c4a0bb0-2a4d-11d8-aa2d-b8a03c50a862","ES","EML","2026-04-18T01:37:27.366+00:00","2026-04-24T05:20:06.423+00:00",423,"PRESERVED_SPECIMEN",NA,"PRESENT",7769858,6,7707728,220,422,2518,3085796,7769858,7769858,"Herniaria fruticosa L.","Plantae","Tracheophyta","Caryophyllales","Caryophyllaceae","Herniaria","Herniaria fruticosa","Herniaria","fruticosa","SPECIES","ACCEPTED",NA,NA,NA,"EUROPE","Murcia",1986,5,5,"1986-05-05",125,125,NA,"2026-04-24T05:20:06.423+00:00","http://creativecommons.org/licenses/by-nc/4.0/legalcode",FALSE,"4748b856-20fe-11e3-9e2e-000c29035824","none","none",FALSE,"834c9918-f762-11e1-a439-00145eb45e9a",NA,"De Castro, F.","none","WGS84","Magnoliopsida","ES","none","none","EUROPE","Spain","EUROPE","4748b856-20fe-11e3-9e2e-000c29035824","MA-01-00456725","0363cbd4-f666-455e-8e86-0bbddcf51950",NA,"MA","429","Javali N. Murcia. Rambla Salada","1936370538","es","MA","4748b856-20fe-11e3-9e2e-000c29035824","Collection","Herniaria fruticosa L.",NA,NA,NA,"MA","pedregal","05051986",NA,NA,NA,NA,"De Castro, F.","1714",NA,NA,"17abcf75-2f1e-46dd-bf75-a5b21dd02655",NA,NA,NA,NA,NA,NA,NA,NA,NA,NA,NA,NA,NA,"7769858",NA,NA,NA,NA,NA,NA,"MA",NA,NA,NA,NA,NA,NA,"MA-456725-1","b6981809-20fe-11e3-9e2e-000c29035824",NA,NA,NA,NA,NA,NA,NA,NA,NA,NA,NA,NA,NA,NA,NA,NA,NA,NA,NA
"204429134","Herniaria fruticosa L.",42.425999,-2.058,"cdc,cdround,gass84,txmathi,cdpi,colmafu,inmafu","8354ecee-f762-11e1-a439-00145eb45e9a","823818f6-0696-4e29-bc4c-b6f3817535a7","2a3f6a56-7591-4f05-8c4c-a1bb77aa4ea6","6c4a0bb0-2a4d-11d8-aa2d-b8a03c50a862","ES","EML","2026-05-05T12:27:20.579+00:00","2026-05-05T12:28:56.596+00:00",360,"PRESERVED_SPECIMEN",NA,"PRESENT",7769858,6,7707728,220,422,2518,3085796,7769858,7769858,"Herniaria fruticosa L.","Plantae","Tracheophyta","Caryophyllales","Caryophyllaceae","Herniaria","Herniaria fruticosa","Herniaria","fruticosa","SPECIES","ACCEPTED",NA,360,NA,"EUROPE","Na",1986,6,9,"1986-06-09",160,160,NA,"2026-05-05T12:28:56.596+00:00","http://creativecommons.org/licenses/by/4.0/legalcode",FALSE,"204429134","none","none",FALSE,NA,NA,"Aizpuru & Catalán","none","WGS84","Magnoliopsida","ES","none","none","EUROPE","Spain","EUROPE",NA,"18260-1",NA,NA,"ARAN","360","Lodosa. Lodosa","204429134",NA,"Aran","204429134",NA,"Herniaria fruticosa L.","569d6220-c713-4af6-8b51-d6cb154c341e","68ae2c1d-9bd3-4cdf-8a2d-3a510de14c38",NA,"ARAN",NA,NA,NA,NA,NA,NA,NA,NA,NA,NA,NA,NA,NA,NA,NA,NA,NA,NA,NA,NA,NA,NA,NA,NA,NA,NA,NA,NA,NA,NA,NA,NA,NA,NA,NA,NA,NA,NA,NA,NA,NA,NA,NA,NA,NA,NA,NA,NA,NA,NA,NA,NA,NA,NA,NA,NA,NA,NA,NA
"204429136","Herniaria fruticosa L.",42.407001,-1.985,"cdc,cdround,gass84,txmathi,cdpi,colmafu,inmafu","8354ecee-f762-11e1-a439-00145eb45e9a","823818f6-0696-4e29-bc4c-b6f3817535a7","2a3f6a56-7591-4f05-8c4c-a1bb77aa4ea6","6c4a0bb0-2a4d-11d8-aa2d-b8a03c50a862","ES","EML","2026-05-05T12:27:20.579+00:00","2026-05-05T12:28:56.607+00:00",360,"PRESERVED_SPECIMEN",NA,"PRESENT",7769858,6,7707728,220,422,2518,3085796,7769858,7769858,"Herniaria fruticosa L.","Plantae","Tracheophyta","Caryophyllales","Caryophyllaceae","Herniaria","Herniaria fruticosa","Herniaria","fruticosa","SPECIES","ACCEPTED",NA,450,NA,"EUROPE","Na",1986,6,9,"1986-06-09",160,160,NA,"2026-05-05T12:28:56.607+00:00","http://creativecommons.org/licenses/by/4.0/legalcode",FALSE,"204429136","none","none",FALSE,NA,NA,"Aizpuru & Catalán","none","WGS84","Magnoliopsida","ES","none","none","EUROPE","Spain","EUROPE",NA,"18262-1",NA,NA,"ARAN","360","Carcar. Carcar","204429136",NA,"Aran","204429136",NA,"Herniaria fruticosa L.","569d6220-c713-4af6-8b51-d6cb154c341e","68ae2c1d-9bd3-4cdf-8a2d-3a510de14c38",NA,"ARAN",NA,NA,NA,NA,NA,NA,NA,NA,NA,NA,NA,NA,NA,NA,NA,NA,NA,NA,NA,NA,NA,NA,NA,NA,NA,NA,NA,NA,NA,NA,NA,NA,NA,NA,NA,NA,NA,NA,NA,NA,NA,NA,NA,NA,NA,NA,NA,NA,NA,NA,NA,NA,NA,NA,NA,NA,NA,NA,NA
"204429137","Herniaria fruticosa L.",41.962002,-1.618,"cdc,cdround,gass84,txmathi,cdpi,colmafu,inmafu","8354ecee-f762-11e1-a439-00145eb45e9a","823818f6-0696-4e29-bc4c-b6f3817535a7","2a3f6a56-7591-4f05-8c4c-a1bb77aa4ea6","6c4a0bb0-2a4d-11d8-aa2d-b8a03c50a862","ES","EML","2026-05-05T12:27:20.579+00:00","2026-05-05T12:28:56.630+00:00",360,"PRESERVED_SPECIMEN",NA,"PRESENT",7769858,6,7707728,220,422,2518,3085796,7769858,7769858,"Herniaria fruticosa L.","Plantae","Tracheophyta","Caryophyllales","Caryophyllaceae","Herniaria","Herniaria fruticosa","Herniaria","fruticosa","SPECIES","ACCEPTED",NA,410,NA,"EUROPE","Na",1986,6,29,"1986-06-29",180,180,NA,"2026-05-05T12:28:56.630+00:00","http://creativecommons.org/licenses/by/4.0/legalcode",FALSE,"204429137","none","none",FALSE,NA,NA,"Aizpuru & Catalán","none","WGS84","Magnoliopsida","ES","none","none","EUROPE","Spain","EUROPE",NA,"18263-1",NA,NA,"ARAN","360","Ablitas. Ablitas","204429137",NA,"Aran","204429137",NA,"Herniaria fruticosa L.","569d6220-c713-4af6-8b51-d6cb154c341e","68ae2c1d-9bd3-4cdf-8a2d-3a510de14c38",NA,"ARAN",NA,NA,NA,NA,NA,NA,NA,NA,NA,NA,NA,NA,NA,NA,NA,NA,NA,NA,NA,NA,NA,NA,NA,NA,NA,NA,NA,NA,NA,NA,NA,NA,NA,NA,NA,NA,NA,NA,NA,NA,NA,NA,NA,NA,NA,NA,NA,NA,NA,NA,NA,NA,NA,NA,NA,NA,NA,NA,NA
"1936125954","Herniaria fruticosa L.",38.4693,-1.6142,"cdc,gass84,txmathi,inmano","834c9918-f762-11e1-a439-00145eb45e9a","0363cbd4-f666-455e-8e86-0bbddcf51950","2a3f6a56-7591-4f05-8c4c-a1bb77aa4ea6","6c4a0bb0-2a4d-11d8-aa2d-b8a03c50a862","ES","EML","2026-04-18T01:37:27.366+00:00","2026-04-24T05:19:59.509+00:00",423,"PRESERVED_SPECIMEN",NA,"PRESENT",7769858,6,7707728,220,422,2518,3085796,7769858,7769858,"Herniaria fruticosa L.","Plantae","Tracheophyta","Caryophyllales","Caryophyllaceae","Herniaria","Herniaria fruticosa","Herniaria","fruticosa","SPECIES","ACCEPTED",NA,NA,NA,"EUROPE","Albacete",1986,7,19,"1986-07-19",200,200,NA,"2026-04-24T05:19:59.509+00:00","http://creativecommons.org/licenses/by-nc/4.0/legalcode",FALSE,"4016f10b-20fe-11e3-9e2e-000c29035824","none","none",FALSE,"834c9918-f762-11e1-a439-00145eb45e9a",NA,"Jose Mª Herranz","none","WGS84","Magnoliopsida","ES","none","none","EUROPE","Spain","EUROPE","4016f10b-20fe-11e3-9e2e-000c29035824","MA-01-00363915","0363cbd4-f666-455e-8e86-0bbddcf51950",NA,"MA","429","Hellín","1936125954","es","MA","4016f10b-20fe-11e3-9e2e-000c29035824","Collection","Herniaria fruticosa L.",NA,NA,NA,"MA","yesos","19071986",NA,NA,NA,NA,"J. Pedrol",NA,NA,NA,"17abcf75-2f1e-46dd-bf75-a5b21dd02655",NA,NA,NA,NA,NA,NA,NA,NA,NA,NA,NA,NA,NA,"7769858",NA,NA,NA,NA,NA,NA,"MA",NA,NA,NA,NA,NA,NA,"MA-363915-1","b12ac0f2-20fe-11e3-9e2e-000c29035824",NA,"Revisión para Flora Ibérica",NA,NA,NA,NA,NA,NA,NA,NA,NA,NA,NA,NA,NA,NA,NA,NA,NA
"204429139","Herniaria fruticosa L.",42.063,-1.713,"cdc,cdround,gass84,txmathi,cdpi,colmafu,inmafu","8354ecee-f762-11e1-a439-00145eb45e9a","823818f6-0696-4e29-bc4c-b6f3817535a7","2a3f6a56-7591-4f05-8c4c-a1bb77aa4ea6","6c4a0bb0-2a4d-11d8-aa2d-b8a03c50a862","ES","EML","2026-05-05T12:27:20.579+00:00","2026-05-05T12:28:56.631+00:00",360,"PRESERVED_SPECIMEN",NA,"PRESENT",7769858,6,7707728,220,422,2518,3085796,7769858,7769858,"Herniaria fruticosa L.","Plantae","Tracheophyta","Caryophyllales","Caryophyllaceae","Herniaria","Herniaria fruticosa","Herniaria","fruticosa","SPECIES","ACCEPTED",NA,320,NA,"EUROPE","Na",1985,4,28,"1985-04-28",118,118,NA,"2026-05-05T12:28:56.631+00:00","http://creativecommons.org/licenses/by/4.0/legalcode",FALSE,"204429139","none","none",FALSE,NA,NA,"Aizpuru, Catalán & Aedo","none","WGS84","Magnoliopsida","ES","none","none","EUROPE","Spain","EUROPE",NA,"18265-1",NA,NA,"ARAN","360","Murchante. Murchante ; Balsa del Purguel","204429139",NA,"Aran","204429139",NA,"Herniaria fruticosa L.","569d6220-c713-4af6-8b51-d6cb154c341e","68ae2c1d-9bd3-4cdf-8a2d-3a510de14c38",NA,"ARAN",NA,NA,NA,NA,NA,NA,NA,NA,NA,NA,NA,NA,NA,NA,NA,NA,NA,NA,NA,NA,NA,NA,NA,NA,NA,NA,NA,NA,NA,NA,NA,NA,NA,NA,NA,NA,NA,NA,NA,NA,NA,NA,NA,NA,NA,NA,NA,NA,NA,NA,NA,NA,NA,NA,NA,NA,NA,NA,NA
"85302475","Herniaria fruticosa L.",42.51,-2.14,"cdc,gass84,txmathi,indci,colmafu,inmafu","835177da-f762-11e1-a439-00145eb45e9a","95cb537c-74c5-4c1e-ae24-32e7ea08f380","2a3f6a56-7591-4f05-8c4c-a1bb77aa4ea6","6c4a0bb0-2a4d-11d8-aa2d-b8a03c50a862","ES","EML","2026-04-18T01:36:55.524+00:00","2026-04-24T06:31:57.183+00:00",389,"PRESERVED_SPECIMEN",NA,"PRESENT",7769858,6,7707728,220,422,2518,3085796,7769858,7769858,"Herniaria fruticosa L.","Plantae","Tracheophyta","Caryophyllales","Caryophyllaceae","Herniaria","Herniaria fruticosa","Herniaria","fruticosa","SPECIES","ACCEPTED",NA,500,0,"EUROPE","Navarra",1985,5,18,"1985-05-18",138,138,"2008-01-01T00:00:00.000+00:00","2026-04-24T06:31:57.183+00:00","http://creativecommons.org/licenses/by-nc/4.0/legalcode",FALSE,"FCO:FCO:21957-1","none","none",FALSE,NA,"Universidad de Oviedo. Departamento de Biología de Organismos y Sistemas: FCO","J.A.Alejandre & P.M.Uribe-Echebarría","none","WGS84","Magnoliopsida","ES","none","none","EUROPE","Spain","EUROPE","FCO:FCO:21957-1","21957-1","95cb537c-74c5-4c1e-ae24-32e7ea08f380",NA,"FCO","395","Los Arcos. Los Arcos","85302475","es","FCO","FCO:FCO:21957-1","Collection","Herniaria fruticosa L.","23454f94-cf0f-472b-bba0-a16d3ff3be7f","ea0d0893-ee67-4c44-b164-fe1597332661",NA,NA,NA,NA,NA,NA,NA,NA,"J.A.Alejandre & P.M.Uribe-Echebarría",NA,NA,NA,NA,NA,NA,NA,NA,NA,NA,NA,NA,NA,NA,NA,NA,NA,NA,NA,NA,NA,"Cerro yesoso",NA,NA,NA,NA,NA,NA,NA,NA,NA,NA,NA,NA,NA,NA,NA,0,NA,NA,NA,NA,NA,NA,NA,NA,NA,NA,NA,NA,NA,NA
"1050587280","Herniaria fruticosa L.",42.18,-1.49,"cdc,gass84,mdativ,txmathi,cdpi,osiic,colmano,inmafu","9f6f3c1c-b8b2-4d1d-be3e-36217e1cb9b8","4c91866b-3c2e-4568-aca0-3ab0a1c1a45e","2a3f6a56-7591-4f05-8c4c-a1bb77aa4ea6","6c4a0bb0-2a4d-11d8-aa2d-b8a03c50a862","ES","EML","2026-04-17T17:25:51.802+00:00","2026-04-24T02:24:03.811+00:00",432,"PRESERVED_SPECIMEN",1,"PRESENT",7769858,6,7707728,220,422,2518,3085796,7769858,7769858,"Herniaria fruticosa L.","Plantae","Tracheophyta","Caryophyllales","Caryophyllaceae","Herniaria","Herniaria fruticosa","Herniaria","fruticosa","SPECIES","ACCEPTED",NA,252.5,2.5,"EUROPE","Navarra",1985,5,25,"1985-05-25",145,145,NA,"2026-04-24T02:24:03.811+00:00","http://creativecommons.org/licenses/by-nc/4.0/legalcode",FALSE,"VIT:VIT-Vasculares:24661-1","none","none",FALSE,NA,NA,"J.A. ALEJANDRE, G. MORANTE & P.M. URIBE-ECHEBARRIA","none","WGS84","Magnoliopsida","ES","none","none","EUROPE","Spain","EUROPE","VIT:VIT-Vasculares:24661-1","24661-1",NA,NA,"VIT","438","Arguedas","1050587280",NA,"VIT-Vasculares","VIT:VIT-Vasculares:24661-1",NA,"Herniaria fruticosa L.","a4c92107-b55e-433c-8db1-6c0dfe31eace",NA,"Herbarium specimen",NA,NA,NA,NA,NA,NA,NA,NA,NA,NA,NA,NA,NA,NA,NA,NA,NA,NA,NA,NA,NA,NA,NA,NA,NA,NA,NA,NA,NA,"Cerros yesosos. Cara sur",NA,NA,NA,NA,NA,NA,NA,NA,NA,NA,NA,NA,NA,NA,NA,NA,NA,NA,NA,NA,NA,NA,NA,NA,NA,NA,NA,NA,NA,NA
"1050587392","Herniaria fruticosa L.",42.51,-2.14,"cdc,gass84,mdativ,txmathi,cdpi,osiic,colmano,inmafu","9f6f3c1c-b8b2-4d1d-be3e-36217e1cb9b8","4c91866b-3c2e-4568-aca0-3ab0a1c1a45e","2a3f6a56-7591-4f05-8c4c-a1bb77aa4ea6","6c4a0bb0-2a4d-11d8-aa2d-b8a03c50a862","ES","EML","2026-04-17T17:25:51.802+00:00","2026-04-24T02:22:59.447+00:00",432,"PRESERVED_SPECIMEN",1,"PRESENT",7769858,6,7707728,220,422,2518,3085796,7769858,7769858,"Herniaria fruticosa L.","Plantae","Tracheophyta","Caryophyllales","Caryophyllaceae","Herniaria","Herniaria fruticosa","Herniaria","fruticosa","SPECIES","ACCEPTED",NA,502.5,2.5,"EUROPE","Navarra",1985,5,18,"1985-05-18",138,138,NA,"2026-04-24T02:22:59.447+00:00","http://creativecommons.org/licenses/by-nc/4.0/legalcode",FALSE,"VIT:VIT-Vasculares:24659-1","none","none",FALSE,NA,NA,"J.A.ALEJANDRE & P.M. URIBE-ECHEBARRIA","none","WGS84","Magnoliopsida","ES","none","none","EUROPE","Spain","EUROPE","VIT:VIT-Vasculares:24659-1","24659-1",NA,NA,"VIT","438","Los Arcos","1050587392",NA,"VIT-Vasculares","VIT:VIT-Vasculares:24659-1",NA,"Herniaria fruticosa L.","a4c92107-b55e-433c-8db1-6c0dfe31eace",NA,"Herbarium specimen",NA,NA,NA,NA,NA,NA,NA,NA,NA,NA,NA,NA,NA,NA,NA,NA,NA,NA,NA,NA,NA,NA,NA,NA,NA,NA,NA,NA,NA,"Cerro yesoso",NA,NA,NA,NA,NA,NA,NA,NA,NA,NA,NA,NA,NA,NA,NA,NA,NA,NA,NA,NA,NA,NA,NA,NA,NA,NA,NA,NA,NA,NA
"1936106195","Herniaria fruticosa L.",42.5103,-2.1492,"cdc,gass84,inmano","834c9918-f762-11e1-a439-00145eb45e9a","0363cbd4-f666-455e-8e86-0bbddcf51950","2a3f6a56-7591-4f05-8c4c-a1bb77aa4ea6","6c4a0bb0-2a4d-11d8-aa2d-b8a03c50a862","ES","EML","2026-04-18T01:37:27.366+00:00","2026-04-24T05:19:58.571+00:00",423,"PRESERVED_SPECIMEN",NA,"PRESENT",7769858,6,7707728,220,422,2518,3085796,7769858,7769858,"Herniaria fruticosa L.","Plantae","Tracheophyta","Caryophyllales","Caryophyllaceae","Herniaria","Herniaria fruticosa","Herniaria","fruticosa","SPECIES","ACCEPTED",NA,490,NA,"EUROPE","Navarra",1985,5,18,"1985-05-18",138,138,NA,"2026-04-24T05:19:58.571+00:00","http://creativecommons.org/licenses/by-nc/4.0/legalcode",FALSE,"3dc89d90-20fe-11e3-9e2e-000c29035824","none","none",FALSE,"834c9918-f762-11e1-a439-00145eb45e9a",NA,"P. Uribe & J. A. Alejandre","none","WGS84","Magnoliopsida","ES","none","none","EUROPE","Spain","EUROPE","3dc89d90-20fe-11e3-9e2e-000c29035824","MA-01-00337060","0363cbd4-f666-455e-8e86-0bbddcf51950",NA,"MA","429","Los Arcos","1936106195","es","MA","3dc89d90-20fe-11e3-9e2e-000c29035824","Collection","Herniaria fruticosa L.",NA,NA,NA,"MA","cerros yesos","18051985",NA,NA,NA,NA,NA,NA,NA,NA,"17abcf75-2f1e-46dd-bf75-a5b21dd02655",NA,NA,NA,NA,NA,NA,NA,NA,NA,NA,NA,NA,NA,"7769858",NA,NA,NA,NA,NA,NA,"MA",NA,NA,NA,NA,NA,NA,"MA-337060-1","af5f02e3-20fe-11e3-9e2e-000c29035824",NA,NA,NA,NA,NA,NA,NA,NA,NA,NA,NA,NA,NA,NA,NA,NA,NA,NA,NA
"1936106364","Herniaria fruticosa L.",42.3319,-2.4187,"cdc,gass84,inmano","834c9918-f762-11e1-a439-00145eb45e9a","0363cbd4-f666-455e-8e86-0bbddcf51950","2a3f6a56-7591-4f05-8c4c-a1bb77aa4ea6","6c4a0bb0-2a4d-11d8-aa2d-b8a03c50a862","ES","EML","2026-04-18T01:37:27.366+00:00","2026-04-24T05:19:57.671+00:00",423,"PRESERVED_SPECIMEN",NA,"PRESENT",7769858,6,7707728,220,422,2518,3085796,7769858,7769858,"Herniaria fruticosa L.","Plantae","Tracheophyta","Caryophyllales","Caryophyllaceae","Herniaria","Herniaria fruticosa","Herniaria","fruticosa","SPECIES","ACCEPTED",NA,NA,NA,"EUROPE","La Rioja",1985,5,19,"1985-05-19",139,139,NA,"2026-04-24T05:19:57.671+00:00","http://creativecommons.org/licenses/by-nc/4.0/legalcode",FALSE,"3dc96f48-20fe-11e3-9e2e-000c29035824","none","none",FALSE,"834c9918-f762-11e1-a439-00145eb45e9a",NA,"B. Fz. de Betoño & J. A. Alejandre","none","WGS84","Magnoliopsida","ES","none","none","EUROPE","Spain","EUROPE","3dc96f48-20fe-11e3-9e2e-000c29035824","MA-01-00337094","0363cbd4-f666-455e-8e86-0bbddcf51950",NA,"MA","429","Leza de Río Leza","1936106364","es","MA","3dc96f48-20fe-11e3-9e2e-000c29035824","Collection","Herniaria fruticosa L.",NA,NA,NA,"MA","cerros yesosos","19051985",NA,NA,NA,NA,NA,NA,NA,NA,"17abcf75-2f1e-46dd-bf75-a5b21dd02655",NA,NA,NA,NA,NA,NA,NA,NA,NA,NA,NA,NA,NA,"7769858",NA,NA,NA,NA,NA,NA,"MA",NA,NA,NA,NA,NA,NA,"MA-337094-1","af5fafd7-20fe-11e3-9e2e-000c29035824",NA,NA,NA,NA,NA,NA,NA,NA,NA,NA,NA,NA,NA,NA,NA,NA,NA,NA,NA
"1936242039","Herniaria fruticosa L.",40.9411,-1.1956,"cdc,gass84,inmano","834c9918-f762-11e1-a439-00145eb45e9a","0363cbd4-f666-455e-8e86-0bbddcf51950","2a3f6a56-7591-4f05-8c4c-a1bb77aa4ea6","6c4a0bb0-2a4d-11d8-aa2d-b8a03c50a862","ES","EML","2026-04-18T01:37:27.366+00:00","2026-04-24T05:20:50.785+00:00",423,"PRESERVED_SPECIMEN",NA,"PRESENT",7769858,6,7707728,220,422,2518,3085796,7769858,7769858,"Herniaria fruticosa L.","Plantae","Tracheophyta","Caryophyllales","Caryophyllaceae","Herniaria","Herniaria fruticosa","Herniaria","fruticosa","SPECIES","ACCEPTED",NA,NA,NA,"EUROPE","Madrid",1985,5,18,"1985-05-18",138,138,NA,"2026-04-24T05:20:50.785+00:00","http://creativecommons.org/licenses/by-nc/4.0/legalcode",FALSE,"65200ac4-20fe-11e3-9e2e-000c29035824","none","none",FALSE,"834c9918-f762-11e1-a439-00145eb45e9a",NA,"J. Pedrol","none","WGS84","Magnoliopsida","ES","none","none","EUROPE","Spain","EUROPE","65200ac4-20fe-11e3-9e2e-000c29035824","MA-01-00831608","0363cbd4-f666-455e-8e86-0bbddcf51950",NA,"MA","429","San Fernando de Henares","1936242039","es","MA","65200ac4-20fe-11e3-9e2e-000c29035824","Collection","Herniaria fruticosa L.",NA,NA,NA,"MA","Habitat: calizos yesosos","18051985",NA,NA,NA,NA,NA,"342",NA,NA,"17abcf75-2f1e-46dd-bf75-a5b21dd02655",NA,NA,NA,NA,NA,NA,NA,NA,NA,NA,NA,NA,NA,"7769858",NA,NA,NA,NA,NA,NA,"MA",NA,NA,NA,NA,NA,NA,"MA-831608-1","d04ac723-20fe-11e3-9e2e-000c29035824",NA,NA,NA,NA,NA,NA,NA,NA,NA,NA,NA,NA,NA,NA,NA,NA,NA,NA,NA
"85301921","Herniaria fruticosa L.",41.76,0.89,"cdc,gass84,indci,colmafu,inmafu","835177da-f762-11e1-a439-00145eb45e9a","95cb537c-74c5-4c1e-ae24-32e7ea08f380","2a3f6a56-7591-4f05-8c4c-a1bb77aa4ea6","6c4a0bb0-2a4d-11d8-aa2d-b8a03c50a862","ES","EML","2026-04-18T01:36:55.524+00:00","2026-04-24T06:32:14.347+00:00",389,"PRESERVED_SPECIMEN",NA,"PRESENT",7769858,6,7707728,220,422,2518,3085796,7769858,7769858,"Herniaria fruticosa L.","Plantae","Tracheophyta","Caryophyllales","Caryophyllaceae","Herniaria","Herniaria fruticosa","Herniaria","fruticosa","SPECIES","ACCEPTED",NA,300,0,"EUROPE","Lérida",1985,6,12,"1985-06-12",163,163,"2008-01-01T00:00:00.000+00:00","2026-04-24T06:32:14.347+00:00","http://creativecommons.org/licenses/by-nc/4.0/legalcode",FALSE,"FCO:FCO:18729-1","none","none",TRUE,NA,"Universidad de Oviedo. Departamento de Biología de Organismos y Sistemas: FCO","Ninot","none","WGS84","Magnoliopsida","ES","none","none","EUROPE","Spain","EUROPE","FCO:FCO:18729-1","18729-1","95cb537c-74c5-4c1e-ae24-32e7ea08f380",NA,"FCO","395","hacia Balaguer","85301921","es","FCO","FCO:FCO:18729-1","Collection","Herniaria fruticosa L.","23454f94-cf0f-472b-bba0-a16d3ff3be7f","ea0d0893-ee67-4c44-b164-fe1597332661",NA,NA,NA,NA,NA,NA,NA,NA,"Ninot",NA,NA,NA,NA,NA,NA,NA,NA,NA,NA,NA,NA,NA,NA,NA,NA,NA,NA,NA,NA,NA,"yesos",NA,NA,NA,NA,NA,NA,NA,NA,NA,NA,NA,NA,NA,NA,NA,0,NA,NA,NA,NA,NA,NA,NA,NA,NA,NA,NA,NA,NA,NA
"204429138","Herniaria fruticosa L.",42.284,-1.454,"cdc,cdround,gass84,txmathi,cdpi,colmafu,inmafu","8354ecee-f762-11e1-a439-00145eb45e9a","823818f6-0696-4e29-bc4c-b6f3817535a7","2a3f6a56-7591-4f05-8c4c-a1bb77aa4ea6","6c4a0bb0-2a4d-11d8-aa2d-b8a03c50a862","ES","EML","2026-05-05T12:27:20.579+00:00","2026-05-05T12:28:56.608+00:00",360,"PRESERVED_SPECIMEN",NA,"PRESENT",7769858,6,7707728,220,422,2518,3085796,7769858,7769858,"Herniaria fruticosa L.","Plantae","Tracheophyta","Caryophyllales","Caryophyllaceae","Herniaria","Herniaria fruticosa","Herniaria","fruticosa","SPECIES","ACCEPTED",NA,375,NA,"EUROPE","Na",1985,6,1,"1985-06-01",152,152,NA,"2026-05-05T12:28:56.608+00:00","http://creativecommons.org/licenses/by/4.0/legalcode",FALSE,"204429138","none","none",FALSE,NA,NA,"Aizpuru, Catalán & Aedo","none","WGS84","Magnoliopsida","ES","none","none","EUROPE","Spain","EUROPE",NA,"18264-1",NA,NA,"ARAN","360","Bardenas Reales. Bardena Blanca ; El Rayon","204429138",NA,"Aran","204429138",NA,"Herniaria fruticosa L.","569d6220-c713-4af6-8b51-d6cb154c341e","68ae2c1d-9bd3-4cdf-8a2d-3a510de14c38",NA,"ARAN",NA,NA,NA,NA,NA,NA,NA,NA,NA,NA,NA,NA,NA,NA,NA,NA,NA,NA,NA,NA,NA,NA,NA,NA,NA,NA,NA,NA,NA,NA,NA,NA,NA,NA,NA,NA,NA,NA,NA,NA,NA,NA,NA,NA,NA,NA,NA,NA,NA,NA,NA,NA,NA,NA,NA,NA,NA,NA,NA
"204429140","Herniaria fruticosa L.",42.230999,-1.503,"cdc,cdround,gass84,txmathi,cdpi,colmafu,inmafu","8354ecee-f762-11e1-a439-00145eb45e9a","823818f6-0696-4e29-bc4c-b6f3817535a7","2a3f6a56-7591-4f05-8c4c-a1bb77aa4ea6","6c4a0bb0-2a4d-11d8-aa2d-b8a03c50a862","ES","EML","2026-05-05T12:27:20.579+00:00","2026-05-05T12:28:56.598+00:00",360,"PRESERVED_SPECIMEN",NA,"PRESENT",7769858,6,7707728,220,422,2518,3085796,7769858,7769858,"Herniaria fruticosa L.","Plantae","Tracheophyta","Caryophyllales","Caryophyllaceae","Herniaria","Herniaria fruticosa","Herniaria","fruticosa","SPECIES","ACCEPTED",NA,270,NA,"EUROPE","Na",1985,6,1,"1985-06-01",152,152,NA,"2026-05-05T12:28:56.598+00:00","http://creativecommons.org/licenses/by/4.0/legalcode",FALSE,"204429140","none","none",FALSE,NA,NA,"Aizpuru, Catalán & Aedo","none","WGS84","Magnoliopsida","ES","none","none","EUROPE","Spain","EUROPE",NA,"18266-1",NA,NA,"ARAN","360","Bardenas Reales. Bardena Blanca ; Barranco Grande","204429140",NA,"Aran","204429140",NA,"Herniaria fruticosa L.","569d6220-c713-4af6-8b51-d6cb154c341e","68ae2c1d-9bd3-4cdf-8a2d-3a510de14c38",NA,"ARAN",NA,NA,NA,NA,NA,NA,NA,NA,NA,NA,NA,NA,NA,NA,NA,NA,NA,NA,NA,NA,NA,NA,NA,NA,NA,NA,NA,NA,NA,NA,NA,NA,NA,NA,NA,NA,NA,NA,NA,NA,NA,NA,NA,NA,NA,NA,NA,NA,NA,NA,NA,NA,NA,NA,NA,NA,NA,NA,NA
"204429141","Herniaria fruticosa L.",43.112999,-1.482,"cdc,cdround,gass84,txmathi,cdpi,colmafu,inmafu","8354ecee-f762-11e1-a439-00145eb45e9a","823818f6-0696-4e29-bc4c-b6f3817535a7","2a3f6a56-7591-4f05-8c4c-a1bb77aa4ea6","6c4a0bb0-2a4d-11d8-aa2d-b8a03c50a862","ES","EML","2026-05-05T12:27:20.579+00:00","2026-05-05T12:28:56.667+00:00",360,"PRESERVED_SPECIMEN",NA,"PRESENT",7769858,6,7707728,220,422,2518,3085796,7769858,7769858,"Herniaria fruticosa L.","Plantae","Tracheophyta","Caryophyllales","Caryophyllaceae","Herniaria","Herniaria fruticosa","Herniaria","fruticosa","SPECIES","ACCEPTED",NA,290,NA,"EUROPE","Na",1985,6,1,"1985-06-01",152,152,NA,"2026-05-05T12:28:56.667+00:00","http://creativecommons.org/licenses/by/4.0/legalcode",FALSE,"204429141","none","none",FALSE,NA,NA,"Aizpuru, Catalán & Aedo","none","WGS84","Magnoliopsida","ES","none","none","EUROPE","Spain","EUROPE",NA,"18267-1",NA,NA,"ARAN","360","Bardenas Reales. Bardena Blanca ; Laguna de campo de tiro y alrededores","204429141",NA,"Aran","204429141",NA,"Herniaria fruticosa L.","569d6220-c713-4af6-8b51-d6cb154c341e","68ae2c1d-9bd3-4cdf-8a2d-3a510de14c38",NA,"ARAN",NA,NA,NA,NA,NA,NA,NA,NA,NA,NA,NA,NA,NA,NA,NA,NA,NA,NA,NA,NA,NA,NA,NA,NA,NA,NA,NA,NA,NA,NA,NA,NA,NA,NA,NA,NA,NA,NA,NA,NA,NA,NA,NA,NA,NA,NA,NA,NA,NA,NA,NA,NA,NA,NA,NA,NA,NA,NA,NA
"895258475","Herniaria fruticosa L.",39.61,-2.24,"cdc,gass84,colmafu,inmafu","834a4794-f762-11e1-a439-00145eb45e9a","8209258a-80e8-4094-aba2-a3febe5ed45b","2a3f6a56-7591-4f05-8c4c-a1bb77aa4ea6","6c4a0bb0-2a4d-11d8-aa2d-b8a03c50a862","ES","EML","2026-04-18T01:37:24.691+00:00","2026-04-24T10:27:25.732+00:00",375,"PRESERVED_SPECIMEN",NA,"PRESENT",7769858,6,7707728,220,422,2518,3085796,7769858,7769858,"Herniaria fruticosa L.","Plantae","Tracheophyta","Caryophyllales","Caryophyllaceae","Herniaria","Herniaria fruticosa","Herniaria","fruticosa","SPECIES","ACCEPTED",7071,800,0,"EUROPE","Cuenca",1985,6,9,"1985-06-09",160,160,"2025-11-03T14:20:45.000+00:00","2026-04-24T10:27:25.732+00:00","http://creativecommons.org/licenses/by-nc/4.0/legalcode",FALSE,"0FCD7ECB-980C-49BA-BD90-4A91E2D5C0E9","none","none",FALSE,NA,"Colección de plantas vasculares del herbario de la Universitat de València (VAL)","A. Aguilella","none","WGS84","Magnoliopsida","ES","none","none","EUROPE","Spain","EUROPE","0FCD7ECB-980C-49BA-BD90-4A91E2D5C0E9","54294-1","https://www.gbif.org/publisher/8209258a-80e8-4094-aba2-a3febe5ed45b",NA,"VAL","391","Belinchón;","895258475","es","VAL","0FCD7ECB-980C-49BA-BD90-4A91E2D5C0E9","PhysicalObject","Herniaria fruticosa L.","c645b060-c130-45ee-97ab-b9fc94393523","6ceb64b5-0201-4a27-bcdb-8d62035e35d5","Pliego","VAL","suelos yesíferos","09/06/1985","Belinchón","in collection",NA,NA,NA,NA,NA,NA,NA,NA,NA,NA,NA,NA,NA,NA,NA,NA,NA,NA,NA,NA,NA,NA,NA,NA,"ex VAB-861266",NA,NA,NA,NA,NA,NA,NA,NA,NA,NA,NA,NA,NA,NA,NA,NA,NA,NA,NA,NA,NA,NA,NA,NA,NA,NA,NA,NA,NA,NA
"895273502","Herniaria fruticosa L.",41.76,0.89,"cdc,gass84,colmafu,inmafu","834a4794-f762-11e1-a439-00145eb45e9a","8209258a-80e8-4094-aba2-a3febe5ed45b","2a3f6a56-7591-4f05-8c4c-a1bb77aa4ea6","6c4a0bb0-2a4d-11d8-aa2d-b8a03c50a862","ES","EML","2026-04-18T01:37:24.691+00:00","2026-04-24T10:27:20.297+00:00",375,"PRESERVED_SPECIMEN",NA,"PRESENT",7769858,6,7707728,220,422,2518,3085796,7769858,7769858,"Herniaria fruticosa L.","Plantae","Tracheophyta","Caryophyllales","Caryophyllaceae","Herniaria","Herniaria fruticosa","Herniaria","fruticosa","SPECIES","ACCEPTED",7071,300,0,"EUROPE","Lleida",1985,6,12,"1985-06-12",163,163,"2025-11-03T14:20:45.000+00:00","2026-04-24T10:27:20.297+00:00","http://creativecommons.org/licenses/by-nc/4.0/legalcode",FALSE,"B4889EC2-E76C-40B9-AEB3-8E607BFCEF8F","none","none",TRUE,NA,"Colección de plantas vasculares del herbario de la Universitat de València (VAL)","Ninot","none","WGS84","Magnoliopsida","ES","none","none","EUROPE","Spain","EUROPE","B4889EC2-E76C-40B9-AEB3-8E607BFCEF8F","75209-1","https://www.gbif.org/publisher/8209258a-80e8-4094-aba2-a3febe5ed45b",NA,"VAL","391","Balaguer;","895273502","es","VAL","B4889EC2-E76C-40B9-AEB3-8E607BFCEF8F","PhysicalObject","Herniaria fruticosa L.","c645b060-c130-45ee-97ab-b9fc94393523","6ceb64b5-0201-4a27-bcdb-8d62035e35d5","Pliego","VAL","suelos yesosos, Gypsophyl","12/06/1985","Balaguer (Noguera)","in collection",NA,NA,NA,NA,NA,NA,NA,NA,NA,NA,NA,NA,NA,NA,NA,NA,NA,NA,NA,NA,NA,NA,NA,NA,"ex VAB-912752",NA,NA,NA,NA,NA,NA,NA,NA,NA,NA,NA,NA,NA,NA,NA,NA,NA,NA,NA,NA,NA,NA,NA,NA,NA,NA,NA,NA,NA,NA
"1053980791","Herniaria fruticosa L.",42.18,-1.5,"cdc,incomis,inmafu","95e9f2dc-f762-11e1-a439-00145eb45e9a","fbcad409-9d05-41d7-a869-1ddcab51e091","2a3f6a56-7591-4f05-8c4c-a1bb77aa4ea6","6c4a0bb0-2a4d-11d8-aa2d-b8a03c50a862","ES","EML","2026-04-17T22:12:56.461+00:00","2026-04-24T08:43:26.376+00:00",395,"PRESERVED_SPECIMEN",NA,"PRESENT",7769858,6,7707728,220,422,2518,3085796,7769858,7769858,"Herniaria fruticosa L.","Plantae","Tracheophyta","Caryophyllales","Caryophyllaceae","Herniaria","Herniaria fruticosa","Herniaria","fruticosa","SPECIES","ACCEPTED",707,300,0,"EUROPE","Navarra",1985,6,4,"1985-06-04",155,155,"2017-10-19T11:32:52.000+00:00","2026-04-24T08:43:26.376+00:00","http://creativecommons.org/licenses/by/4.0/legalcode",FALSE,"UPNA:H:625","none","none",FALSE,NA,NA,"C. Osácar","none","WGS84","Magnoliopsida","ES","none","none","EUROPE","Spain","EUROPE","UPNA:H:625","625",NA,NA,"UPNA","401","La Blanca","1053980791","es","H","UPNA:H:625","PhysicalObject","Herniaria fruticosa L.","78788916-f293-4d75-b4b0-c4336237c9e2",NA,NA,"UPNA-H","Romeral con tomillo.",NA,NA,NA,NA,NA,"C. Ursúa",NA,NA,NA,NA,NA,NA,NA,NA,NA,NA,NA,NA,NA,NA,"Bardenas",NA,NA,NA,NA,NA,NA,NA,NA,NA,NA,NA,NA,NA,NA,NA,NA,NA,NA,NA,NA,NA,NA,NA,NA,NA,NA,NA,NA,NA,NA,NA,NA,NA,NA,NA,NA,NA
"1936088161","Herniaria fruticosa L.",42.0092,0.1248,"cdc,gass84,txmathi,inmano","834c9918-f762-11e1-a439-00145eb45e9a","0363cbd4-f666-455e-8e86-0bbddcf51950","2a3f6a56-7591-4f05-8c4c-a1bb77aa4ea6","6c4a0bb0-2a4d-11d8-aa2d-b8a03c50a862","ES","EML","2026-04-18T01:37:27.366+00:00","2026-04-24T05:19:56.712+00:00",423,"PRESERVED_SPECIMEN",NA,"PRESENT",7769858,6,7707728,220,422,2518,3085796,7769858,7769858,"Herniaria fruticosa L.","Plantae","Tracheophyta","Caryophyllales","Caryophyllaceae","Herniaria","Herniaria fruticosa","Herniaria","fruticosa","SPECIES","ACCEPTED",NA,400,NA,"EUROPE","Huesca",1985,6,17,"1985-06-17",168,168,NA,"2026-04-24T05:19:56.712+00:00","http://creativecommons.org/licenses/by-nc/4.0/legalcode",FALSE,"3c6b25c6-20fe-11e3-9e2e-000c29035824","none","none",FALSE,"834c9918-f762-11e1-a439-00145eb45e9a",NA,"J. Pedrol","none","WGS84","Magnoliopsida","ES","none","none","EUROPE","Spain","EUROPE","3c6b25c6-20fe-11e3-9e2e-000c29035824","MA-01-00314570","0363cbd4-f666-455e-8e86-0bbddcf51950",NA,"MA","429","Barbastro","1936088161","es","MA","3c6b25c6-20fe-11e3-9e2e-000c29035824","Collection","Herniaria fruticosa L.",NA,NA,NA,"MA","matorral bajo sobre margas yesíferas","17061985",NA,NA,NA,NA,NA,NA,NA,NA,"17abcf75-2f1e-46dd-bf75-a5b21dd02655",NA,NA,NA,NA,NA,NA,NA,NA,NA,NA,NA,NA,NA,"7769858",NA,NA,NA,NA,NA,NA,"MA",NA,NA,NA,NA,NA,NA,"MA-314570-1","adde4964-20fe-11e3-9e2e-000c29035824",NA,NA,NA,NA,NA,NA,NA,NA,NA,NA,NA,NA,NA,NA,NA,NA,NA,NA,NA
"1936088351","Herniaria fruticosa L.",41.8215,0.5787,"cdc,gass84,txmathi,inmano","834c9918-f762-11e1-a439-00145eb45e9a","0363cbd4-f666-455e-8e86-0bbddcf51950","2a3f6a56-7591-4f05-8c4c-a1bb77aa4ea6","6c4a0bb0-2a4d-11d8-aa2d-b8a03c50a862","ES","EML","2026-04-18T01:37:27.366+00:00","2026-04-24T05:19:56.047+00:00",423,"PRESERVED_SPECIMEN",NA,"PRESENT",7769858,6,7707728,220,422,2518,3085796,7769858,7769858,"Herniaria fruticosa L.","Plantae","Tracheophyta","Caryophyllales","Caryophyllaceae","Herniaria","Herniaria fruticosa","Herniaria","fruticosa","SPECIES","ACCEPTED",NA,NA,NA,"EUROPE","León",1985,6,14,"1985-06-14",165,165,NA,"2026-04-24T05:19:56.047+00:00","http://creativecommons.org/licenses/by-nc/4.0/legalcode",FALSE,"3c6babbb-20fe-11e3-9e2e-000c29035824","none","none",FALSE,"834c9918-f762-11e1-a439-00145eb45e9a",NA,"J. Ascaso & J. Pedrol","none","WGS84","Magnoliopsida","ES","none","none","EUROPE","Spain","EUROPE","3c6babbb-20fe-11e3-9e2e-000c29035824","MA-01-00314637","0363cbd4-f666-455e-8e86-0bbddcf51950",NA,"MA","429","Ivars de Noguera","1936088351","es","MA","3c6babbb-20fe-11e3-9e2e-000c29035824","Collection","Herniaria fruticosa L.",NA,NA,NA,"MA","afloramientos yesíferos","14061985",NA,NA,NA,NA,NA,NA,NA,NA,"17abcf75-2f1e-46dd-bf75-a5b21dd02655",NA,NA,NA,NA,NA,NA,NA,NA,NA,NA,NA,NA,NA,"7769858",NA,NA,NA,NA,NA,NA,"MA",NA,NA,NA,NA,NA,NA,"MA-314637-1","addeecca-20fe-11e3-9e2e-000c29035824",NA,NA,NA,NA,NA,NA,NA,NA,NA,NA,NA,NA,NA,NA,NA,NA,NA,NA,NA
"1936090077","Herniaria fruticosa L.",41.7908,0.8446,"cdc,gass84,txmathi,inmano","834c9918-f762-11e1-a439-00145eb45e9a","0363cbd4-f666-455e-8e86-0bbddcf51950","2a3f6a56-7591-4f05-8c4c-a1bb77aa4ea6","6c4a0bb0-2a4d-11d8-aa2d-b8a03c50a862","ES","EML","2026-04-18T01:37:27.366+00:00","2026-04-24T05:21:12.287+00:00",423,"PRESERVED_SPECIMEN",NA,"PRESENT",7769858,6,7707728,220,422,2518,3085796,7769858,7769858,"Herniaria fruticosa L.","Plantae","Tracheophyta","Caryophyllales","Caryophyllaceae","Herniaria","Herniaria fruticosa","Herniaria","fruticosa","SPECIES","ACCEPTED",NA,NA,NA,"EUROPE","León",1985,6,12,"1985-06-12",163,163,NA,"2026-04-24T05:21:12.287+00:00","http://creativecommons.org/licenses/by-nc/4.0/legalcode",FALSE,"3c8a3123-20fe-11e3-9e2e-000c29035824","none","none",FALSE,"834c9918-f762-11e1-a439-00145eb45e9a",NA,"J. Pedrol","none","WGS84","Magnoliopsida","ES","none","none","EUROPE","Spain","EUROPE","3c8a3123-20fe-11e3-9e2e-000c29035824","MA-01-00316408","0363cbd4-f666-455e-8e86-0bbddcf51950",NA,"MA","429","entre Balaguer y La Sentiu de Sió","1936090077","es","MA","3c8a3123-20fe-11e3-9e2e-000c29035824","Collection","Herniaria fruticosa L.",NA,NA,NA,"MA","Gypsophilion","12061985",NA,NA,NA,NA,NA,NA,NA,NA,"17abcf75-2f1e-46dd-bf75-a5b21dd02655",NA,NA,NA,NA,NA,NA,NA,NA,NA,NA,NA,NA,NA,"7769858",NA,NA,NA,NA,NA,NA,"MA",NA,NA,NA,NA,NA,NA,"MA-316408-1","adf63d25-20fe-11e3-9e2e-000c29035824",NA,NA,NA,NA,NA,NA,NA,NA,NA,NA,NA,NA,NA,NA,NA,NA,NA,NA,NA
"1936101640","Herniaria fruticosa L.",40.0951,-1.2416,"cdc,gass84,inmano","834c9918-f762-11e1-a439-00145eb45e9a","0363cbd4-f666-455e-8e86-0bbddcf51950","2a3f6a56-7591-4f05-8c4c-a1bb77aa4ea6","6c4a0bb0-2a4d-11d8-aa2d-b8a03c50a862","ES","EML","2026-04-18T01:37:27.366+00:00","2026-04-24T05:19:57.516+00:00",423,"PRESERVED_SPECIMEN",NA,"PRESENT",7769858,6,7707728,220,422,2518,3085796,7769858,7769858,"Herniaria fruticosa L.","Plantae","Tracheophyta","Caryophyllales","Caryophyllaceae","Herniaria","Herniaria fruticosa","Herniaria","fruticosa","SPECIES","ACCEPTED",NA,NA,NA,"EUROPE","Teruel",1985,6,18,"1985-06-18",169,169,NA,"2026-04-24T05:19:57.516+00:00","http://creativecommons.org/licenses/by-nc/4.0/legalcode",FALSE,"3d681d63-20fe-11e3-9e2e-000c29035824","none","none",FALSE,"834c9918-f762-11e1-a439-00145eb45e9a",NA,"G. Mateo & R. Figuerola","none","WGS84","Magnoliopsida","ES","none","none","EUROPE","Spain","EUROPE","3d681d63-20fe-11e3-9e2e-000c29035824","MA-01-00331551","0363cbd4-f666-455e-8e86-0bbddcf51950",NA,"MA","429","Las Minas de Riodeva","1936101640","es","MA","3d681d63-20fe-11e3-9e2e-000c29035824","Collection","Herniaria fruticosa L.",NA,NA,NA,"MA","terrenos secos margosos","18061985",NA,NA,NA,NA,"J. Pedrol",NA,NA,NA,"17abcf75-2f1e-46dd-bf75-a5b21dd02655",NA,NA,NA,NA,NA,NA,"1988-08-01T00:00:00",NA,NA,NA,NA,NA,NA,"7769858",NA,NA,NA,NA,NA,NA,"MA",NA,NA,NA,NA,NA,NA,"MA-331551-1","af173477-20fe-11e3-9e2e-000c29035824",NA,NA,NA,NA,NA,NA,NA,NA,NA,NA,NA,NA,NA,NA,NA,NA,NA,NA,NA
"1936164521","Herniaria fruticosa L.",41.8966,1.2388,"cdc,gass84,txmathi,inmano","834c9918-f762-11e1-a439-00145eb45e9a","0363cbd4-f666-455e-8e86-0bbddcf51950","2a3f6a56-7591-4f05-8c4c-a1bb77aa4ea6","6c4a0bb0-2a4d-11d8-aa2d-b8a03c50a862","ES","EML","2026-04-18T01:37:27.366+00:00","2026-04-24T05:20:04.376+00:00",423,"PRESERVED_SPECIMEN",NA,"PRESENT",7769858,6,7707728,220,422,2518,3085796,7769858,7769858,"Herniaria fruticosa L.","Plantae","Tracheophyta","Caryophyllales","Caryophyllaceae","Herniaria","Herniaria fruticosa","Herniaria","fruticosa","SPECIES","ACCEPTED",NA,NA,NA,"EUROPE","León",1985,6,11,"1985-06-11",162,162,NA,"2026-04-24T05:20:04.376+00:00","http://creativecommons.org/licenses/by-nc/4.0/legalcode",FALSE,"4461c3a7-20fe-11e3-9e2e-000c29035824","none","none",FALSE,"834c9918-f762-11e1-a439-00145eb45e9a",NA,"J. Pedrol","none","WGS84","Magnoliopsida","ES","none","none","EUROPE","Spain","EUROPE","4461c3a7-20fe-11e3-9e2e-000c29035824","MA-01-00419614","0363cbd4-f666-455e-8e86-0bbddcf51950",NA,"MA","429","Vilanova de l´Aguda","1936164521","es","MA","4461c3a7-20fe-11e3-9e2e-000c29035824","Collection","Herniaria fruticosa L.",NA,NA,NA,"MA","zona de acumulación en una pendiente sobre materiales yesíferos","11061985",NA,NA,NA,NA,NA,NA,NA,NA,"17abcf75-2f1e-46dd-bf75-a5b21dd02655",NA,NA,NA,NA,NA,NA,NA,NA,NA,NA,NA,NA,NA,"7769858",NA,NA,NA,NA,NA,NA,"MA",NA,NA,NA,NA,NA,NA,"MA-419614-1","b43ed968-20fe-11e3-9e2e-000c29035824",NA,NA,NA,NA,NA,NA,NA,NA,NA,NA,NA,NA,NA,NA,NA,NA,NA,NA,NA
"3033716853","Herniaria fruticosa L.",41.76,0.89,"cdc,gass84,mdativ,colmano,inmafu","834f1756-f762-11e1-a439-00145eb45e9a","cb202839-87c6-456a-821c-dc5b268a200f","2a3f6a56-7591-4f05-8c4c-a1bb77aa4ea6","6c4a0bb0-2a4d-11d8-aa2d-b8a03c50a862","ES","EML","2026-04-18T01:36:55.261+00:00","2026-04-23T23:49:03.653+00:00",326,"PRESERVED_SPECIMEN",NA,"PRESENT",7769858,6,7707728,220,422,2518,3085796,7769858,7769858,"Herniaria fruticosa L.","Plantae","Tracheophyta","Caryophyllales","Caryophyllaceae","Herniaria","Herniaria fruticosa","Herniaria","fruticosa","SPECIES","ACCEPTED",7071,300,0,"EUROPE","Lleida",1985,6,12,"1985-06-12",163,163,NA,"2026-04-23T23:49:03.653+00:00","http://creativecommons.org/licenses/by-nc/4.0/legalcode",FALSE,"BCN 96559","none","none",TRUE,NA,"Col·lecció de Cormòfits de l'herbari BCN","Ninot Sugrañes, Josep Maria","none","WGS84","Magnoliopsida","ES","none","none","EUROPE","Spain","EUROPE","BCN 96559","96559",NA,NA,"BCN","350","hacia Balaguer","3033716853",NA,"Corm","BCN 96559",NA,"Herniaria fruticosa L.","5db0342e-533f-461c-a97e-0ec9dc79a95c",NA,NA,"BCN-Cormophyta","suelo yesoso (Gypsophylion)",NA,NA,NA,NA,NA,NA,NA,NA,NA,NA,NA,NA,NA,NA,NA,NA,NA,NA,NA,"CRAI CeDocBiV - Universitat de Barcelona",NA,NA,NA,NA,NA,NA,NA,NA,NA,NA,"UB",NA,"Herniaria fruticosa L.","93123",NA,NA,NA,"ex BCC",NA,NA,NA,NA,NA,NA,NA,NA,NA,NA,NA,NA,NA,NA,NA,NA,NA,NA,NA,NA
"4529461819","Herniaria fruticosa L.",41.757556,0.894949,"cdc,cdround,cdpi,inmano","a4b7c71e-fc73-434e-a008-d63c222179d0","7b4f2f30-a456-11d9-8049-b8a03c50a862","2a3f6a56-7591-4f05-8c4c-a1bb77aa4ea6","6c4a0bb0-2a4d-11d8-aa2d-b8a03c50a862","ES","EML","2026-04-17T15:02:28.711+00:00","2026-04-24T02:24:17.455+00:00",415,"PRESERVED_SPECIMEN",NA,"PRESENT",7769858,6,7707728,220,422,2518,3085796,7769858,7769858,"Herniaria fruticosa L.","Plantae","Tracheophyta","Caryophyllales","Caryophyllaceae","Herniaria","Herniaria fruticosa","Herniaria","fruticosa","SPECIES","ACCEPTED",NA,NA,NA,"EUROPE",NA,1985,6,12,"1985-06-12",163,163,"2024-01-08T00:00:00.000+00:00","2026-04-24T02:24:17.455+00:00","http://creativecommons.org/licenses/by-nc/4.0/legalcode",FALSE,"BDBC-C.6833.0.35209.10088","none","none",TRUE,"doi:10.15470/fzwiiu","FloraCAT: Banco de datos de los cormófitos de Cataluña","Ninot SugraÃ±es, Josep Maria, BCN 96559, () 3","none","WGS84","Magnoliopsida","ES","none","none","EUROPE","Spain","EUROPE","BDBC-C.6833.0.35209.10088","BCN 96559",NA,NA,"BDBC","421","LÃ©rida: hacia Balaguer. Lleida","4529461819","es","BDBC-Floracat","BDBC-C.6833.0.35209.10088","Dataset","Herniaria fruticosa L.",NA,NA,NA,NA,NA,NA,NA,NA,NA,"BDBC","Ninot SugraÃ±es, Josep Maria",NA,NA,NA,NA,NA,NA,NA,NA,NA,NA,NA,NA,"original","Generalitat de Catalunya","Catalonia","UTM","{""percentNN"":0.9779,""countNN"":354,""distanceNN"":0.09}","C001530","Herniaria fruticosa L.","C001530","BCN (2017). Plecs Herbari BCN. CEDOCBIV",NA,NA,NA,NA,NA,NA,NA,NA,NA,NA,NA,NA,NA,NA,"300",NA,NA,NA,NA,NA,NA,NA,NA,NA,NA,NA,NA,NA,NA,NA,NA
"1053982347","Herniaria fruticosa L.",42.07,-1.85,"cdc,incomis,inmafu","95e9f2dc-f762-11e1-a439-00145eb45e9a","fbcad409-9d05-41d7-a869-1ddcab51e091","2a3f6a56-7591-4f05-8c4c-a1bb77aa4ea6","6c4a0bb0-2a4d-11d8-aa2d-b8a03c50a862","ES","EML","2026-04-17T22:12:56.461+00:00","2026-04-24T08:43:23.892+00:00",395,"PRESERVED_SPECIMEN",NA,"PRESENT",7769858,6,7707728,220,422,2518,3085796,7769858,7769858,"Herniaria fruticosa L.","Plantae","Tracheophyta","Caryophyllales","Caryophyllaceae","Herniaria","Herniaria fruticosa","Herniaria","fruticosa","SPECIES","ACCEPTED",707,300,0,"EUROPE","Navarra",1985,8,2,"1985-08-02",214,214,"2017-10-19T11:32:52.000+00:00","2026-04-24T08:43:23.892+00:00","http://creativecommons.org/licenses/by/4.0/legalcode",FALSE,"UPNA:H:2921","none","none",FALSE,NA,NA,"C. Ursúa","none","WGS84","Magnoliopsida","ES","none","none","EUROPE","Spain","EUROPE","UPNA:H:2921","2921",NA,NA,"UPNA","401",NA,"1053982347","es","H","UPNA:H:2921","PhysicalObject","Herniaria fruticosa L.","78788916-f293-4d75-b4b0-c4336237c9e2",NA,NA,"UPNA-H",NA,NA,NA,NA,NA,NA,"C. Osácar",NA,NA,NA,NA,NA,NA,NA,NA,NA,NA,NA,NA,NA,NA,"Falero",NA,NA,NA,NA,NA,NA,NA,NA,NA,NA,NA,NA,NA,NA,NA,NA,NA,NA,NA,NA,NA,NA,NA,NA,NA,NA,NA,NA,NA,NA,NA,NA,NA,NA,NA,NA,NA
"895255368","Herniaria fruticosa L.",38.24,-0.54,"cdc,gass84,colmafu,inmafu","834a4794-f762-11e1-a439-00145eb45e9a","8209258a-80e8-4094-aba2-a3febe5ed45b","2a3f6a56-7591-4f05-8c4c-a1bb77aa4ea6","6c4a0bb0-2a4d-11d8-aa2d-b8a03c50a862","ES","EML","2026-04-18T01:37:24.691+00:00","2026-04-24T10:27:12.699+00:00",375,"PRESERVED_SPECIMEN",NA,"PRESENT",7769858,6,7707728,220,422,2518,3085796,7769858,7769858,"Herniaria fruticosa L.","Plantae","Tracheophyta","Caryophyllales","Caryophyllaceae","Herniaria","Herniaria fruticosa","Herniaria","fruticosa","SPECIES","ACCEPTED",7071,100,0,"EUROPE","Alacant",1984,2,15,"1984-02-15",46,46,"2025-11-03T14:20:45.000+00:00","2026-04-24T10:27:12.699+00:00","http://creativecommons.org/licenses/by-nc/4.0/legalcode",FALSE,"54864D78-4769-458B-9B3F-A8EC12AF461D","none","none",TRUE,NA,"Colección de plantas vasculares del herbario de la Universitat de València (VAL)","G. Mateo","none","WGS84","Magnoliopsida","ES","none","none","EUROPE","Spain","EUROPE","54864D78-4769-458B-9B3F-A8EC12AF461D","49598-1","https://www.gbif.org/publisher/8209258a-80e8-4094-aba2-a3febe5ed45b",NA,"VAL","391","Santa Pola; cabo","895255368","es","VAL","54864D78-4769-458B-9B3F-A8EC12AF461D","PhysicalObject","Herniaria fruticosa L.","c645b060-c130-45ee-97ab-b9fc94393523","6ceb64b5-0201-4a27-bcdb-8d62035e35d5","Pliego","VAL","matorrales secos","15/02/1984","Santa Pola (Baix Vinalopó)","in collection",NA,NA,NA,NA,NA,NA,NA,NA,NA,NA,NA,NA,NA,NA,NA,NA,NA,NA,NA,NA,NA,NA,NA,NA,"ex VAB-840342",NA,NA,NA,NA,NA,NA,NA,NA,NA,NA,NA,NA,NA,NA,NA,NA,NA,NA,NA,NA,NA,NA,NA,NA,NA,NA,NA,NA,NA,NA
"895255447","Herniaria fruticosa L.",38.33,-0.88,"cdc,gass84,colmafu,inmafu","834a4794-f762-11e1-a439-00145eb45e9a","8209258a-80e8-4094-aba2-a3febe5ed45b","2a3f6a56-7591-4f05-8c4c-a1bb77aa4ea6","6c4a0bb0-2a4d-11d8-aa2d-b8a03c50a862","ES","EML","2026-04-18T01:37:24.691+00:00","2026-04-24T10:27:22.159+00:00",375,"PRESERVED_SPECIMEN",NA,"PRESENT",7769858,6,7707728,220,422,2518,3085796,7769858,7769858,"Herniaria fruticosa L.","Plantae","Tracheophyta","Caryophyllales","Caryophyllaceae","Herniaria","Herniaria fruticosa","Herniaria","fruticosa","SPECIES","ACCEPTED",7071,450,0,"EUROPE","Alacant",1984,3,23,"1984-03-23",83,83,"2025-11-03T14:20:45.000+00:00","2026-04-24T10:27:22.159+00:00","http://creativecommons.org/licenses/by-nc/4.0/legalcode",FALSE,"D15D320A-1131-4510-A49D-53FF282F92C3","none","none",TRUE,NA,"Colección de plantas vasculares del herbario de la Universitat de València (VAL)","G. Mateo, R. Figuerola","none","WGS84","Magnoliopsida","ES","none","none","EUROPE","Spain","EUROPE","D15D320A-1131-4510-A49D-53FF282F92C3","49599-1","https://www.gbif.org/publisher/8209258a-80e8-4094-aba2-a3febe5ed45b",NA,"VAL","391","La Romana;","895255447","es","VAL","D15D320A-1131-4510-A49D-53FF282F92C3","PhysicalObject","Herniaria fruticosa L.","c645b060-c130-45ee-97ab-b9fc94393523","6ceb64b5-0201-4a27-bcdb-8d62035e35d5","Pliego","VAL","suelo margoso","23/03/1984","la Romana (Vinalopó Mitjà)","in collection",NA,NA,NA,NA,NA,NA,NA,NA,NA,NA,NA,NA,NA,NA,NA,NA,NA,NA,NA,NA,NA,NA,NA,NA,"ex VAB-840343",NA,NA,NA,NA,NA,NA,NA,NA,NA,NA,NA,NA,NA,NA,NA,NA,NA,NA,NA,NA,NA,NA,NA,NA,NA,NA,NA,NA,NA,NA
"895213843","Herniaria fruticosa L.",38.43,-1.57,"cdc,gass84,colmafu,inmafu","834a4794-f762-11e1-a439-00145eb45e9a","8209258a-80e8-4094-aba2-a3febe5ed45b","2a3f6a56-7591-4f05-8c4c-a1bb77aa4ea6","6c4a0bb0-2a4d-11d8-aa2d-b8a03c50a862","ES","EML","2026-04-18T01:37:24.691+00:00","2026-04-24T10:27:09.380+00:00",375,"PRESERVED_SPECIMEN",NA,"PRESENT",7769858,6,7707728,220,422,2518,3085796,7769858,7769858,"Herniaria fruticosa L.","Plantae","Tracheophyta","Caryophyllales","Caryophyllaceae","Herniaria","Herniaria fruticosa","Herniaria","fruticosa","SPECIES","ACCEPTED",7071,500,0,"EUROPE","Albacete",1984,7,23,"1984-07-23",205,205,"2025-11-03T14:20:45.000+00:00","2026-04-24T10:27:09.380+00:00","http://creativecommons.org/licenses/by-nc/4.0/legalcode",FALSE,"46D254C8-E01C-4ADE-9D38-003B3ACCEA2D","none","none",FALSE,NA,"Colección de plantas vasculares del herbario de la Universitat de València (VAL)","R. Figuerola & M. Palasí","none","WGS84","Magnoliopsida","ES","none","none","EUROPE","Spain","EUROPE","46D254C8-E01C-4ADE-9D38-003B3ACCEA2D","198864-1","https://www.gbif.org/publisher/8209258a-80e8-4094-aba2-a3febe5ed45b",NA,"VAL","391","Cancárix, a Jumilla","895213843","es","VAL","46D254C8-E01C-4ADE-9D38-003B3ACCEA2D","PhysicalObject","Herniaria fruticosa L.","c645b060-c130-45ee-97ab-b9fc94393523","6ceb64b5-0201-4a27-bcdb-8d62035e35d5","Pliego","VAL","matorral sobre yesos","23071984","Hellín","in collection",NA,NA,NA,NA,NA,NA,NA,NA,NA,NA,NA,NA,NA,NA,NA,NA,NA,NA,NA,NA,NA,NA,NA,NA,NA,NA,NA,NA,NA,NA,NA,NA,NA,NA,NA,NA,NA,NA,NA,NA,NA,NA,NA,NA,NA,NA,NA,NA,NA,NA,NA,NA,NA,NA,NA
"3033641744","Herniaria fruticosa L.",42.32,3.3,"cdc,gass84,mdativ,txmathi,colmano,inmafu","834f1756-f762-11e1-a439-00145eb45e9a","cb202839-87c6-456a-821c-dc5b268a200f","2a3f6a56-7591-4f05-8c4c-a1bb77aa4ea6","6c4a0bb0-2a4d-11d8-aa2d-b8a03c50a862","ES","EML","2026-04-18T01:36:55.261+00:00","2026-04-23T23:48:31.870+00:00",326,"PRESERVED_SPECIMEN",NA,"PRESENT",7769858,6,7707728,220,422,2518,3085796,7769858,7769858,"Herniaria fruticosa L.","Plantae","Tracheophyta","Caryophyllales","Caryophyllaceae","Herniaria","Herniaria fruticosa","Herniaria","fruticosa","SPECIES","ACCEPTED",7071,20,0,"EUROPE","Girona",1984,7,24,"1984-07-24",206,206,NA,"2026-04-23T23:48:31.870+00:00","http://creativecommons.org/licenses/by-nc/4.0/legalcode",FALSE,"BCN 69675","none","none",FALSE,NA,"Col·lecció de Cormòfits de l'herbari BCN","Franquesa Codinach, Teresa","none","WGS84","Magnoliopsida","ES","none","none","EUROPE","Spain","EUROPE","BCN 69675","69675",NA,NA,"BCN","350","Sa Popa d'es vaixell","3033641744",NA,"Corm","BCN 69675",NA,"Herniaria fruticosa L.","5db0342e-533f-461c-a97e-0ec9dc79a95c",NA,NA,"BCN-Cormophyta",NA,NA,NA,NA,NA,NA,NA,NA,NA,NA,NA,NA,NA,NA,NA,NA,NA,NA,NA,NA,"CRAI CeDocBiV - Universitat de Barcelona",NA,NA,NA,NA,NA,NA,NA,NA,NA,NA,"UB",NA,"Herniaria fruticosa L. subsp. fruticosa","69721",NA,NA,NA,"ex BCC",NA,NA,NA,NA,NA,NA,NA,NA,NA,NA,NA,NA,NA,NA,NA,NA,NA,NA,NA,NA
"4530792426","Herniaria fruticosa L.",42.316839,3.303378,"cdc,cdround,cdpi,inmano","a4b7c71e-fc73-434e-a008-d63c222179d0","7b4f2f30-a456-11d9-8049-b8a03c50a862","2a3f6a56-7591-4f05-8c4c-a1bb77aa4ea6","6c4a0bb0-2a4d-11d8-aa2d-b8a03c50a862","ES","EML","2026-04-17T15:02:28.711+00:00","2026-04-24T02:24:16.297+00:00",415,"PRESERVED_SPECIMEN",NA,"PRESENT",7769858,6,7707728,220,422,2518,3085796,7769858,7769858,"Herniaria fruticosa L.","Plantae","Tracheophyta","Caryophyllales","Caryophyllaceae","Herniaria","Herniaria fruticosa","Herniaria","fruticosa","SPECIES","ACCEPTED",NA,NA,NA,"EUROPE",NA,1984,7,24,"1984-07-24",206,206,"2024-01-08T00:00:00.000+00:00","2026-04-24T02:24:16.297+00:00","http://creativecommons.org/licenses/by-nc/4.0/legalcode",FALSE,"BDBC-C.6833.0.13419.3799","none","none",FALSE,"doi:10.15470/fzwiiu","FloraCAT: Banco de datos de los cormófitos de Cataluña","Franquesa Codinach, Teresa, BCN 69675, () 3","none","WGS84","Magnoliopsida","ES","none","none","EUROPE","Spain","EUROPE","BDBC-C.6833.0.13419.3799","BCN 69675",NA,NA,"BDBC","421","Sa Popa d'es vaixell. Girona","4530792426","es","BDBC-Floracat","BDBC-C.6833.0.13419.3799","Dataset","Herniaria fruticosa L.",NA,NA,NA,NA,NA,NA,NA,NA,NA,"BDBC","Franquesa Codinach, Teresa",NA,NA,NA,NA,NA,NA,NA,NA,NA,NA,NA,NA,"original","Generalitat de Catalunya","Catalonia","UTM","{""percentNN"":0.9779,""countNN"":354,""distanceNN"":0.09}","C001530a","Herniaria fruticosa fruticosa L.","C001530","BCN (2017). Plecs Herbari BCN. CEDOCBIV",NA,NA,NA,NA,NA,NA,NA,NA,NA,NA,NA,NA,NA,NA,"20",NA,NA,NA,NA,NA,NA,NA,NA,NA,NA,NA,NA,NA,NA,NA,NA
"1936039924","Herniaria fruticosa L.",38.4783,-1.6141,"cdc,gass84,inmano","834c9918-f762-11e1-a439-00145eb45e9a","0363cbd4-f666-455e-8e86-0bbddcf51950","2a3f6a56-7591-4f05-8c4c-a1bb77aa4ea6","6c4a0bb0-2a4d-11d8-aa2d-b8a03c50a862","ES","EML","2026-04-18T01:37:27.366+00:00","2026-04-24T05:19:49.610+00:00",423,"PRESERVED_SPECIMEN",NA,"PRESENT",7769858,6,7707728,220,422,2518,3085796,7769858,7769858,"Herniaria fruticosa L.","Plantae","Tracheophyta","Caryophyllales","Caryophyllaceae","Herniaria","Herniaria fruticosa","Herniaria","fruticosa","SPECIES","ACCEPTED",NA,NA,NA,"EUROPE","Albacete",1983,5,19,"1983-05-19",139,139,NA,"2026-04-24T05:19:49.610+00:00","http://creativecommons.org/licenses/by-nc/4.0/legalcode",FALSE,"376d69f6-20fe-11e3-9e2e-000c29035824","none","none",FALSE,"834c9918-f762-11e1-a439-00145eb45e9a",NA,"E. Bayón, G. López, F. Muñoz, J. Grau & al.","none","WGS84","Magnoliopsida","ES","none","none","EUROPE","Spain","EUROPE","376d69f6-20fe-11e3-9e2e-000c29035824","MA-01-00252732","0363cbd4-f666-455e-8e86-0bbddcf51950",NA,"MA","429","Agramón, desvío de Hellín a Agramón","1936039924","es","MA","376d69f6-20fe-11e3-9e2e-000c29035824","Collection","Herniaria fruticosa L.",NA,NA,NA,"MA","sobre margas yesíferas y calizas miocenas","19051983",NA,NA,NA,NA,NA,"3507",NA,NA,"17abcf75-2f1e-46dd-bf75-a5b21dd02655",NA,NA,NA,NA,NA,NA,NA,NA,NA,NA,NA,NA,NA,"7769858",NA,NA,NA,NA,NA,NA,"MA",NA,NA,NA,NA,NA,NA,"MA-252732-1","a9196002-20fe-11e3-9e2e-000c29035824",NA,NA,NA,NA,NA,NA,NA,NA,NA,NA,NA,NA,NA,NA,NA,NA,NA,NA,NA
"1936164365","Herniaria fruticosa L.",41.8556,0.9388,"cdc,gass84,txmathi,inmano","834c9918-f762-11e1-a439-00145eb45e9a","0363cbd4-f666-455e-8e86-0bbddcf51950","2a3f6a56-7591-4f05-8c4c-a1bb77aa4ea6","6c4a0bb0-2a4d-11d8-aa2d-b8a03c50a862","ES","EML","2026-04-18T01:37:27.366+00:00","2026-04-24T05:21:15.177+00:00",423,"PRESERVED_SPECIMEN",NA,"PRESENT",7769858,6,7707728,220,422,2518,3085796,7769858,7769858,"Herniaria fruticosa L.","Plantae","Tracheophyta","Caryophyllales","Caryophyllaceae","Herniaria","Herniaria fruticosa","Herniaria","fruticosa","SPECIES","ACCEPTED",NA,NA,NA,"EUROPE","León",1983,5,28,"1983-05-28",148,148,NA,"2026-04-24T05:21:15.177+00:00","http://creativecommons.org/licenses/by-nc/4.0/legalcode",FALSE,"4462b7bd-20fe-11e3-9e2e-000c29035824","none","none",FALSE,"834c9918-f762-11e1-a439-00145eb45e9a",NA,"J. Pedrol","none","WGS84","Magnoliopsida","ES","none","none","EUROPE","Spain","EUROPE","4462b7bd-20fe-11e3-9e2e-000c29035824","MA-01-00419650","0363cbd4-f666-455e-8e86-0bbddcf51950",NA,"MA","429","Cubells","1936164365","es","MA","4462b7bd-20fe-11e3-9e2e-000c29035824","Collection","Herniaria fruticosa L.",NA,NA,NA,"MA","margas yesíferas","28051983",NA,NA,NA,NA,"J. Pedrol",NA,NA,NA,"17abcf75-2f1e-46dd-bf75-a5b21dd02655",NA,NA,NA,NA,NA,NA,NA,NA,NA,NA,NA,NA,NA,"7769858",NA,NA,NA,NA,NA,NA,"MA",NA,NA,NA,NA,NA,NA,"MA-419650-1","b43f5539-20fe-11e3-9e2e-000c29035824",NA,NA,NA,NA,NA,NA,NA,NA,NA,NA,NA,NA,NA,NA,NA,NA,NA,NA,NA
"3033726154","Herniaria fruticosa L.",41.4,-0.22,"cdc,gass84,mdativ,colmano,inmafu","834f1756-f762-11e1-a439-00145eb45e9a","cb202839-87c6-456a-821c-dc5b268a200f","2a3f6a56-7591-4f05-8c4c-a1bb77aa4ea6","6c4a0bb0-2a4d-11d8-aa2d-b8a03c50a862","ES","EML","2026-04-18T01:36:55.261+00:00","2026-04-23T23:48:58.416+00:00",326,"PRESERVED_SPECIMEN",NA,"PRESENT",7769858,6,7707728,220,422,2518,3085796,7769858,7769858,"Herniaria fruticosa L.","Plantae","Tracheophyta","Caryophyllales","Caryophyllaceae","Herniaria","Herniaria fruticosa","Herniaria","fruticosa","SPECIES","ACCEPTED",560,NA,NA,"EUROPE","Saragossa",1983,5,28,"1983-05-28",148,148,NA,"2026-04-23T23:48:58.416+00:00","http://creativecommons.org/licenses/by-nc/4.0/legalcode",FALSE,"BCN 124212","none","none",FALSE,NA,"Col·lecció de Cormòfits de l'herbari BCN","Blanché Vergés, Cèsar; Molero Briones, Julià; Ribera Siguán, M. A. & Vallès Xirau, Joan","none","WGS84","Magnoliopsida","ES","none","none","EUROPE","Spain","EUROPE","BCN 124212","124212",NA,NA,"BCN","350","Alborge, Salada del Guallar","3033726154",NA,"Corm","BCN 124212",NA,"Herniaria fruticosa L.","5db0342e-533f-461c-a97e-0ec9dc79a95c",NA,NA,"BCN-Cormophyta",NA,NA,NA,NA,NA,NA,NA,NA,NA,NA,NA,NA,NA,NA,NA,NA,NA,NA,NA,NA,"CRAI CeDocBiV - Universitat de Barcelona",NA,NA,NA,NA,NA,NA,NA,NA,NA,NA,"UB",NA,"Herniaria fruticosa L.","119844",NA,NA,NA,"ex BCF",NA,NA,NA,NA,NA,NA,NA,NA,NA,NA,NA,NA,NA,NA,NA,NA,NA,NA,NA,NA
"3033735175","Herniaria fruticosa L.",41.85,0.96,"cdc,gass84,mdativ,colmano,inmafu","834f1756-f762-11e1-a439-00145eb45e9a","cb202839-87c6-456a-821c-dc5b268a200f","2a3f6a56-7591-4f05-8c4c-a1bb77aa4ea6","6c4a0bb0-2a4d-11d8-aa2d-b8a03c50a862","ES","EML","2026-04-18T01:36:55.261+00:00","2026-04-23T23:48:28.839+00:00",326,"PRESERVED_SPECIMEN",NA,"PRESENT",7769858,6,7707728,220,422,2518,3085796,7769858,7769858,"Herniaria fruticosa L.","Plantae","Tracheophyta","Caryophyllales","Caryophyllaceae","Herniaria","Herniaria fruticosa","Herniaria","fruticosa","SPECIES","ACCEPTED",7310,NA,NA,"EUROPE","Lleida",1983,5,11,"1983-05-11",131,131,NA,"2026-04-23T23:48:28.839+00:00","http://creativecommons.org/licenses/by-nc/4.0/legalcode",FALSE,"BCN 124200","none","none",FALSE,NA,"Col·lecció de Cormòfits de l'herbari BCN","no consta","none","WGS84","Magnoliopsida","ES","none","none","EUROPE","Spain","EUROPE","BCN 124200","124200",NA,NA,"BCN","350","Cubells","3033735175",NA,"Corm","BCN 124200",NA,"Herniaria fruticosa L.","5db0342e-533f-461c-a97e-0ec9dc79a95c",NA,NA,"BCN-Cormophyta","Guixos",NA,NA,NA,NA,NA,NA,NA,NA,NA,NA,NA,NA,NA,NA,NA,NA,NA,NA,NA,"CRAI CeDocBiV - Universitat de Barcelona","La Noguera",NA,NA,NA,NA,NA,NA,NA,NA,NA,"UB",NA,"Herniaria fruticosa L.","119832",NA,NA,NA,"ex BCC",NA,NA,NA,NA,NA,NA,NA,NA,NA,NA,NA,NA,NA,NA,NA,NA,NA,NA,NA,NA
"1050587328","Herniaria fruticosa L.",42.4,-2.15,"cdc,gass84,mdativ,txmathi,cdpi,osiic,colmano,inmafu","9f6f3c1c-b8b2-4d1d-be3e-36217e1cb9b8","4c91866b-3c2e-4568-aca0-3ab0a1c1a45e","2a3f6a56-7591-4f05-8c4c-a1bb77aa4ea6","6c4a0bb0-2a4d-11d8-aa2d-b8a03c50a862","ES","EML","2026-04-17T17:25:51.802+00:00","2026-04-24T02:23:56.947+00:00",432,"PRESERVED_SPECIMEN",3,"PRESENT",7769858,6,7707728,220,422,2518,3085796,7769858,7769858,"Herniaria fruticosa L.","Plantae","Tracheophyta","Caryophyllales","Caryophyllaceae","Herniaria","Herniaria fruticosa","Herniaria","fruticosa","SPECIES","ACCEPTED",NA,402.5,2.5,"EUROPE","Rioja, La",1983,6,3,"1983-06-03",154,154,NA,"2026-04-24T02:23:56.947+00:00","http://creativecommons.org/licenses/by-nc/4.0/legalcode",FALSE,"VIT:VIT-Vasculares:24663-1","none","none",FALSE,NA,NA,"J.A.ALEJANDRE & P.M. URIBE-ECHEBARRIA","none","WGS84","Magnoliopsida","ES","none","none","EUROPE","Spain","EUROPE","VIT:VIT-Vasculares:24663-1","24663-1",NA,NA,"VIT","438","Alcanadre; Cogote del Molinillo","1050587328",NA,"VIT-Vasculares","VIT:VIT-Vasculares:24663-1",NA,"Herniaria fruticosa L.","a4c92107-b55e-433c-8db1-6c0dfe31eace",NA,"Herbarium specimen",NA,NA,NA,NA,NA,NA,NA,NA,NA,NA,NA,NA,NA,NA,NA,NA,NA,NA,NA,NA,NA,NA,NA,NA,NA,NA,NA,NA,NA,"Intercambio SANT-VIT 2016 Ex dupla VIT 24663; Cerro yesoso. Ladera soleada",NA,NA,NA,NA,NA,NA,NA,NA,NA,NA,NA,NA,NA,NA,NA,NA,NA,NA,NA,NA,NA,NA,NA,NA,NA,NA,NA,NA,NA,NA
"1712604738","Herniaria fruticosa L.",42.538924,-1.774351,"cdc,gass84,txmathi,osiic,colmano,inmafu","c4ab57b5-b2f5-477f-b3fb-b42092074054","2f390a80-56f3-11da-880b-b8a03c50a862","2a3f6a56-7591-4f05-8c4c-a1bb77aa4ea6","6c4a0bb0-2a4d-11d8-aa2d-b8a03c50a862","ES","EML","2026-04-16T08:20:23.794+00:00","2026-04-24T09:27:02.344+00:00",399,"PRESERVED_SPECIMEN",1,"PRESENT",7769858,6,7707728,220,422,2518,3085796,7769858,7769858,"Herniaria fruticosa L.","Plantae","Tracheophyta","Caryophyllales","Caryophyllaceae","Herniaria","Herniaria fruticosa","Herniaria","fruticosa","SPECIES","ACCEPTED",7200,NA,NA,"EUROPE","Navarra",1983,6,20,"1983-06-20",171,171,"2013-04-19T16:23:56.000+00:00","2026-04-24T09:27:02.344+00:00","http://creativecommons.org/licenses/by/4.0/legalcode",FALSE,"PAMP:TRACHEO-LG:37014-1","none","none",FALSE,"doi:10.15470/jxutdq",NA,"L. Garde","none","WGS84","Magnoliopsida","ES","none","none","EUROPE","Spain","EUROPE","PAMP:TRACHEO-LG:37014-1","37014-1",NA,NA,"PAMP","405","NA-132 PK 18-34, cruce entre Larraga y Tafalla","1712604738",NA,"TRACHEO-LG","PAMP:TRACHEO-LG:37014-1",NA,"Herniaria fruticosa L.","cb850a57-5506-41a2-97b6-8906453d7c4e",NA,"Herbarium specimen",NA,NA,NA,NA,NA,NA,NA,"L. Garde",NA,NA,NA,"17abcf75-2f1e-46dd-bf75-a5b21dd02655",NA,NA,NA,NA,NA,NA,NA,NA,NA,NA,NA,NA,NA,NA,NA,NA,NA,NA,NA,NA,NA,NA,NA,NA,NA,NA,NA,NA,NA,NA,NA,NA,NA,NA,NA,NA,NA,NA,NA,NA,NA,NA,NA,NA,NA,NA,NA,NA
"1936071424","Herniaria fruticosa L.",42.3933,-2.1508,"cdc,gass84,inmano","834c9918-f762-11e1-a439-00145eb45e9a","0363cbd4-f666-455e-8e86-0bbddcf51950","2a3f6a56-7591-4f05-8c4c-a1bb77aa4ea6","6c4a0bb0-2a4d-11d8-aa2d-b8a03c50a862","ES","EML","2026-04-18T01:37:27.366+00:00","2026-04-24T05:19:54.483+00:00",423,"PRESERVED_SPECIMEN",NA,"PRESENT",7769858,6,7707728,220,422,2518,3085796,7769858,7769858,"Herniaria fruticosa L.","Plantae","Tracheophyta","Caryophyllales","Caryophyllaceae","Herniaria","Herniaria fruticosa","Herniaria","fruticosa","SPECIES","ACCEPTED",NA,430,NA,"EUROPE","La Rioja",1983,6,3,"1983-06-03",154,154,NA,"2026-04-24T05:19:54.483+00:00","http://creativecommons.org/licenses/by-nc/4.0/legalcode",FALSE,"3a63027b-20fe-11e3-9e2e-000c29035824","none","none",FALSE,"834c9918-f762-11e1-a439-00145eb45e9a",NA,"P. Uribe & J. A. Alejandre","none","WGS84","Magnoliopsida","ES","none","none","EUROPE","Spain","EUROPE","3a63027b-20fe-11e3-9e2e-000c29035824","MA-01-00295380","0363cbd4-f666-455e-8e86-0bbddcf51950",NA,"MA","429","Alcanadre: Los Altos. El cogote del Molinillo","1936071424","es","MA","3a63027b-20fe-11e3-9e2e-000c29035824","Collection","Herniaria fruticosa L.",NA,NA,NA,"MA","laderas de cerros yesosos muy caldeados","03061983",NA,NA,NA,NA,NA,NA,NA,NA,"17abcf75-2f1e-46dd-bf75-a5b21dd02655",NA,NA,NA,NA,NA,NA,NA,NA,NA,NA,NA,NA,NA,"7769858",NA,NA,NA,NA,NA,NA,"MA",NA,NA,NA,NA,NA,NA,"MA-295380-1","ac5ffef6-20fe-11e3-9e2e-000c29035824",NA,"Identificación confirmada por M. Nazeer Chaudhri para Flora Ibérica 10/1987",NA,NA,NA,NA,NA,NA,NA,NA,NA,NA,NA,NA,NA,NA,NA,NA,NA
"3747450078","Herniaria fruticosa L.",42.4,-2.156,"cdc,gass84,mdativ,txmathi,osiic,colmafu,inmafu","7b74be32-f762-11e1-a439-00145eb45e9a","730cd32c-627f-44a8-9d93-fcfb23ade969","2a3f6a56-7591-4f05-8c4c-a1bb77aa4ea6","6c4a0bb0-2a4d-11d8-aa2d-b8a03c50a862","ES","EML","2026-04-17T20:40:41.625+00:00","2026-04-29T14:09:21.708+00:00",434,"PRESERVED_SPECIMEN",3,"PRESENT",7769858,6,7707728,220,422,2518,3085796,7769858,7769858,"Herniaria fruticosa L.","Plantae","Tracheophyta","Caryophyllales","Caryophyllaceae","Herniaria","Herniaria fruticosa","Herniaria","fruticosa","SPECIES","ACCEPTED",707,NA,NA,"EUROPE","La rioja",1983,6,3,"1983-06-03",154,154,NA,"2026-04-29T14:09:21.708+00:00","http://creativecommons.org/licenses/by-nc/4.0/legalcode",FALSE,"27784F2C-2114-4F70-885F-036556D7A37E","none","none",FALSE,"doi:10.15470/j3rugb","Colección de plantas vasculares del Herbario Jaime Andrés Rodríguez. LEB","J.A.ALEJANDRE & P.M. URIBE-ECHEBARRIA.","none","WGS84","Magnoliopsida","ES","none","none","EUROPE","Spain","EUROPE","27784F2C-2114-4F70-885F-036556D7A37E","122012-1",NA,NA,"LEB","440","Alcanadre. Cogote del Molinillo","3747450078","ES","LEB","27784F2C-2114-4F70-885F-036556D7A37E","PhysicalObject","Herniaria fruticosa L.","2af539a2-4f55-473c-9ad2-9ee7b20cb63a","1ba310c1-85e9-4c21-810b-09b5da025e80",NA,"LEB","Cerro yesoso. Ladera soleada","03/06/1983",NA,"in collection",NA,NA,NA,NA,NA,"subsp.",NA,NA,NA,NA,NA,NA,NA,NA,NA,NA,NA,NA,NA,NA,NA,NA,NA,NA,"Intercambio SANT-VIT 2016 Ex dupla VIT 24663",NA,NA,NA,NA,NA,NA,NA,NA,NA,NA,NA,NA,"VIT 24663",NA,NA,NA,NA,NA,NA,NA,NA,NA,NA,NA,NA,NA,NA,NA,NA,NA
"1936072711","Herniaria fruticosa L.",42.4024,-2.175,"cdc,gass84,inmano","834c9918-f762-11e1-a439-00145eb45e9a","0363cbd4-f666-455e-8e86-0bbddcf51950","2a3f6a56-7591-4f05-8c4c-a1bb77aa4ea6","6c4a0bb0-2a4d-11d8-aa2d-b8a03c50a862","ES","EML","2026-04-18T01:37:27.366+00:00","2026-04-24T05:19:53.874+00:00",423,"PRESERVED_SPECIMEN",NA,"PRESENT",7769858,6,7707728,220,422,2518,3085796,7769858,7769858,"Herniaria fruticosa L.","Plantae","Tracheophyta","Caryophyllales","Caryophyllaceae","Herniaria","Herniaria fruticosa","Herniaria","fruticosa","SPECIES","ACCEPTED",NA,NA,NA,"EUROPE","La Rioja",1983,7,3,"1983-07-03",184,184,NA,"2026-04-24T05:19:53.874+00:00","http://creativecommons.org/licenses/by-nc/4.0/legalcode",FALSE,"3a62e66e-20fe-11e3-9e2e-000c29035824","none","none",FALSE,"834c9918-f762-11e1-a439-00145eb45e9a",NA,"P. Uribe & J. A. Alejandre","none","WGS84","Magnoliopsida","ES","none","none","EUROPE","Spain","EUROPE","3a62e66e-20fe-11e3-9e2e-000c29035824","MA-01-00295367","0363cbd4-f666-455e-8e86-0bbddcf51950",NA,"MA","429","Alcanadre","1936072711","es","MA","3a62e66e-20fe-11e3-9e2e-000c29035824","Collection","Herniaria fruticosa L.",NA,NA,NA,"MA","cerros yesosos","03071983",NA,NA,NA,NA,NA,NA,NA,NA,"17abcf75-2f1e-46dd-bf75-a5b21dd02655",NA,NA,NA,NA,NA,NA,NA,NA,NA,NA,NA,NA,NA,"7769858",NA,NA,NA,NA,NA,NA,"MA",NA,NA,NA,NA,NA,NA,"MA-295367-1","ac5fd271-20fe-11e3-9e2e-000c29035824",NA,"Identificación confirmada por M. Nazeer Chaudhri para Flora Ibérica 10/1987",NA,NA,NA,NA,NA,NA,NA,NA,NA,NA,NA,NA,NA,NA,NA,NA,NA
"3033656199","Herniaria fruticosa L.",41.89,0.6,"cdc,gass84,mdativ,colmano,inmafu","834f1756-f762-11e1-a439-00145eb45e9a","cb202839-87c6-456a-821c-dc5b268a200f","2a3f6a56-7591-4f05-8c4c-a1bb77aa4ea6","6c4a0bb0-2a4d-11d8-aa2d-b8a03c50a862","ES","EML","2026-04-18T01:36:55.261+00:00","2026-04-23T23:48:21.914+00:00",326,"PRESERVED_SPECIMEN",NA,"PRESENT",7769858,6,7707728,220,422,2518,3085796,7769858,7769858,"Herniaria fruticosa L.","Plantae","Tracheophyta","Caryophyllales","Caryophyllaceae","Herniaria","Herniaria fruticosa","Herniaria","fruticosa","SPECIES","ACCEPTED",2526,NA,NA,"EUROPE","Lleida",1983,8,21,"1983-08-21",233,233,NA,"2026-04-23T23:48:21.914+00:00","http://creativecommons.org/licenses/by-nc/4.0/legalcode",FALSE,"BCN 124198","none","none",FALSE,NA,"Col·lecció de Cormòfits de l'herbari BCN","Vilarrubias, J.","none","WGS84","Magnoliopsida","ES","none","none","EUROPE","Spain","EUROPE","BCN 124198","124198",NA,NA,"BCN","350","Boix","3033656199",NA,"Corm","BCN 124198",NA,"Herniaria fruticosa L.","5db0342e-533f-461c-a97e-0ec9dc79a95c",NA,NA,"BCN-Cormophyta",NA,NA,NA,NA,NA,NA,"Soriano Tomàs, Ignasi",NA,NA,NA,NA,NA,NA,NA,NA,NA,NA,NA,NA,NA,"CRAI CeDocBiV - Universitat de Barcelona","La Noguera",NA,NA,NA,NA,NA,NA,NA,NA,NA,"UB",NA,"Herniaria fruticosa L.; Herniaria fruticosa L.","119830",NA,NA,NA,"ex BCC",NA,NA,NA,NA,NA,NA,NA,NA,NA,NA,NA,NA,NA,NA,NA,NA,NA,NA,NA,NA
"1936034821","Herniaria fruticosa var. erecta Willk.",37.9216,-1.1126,"cdc,gass84,inmano","834c9918-f762-11e1-a439-00145eb45e9a","0363cbd4-f666-455e-8e86-0bbddcf51950","2a3f6a56-7591-4f05-8c4c-a1bb77aa4ea6","6c4a0bb0-2a4d-11d8-aa2d-b8a03c50a862","ES","EML","2026-04-18T01:37:27.366+00:00","2026-04-24T05:21:09.960+00:00",423,"PRESERVED_SPECIMEN",NA,"PRESENT",7578391,6,7707728,220,422,2518,3085796,7769858,7769858,"Herniaria fruticosa L.","Plantae","Tracheophyta","Caryophyllales","Caryophyllaceae","Herniaria","Herniaria fruticosa","Herniaria","fruticosa","VARIETY","SYNONYM",NA,220,NA,"EUROPE","Murcia",1982,3,4,"1982-03-04",63,63,NA,"2026-04-24T05:21:09.960+00:00","http://creativecommons.org/licenses/by-nc/4.0/legalcode",FALSE,"3717ce6a-20fe-11e3-9e2e-000c29035824","none","none",FALSE,"834c9918-f762-11e1-a439-00145eb45e9a",NA,"A. Barra, E. Bayón & G. López","none","WGS84","Magnoliopsida","ES","none","none","EUROPE","Spain","EUROPE","3717ce6a-20fe-11e3-9e2e-000c29035824","MA-01-00243265","0363cbd4-f666-455e-8e86-0bbddcf51950",NA,"MA","429","La Fuensanta, subida a la Cresta del Gallo","1936034821","es","MA","3717ce6a-20fe-11e3-9e2e-000c29035824","Collection","Herniaria fruticosa var. erecta Willk.",NA,NA,NA,"MA","calizas liásicas","04031982",NA,NA,NA,NA,"M. Nazeer Chaudhri","2755",NA,NA,"17abcf75-2f1e-46dd-bf75-a5b21dd02655",NA,NA,NA,NA,NA,NA,"1987-10-01T00:00:00",NA,NA,NA,NA,NA,NA,"7578391",NA,NA,NA,NA,NA,NA,"MA",NA,NA,NA,NA,NA,NA,"MA-243265-1","a81b21d0-20fe-11e3-9e2e-000c29035824",NA,NA,NA,"erecta",NA,NA,NA,NA,NA,NA,NA,NA,NA,NA,NA,NA,NA,NA,NA
"1851354960","Herniaria fruticosa L.",42.338,-2.387,"cdc,gass84,mdativ,txmathi,osiic,colmafu,inmafu","7b74be32-f762-11e1-a439-00145eb45e9a","730cd32c-627f-44a8-9d93-fcfb23ade969","2a3f6a56-7591-4f05-8c4c-a1bb77aa4ea6","6c4a0bb0-2a4d-11d8-aa2d-b8a03c50a862","ES","EML","2026-04-17T20:40:41.625+00:00","2026-04-29T14:09:02.361+00:00",434,"PRESERVED_SPECIMEN",1,"PRESENT",7769858,6,7707728,220,422,2518,3085796,7769858,7769858,"Herniaria fruticosa L.","Plantae","Tracheophyta","Caryophyllales","Caryophyllaceae","Herniaria","Herniaria fruticosa","Herniaria","fruticosa","SPECIES","ACCEPTED",707,425,0,"EUROPE","La rioja",1982,5,27,"1982-05-27",147,147,NA,"2026-04-29T14:09:02.361+00:00","http://creativecommons.org/licenses/by-nc/4.0/legalcode",FALSE,"626108ED-B259-4641-834D-4DC6B3309343","none","none",FALSE,"doi:10.15470/j3rugb","Colección de plantas vasculares del Herbario Jaime Andrés Rodríguez. LEB","F.Amich","none","WGS84","Magnoliopsida","ES","none","none","EUROPE","Spain","EUROPE","626108ED-B259-4641-834D-4DC6B3309343","57822-1",NA,NA,"LEB","440","Leza de Río Leza","1851354960","ES","LEB","626108ED-B259-4641-834D-4DC6B3309343","PhysicalObject","Herniaria fruticosa L.","2af539a2-4f55-473c-9ad2-9ee7b20cb63a","1ba310c1-85e9-4c21-810b-09b5da025e80","Pliego","LEB",NA,"27-05-1982",NA,"in collection",NA,NA,NA,NA,NA,"subsp.",NA,NA,NA,NA,NA,NA,NA,NA,NA,NA,NA,NA,NA,NA,NA,NA,NA,NA,NA,NA,NA,NA,NA,NA,NA,NA,NA,NA,NA,NA,NA,NA,NA,NA,NA,NA,NA,NA,NA,NA,NA,NA,NA,NA,NA,NA,NA,NA,NA
"1851582736","Herniaria fruticosa L.",41.47,0.07,"cdc,gass84,osiic,colmafu,inmafu","835852b2-f762-11e1-a439-00145eb45e9a","30b36805-4849-4abb-a39c-01b3a7fa3f2e","2a3f6a56-7591-4f05-8c4c-a1bb77aa4ea6","6c4a0bb0-2a4d-11d8-aa2d-b8a03c50a862","ES","EML","2026-04-18T01:37:27.890+00:00","2026-04-24T04:49:54.297+00:00",354,"PRESERVED_SPECIMEN",1,"PRESENT",7769858,6,7707728,220,422,2518,3085796,7769858,7769858,"Herniaria fruticosa L.","Plantae","Tracheophyta","Caryophyllales","Caryophyllaceae","Herniaria","Herniaria fruticosa","Herniaria","fruticosa","SPECIES","ACCEPTED",7071,300,0,"EUROPE","Huesca",1982,5,27,"1982-05-27",147,147,"2017-01-26T13:59:38.000+00:00","2026-04-24T04:49:54.297+00:00","http://creativecommons.org/licenses/by/4.0/legalcode",FALSE,"D9FD2226-70D2-4847-B2F6-4D116B452B86","none","none",FALSE,NA,NA,"C.Defferrard & A.Charpin","none","WGS84","Magnoliopsida","ES","none","none","EUROPE","Spain","EUROPE","D9FD2226-70D2-4847-B2F6-4D116B452B86","60927-1",NA,NA,"ABH","360","Candasnos; Cadasnos, route de Caspe","1851582736",NA,"ABH","D9FD2226-70D2-4847-B2F6-4D116B452B86",NA,"Herniaria fruticosa L.","8aa53465-012a-4394-bc5a-5f99beee1ce7","189e886d-b24c-4f29-8ee3-3827e567e7df",NA,"ABH",NA,"27051982",NA,NA,NA,NA,NA,NA,NA,NA,NA,NA,NA,NA,NA,NA,NA,NA,NA,NA,NA,NA,NA,NA,NA,NA,NA,NA,NA,NA,NA,NA,NA,NA,NA,NA,NA,NA,NA,NA,NA,NA,NA,NA,NA,NA,NA,NA,NA,NA,NA,NA,NA,NA,NA,NA,NA,NA,NA
"1851582832","Herniaria fruticosa L.",36.91,-1.93,"cdc,gass84,osiic,colmafu,inmafu","835852b2-f762-11e1-a439-00145eb45e9a","30b36805-4849-4abb-a39c-01b3a7fa3f2e","2a3f6a56-7591-4f05-8c4c-a1bb77aa4ea6","6c4a0bb0-2a4d-11d8-aa2d-b8a03c50a862","ES","EML","2026-04-18T01:37:27.890+00:00","2026-04-24T04:49:53.930+00:00",354,"PRESERVED_SPECIMEN",1,"PRESENT",7769858,6,7707728,220,422,2518,3085796,7769858,7769858,"Herniaria fruticosa L.","Plantae","Tracheophyta","Caryophyllales","Caryophyllaceae","Herniaria","Herniaria fruticosa","Herniaria","fruticosa","SPECIES","ACCEPTED",7071,NA,NA,"EUROPE","Almeria",1982,5,12,"1982-05-12",132,132,"2016-07-29T13:09:28.000+00:00","2026-04-24T04:49:53.930+00:00","http://creativecommons.org/licenses/by/4.0/legalcode",FALSE,"344B779A-7887-4C90-9153-23E4194E4A7D","none","none",FALSE,NA,NA,"C.Defferrard & A.Charpin","none","WGS84","Magnoliopsida","ES","none","none","EUROPE","Spain","EUROPE","344B779A-7887-4C90-9153-23E4194E4A7D","60926-1",NA,NA,"ABH","360","Carboneras; Carboneras, route d´Agua Amarga","1851582832",NA,"ABH","344B779A-7887-4C90-9153-23E4194E4A7D",NA,"Herniaria fruticosa L.","8aa53465-012a-4394-bc5a-5f99beee1ce7","189e886d-b24c-4f29-8ee3-3827e567e7df",NA,"ABH",NA,"12051982",NA,NA,NA,NA,NA,NA,NA,NA,NA,"none",NA,NA,NA,NA,NA,NA,NA,NA,NA,NA,NA,NA,NA,NA,NA,NA,"culture abandonnée",NA,NA,NA,NA,NA,NA,NA,NA,NA,NA,NA,NA,NA,NA,NA,NA,NA,NA,NA,NA,NA,NA,NA,NA,NA,NA,NA,NA,NA,NA
"3033637760","Herniaria fruticosa L.",42.31,3.31,"cdc,gass84,mdativ,txmathi,colmano,inmafu","834f1756-f762-11e1-a439-00145eb45e9a","cb202839-87c6-456a-821c-dc5b268a200f","2a3f6a56-7591-4f05-8c4c-a1bb77aa4ea6","6c4a0bb0-2a4d-11d8-aa2d-b8a03c50a862","ES","EML","2026-04-18T01:36:55.261+00:00","2026-04-23T23:48:13.086+00:00",326,"PRESERVED_SPECIMEN",NA,"PRESENT",7769858,6,7707728,220,422,2518,3085796,7769858,7769858,"Herniaria fruticosa L.","Plantae","Tracheophyta","Caryophyllales","Caryophyllaceae","Herniaria","Herniaria fruticosa","Herniaria","fruticosa","SPECIES","ACCEPTED",2116,50,0,"EUROPE","Girona",1982,5,31,"1982-05-31",151,151,NA,"2026-04-23T23:48:13.086+00:00","http://creativecommons.org/licenses/by-nc/4.0/legalcode",FALSE,"BCN 69674","none","none",FALSE,NA,"Col·lecció de Cormòfits de l'herbari BCN","Franquesa Codinach, Teresa","none","WGS84","Magnoliopsida","ES","none","none","EUROPE","Spain","EUROPE","BCN 69674","69674",NA,NA,"BCN","350","Punta del Cap de Creus. Far ensorrat","3033637760",NA,"Corm","BCN 69674",NA,"Herniaria fruticosa L.","5db0342e-533f-461c-a97e-0ec9dc79a95c",NA,NA,"BCN-Cormophyta","Replanets sorrencs",NA,NA,NA,NA,NA,NA,NA,NA,NA,NA,"none",NA,NA,NA,NA,NA,NA,NA,NA,"CRAI CeDocBiV - Universitat de Barcelona",NA,NA,NA,NA,NA,NA,NA,NA,NA,NA,"UB",NA,"Herniaria fruticosa L. subsp. fruticosa","69720",NA,NA,NA,"ex BCC",NA,NA,NA,NA,NA,NA,NA,NA,NA,NA,NA,NA,NA,NA,NA,NA,NA,NA,NA,NA
"4529229292","Herniaria fruticosa L.",42.316839,3.303378,"cdc,cdround,cdpi,inmano","a4b7c71e-fc73-434e-a008-d63c222179d0","7b4f2f30-a456-11d9-8049-b8a03c50a862","2a3f6a56-7591-4f05-8c4c-a1bb77aa4ea6","6c4a0bb0-2a4d-11d8-aa2d-b8a03c50a862","ES","EML","2026-04-17T15:02:28.711+00:00","2026-04-24T02:23:59.670+00:00",415,"PRESERVED_SPECIMEN",NA,"PRESENT",7769858,6,7707728,220,422,2518,3085796,7769858,7769858,"Herniaria fruticosa L.","Plantae","Tracheophyta","Caryophyllales","Caryophyllaceae","Herniaria","Herniaria fruticosa","Herniaria","fruticosa","SPECIES","ACCEPTED",NA,NA,NA,"EUROPE",NA,1982,5,31,"1982-05-31",151,151,"2024-01-08T00:00:00.000+00:00","2026-04-24T02:23:59.670+00:00","http://creativecommons.org/licenses/by-nc/4.0/legalcode",FALSE,"BDBC-C.6833.0.13417.3798","none","none",FALSE,"doi:10.15470/fzwiiu","FloraCAT: Banco de datos de los cormófitos de Cataluña","Franquesa Codinach, Teresa, BCN 69674, () 3","none","WGS84","Magnoliopsida","ES","none","none","EUROPE","Spain","EUROPE","BDBC-C.6833.0.13417.3798","BCN 69674",NA,NA,"BDBC","421","Punta Cap de Creus. Far ensorrat. Girona","4529229292","es","BDBC-Floracat","BDBC-C.6833.0.13417.3798","Dataset","Herniaria fruticosa L.",NA,NA,NA,NA,NA,NA,NA,NA,NA,"BDBC","Franquesa Codinach, Teresa",NA,NA,NA,NA,NA,NA,NA,NA,NA,NA,NA,NA,"original","Generalitat de Catalunya","Catalonia","UTM","{""percentNN"":0.9779,""countNN"":354,""distanceNN"":0.09}","C001530a","Herniaria fruticosa fruticosa L.","C001530","BCN (2017). Plecs Herbari BCN. CEDOCBIV",NA,NA,NA,NA,NA,NA,NA,NA,NA,NA,NA,NA,NA,NA,"50",NA,NA,NA,NA,NA,NA,NA,NA,NA,NA,NA,NA,NA,NA,NA,NA
"85300749","Herniaria fruticosa L.",42.33,-2.38,"cdc,gass84,txmathi,indci,colmafu,inmafu","835177da-f762-11e1-a439-00145eb45e9a","95cb537c-74c5-4c1e-ae24-32e7ea08f380","2a3f6a56-7591-4f05-8c4c-a1bb77aa4ea6","6c4a0bb0-2a4d-11d8-aa2d-b8a03c50a862","ES","EML","2026-04-18T01:36:55.524+00:00","2026-04-24T06:32:16.805+00:00",389,"PRESERVED_SPECIMEN",NA,"PRESENT",7769858,6,7707728,220,422,2518,3085796,7769858,7769858,"Herniaria fruticosa L.","Plantae","Tracheophyta","Caryophyllales","Caryophyllaceae","Herniaria","Herniaria fruticosa","Herniaria","fruticosa","SPECIES","ACCEPTED",NA,425,0,"EUROPE","La rioja",1982,7,4,"1982-07-04",185,185,"2008-01-01T00:00:00.000+00:00","2026-04-24T06:32:16.805+00:00","http://creativecommons.org/licenses/by-nc/4.0/legalcode",FALSE,"FCO:FCO:10433-1","none","none",FALSE,NA,"Universidad de Oviedo. Departamento de Biología de Organismos y Sistemas: FCO","Amich","none","WGS84","Magnoliopsida","ES","none","none","EUROPE","Spain","EUROPE","FCO:FCO:10433-1","10433-1","95cb537c-74c5-4c1e-ae24-32e7ea08f380",NA,"FCO","395","Leza de Río Leza","85300749","es","FCO","FCO:FCO:10433-1","Collection","Herniaria fruticosa L.","23454f94-cf0f-472b-bba0-a16d3ff3be7f","ea0d0893-ee67-4c44-b164-fe1597332661",NA,NA,NA,NA,NA,NA,NA,NA,"Amich",NA,NA,NA,NA,NA,NA,NA,NA,NA,NA,NA,NA,NA,NA,NA,NA,NA,NA,NA,NA,NA,"yesos estratificadoscomunidades de Helianthemetum squamati.",NA,NA,NA,NA,NA,NA,NA,NA,NA,NA,NA,NA,NA,NA,NA,0,NA,NA,NA,NA,NA,NA,NA,NA,NA,NA,NA,NA,NA,NA
"199481654","Herniaria fruticosa L.",42.33,-2.38,"cdc,gass84,iddativ,txmathi,osiic,colmafu,inmafu","962cceea-f762-11e1-a439-00145eb45e9a","7fadb370-f921-11dd-af50-b8a03c50a862","2a3f6a56-7591-4f05-8c4c-a1bb77aa4ea6","6c4a0bb0-2a4d-11d8-aa2d-b8a03c50a862","ES","EML","2026-04-17T22:12:36.543+00:00","2026-04-24T14:07:38.841+00:00",392,"PRESERVED_SPECIMEN",1,"PRESENT",7769858,6,7707728,220,422,2518,3085796,7769858,7769858,"Herniaria fruticosa L.","Plantae","Tracheophyta","Caryophyllales","Caryophyllaceae","Herniaria","Herniaria fruticosa","Herniaria","fruticosa","SPECIES","ACCEPTED",707,425,0,"EUROPE","La rioja",1982,7,4,"1982-07-04",185,185,NA,"2026-04-24T14:07:38.841+00:00","http://creativecommons.org/licenses/by-nc/4.0/legalcode",FALSE,"CF8175B8-1BA7-478F-B591-0D812658BFC1","none","none",FALSE,NA,"MGC Herbarium University of Malaga (Spain): MGC-Cormof dataset","F. Amich","none","WGS84","Magnoliopsida","ES","none","none","EUROPE","Spain","EUROPE","CF8175B8-1BA7-478F-B591-0D812658BFC1","12182-1","https://www.gbif.org/publisher/7fadb370-f921-11dd-af50-b8a03c50a862",NA,"MGC","417",NA,"199481654","es","MGC-Cormof","CF8175B8-1BA7-478F-B591-0D812658BFC1","PhysicalObject","Herniaria fruticosa L.","f9fd1a64-464a-4cbf-8a6c-60d7ca4e4446","dcf31393-fdcd-48d6-8e33-7eb584ab9ed3","Pliego",NA,"Yesos estratificados, en comunidades de Helianthemetum squamati","04/07/1982","Leza de Río Leza","in collection",NA,NA,"M. Nazeer Chaudhri",NA,NA,NA,NA,NA,NA,NA,NA,"73157",NA,NA,NA,NA,NA,NA,NA,NA,NA,NA,NA,NA,NA,NA,NA,NA,NA,NA,NA,NA,NA,NA,"MGC:MGC-Cormof:12182-1",NA,NA,NA,NA,NA,NA,"2013-06-14T15:24:00.000+02:00","{Exsicc:Universidad de Salamanca Exsicc Number:}","MGC-Cormof","http://digir.sourceforge.net/schema/conceptual/darwin/2003/1.0/darwin2.xsd","1000",NA,NA,NA,NA,NA,NA,NA,NA,NA
"895209748","Herniaria fruticosa L.",42.33,-2.38,"cdc,gass84,txmathi,colmafu,inmafu","834a4794-f762-11e1-a439-00145eb45e9a","8209258a-80e8-4094-aba2-a3febe5ed45b","2a3f6a56-7591-4f05-8c4c-a1bb77aa4ea6","6c4a0bb0-2a4d-11d8-aa2d-b8a03c50a862","ES","EML","2026-04-18T01:37:24.691+00:00","2026-04-24T10:27:13.092+00:00",375,"PRESERVED_SPECIMEN",NA,"PRESENT",7769858,6,7707728,220,422,2518,3085796,7769858,7769858,"Herniaria fruticosa L.","Plantae","Tracheophyta","Caryophyllales","Caryophyllaceae","Herniaria","Herniaria fruticosa","Herniaria","fruticosa","SPECIES","ACCEPTED",707,425,0,"EUROPE","La Rioja",1982,7,4,"1982-07-04",185,185,"2025-11-03T14:20:45.000+00:00","2026-04-24T10:27:13.092+00:00","http://creativecommons.org/licenses/by-nc/4.0/legalcode",FALSE,"6737676E-C36E-436F-A46A-CD80736A14C7","none","none",FALSE,NA,"Colección de plantas vasculares del herbario de la Universitat de València (VAL)","F. Amich","none","WGS84","Magnoliopsida","ES","none","none","EUROPE","Spain","EUROPE","6737676E-C36E-436F-A46A-CD80736A14C7","194360-1","https://www.gbif.org/publisher/8209258a-80e8-4094-aba2-a3febe5ed45b",NA,"VAL","391","Leza de Río Leza","895209748","es","VAL","6737676E-C36E-436F-A46A-CD80736A14C7","PhysicalObject","Herniaria fruticosa L.","c645b060-c130-45ee-97ab-b9fc94393523","6ceb64b5-0201-4a27-bcdb-8d62035e35d5","Pliego","VAL","yesos estratificados, en comunidades de Helianthemetum squamati","04071982","Leza de Río Leza","in collection",NA,NA,NA,NA,NA,"subsp.",NA,NA,NA,NA,NA,NA,NA,NA,NA,NA,NA,NA,NA,NA,NA,NA,NA,NA,"ex VF-7913",NA,NA,NA,NA,NA,NA,NA,NA,NA,NA,NA,NA,NA,NA,NA,NA,NA,NA,NA,NA,NA,NA,NA,NA,NA,NA,NA,NA,NA,NA
"1936038504","Herniaria fruticosa L.",42.3318,-2.3944,"cdc,gass84,txmathi,inmano","834c9918-f762-11e1-a439-00145eb45e9a","0363cbd4-f666-455e-8e86-0bbddcf51950","2a3f6a56-7591-4f05-8c4c-a1bb77aa4ea6","6c4a0bb0-2a4d-11d8-aa2d-b8a03c50a862","ES","EML","2026-04-18T01:37:27.366+00:00","2026-04-24T05:21:10.090+00:00",423,"PRESERVED_SPECIMEN",NA,"PRESENT",7769858,6,7707728,220,422,2518,3085796,7769858,7769858,"Herniaria fruticosa L.","Plantae","Tracheophyta","Caryophyllales","Caryophyllaceae","Herniaria","Herniaria fruticosa","Herniaria","fruticosa","SPECIES","ACCEPTED",NA,NA,NA,"EUROPE","La Rioja",1982,7,4,"1982-07-04",185,185,NA,"2026-04-24T05:21:10.090+00:00","http://creativecommons.org/licenses/by-nc/4.0/legalcode",FALSE,"375da382-20fe-11e3-9e2e-000c29035824","none","none",FALSE,"834c9918-f762-11e1-a439-00145eb45e9a",NA,"F. Amich","none","WGS84","Magnoliopsida","ES","none","none","EUROPE","Spain","EUROPE","375da382-20fe-11e3-9e2e-000c29035824","MA-01-00250732","0363cbd4-f666-455e-8e86-0bbddcf51950",NA,"MA","429","Leza de Río  Leza","1936038504","es","MA","375da382-20fe-11e3-9e2e-000c29035824","Collection","Herniaria fruticosa L.",NA,NA,NA,"MA","yesos estratificados, en comunidades de Helianthemetum squamati","04071982",NA,NA,NA,NA,NA,"211",NA,NA,"17abcf75-2f1e-46dd-bf75-a5b21dd02655",NA,NA,NA,NA,NA,NA,NA,NA,NA,NA,NA,NA,NA,"7769858",NA,NA,NA,NA,NA,NA,"MA",NA,NA,NA,NA,NA,NA,"MA-250732-1","a8bc4e7f-20fe-11e3-9e2e-000c29035824",NA,"Identificación confirmada por M. Nazeer Chaudhri 10/1987 para Flora Ibérica. En la primera identificación H. fruticosa L. subsp. Fruticosa",NA,NA,NA,NA,NA,NA,NA,NA,NA,NA,NA,NA,NA,NA,NA,NA,NA
"2960557791","Herniaria fruticosa L.",42.338,-2.387,"cdc,gass84,mdativ,txmathi,colmafu,inmafu","ceff8c75-950b-4405-a116-60247d1adacb","21936918-2ce6-4314-a15e-91f9f6735361","2a3f6a56-7591-4f05-8c4c-a1bb77aa4ea6","6c4a0bb0-2a4d-11d8-aa2d-b8a03c50a862","ES","EML","2026-05-08T11:20:57.240+00:00","2026-05-08T11:22:34.289+00:00",281,"PRESERVED_SPECIMEN",NA,"PRESENT",7769858,6,7707728,220,422,2518,3085796,7769858,7769858,"Herniaria fruticosa L.","Plantae","Tracheophyta","Caryophyllales","Caryophyllaceae","Herniaria","Herniaria fruticosa","Herniaria","fruticosa","SPECIES","ACCEPTED",707.11,425,0,"EUROPE","La Rioja",1982,7,4,"1982-07-04",185,185,NA,"2026-05-08T11:22:34.289+00:00","http://creativecommons.org/licenses/by-nc/4.0/legalcode",FALSE,"E19B6DD5-C827-40AA-8B66-72F283C1439F","none","none",FALSE,"doi:10.15470/akznrb","Herbario de la Facultad de Ciencias Biológicas de la Universidad Complutense de Madrid (MACB)","F. Amich","none","WGS84","Magnoliopsida","ES","none","none","EUROPE","Spain","EUROPE","E19B6DD5-C827-40AA-8B66-72F283C1439F","11600-1","https://www.gbif.org/publisher/21936918-2ce6-4314-a15e-91f9f6735361",NA,"MACB","281","Leza de Río Leza","2960557791","es","MACB","E19B6DD5-C827-40AA-8B66-72F283C1439F","PhysicalObject","Herniaria fruticosa L.","8ccf3bd0-c0ae-437e-9948-8cc60608f14b","7302692a-9ae7-43ed-9449-c5c5626921fc",NA,NA,"En yesos estratificados, en comunidades de Helianthemetum squamati Br.-Bl. & O.","04/07/1982",NA,NA,NA,NA,NA,NA,NA,"subsp.",NA,NA,NA,NA,NA,NA,NA,NA,NA,NA,NA,NA,NA,NA,NA,NA,NA,NA,NA,NA,NA,NA,NA,NA,NA,NA,NA,NA,NA,NA,NA,NA,NA,NA,NA,NA,NA,NA,NA,NA,NA,NA,NA,NA,NA,NA,NA,NA,NA
"3033659202","Herniaria fruticosa L.",42.32,-2.4,"cdc,gass84,mdativ,txmathi,colmano,inmafu","834f1756-f762-11e1-a439-00145eb45e9a","cb202839-87c6-456a-821c-dc5b268a200f","2a3f6a56-7591-4f05-8c4c-a1bb77aa4ea6","6c4a0bb0-2a4d-11d8-aa2d-b8a03c50a862","ES","EML","2026-04-18T01:36:55.261+00:00","2026-04-23T23:48:54.395+00:00",326,"PRESERVED_SPECIMEN",NA,"PRESENT",7769858,6,7707728,220,422,2518,3085796,7769858,7769858,"Herniaria fruticosa L.","Plantae","Tracheophyta","Caryophyllales","Caryophyllaceae","Herniaria","Herniaria fruticosa","Herniaria","fruticosa","SPECIES","ACCEPTED",7304,425,0,"EUROPE","La Rioja (Logroño)",1982,7,4,"1982-07-04",185,185,NA,"2026-04-23T23:48:54.395+00:00","http://creativecommons.org/licenses/by-nc/4.0/legalcode",FALSE,"BCN 124223","none","none",FALSE,NA,"Col·lecció de Cormòfits de l'herbari BCN","Amich García, Francisco","none","WGS84","Magnoliopsida","ES","none","none","EUROPE","Spain","EUROPE","BCN 124223","124223",NA,NA,"BCN","350","Leza de Rio Leza","3033659202",NA,"Corm","BCN 124223",NA,"Herniaria fruticosa L.","5db0342e-533f-461c-a97e-0ec9dc79a95c",NA,NA,"BCN-Cormophyta","Yesos estratificados, en comunidades de Helianthemetum squamati Br.-Bl. & O. Bolòs 1957",NA,NA,NA,NA,NA,NA,NA,NA,NA,NA,NA,NA,NA,NA,NA,NA,NA,NA,NA,"CRAI CeDocBiV - Universitat de Barcelona",NA,NA,NA,NA,NA,NA,NA,NA,NA,NA,"UB",NA,"Herniaria fruticosa L. subsp. fruticosa","119855",NA,NA,NA,"ex BCF",NA,NA,NA,NA,NA,NA,NA,NA,NA,NA,NA,NA,NA,NA,NA,NA,NA,NA,NA,NA
"3033734144","Herniaria fruticosa L.",41.11,0.2,"cdc,gass84,mdativ,colmano,inmafu","834f1756-f762-11e1-a439-00145eb45e9a","cb202839-87c6-456a-821c-dc5b268a200f","2a3f6a56-7591-4f05-8c4c-a1bb77aa4ea6","6c4a0bb0-2a4d-11d8-aa2d-b8a03c50a862","ES","EML","2026-04-18T01:36:55.261+00:00","2026-04-23T23:49:03.835+00:00",326,"PRESERVED_SPECIMEN",NA,"PRESENT",7769858,6,7707728,220,422,2518,3085796,7769858,7769858,"Herniaria fruticosa L.","Plantae","Tracheophyta","Caryophyllales","Caryophyllaceae","Herniaria","Herniaria fruticosa","Herniaria","fruticosa","SPECIES","ACCEPTED",7071,NA,NA,"EUROPE","Tarragona",1982,8,4,"1982-08-04",216,216,NA,"2026-04-23T23:49:03.835+00:00","http://creativecommons.org/licenses/by-nc/4.0/legalcode",FALSE,"BCN 124214","none","none",TRUE,NA,"Col·lecció de Cormòfits de l'herbari BCN","Molero Briones, Julià & Rovira López, Anna Maria","none","WGS84","Magnoliopsida","ES","none","none","EUROPE","Spain","EUROPE","BCN 124214","124214",NA,NA,"BCN","350","Terra Alta: Batea cap a Maella, prop de Maella","3033734144",NA,"Corm","BCN 124214",NA,"Herniaria fruticosa L.","5db0342e-533f-461c-a97e-0ec9dc79a95c",NA,NA,"BCN-Cormophyta","camps d'oliveres",NA,NA,NA,NA,NA,NA,NA,NA,NA,NA,NA,NA,NA,NA,NA,NA,NA,NA,NA,"CRAI CeDocBiV - Universitat de Barcelona",NA,NA,NA,NA,NA,NA,NA,NA,NA,NA,"UB",NA,"Herniaria fruticosa L.","119846",NA,NA,NA,"ex BCF 70316",NA,NA,NA,NA,NA,NA,NA,NA,NA,NA,NA,NA,NA,NA,NA,NA,NA,NA,NA,NA
"4529465875","Herniaria fruticosa L.",41.112307,0.201155,"cdc,cdround,cdpi,inmano","a4b7c71e-fc73-434e-a008-d63c222179d0","7b4f2f30-a456-11d9-8049-b8a03c50a862","2a3f6a56-7591-4f05-8c4c-a1bb77aa4ea6","6c4a0bb0-2a4d-11d8-aa2d-b8a03c50a862","ES","EML","2026-04-17T15:02:28.711+00:00","2026-04-24T02:24:17.601+00:00",415,"PRESERVED_SPECIMEN",NA,"PRESENT",7769858,6,7707728,220,422,2518,3085796,7769858,7769858,"Herniaria fruticosa L.","Plantae","Tracheophyta","Caryophyllales","Caryophyllaceae","Herniaria","Herniaria fruticosa","Herniaria","fruticosa","SPECIES","ACCEPTED",NA,NA,NA,"EUROPE",NA,1982,8,4,"1982-08-04",216,216,"2024-01-08T00:00:00.000+00:00","2026-04-24T02:24:17.601+00:00","http://creativecommons.org/licenses/by-nc/4.0/legalcode",FALSE,"BDBC-C.6833.0.69989.19102","none","none",TRUE,"doi:10.15470/fzwiiu","FloraCAT: Banco de datos de los cormófitos de Cataluña","Molero Briones, JuliÃ  & Rovira LÃ³pez, Anna Maria, BCN 124214, () 3","none","WGS84","Magnoliopsida","ES","none","none","EUROPE","Spain","EUROPE","BDBC-C.6833.0.69989.19102","BCN 124214",NA,NA,"BDBC","421","Terra Alta: Batea cap a Maella, prop de Maella. Tarragona","4529465875","es","BDBC-Floracat","BDBC-C.6833.0.69989.19102","Dataset","Herniaria fruticosa L.",NA,NA,NA,NA,NA,NA,NA,NA,NA,"BDBC","Molero Briones, JuliÃ  & Rovira LÃ³pez, Anna Maria",NA,NA,NA,NA,NA,NA,NA,NA,NA,NA,NA,NA,"original","Generalitat de Catalunya","Catalonia","UTM","{""percentNN"":0.9779,""countNN"":354,""distanceNN"":0.09}","C001530","Herniaria fruticosa L.","C001530","BCN (2017). Plecs Herbari BCN. CEDOCBIV",NA,NA,NA,NA,NA,NA,NA,NA,NA,NA,NA,NA,NA,NA,NA,NA,NA,NA,NA,NA,NA,NA,NA,NA,NA,NA,NA,NA,NA,NA,NA
"3033730150","Herniaria fruticosa L.",41.09,0.22,"cdc,gass84,mdativ,colmano,inmafu","834f1756-f762-11e1-a439-00145eb45e9a","cb202839-87c6-456a-821c-dc5b268a200f","2a3f6a56-7591-4f05-8c4c-a1bb77aa4ea6","6c4a0bb0-2a4d-11d8-aa2d-b8a03c50a862","ES","EML","2026-04-18T01:36:55.261+00:00","2026-04-23T23:49:02.343+00:00",326,"PRESERVED_SPECIMEN",NA,"PRESENT",7769858,6,7707728,220,422,2518,3085796,7769858,7769858,"Herniaria fruticosa L.","Plantae","Tracheophyta","Caryophyllales","Caryophyllaceae","Herniaria","Herniaria fruticosa","Herniaria","fruticosa","SPECIES","ACCEPTED",6940,NA,NA,"EUROPE","Tarragona",1982,9,22,"1982-09-22",265,265,NA,"2026-04-23T23:49:02.343+00:00","http://creativecommons.org/licenses/by-nc/4.0/legalcode",FALSE,"BCN 124213","none","none",FALSE,NA,"Col·lecció de Cormòfits de l'herbari BCN","Molero Briones, Julià & Rovira López, Anna Maria","none","WGS84","Magnoliopsida","ES","none","none","EUROPE","Spain","EUROPE","BCN 124213","124213",NA,NA,"BCN","350","Terra Alta: Entre Batea i Maella","3033730150",NA,"Corm","BCN 124213",NA,"Herniaria fruticosa L.","5db0342e-533f-461c-a97e-0ec9dc79a95c",NA,NA,"BCN-Cormophyta",NA,NA,NA,NA,NA,NA,NA,NA,NA,NA,NA,NA,NA,NA,NA,NA,NA,NA,NA,NA,"CRAI CeDocBiV - Universitat de Barcelona",NA,NA,NA,NA,NA,NA,NA,NA,NA,NA,"UB",NA,"Herniaria fruticosa L.","119845",NA,NA,NA,"ex BCF 70278",NA,NA,NA,NA,NA,NA,NA,NA,NA,NA,NA,NA,NA,NA,NA,NA,NA,NA,NA,NA
"4529460123","Herniaria fruticosa L.",41.115137,0.320127,"cdc,cdround,cdpi,inmano","a4b7c71e-fc73-434e-a008-d63c222179d0","7b4f2f30-a456-11d9-8049-b8a03c50a862","2a3f6a56-7591-4f05-8c4c-a1bb77aa4ea6","6c4a0bb0-2a4d-11d8-aa2d-b8a03c50a862","ES","EML","2026-04-17T15:02:28.711+00:00","2026-04-24T02:24:00.329+00:00",415,"PRESERVED_SPECIMEN",NA,"PRESENT",7769858,6,7707728,220,422,2518,3085796,7769858,7769858,"Herniaria fruticosa L.","Plantae","Tracheophyta","Caryophyllales","Caryophyllaceae","Herniaria","Herniaria fruticosa","Herniaria","fruticosa","SPECIES","ACCEPTED",NA,NA,NA,"EUROPE",NA,1982,9,22,"1982-09-22",265,265,"2024-01-08T00:00:00.000+00:00","2026-04-24T02:24:00.329+00:00","http://creativecommons.org/licenses/by-nc/4.0/legalcode",FALSE,"BDBC-C.6833.0.69987.19101","none","none",FALSE,"doi:10.15470/fzwiiu","FloraCAT: Banco de datos de los cormófitos de Cataluña","Molero Briones, JuliÃ  & Rovira LÃ³pez, Anna Maria, BCN 124213, () 3","none","WGS84","Magnoliopsida","ES","none","none","EUROPE","Spain","EUROPE","BDBC-C.6833.0.69987.19101","BCN 124213",NA,NA,"BDBC","421","Terra Alta: Entre Batea i Maella. Tarragona","4529460123","es","BDBC-Floracat","BDBC-C.6833.0.69987.19101","Dataset","Herniaria fruticosa L.",NA,NA,NA,NA,NA,NA,NA,NA,NA,"BDBC","Molero Briones, JuliÃ  & Rovira LÃ³pez, Anna Maria",NA,NA,NA,NA,NA,NA,NA,NA,NA,NA,NA,NA,"original","Generalitat de Catalunya","Catalonia","UTM","{""percentNN"":0.9779,""countNN"":354,""distanceNN"":0.09}","C001530","Herniaria fruticosa L.","C001530","BCN (2017). Plecs Herbari BCN. CEDOCBIV",NA,NA,NA,NA,NA,NA,NA,NA,NA,NA,NA,NA,NA,NA,NA,NA,NA,NA,NA,NA,NA,NA,NA,NA,NA,NA,NA,NA,NA,NA,NA
"137518723","Herniaria fruticosa L.",40.086912,-3.66744,"cdc,cdround,gass84,mdativ,colmafu,inmafu","835d30de-f762-11e1-a439-00145eb45e9a","bf8bcf77-da9f-4df3-929a-d1dbb6ab5e5f","2a3f6a56-7591-4f05-8c4c-a1bb77aa4ea6","6c4a0bb0-2a4d-11d8-aa2d-b8a03c50a862","ES","EML","2026-04-18T01:36:56.049+00:00","2026-04-24T06:06:16.945+00:00",392,"PRESERVED_SPECIMEN",NA,"PRESENT",7769858,6,7707728,220,422,2518,3085796,7769858,7769858,"Herniaria fruticosa L.","Plantae","Tracheophyta","Caryophyllales","Caryophyllaceae","Herniaria","Herniaria fruticosa","Herniaria","fruticosa","SPECIES","ACCEPTED",NA,NA,NA,"EUROPE","Toledo",1981,5,29,"1981-05-29",149,149,NA,"2026-04-24T06:06:16.945+00:00","http://creativecommons.org/licenses/by-nc/4.0/legalcode",FALSE,"NEX:UNEX:02896-1","none","none",FALSE,NA,"Herbario de la Universidad de Extremadura (UNEX)","J.A. Devesa & al.","none","WGS84","Magnoliopsida","ES","none","none","EUROPE","Spain","EUROPE","NEX:UNEX:02896-1","02896-1","https://www.gbif.org/publisher/bf8bcf77-da9f-4df3-929a-d1dbb6ab5e5f",NA,"UNEX","409","Seseña.","137518723","es","UNEX","NEX:UNEX:02896-1","Collection","Herniaria fruticosa L.","e7fed358-fb6b-4afd-be39-fe6eb7cdd167","90c55ab4-cea9-41e4-b47e-1e1e6010b9be","herbarium specimen",NA,NA,NA,NA,NA,NA,NA,"J.A. Devesa",NA,NA,NA,NA,NA,NA,NA,NA,NA,NA,NA,NA,NA,NA,NA,NA,NA,NA,"Herniaria fruticosa L.",NA,NA,NA,NA,NA,NA,NA,NA,NA,NA,NA,NA,NA,NA,NA,NA,NA,NA,NA,NA,NA,NA,NA,NA,"Datos de Georreferenciación obtenidos de la Red",NA,NA,NA,NA,NA,NA,NA,NA
"204429464","Herniaria fruticosa L.",42.580002,-2.21,"cdc,cdround,gass84,cdpi,colmafu,inmafu","8354ecee-f762-11e1-a439-00145eb45e9a","823818f6-0696-4e29-bc4c-b6f3817535a7","2a3f6a56-7591-4f05-8c4c-a1bb77aa4ea6","6c4a0bb0-2a4d-11d8-aa2d-b8a03c50a862","ES","EML","2026-05-05T12:27:20.579+00:00","2026-05-05T12:28:56.702+00:00",360,"PRESERVED_SPECIMEN",NA,"PRESENT",7769858,6,7707728,220,422,2518,3085796,7769858,7769858,"Herniaria fruticosa L.","Plantae","Tracheophyta","Caryophyllales","Caryophyllaceae","Herniaria","Herniaria fruticosa","Herniaria","fruticosa","SPECIES","ACCEPTED",NA,450,NA,"EUROPE","Na",1981,5,26,"1981-05-26",146,146,NA,"2026-05-05T12:28:56.702+00:00","http://creativecommons.org/licenses/by/4.0/legalcode",FALSE,"204429464","none","none",FALSE,NA,NA,"Puy Isaba","none","WGS84","Magnoliopsida","ES","none","none","EUROPE","Spain","EUROPE",NA,"50802-1",NA,NA,"ARAN","360","Los Arcos. Los Arcos","204429464",NA,"Aran","204429464",NA,"Herniaria fruticosa L.","569d6220-c713-4af6-8b51-d6cb154c341e","68ae2c1d-9bd3-4cdf-8a2d-3a510de14c38",NA,"ARAN",NA,NA,NA,NA,NA,NA,NA,NA,NA,NA,NA,NA,NA,NA,NA,NA,NA,NA,NA,NA,NA,NA,NA,NA,NA,NA,NA,NA,NA,NA,NA,NA,NA,NA,NA,NA,NA,NA,NA,NA,NA,NA,NA,NA,NA,NA,NA,NA,NA,NA,NA,NA,NA,NA,NA,NA,NA,NA,NA
"895271418","Herniaria fruticosa L.",41.02,-0.2,"cdc,gass84,colmafu,inmafu","834a4794-f762-11e1-a439-00145eb45e9a","8209258a-80e8-4094-aba2-a3febe5ed45b","2a3f6a56-7591-4f05-8c4c-a1bb77aa4ea6","6c4a0bb0-2a4d-11d8-aa2d-b8a03c50a862","ES","EML","2026-04-18T01:37:24.691+00:00","2026-04-24T10:27:26.252+00:00",375,"PRESERVED_SPECIMEN",NA,"PRESENT",7769858,6,7707728,220,422,2518,3085796,7769858,7769858,"Herniaria fruticosa L.","Plantae","Tracheophyta","Caryophyllales","Caryophyllaceae","Herniaria","Herniaria fruticosa","Herniaria","fruticosa","SPECIES","ACCEPTED",7071,NA,NA,"EUROPE","Teruel",1981,5,NA,"1981-05",NA,NA,"2025-11-03T14:20:45.000+00:00","2026-04-24T10:27:26.252+00:00","http://creativecommons.org/licenses/by-nc/4.0/legalcode",FALSE,"1EF6A6F6-5963-445B-9A3A-5589979E2F30","none","none",FALSE,NA,"Colección de plantas vasculares del herbario de la Universitat de València (VAL)","A. Aguilella","none","WGS84","Magnoliopsida","ES","none","none","EUROPE","Spain","EUROPE","1EF6A6F6-5963-445B-9A3A-5589979E2F30","722-1","https://www.gbif.org/publisher/8209258a-80e8-4094-aba2-a3febe5ed45b",NA,"VAL","391","Castelserás","895271418","es","VAL","1EF6A6F6-5963-445B-9A3A-5589979E2F30","PhysicalObject","Herniaria fruticosa L.","c645b060-c130-45ee-97ab-b9fc94393523","6ceb64b5-0201-4a27-bcdb-8d62035e35d5","Pliego","VAL","In Helianthemetum squamati","00/05/1981","Castelserás (Bajo Aragón)","in collection",NA,NA,NA,NA,NA,NA,NA,NA,NA,NA,NA,NA,NA,NA,NA,NA,NA,NA,NA,NA,NA,NA,NA,NA,NA,NA,NA,NA,NA,NA,NA,NA,NA,NA,NA,NA,NA,NA,NA,NA,NA,NA,NA,NA,NA,NA,NA,NA,NA,NA,NA,NA,NA,NA,NA
"2996734164","Herniaria fruticosa L.",0,0,"cucdmis,gass84,iddativ,zerocd,colmafu,inmafu","5c9a924c-8d45-4452-8604-415a118578aa","838537fc-4aeb-4980-8b58-97fbdcd1d91a","ecb15bdf-98de-4937-84f5-4f93ee9efc73","838537fc-4aeb-4980-8b58-97fbdcd1d91a","BR","EML","2026-05-02T08:30:38.552+00:00","2026-05-02T09:03:23.471+00:00",295,"PRESERVED_SPECIMEN",NA,"PRESENT",7769858,6,7707728,220,422,2518,3085796,7769858,7769858,"Herniaria fruticosa L.","Plantae","Tracheophyta","Caryophyllales","Caryophyllaceae","Herniaria","Herniaria fruticosa","Herniaria","fruticosa","SPECIES","ACCEPTED",NA,0,0,NA,NA,1981,5,29,"1981-05-29",149,149,NA,"2026-05-02T09:03:23.471+00:00","http://creativecommons.org/licenses/by/4.0/legalcode",FALSE,"3826106","none","none",TRUE,NA,NA,"Luque, T;et al.,Luque, T.","none","WGS84","Magnoliopsida","ES","none","none","EUROPE","Spain","LATIN_AMERICA","3826106","MBM077372",NA,NA,"MBM","296",NA,"2996734164",NA,"MBM","3826106",NA,"Herniaria fruticosa L.","b745abcd-45b2-4a84-a327-9298e795dbfb","d3b42067-b567-4d47-a136-bb5d52ed32fc",NA,NA,NA,"1981-5-29",NA,NA,NA,NA,"Devesa, J.A.","s.n.",NA,NA,"4b0d8edb-7504-42c4-9349-63e86c01bf97","none",NA,NA,NA,NA,NA,NA,NA,NA,"MBM",NA,NA,NA,NA,NA,NA,"Herbário Virtual REFLORA Disponível em: http://herbariovirtualreflora.jbrj.gov.br/reflora/herbarioVirtual/ConsultaPublicoHVUC/ConsultaPublicoHVUC.do?idTestemunho=3826106",NA,NA,NA,NA,NA,NA,NA,NA,NA,NA,"MBM 77372",NA,NA,NA,NA,NA,NA,NA,NA,NA,NA,NA,NA,NA,NA,NA,NA,NA,NA,NA,NA
"3033663196","Herniaria fruticosa L.",40.1,-3.69,"cdc,gass84,mdativ,txmathi,colmano,inmafu","834f1756-f762-11e1-a439-00145eb45e9a","cb202839-87c6-456a-821c-dc5b268a200f","2a3f6a56-7591-4f05-8c4c-a1bb77aa4ea6","6c4a0bb0-2a4d-11d8-aa2d-b8a03c50a862","ES","EML","2026-04-18T01:36:55.261+00:00","2026-04-23T23:49:16.524+00:00",326,"PRESERVED_SPECIMEN",NA,"PRESENT",7769858,6,7707728,220,422,2518,3085796,7769858,7769858,"Herniaria fruticosa L.","Plantae","Tracheophyta","Caryophyllales","Caryophyllaceae","Herniaria","Herniaria fruticosa","Herniaria","fruticosa","SPECIES","ACCEPTED",7332,NA,NA,"EUROPE","Madrid",1981,5,29,"1981-05-29",149,149,NA,"2026-04-23T23:49:16.524+00:00","http://creativecommons.org/licenses/by-nc/4.0/legalcode",FALSE,"BCN 124222","none","none",FALSE,NA,"Col·lecció de Cormòfits de l'herbari BCN","Devesa Alcaraz, Juan; Luque, T. & Romero, C.","none","WGS84","Magnoliopsida","ES","none","none","EUROPE","Spain","EUROPE","BCN 124222","124222",NA,NA,"BCN","350","Madrid. Seseña","3033663196",NA,"Corm","BCN 124222",NA,"Herniaria fruticosa L.","5db0342e-533f-461c-a97e-0ec9dc79a95c",NA,NA,"BCN-Cormophyta","Yesos",NA,NA,NA,NA,NA,"Devesa Alcaraz, Juan",NA,NA,NA,NA,NA,NA,NA,NA,NA,NA,NA,NA,NA,"CRAI CeDocBiV - Universitat de Barcelona",NA,NA,NA,NA,NA,NA,NA,NA,NA,NA,"UB",NA,"Herniaria fruticosa L. subsp. fruticosa ; Herniaria fruticosa L. subsp. fruticosa","119854",NA,NA,NA,"ex BCF",NA,NA,NA,NA,NA,NA,NA,NA,NA,NA,NA,NA,NA,NA,NA,NA,NA,NA,NA,NA
"1842897368","Herniaria fruticosa L.",41.4923,-0.1517,"gass84,rdativ,inmano","838475f4-f762-11e1-a439-00145eb45e9a","6f3ccc65-0a54-4e65-ae7e-13b92d618e7c","2a3f6a56-7591-4f05-8c4c-a1bb77aa4ea6","6c4a0bb0-2a4d-11d8-aa2d-b8a03c50a862","ES","EML","2026-05-14T18:31:27.870+00:00","2026-05-19T13:30:13.619+00:00",396,"PRESERVED_SPECIMEN",NA,"PRESENT",7769858,6,7707728,220,422,2518,3085796,7769858,7769858,"Herniaria fruticosa L.","Plantae","Tracheophyta","Caryophyllales","Caryophyllaceae","Herniaria","Herniaria fruticosa","Herniaria","fruticosa","SPECIES","ACCEPTED",500,NA,NA,"EUROPE","Zaragoza",1981,7,4,"1981-07-04",185,185,"2017-10-19T00:00:00.000+00:00","2026-05-19T13:30:13.619+00:00","http://creativecommons.org/licenses/by-nc/4.0/legalcode",FALSE,"DF259B8B-4443-4F66-9217-B5643BDC902C","none","none",FALSE,NA,"Institut Botànic de Barcelona (CSIC-CMCNB) – BC","A. Romo","none","WGS84","Magnoliopsida","ES","none","none","EUROPE","Spain","EUROPE","DF259B8B-4443-4F66-9217-B5643BDC902C","BC-949819","6f3ccc65-0a54-4e65-ae7e-13b92d618e7c",NA,"BC","410","Bujaraloz; Bujaraloz, cercanías del Hostal del Ciervo","1842897368",NA,"BC","DF259B8B-4443-4F66-9217-B5643BDC902C",NA,"Herniaria fruticosa L.",NA,NA,"Herbarium specimen","BC",NA,"04/07/1981",NA,NA,NA,NA,"A. Romo","ROMO-s/n",NA,NA,NA,NA,NA,NA,NA,NA,NA,NA,NA,NA,NA,NA,NA,NA,NA,NA,NA,NA,NA,NA,NA,NA,NA,NA,NA,NA,NA,NA,NA,NA,"ITER 1981","Last label. Date Identified: 11-2015",NA,NA,NA,NA,NA,NA,NA,NA,NA,NA,NA,NA,NA,NA,NA,NA,NA
"3033727167","Herniaria fruticosa L.",41.51,0.34,"cdc,gass84,mdativ,txmathi,colmano,inmafu","834f1756-f762-11e1-a439-00145eb45e9a","cb202839-87c6-456a-821c-dc5b268a200f","2a3f6a56-7591-4f05-8c4c-a1bb77aa4ea6","6c4a0bb0-2a4d-11d8-aa2d-b8a03c50a862","ES","EML","2026-04-18T01:36:55.261+00:00","2026-04-23T23:48:56.620+00:00",326,"PRESERVED_SPECIMEN",NA,"PRESENT",7769858,6,7707728,220,422,2518,3085796,7769858,7769858,"Herniaria fruticosa L.","Plantae","Tracheophyta","Caryophyllales","Caryophyllaceae","Herniaria","Herniaria fruticosa","Herniaria","fruticosa","SPECIES","ACCEPTED",7315,NA,NA,"EUROPE","Osca",1980,4,26,"1980-04-26",117,117,NA,"2026-04-23T23:48:56.620+00:00","http://creativecommons.org/licenses/by-nc/4.0/legalcode",FALSE,"BCN 124217","none","none",FALSE,NA,"Col·lecció de Cormòfits de l'herbari BCN","Soriano Tomàs, Ignasi","none","WGS84","Magnoliopsida","ES","none","none","EUROPE","Spain","EUROPE","BCN 124217","124217",NA,NA,"BCN","350","Monegros - prop de Fraga","3033727167",NA,"Corm","BCN 124217",NA,"Herniaria fruticosa L.","5db0342e-533f-461c-a97e-0ec9dc79a95c",NA,NA,"BCN-Cormophyta","Brolla-espartar",NA,NA,NA,NA,NA,"Masalles Saumell, Ramon Maria & Farràs i Blas, Antoni",NA,NA,NA,NA,NA,NA,NA,NA,NA,NA,NA,NA,NA,"CRAI CeDocBiV - Universitat de Barcelona",NA,NA,NA,NA,NA,NA,NA,NA,NA,NA,"UB",NA,"Herniaria fruticosa L. subsp. fruticosa ; Herniaria fruticosa L. subsp. fruticosa","119849",NA,NA,NA,"ex BCC",NA,NA,NA,NA,NA,NA,NA,NA,NA,NA,NA,NA,NA,NA,NA,NA,NA,NA,NA,NA
"1936040067","Herniaria fruticosa L.",41.5033,0.0634,"cdc,gass84,inmano","834c9918-f762-11e1-a439-00145eb45e9a","0363cbd4-f666-455e-8e86-0bbddcf51950","2a3f6a56-7591-4f05-8c4c-a1bb77aa4ea6","6c4a0bb0-2a4d-11d8-aa2d-b8a03c50a862","ES","EML","2026-04-18T01:37:27.366+00:00","2026-04-24T05:21:11.799+00:00",423,"PRESERVED_SPECIMEN",NA,"PRESENT",7769858,6,7707728,220,422,2518,3085796,7769858,7769858,"Herniaria fruticosa L.","Plantae","Tracheophyta","Caryophyllales","Caryophyllaceae","Herniaria","Herniaria fruticosa","Herniaria","fruticosa","SPECIES","ACCEPTED",NA,NA,NA,"EUROPE","Huesca",1980,5,24,"1980-05-24",145,145,NA,"2026-04-24T05:21:11.799+00:00","http://creativecommons.org/licenses/by-nc/4.0/legalcode",FALSE,"376d5d15-20fe-11e3-9e2e-000c29035824","none","none",FALSE,"834c9918-f762-11e1-a439-00145eb45e9a",NA,"Santiago Castroviejo Bolíbar","none","WGS84","Magnoliopsida","ES","none","none","EUROPE","Spain","EUROPE","376d5d15-20fe-11e3-9e2e-000c29035824","MA-01-00252726","0363cbd4-f666-455e-8e86-0bbddcf51950",NA,"MA","429","Candasnos","1936040067","es","MA","376d5d15-20fe-11e3-9e2e-000c29035824","Collection","Herniaria fruticosa L.",NA,NA,NA,"MA","sobre margas yesíferas","24051980",NA,NA,NA,NA,NA,"1704",NA,NA,"17abcf75-2f1e-46dd-bf75-a5b21dd02655",NA,NA,NA,NA,NA,NA,NA,NA,NA,NA,NA,NA,NA,"7769858",NA,NA,NA,NA,NA,NA,"MA",NA,NA,NA,NA,NA,NA,"MA-252726-1","a9194c8e-20fe-11e3-9e2e-000c29035824",NA,"Identificación confirmada para Flora Ibérica por M. Nazeer Chaudhri 10/1987",NA,NA,NA,NA,NA,NA,NA,NA,NA,NA,NA,NA,NA,NA,NA,NA,NA
"1936032120","Herniaria fruticosa L.",39.8996,-3.6213,"cdc,gass84,txmathi,inmano","834c9918-f762-11e1-a439-00145eb45e9a","0363cbd4-f666-455e-8e86-0bbddcf51950","2a3f6a56-7591-4f05-8c4c-a1bb77aa4ea6","6c4a0bb0-2a4d-11d8-aa2d-b8a03c50a862","ES","EML","2026-04-18T01:37:27.366+00:00","2026-04-24T05:19:47.036+00:00",423,"PRESERVED_SPECIMEN",NA,"PRESENT",7769858,6,7707728,220,422,2518,3085796,7769858,7769858,"Herniaria fruticosa L.","Plantae","Tracheophyta","Caryophyllales","Caryophyllaceae","Herniaria","Herniaria fruticosa","Herniaria","fruticosa","SPECIES","ACCEPTED",NA,NA,NA,"EUROPE","Toledo",1980,6,13,"1980-06-13",165,165,NA,"2026-04-24T05:19:47.036+00:00","http://creativecommons.org/licenses/by-nc/4.0/legalcode",FALSE,"36423683-20fe-11e3-9e2e-000c29035824","none","none",FALSE,"834c9918-f762-11e1-a439-00145eb45e9a",NA,"E. Rico & J. Sánchez","none","WGS84","Magnoliopsida","ES","none","none","EUROPE","Spain","EUROPE","36423683-20fe-11e3-9e2e-000c29035824","MA-01-00236683","0363cbd4-f666-455e-8e86-0bbddcf51950",NA,"MA","429","Yepes","1936032120","es","MA","36423683-20fe-11e3-9e2e-000c29035824","Collection","Herniaria fruticosa L.",NA,NA,NA,"MA",NA,"13061980",NA,NA,NA,NA,NA,NA,NA,NA,"17abcf75-2f1e-46dd-bf75-a5b21dd02655",NA,NA,NA,NA,NA,NA,NA,NA,NA,NA,NA,NA,NA,"7769858",NA,NA,NA,NA,NA,NA,"MA",NA,NA,NA,NA,NA,NA,"MA-236683-1","a7b918da-20fe-11e3-9e2e-000c29035824",NA,"Identificación confirmada por M. N. Chaudhri para Flora Ibérica 10/1987",NA,NA,NA,NA,NA,NA,NA,NA,NA,NA,NA,NA,NA,NA,NA,NA,NA
"3033732154","Herniaria fruticosa L.",42.31,3.31,"cdc,gass84,mdativ,colmano,inmafu","834f1756-f762-11e1-a439-00145eb45e9a","cb202839-87c6-456a-821c-dc5b268a200f","2a3f6a56-7591-4f05-8c4c-a1bb77aa4ea6","6c4a0bb0-2a4d-11d8-aa2d-b8a03c50a862","ES","EML","2026-04-18T01:36:55.261+00:00","2026-04-23T23:47:43.094+00:00",326,"PRESERVED_SPECIMEN",NA,"PRESENT",7769858,6,7707728,220,422,2518,3085796,7769858,7769858,"Herniaria fruticosa L.","Plantae","Tracheophyta","Caryophyllales","Caryophyllaceae","Herniaria","Herniaria fruticosa","Herniaria","fruticosa","SPECIES","ACCEPTED",2116,NA,NA,"EUROPE","Girona",1980,6,4,"1980-06-04",156,156,NA,"2026-04-23T23:47:43.094+00:00","http://creativecommons.org/licenses/by-nc/4.0/legalcode",FALSE,"BCN 124211","none","none",FALSE,NA,"Col·lecció de Cormòfits de l'herbari BCN","Molero Briones, Julià & Rovira López, Anna Maria","none","WGS84","Magnoliopsida","ES","none","none","EUROPE","Spain","EUROPE","BCN 124211","124211",NA,NA,"BCN","350","Península del Cap de Creus, junto al faro","3033732154",NA,"Corm","BCN 124211",NA,"Herniaria fruticosa L.","5db0342e-533f-461c-a97e-0ec9dc79a95c",NA,NA,"BCN-Cormophyta","Depresiones arenosas húmedas",NA,NA,NA,NA,NA,NA,NA,NA,NA,NA,"none",NA,NA,NA,NA,NA,NA,NA,NA,"CRAI CeDocBiV - Universitat de Barcelona","Alt Empordà",NA,NA,NA,NA,NA,NA,NA,NA,NA,"UB",NA,"Herniaria fruticosa L.","119843",NA,NA,NA,"ex BCF",NA,NA,NA,NA,NA,NA,NA,NA,NA,NA,NA,NA,NA,NA,NA,NA,NA,NA,NA,NA
"4530879369","Herniaria fruticosa L.",42.316839,3.303378,"cdc,cdround,cdpi,inmano","a4b7c71e-fc73-434e-a008-d63c222179d0","7b4f2f30-a456-11d9-8049-b8a03c50a862","2a3f6a56-7591-4f05-8c4c-a1bb77aa4ea6","6c4a0bb0-2a4d-11d8-aa2d-b8a03c50a862","ES","EML","2026-04-17T15:02:28.711+00:00","2026-04-24T02:23:58.130+00:00",415,"PRESERVED_SPECIMEN",NA,"PRESENT",7769858,6,7707728,220,422,2518,3085796,7769858,7769858,"Herniaria fruticosa L.","Plantae","Tracheophyta","Caryophyllales","Caryophyllaceae","Herniaria","Herniaria fruticosa","Herniaria","fruticosa","SPECIES","ACCEPTED",NA,NA,NA,"EUROPE",NA,1980,6,14,"1980-06-14",166,166,"2024-01-08T00:00:00.000+00:00","2026-04-24T02:23:58.130+00:00","http://creativecommons.org/licenses/by-nc/4.0/legalcode",FALSE,"BDBC-C.2236.0.17699.10262","none","none",FALSE,"doi:10.15470/fzwiiu","FloraCAT: Banco de datos de los cormófitos de Cataluña","R. Massip, HGI-6545, * 3","none","WGS84","Magnoliopsida","ES","none","none","EUROPE","Spain","EUROPE","BDBC-C.2236.0.17699.10262","HGI-6545",NA,NA,"BDBC","421","CADAQUÃˆS, al cap de Creus; CADAQUÃˆS; Alt EmpordÃ ","4530879369","es","BDBC-Floracat","BDBC-C.2236.0.17699.10262","Dataset","Herniaria fruticosa L.",NA,NA,NA,NA,NA,NA,NA,NA,NA,"BDBC","R. Massip",NA,NA,NA,NA,NA,NA,NA,NA,NA,NA,NA,NA,"original","Generalitat de Catalunya","Catalonia","UTM","{""percentNN"":0.9779,""countNN"":354,""distanceNN"":0.09}","C001530","Herniaria fruticosa","C001530","Herbari de l'Universitat de Girona. (2021). Plecs Herbari HGI. Herbari de Girona",NA,NA,NA,NA,NA,NA,NA,NA,NA,NA,NA,NA,NA,NA,NA,NA,NA,NA,NA,NA,NA,NA,NA,NA,NA,NA,NA,NA,NA,NA,NA
"2960531830","Herniaria fruticosa L.",40.59,-1.05,"cdc,gass84,mdativ,txmathi,colmafu,inmafu","ceff8c75-950b-4405-a116-60247d1adacb","21936918-2ce6-4314-a15e-91f9f6735361","2a3f6a56-7591-4f05-8c4c-a1bb77aa4ea6","6c4a0bb0-2a4d-11d8-aa2d-b8a03c50a862","ES","EML","2026-05-08T11:20:57.240+00:00","2026-05-08T11:22:13.012+00:00",281,"PRESERVED_SPECIMEN",NA,"PRESENT",7769858,6,7707728,220,422,2518,3085796,7769858,7769858,"Herniaria fruticosa L.","Plantae","Tracheophyta","Caryophyllales","Caryophyllaceae","Herniaria","Herniaria fruticosa","Herniaria","fruticosa","SPECIES","ACCEPTED",7071.07,1100,0,"EUROPE","Teruel",1980,7,28,"1980-07-28",210,210,NA,"2026-05-08T11:22:13.012+00:00","http://creativecommons.org/licenses/by-nc/4.0/legalcode",FALSE,"5B9CFE88-08E4-40D4-844D-0B2FCB74F7BB","none","none",FALSE,"doi:10.15470/akznrb","Herbario de la Facultad de Ciencias Biológicas de la Universidad Complutense de Madrid (MACB)","A. Molina & E. Barreno","none","WGS84","Magnoliopsida","ES","none","none","EUROPE","Spain","EUROPE","5B9CFE88-08E4-40D4-844D-0B2FCB74F7BB","58606-1","https://www.gbif.org/publisher/21936918-2ce6-4314-a15e-91f9f6735361",NA,"MACB","281","Perales de Alfambra","2960531830","es","MACB","5B9CFE88-08E4-40D4-844D-0B2FCB74F7BB","PhysicalObject","Herniaria fruticosa L.","8ccf3bd0-c0ae-437e-9948-8cc60608f14b","7302692a-9ae7-43ed-9449-c5c5626921fc",NA,NA,"Sobre margas yesíferas","28/07/1980",NA,NA,NA,NA,"A. Molina & E. Barreno",NA,NA,"subsp.",NA,NA,NA,NA,NA,NA,NA,NA,NA,NA,NA,NA,NA,NA,NA,NA,NA,NA,NA,NA,NA,NA,NA,NA,NA,NA,NA,NA,NA,NA,NA,NA,NA,NA,NA,NA,NA,NA,NA,NA,NA,NA,NA,NA,NA,NA,NA,NA,NA
"895252869","Herniaria fruticosa L.",39.96,-1.3,"cdc,gass84,colmafu,inmafu","834a4794-f762-11e1-a439-00145eb45e9a","8209258a-80e8-4094-aba2-a3febe5ed45b","2a3f6a56-7591-4f05-8c4c-a1bb77aa4ea6","6c4a0bb0-2a4d-11d8-aa2d-b8a03c50a862","ES","EML","2026-04-18T01:37:24.691+00:00","2026-04-24T10:27:15.705+00:00",375,"PRESERVED_SPECIMEN",NA,"PRESENT",7769858,6,7707728,220,422,2518,3085796,7769858,7769858,"Herniaria fruticosa L.","Plantae","Tracheophyta","Caryophyllales","Caryophyllaceae","Herniaria","Herniaria fruticosa","Herniaria","fruticosa","SPECIES","ACCEPTED",7071,700,0,"EUROPE","Cuenca",1979,5,NA,"1979-05",NA,NA,"2025-11-03T14:20:45.000+00:00","2026-04-24T10:27:15.705+00:00","http://creativecommons.org/licenses/by-nc/4.0/legalcode",FALSE,"764C67BA-56A1-4922-BC28-0D9354AF38C4","none","none",FALSE,NA,"Colección de plantas vasculares del herbario de la Universitat de València (VAL)","G. Mateo","none","WGS84","Magnoliopsida","ES","none","none","EUROPE","Spain","EUROPE","764C67BA-56A1-4922-BC28-0D9354AF38C4","45816-1","https://www.gbif.org/publisher/8209258a-80e8-4094-aba2-a3febe5ed45b",NA,"VAL","391","Santa Cruz de Moya;","895252869","es","VAL","764C67BA-56A1-4922-BC28-0D9354AF38C4","PhysicalObject","Herniaria fruticosa L.","c645b060-c130-45ee-97ab-b9fc94393523","6ceb64b5-0201-4a27-bcdb-8d62035e35d5","Pliego","VAL","yesares","00/05/1979","Santa Cruz de Moya","in collection",NA,NA,NA,NA,NA,NA,NA,NA,NA,NA,NA,NA,NA,NA,NA,NA,NA,NA,NA,NA,NA,NA,NA,NA,"ex VAB-790064",NA,NA,NA,NA,NA,NA,NA,NA,NA,NA,NA,NA,NA,NA,NA,NA,NA,NA,NA,NA,NA,NA,NA,NA,NA,NA,NA,NA,NA,NA
"1936016300","Herniaria fruticosa L.",37.6749,-2.661,"cdc,gass84,txmathi,inmano","834c9918-f762-11e1-a439-00145eb45e9a","0363cbd4-f666-455e-8e86-0bbddcf51950","2a3f6a56-7591-4f05-8c4c-a1bb77aa4ea6","6c4a0bb0-2a4d-11d8-aa2d-b8a03c50a862","ES","EML","2026-04-18T01:37:27.366+00:00","2026-04-24T05:19:42.316+00:00",423,"PRESERVED_SPECIMEN",NA,"PRESENT",7769858,6,7707728,220,422,2518,3085796,7769858,7769858,"Herniaria fruticosa L.","Plantae","Tracheophyta","Caryophyllales","Caryophyllaceae","Herniaria","Herniaria fruticosa","Herniaria","fruticosa","SPECIES","ACCEPTED",NA,NA,NA,"EUROPE","Granada",1979,5,NA,"1979-05",NA,NA,NA,"2026-04-24T05:19:42.316+00:00","http://creativecommons.org/licenses/by-nc/4.0/legalcode",FALSE,"34e2bbc6-20fe-11e3-9e2e-000c29035824","none","none",FALSE,"834c9918-f762-11e1-a439-00145eb45e9a",NA,"Martínez Parras & M. Pita Calandre","none","WGS84","Magnoliopsida","ES","none","none","EUROPE","Spain","EUROPE","34e2bbc6-20fe-11e3-9e2e-000c29035824","MA-01-00211445","0363cbd4-f666-455e-8e86-0bbddcf51950",NA,"MA","429","Entre Huescar y Castillejar","1936016300","es","MA","34e2bbc6-20fe-11e3-9e2e-000c29035824","Collection","Herniaria fruticosa L.",NA,NA,NA,"MA","en margas yesíferas","00051979",NA,NA,NA,NA,NA,NA,NA,NA,"17abcf75-2f1e-46dd-bf75-a5b21dd02655",NA,NA,NA,NA,NA,NA,NA,NA,NA,NA,NA,NA,NA,"7769858",NA,NA,NA,NA,NA,NA,"MA",NA,NA,NA,NA,NA,NA,"MA-211445-1","a49cf6ef-20fe-11e3-9e2e-000c29035824",NA,"Identificación confirmada para Flora Iberica por M. Nazeer Chaudhri 10/1987",NA,NA,NA,NA,NA,NA,NA,NA,NA,NA,NA,NA,NA,NA,NA,NA,NA
"1936040008","Herniaria fruticosa L.",38.2657,-0.7037,"cdc,gass84,inmano","834c9918-f762-11e1-a439-00145eb45e9a","0363cbd4-f666-455e-8e86-0bbddcf51950","2a3f6a56-7591-4f05-8c4c-a1bb77aa4ea6","6c4a0bb0-2a4d-11d8-aa2d-b8a03c50a862","ES","EML","2026-04-18T01:37:27.366+00:00","2026-04-24T05:19:49.702+00:00",423,"PRESERVED_SPECIMEN",NA,"PRESENT",7769858,6,7707728,220,422,2518,3085796,7769858,7769858,"Herniaria fruticosa L.","Plantae","Tracheophyta","Caryophyllales","Caryophyllaceae","Herniaria","Herniaria fruticosa","Herniaria","fruticosa","SPECIES","ACCEPTED",NA,NA,NA,"EUROPE","Alicante",1979,5,14,"1979-05-14",134,134,NA,"2026-04-24T05:19:49.702+00:00","http://creativecommons.org/licenses/by-nc/4.0/legalcode",FALSE,"376d35f6-20fe-11e3-9e2e-000c29035824","none","none",FALSE,"834c9918-f762-11e1-a439-00145eb45e9a",NA,"E. Valdés-Bermejo & al.","none","WGS84","Magnoliopsida","ES","none","none","EUROPE","Spain","EUROPE","376d35f6-20fe-11e3-9e2e-000c29035824","MA-01-00252707","0363cbd4-f666-455e-8e86-0bbddcf51950",NA,"MA","429","Elche","1936040008","es","MA","376d35f6-20fe-11e3-9e2e-000c29035824","Collection","Herniaria fruticosa L.",NA,NA,NA,"MA","suelos margoso-yesíferos y calizos","14051979",NA,NA,NA,NA,"M. Nazeer Chaudhri",NA,NA,NA,"17abcf75-2f1e-46dd-bf75-a5b21dd02655",NA,NA,NA,NA,NA,NA,"1987-10-01T00:00:00",NA,NA,NA,NA,NA,NA,"7769858",NA,NA,NA,NA,NA,NA,"MA",NA,NA,NA,NA,NA,NA,"MA-252707-1","a91911c8-20fe-11e3-9e2e-000c29035824",NA,NA,NA,NA,NA,NA,NA,NA,NA,NA,NA,NA,NA,NA,NA,NA,NA,NA,NA
"2558254292","Herniaria fruticosa L.",38.27,-0.69,"cdc,gass84,colmafu,inmafu","834a4794-f762-11e1-a439-00145eb45e9a","8209258a-80e8-4094-aba2-a3febe5ed45b","2a3f6a56-7591-4f05-8c4c-a1bb77aa4ea6","6c4a0bb0-2a4d-11d8-aa2d-b8a03c50a862","ES","EML","2026-04-18T01:37:24.691+00:00","2026-04-24T10:27:14.087+00:00",375,"PRESERVED_SPECIMEN",NA,"PRESENT",7769858,6,7707728,220,422,2518,3085796,7769858,7769858,"Herniaria fruticosa L.","Plantae","Tracheophyta","Caryophyllales","Caryophyllaceae","Herniaria","Herniaria fruticosa","Herniaria","fruticosa","SPECIES","ACCEPTED",707,160,0,"EUROPE","Alacant",1979,5,14,"1979-05-14",134,134,"2025-11-03T14:20:45.000+00:00","2026-04-24T10:27:14.087+00:00","http://creativecommons.org/licenses/by-nc/4.0/legalcode",FALSE,"70925C85-5DFA-4197-9DE5-8C7021B9C96B","none","none",FALSE,NA,"Colección de plantas vasculares del herbario de la Universitat de València (VAL)","E. Valdés Bermejo & al.","none","WGS84","Magnoliopsida","ES","none","none","EUROPE","Spain","EUROPE","70925C85-5DFA-4197-9DE5-8C7021B9C96B","234612-1","https://www.gbif.org/publisher/8209258a-80e8-4094-aba2-a3febe5ed45b",NA,"VAL","391","Elx (Baix Vinalopó)","2558254292","es","VAL","70925C85-5DFA-4197-9DE5-8C7021B9C96B","PhysicalObject","Herniaria fruticosa L.","c645b060-c130-45ee-97ab-b9fc94393523","6ceb64b5-0201-4a27-bcdb-8d62035e35d5","Pliego","VAL","suelos margoso-yesíferos y calízos","14/05/1979","Elx (Baix Vinalopó)","in collection",NA,NA,"J. Fabado",NA,"5146EV",NA,NA,NA,NA,NA,NA,NA,NA,"2017-12-01T00:00:00",NA,NA,NA,NA,NA,NA,NA,NA,NA,NA,"ex dupla MA-800818",NA,NA,NA,NA,NA,NA,NA,NA,NA,NA,NA,NA,NA,NA,NA,NA,NA,NA,NA,NA,NA,NA,NA,NA,NA,NA,NA,NA,NA,NA
"895177491","Herniaria fruticosa L.",39.24,-1.09,"cdc,gass84,colmafu,inmafu","834a4794-f762-11e1-a439-00145eb45e9a","8209258a-80e8-4094-aba2-a3febe5ed45b","2a3f6a56-7591-4f05-8c4c-a1bb77aa4ea6","6c4a0bb0-2a4d-11d8-aa2d-b8a03c50a862","ES","EML","2026-04-18T01:37:24.691+00:00","2026-04-24T10:27:10.731+00:00",375,"PRESERVED_SPECIMEN",NA,"PRESENT",7769858,6,7707728,220,422,2518,3085796,7769858,7769858,"Herniaria fruticosa L.","Plantae","Tracheophyta","Caryophyllales","Caryophyllaceae","Herniaria","Herniaria fruticosa","Herniaria","fruticosa","SPECIES","ACCEPTED",7071,NA,NA,"EUROPE","València",1979,6,NA,"1979-06",NA,NA,"2025-11-03T14:20:45.000+00:00","2026-04-24T10:27:10.731+00:00","http://creativecommons.org/licenses/by-nc/4.0/legalcode",FALSE,"5A689C28-008F-4C09-A46B-02E2567A8BAA","none","none",FALSE,NA,"Colección de plantas vasculares del herbario de la Universitat de València (VAL)","M. Costa & al.","none","WGS84","Magnoliopsida","ES","none","none","EUROPE","Spain","EUROPE","5A689C28-008F-4C09-A46B-02E2567A8BAA","159992-1","https://www.gbif.org/publisher/8209258a-80e8-4094-aba2-a3febe5ed45b",NA,"VAL","391","Cofrentes (La Vall de Cofrentes)","895177491","es","VAL","5A689C28-008F-4C09-A46B-02E2567A8BAA","PhysicalObject","Herniaria fruticosa L.","c645b060-c130-45ee-97ab-b9fc94393523","6ceb64b5-0201-4a27-bcdb-8d62035e35d5","Pliego","VAL","matojares de Gypsophiletalia","00061979","Cofrentes (Vall de Cofrents-Aiora)","in collection",NA,NA,NA,NA,NA,NA,NA,NA,NA,NA,NA,NA,NA,NA,NA,NA,NA,NA,NA,NA,NA,NA,NA,NA,"ex VF-04484",NA,NA,NA,NA,NA,NA,NA,NA,NA,NA,NA,NA,NA,NA,NA,NA,NA,NA,NA,NA,NA,NA,NA,NA,NA,NA,NA,NA,NA,NA
"895251227","Herniaria fruticosa L.",38.6,-0.88,"cdc,gass84,colmafu,inmafu","834a4794-f762-11e1-a439-00145eb45e9a","8209258a-80e8-4094-aba2-a3febe5ed45b","2a3f6a56-7591-4f05-8c4c-a1bb77aa4ea6","6c4a0bb0-2a4d-11d8-aa2d-b8a03c50a862","ES","EML","2026-04-18T01:37:24.691+00:00","2026-04-24T10:27:19.294+00:00",375,"PRESERVED_SPECIMEN",NA,"PRESENT",7769858,6,7707728,220,422,2518,3085796,7769858,7769858,"Herniaria fruticosa L.","Plantae","Tracheophyta","Caryophyllales","Caryophyllaceae","Herniaria","Herniaria fruticosa","Herniaria","fruticosa","SPECIES","ACCEPTED",7071,600,0,"EUROPE","Alacant",1979,6,NA,"1979-06",NA,NA,"2025-11-03T14:20:45.000+00:00","2026-04-24T10:27:19.294+00:00","http://creativecommons.org/licenses/by-nc/4.0/legalcode",FALSE,"B44865D7-EF12-4F12-ADAE-D1172175E73E","none","none",FALSE,NA,"Colección de plantas vasculares del herbario de la Universitat de València (VAL)","Mansanet, Mateo","none","WGS84","Magnoliopsida","ES","none","none","EUROPE","Spain","EUROPE","B44865D7-EF12-4F12-ADAE-D1172175E73E","43407-1","https://www.gbif.org/publisher/8209258a-80e8-4094-aba2-a3febe5ed45b",NA,"VAL","391","Villena","895251227","es","VAL","B44865D7-EF12-4F12-ADAE-D1172175E73E","PhysicalObject","Herniaria fruticosa L.","c645b060-c130-45ee-97ab-b9fc94393523","6ceb64b5-0201-4a27-bcdb-8d62035e35d5","Pliego","VAL",NA,"00/06/1979","Villena (Alt Vinalopó)","in collection",NA,NA,NA,NA,NA,NA,NA,NA,NA,NA,NA,NA,NA,NA,NA,NA,NA,NA,NA,NA,NA,NA,NA,NA,"ex VAB-10455",NA,NA,NA,NA,NA,NA,NA,NA,NA,NA,NA,NA,NA,NA,NA,NA,NA,NA,NA,NA,NA,NA,NA,NA,NA,NA,NA,NA,NA,NA
"1936116051","Herniaria fruticosa L.",41.6267,-0.7445,"cdc,gass84,inmano","834c9918-f762-11e1-a439-00145eb45e9a","0363cbd4-f666-455e-8e86-0bbddcf51950","2a3f6a56-7591-4f05-8c4c-a1bb77aa4ea6","6c4a0bb0-2a4d-11d8-aa2d-b8a03c50a862","ES","EML","2026-04-18T01:37:27.366+00:00","2026-04-24T05:19:58.911+00:00",423,"PRESERVED_SPECIMEN",NA,"PRESENT",7769858,6,7707728,220,422,2518,3085796,7769858,7769858,"Herniaria fruticosa L.","Plantae","Tracheophyta","Caryophyllales","Caryophyllaceae","Herniaria","Herniaria fruticosa","Herniaria","fruticosa","SPECIES","ACCEPTED",NA,NA,NA,"EUROPE","Navarra",1979,6,25,"1979-06-25",176,176,NA,"2026-04-24T05:19:58.911+00:00","http://creativecommons.org/licenses/by-nc/4.0/legalcode",FALSE,"3f57bd53-20fe-11e3-9e2e-000c29035824","none","none",FALSE,"834c9918-f762-11e1-a439-00145eb45e9a",NA,"Castroviejo & Valdés-Bermejo","none","WGS84","Magnoliopsida","ES","none","none","EUROPE","Spain","EUROPE","3f57bd53-20fe-11e3-9e2e-000c29035824","MA-01-00349572","0363cbd4-f666-455e-8e86-0bbddcf51950",NA,"MA","429","Caparroso","1936116051","es","MA","3f57bd53-20fe-11e3-9e2e-000c29035824","Collection","Herniaria fruticosa L.",NA,NA,NA,"MA","cerros yesosos","25061979",NA,NA,NA,NA,NA,NA,NA,NA,"17abcf75-2f1e-46dd-bf75-a5b21dd02655",NA,NA,NA,NA,NA,NA,NA,NA,NA,NA,NA,NA,NA,"7769858",NA,NA,NA,NA,NA,NA,"MA",NA,NA,NA,NA,NA,NA,"MA-349572-1","b05d07e3-20fe-11e3-9e2e-000c29035824",NA,NA,NA,NA,NA,NA,NA,NA,NA,NA,NA,NA,NA,NA,NA,NA,NA,NA,NA
"895209707","Herniaria fruticosa L.",37.75,-2.58,"cdc,gass84,colmafu,inmafu","834a4794-f762-11e1-a439-00145eb45e9a","8209258a-80e8-4094-aba2-a3febe5ed45b","2a3f6a56-7591-4f05-8c4c-a1bb77aa4ea6","6c4a0bb0-2a4d-11d8-aa2d-b8a03c50a862","ES","EML","2026-04-18T01:37:24.691+00:00","2026-04-24T10:27:27.124+00:00",375,"PRESERVED_SPECIMEN",NA,"PRESENT",7769858,6,7707728,220,422,2518,3085796,7769858,7769858,"Herniaria fruticosa L.","Plantae","Tracheophyta","Caryophyllales","Caryophyllaceae","Herniaria","Herniaria fruticosa","Herniaria","fruticosa","SPECIES","ACCEPTED",100,850,0,"EUROPE","Granada",1979,7,2,"1979-07-02",183,183,"2025-11-03T14:20:45.000+00:00","2026-04-24T10:27:27.124+00:00","http://creativecommons.org/licenses/by-nc/4.0/legalcode",FALSE,"33DC7202-B430-41F8-A1F1-78EB2AAD927A","none","none",FALSE,NA,"Colección de plantas vasculares del herbario de la Universitat de València (VAL)",NA,"none","WGS84","Magnoliopsida","ES","none","none","EUROPE","Spain","EUROPE","33DC7202-B430-41F8-A1F1-78EB2AAD927A","194361-1","https://www.gbif.org/publisher/8209258a-80e8-4094-aba2-a3febe5ed45b",NA,"VAL","391","Huéscar, 7km SSW of town","895209707","es","VAL","33DC7202-B430-41F8-A1F1-78EB2AAD927A","PhysicalObject","Herniaria fruticosa L.","c645b060-c130-45ee-97ab-b9fc94393523","6ceb64b5-0201-4a27-bcdb-8d62035e35d5","Pliego","VAL","Gypsaceous soils with large selenite crystals","02071979","Huéscar","in collection",NA,NA,NA,NA,NA,NA,NA,NA,NA,NA,NA,NA,NA,NA,NA,NA,NA,NA,NA,NA,NA,NA,NA,NA,"ex VF-12560",NA,NA,NA,NA,NA,NA,NA,NA,NA,NA,NA,NA,NA,NA,NA,NA,NA,NA,NA,NA,NA,NA,NA,NA,NA,NA,NA,NA,NA,NA
"895252943","Herniaria fruticosa L.",38.6,-0.88,"cdc,gass84,colmafu,inmafu","834a4794-f762-11e1-a439-00145eb45e9a","8209258a-80e8-4094-aba2-a3febe5ed45b","2a3f6a56-7591-4f05-8c4c-a1bb77aa4ea6","6c4a0bb0-2a4d-11d8-aa2d-b8a03c50a862","ES","EML","2026-04-18T01:37:24.691+00:00","2026-04-24T10:27:30.377+00:00",375,"PRESERVED_SPECIMEN",NA,"PRESENT",7769858,6,7707728,220,422,2518,3085796,7769858,7769858,"Herniaria fruticosa L.","Plantae","Tracheophyta","Caryophyllales","Caryophyllaceae","Herniaria","Herniaria fruticosa","Herniaria","fruticosa","SPECIES","ACCEPTED",7071,600,0,"EUROPE","Alacant",1979,11,NA,"1979-11",NA,NA,"2025-11-03T14:20:45.000+00:00","2026-04-24T10:27:30.377+00:00","http://creativecommons.org/licenses/by-nc/4.0/legalcode",FALSE,"97A4EFAB-DE99-486A-B87E-0906D28F45EC","none","none",FALSE,NA,"Colección de plantas vasculares del herbario de la Universitat de València (VAL)","Mansanet, Mateo","none","WGS84","Magnoliopsida","ES","none","none","EUROPE","Spain","EUROPE","97A4EFAB-DE99-486A-B87E-0906D28F45EC","45815-1","https://www.gbif.org/publisher/8209258a-80e8-4094-aba2-a3febe5ed45b",NA,"VAL","391","Villena","895252943","es","VAL","97A4EFAB-DE99-486A-B87E-0906D28F45EC","PhysicalObject","Herniaria fruticosa L.","c645b060-c130-45ee-97ab-b9fc94393523","6ceb64b5-0201-4a27-bcdb-8d62035e35d5","Pliego","VAL","terrenos yesíferos","00/11/1979","Villena (Alt Vinalopó)","in collection",NA,NA,NA,NA,NA,NA,NA,NA,NA,NA,NA,NA,NA,NA,NA,NA,NA,NA,NA,NA,NA,NA,NA,NA,"ex VAB-790063",NA,NA,NA,NA,NA,NA,NA,NA,NA,NA,NA,NA,NA,NA,NA,NA,NA,NA,NA,NA,NA,NA,NA,NA,NA,NA,NA,NA,NA,NA
"3033662191","Herniaria fruticosa L.",42.29,3.24,"cdc,gass84,mdativ,txmathi,colmano,inmafu","834f1756-f762-11e1-a439-00145eb45e9a","cb202839-87c6-456a-821c-dc5b268a200f","2a3f6a56-7591-4f05-8c4c-a1bb77aa4ea6","6c4a0bb0-2a4d-11d8-aa2d-b8a03c50a862","ES","EML","2026-04-18T01:36:55.261+00:00","2026-04-23T23:48:33.656+00:00",326,"PRESERVED_SPECIMEN",NA,"PRESENT",7769858,6,7707728,220,422,2518,3085796,7769858,7769858,"Herniaria fruticosa L.","Plantae","Tracheophyta","Caryophyllales","Caryophyllaceae","Herniaria","Herniaria fruticosa","Herniaria","fruticosa","SPECIES","ACCEPTED",7305,NA,NA,"EUROPE","Girona",1978,8,7,"1978-08-07",219,219,NA,"2026-04-23T23:48:33.656+00:00","http://creativecommons.org/licenses/by-nc/4.0/legalcode",FALSE,"BCN 124220","none","none",FALSE,NA,"Col·lecció de Cormòfits de l'herbari BCN","Molero Briones, Julià","none","WGS84","Magnoliopsida","ES","none","none","EUROPE","Spain","EUROPE","BCN 124220","124220",NA,NA,"BCN","350","Peninsula Cap de Creus, costas maritimas","3033662191",NA,"Corm","BCN 124220",NA,"Herniaria fruticosa L.","5db0342e-533f-461c-a97e-0ec9dc79a95c",NA,NA,"BCN-Cormophyta",NA,NA,NA,NA,NA,NA,NA,NA,NA,NA,NA,NA,NA,NA,NA,NA,NA,NA,NA,NA,"CRAI CeDocBiV - Universitat de Barcelona",NA,NA,NA,NA,NA,NA,NA,NA,NA,NA,"UB",NA,"Herniaria fruticosa L. subsp. fruticosa","119852",NA,NA,NA,"ex BCF",NA,NA,NA,NA,NA,NA,NA,NA,NA,NA,NA,NA,NA,NA,NA,NA,NA,NA,NA,NA
"3033735176","Herniaria fruticosa L.",42.29,3.24,"cdc,gass84,mdativ,txmathi,colmano,inmafu","834f1756-f762-11e1-a439-00145eb45e9a","cb202839-87c6-456a-821c-dc5b268a200f","2a3f6a56-7591-4f05-8c4c-a1bb77aa4ea6","6c4a0bb0-2a4d-11d8-aa2d-b8a03c50a862","ES","EML","2026-04-18T01:36:55.261+00:00","2026-04-23T23:48:31.735+00:00",326,"PRESERVED_SPECIMEN",NA,"PRESENT",7769858,6,7707728,220,422,2518,3085796,7769858,7769858,"Herniaria fruticosa L.","Plantae","Tracheophyta","Caryophyllales","Caryophyllaceae","Herniaria","Herniaria fruticosa","Herniaria","fruticosa","SPECIES","ACCEPTED",7305,NA,NA,"EUROPE","Girona",1978,8,7,"1978-08-07",219,219,NA,"2026-04-23T23:48:31.735+00:00","http://creativecommons.org/licenses/by-nc/4.0/legalcode",FALSE,"BCN 124219","none","none",FALSE,NA,"Col·lecció de Cormòfits de l'herbari BCN","Molero Briones, Julià","none","WGS84","Magnoliopsida","ES","none","none","EUROPE","Spain","EUROPE","BCN 124219","124219",NA,NA,"BCN","350","Peninsula Cap de Creus","3033735176",NA,"Corm","BCN 124219",NA,"Herniaria fruticosa L.","5db0342e-533f-461c-a97e-0ec9dc79a95c",NA,NA,"BCN-Cormophyta",NA,NA,NA,NA,NA,NA,NA,NA,NA,NA,NA,NA,NA,NA,NA,NA,NA,NA,NA,NA,"CRAI CeDocBiV - Universitat de Barcelona",NA,NA,NA,NA,NA,NA,NA,NA,NA,NA,"UB",NA,"Herniaria fruticosa L. subsp. fruticosa","119851",NA,NA,NA,"ex BCF",NA,NA,NA,NA,NA,NA,NA,NA,NA,NA,NA,NA,NA,NA,NA,NA,NA,NA,NA,NA
"2996568671","Herniaria fruticosa L.",0,0,"cucdmis,gass84,iddativ,zerocd,colmafu,inmafu","5c9a924c-8d45-4452-8604-415a118578aa","838537fc-4aeb-4980-8b58-97fbdcd1d91a","ecb15bdf-98de-4937-84f5-4f93ee9efc73","838537fc-4aeb-4980-8b58-97fbdcd1d91a","BR","EML","2026-05-02T08:30:38.552+00:00","2026-05-02T09:03:08.989+00:00",295,"PRESERVED_SPECIMEN",NA,"PRESENT",7769858,6,7707728,220,422,2518,3085796,7769858,7769858,"Herniaria fruticosa L.","Plantae","Tracheophyta","Caryophyllales","Caryophyllaceae","Herniaria","Herniaria fruticosa","Herniaria","fruticosa","SPECIES","ACCEPTED",NA,0,0,NA,NA,1978,9,9,"1978-09-09",252,252,NA,"2026-05-02T09:03:08.989+00:00","http://creativecommons.org/licenses/by/4.0/legalcode",FALSE,"3836541","none","none",TRUE,NA,NA,"Raynal, J;et al.,Raynal, J.","none","WGS84","Magnoliopsida","ES","none","none","EUROPE","Spain","LATIN_AMERICA","3836541","MBM107626",NA,NA,"MBM","296",NA,"2996568671",NA,"MBM","3836541",NA,"Herniaria fruticosa L.","b745abcd-45b2-4a84-a327-9298e795dbfb","d3b42067-b567-4d47-a136-bb5d52ed32fc",NA,NA,NA,"1978-9-9",NA,NA,NA,NA,"Raynal, J","20876",NA,NA,"4b0d8edb-7504-42c4-9349-63e86c01bf97","none",NA,NA,NA,NA,NA,NA,NA,NA,"MBM",NA,NA,NA,NA,NA,NA,"Herbário Virtual REFLORA Disponível em: http://herbariovirtualreflora.jbrj.gov.br/reflora/herbarioVirtual/ConsultaPublicoHVUC/ConsultaPublicoHVUC.do?idTestemunho=3836541",NA,NA,NA,NA,NA,NA,NA,NA,NA,NA,"MBM 107626",NA,NA,NA,NA,NA,NA,NA,NA,NA,NA,NA,NA,NA,NA,NA,NA,NA,NA,NA,NA
"1936039549","Herniaria fruticosa L.",40.0538,-3.3764,"cdc,gass84,inmano","834c9918-f762-11e1-a439-00145eb45e9a","0363cbd4-f666-455e-8e86-0bbddcf51950","2a3f6a56-7591-4f05-8c4c-a1bb77aa4ea6","6c4a0bb0-2a4d-11d8-aa2d-b8a03c50a862","ES","EML","2026-04-18T01:37:27.366+00:00","2026-04-24T05:19:48.848+00:00",423,"PRESERVED_SPECIMEN",NA,"PRESENT",7769858,6,7707728,220,422,2518,3085796,7769858,7769858,"Herniaria fruticosa L.","Plantae","Tracheophyta","Caryophyllales","Caryophyllaceae","Herniaria","Herniaria fruticosa","Herniaria","fruticosa","SPECIES","ACCEPTED",NA,400,NA,"EUROPE","Madrid",1977,5,25,"1977-05-25",145,145,NA,"2026-04-24T05:19:48.848+00:00","http://creativecommons.org/licenses/by-nc/4.0/legalcode",FALSE,"376d63f1-20fe-11e3-9e2e-000c29035824","none","none",FALSE,"834c9918-f762-11e1-a439-00145eb45e9a",NA,"E. Valdés-Bermejo & al.","none","WGS84","Magnoliopsida","ES","none","none","EUROPE","Spain","EUROPE","376d63f1-20fe-11e3-9e2e-000c29035824","MA-01-00252729","0363cbd4-f666-455e-8e86-0bbddcf51950",NA,"MA","429","Entre Colmenar de Oreja y Villarrubia de Santiago, frente al río Tajo, exposición Sur","1936039549","es","MA","376d63f1-20fe-11e3-9e2e-000c29035824","Collection","Herniaria fruticosa L.",NA,NA,NA,"MA","suelos margoso-yesíferos","25051977",NA,NA,NA,NA,"M. Nazeer Chaudhri",NA,NA,NA,"17abcf75-2f1e-46dd-bf75-a5b21dd02655",NA,NA,NA,NA,NA,NA,"1987-10-01T00:00:00",NA,NA,NA,NA,NA,NA,"7769858",NA,NA,NA,NA,NA,NA,"MA",NA,NA,NA,NA,NA,NA,"MA-252729-1","a919570d-20fe-11e3-9e2e-000c29035824",NA,NA,NA,NA,NA,NA,NA,NA,NA,NA,NA,NA,NA,NA,NA,NA,NA,NA,NA
"1936157517","Herniaria fruticosa L.",38.2635,-1.081,"cdc,gass84,inmano","834c9918-f762-11e1-a439-00145eb45e9a","0363cbd4-f666-455e-8e86-0bbddcf51950","2a3f6a56-7591-4f05-8c4c-a1bb77aa4ea6","6c4a0bb0-2a4d-11d8-aa2d-b8a03c50a862","ES","EML","2026-04-18T01:37:27.366+00:00","2026-04-24T05:21:14.248+00:00",423,"PRESERVED_SPECIMEN",NA,"PRESENT",7769858,6,7707728,220,422,2518,3085796,7769858,7769858,"Herniaria fruticosa L.","Plantae","Tracheophyta","Caryophyllales","Caryophyllaceae","Herniaria","Herniaria fruticosa","Herniaria","fruticosa","SPECIES","ACCEPTED",NA,NA,NA,"EUROPE","Murcia",1977,5,1,"1977-05-01",121,121,NA,"2026-04-24T05:21:14.248+00:00","http://creativecommons.org/licenses/by-nc/4.0/legalcode",FALSE,"43b9aee6-20fe-11e3-9e2e-000c29035824","none","none",FALSE,"834c9918-f762-11e1-a439-00145eb45e9a",NA,"Fernández Casas, Leal, Muñoz Garmendia, Ortiz & Pu","none","WGS84","Magnoliopsida","ES","none","none","EUROPE","Spain","EUROPE","43b9aee6-20fe-11e3-9e2e-000c29035824","MA-01-00410006","0363cbd4-f666-455e-8e86-0bbddcf51950",NA,"MA","429","Abanilla: pr. Oppidulum Abanilla","1936157517","es","MA","43b9aee6-20fe-11e3-9e2e-000c29035824","Collection","Herniaria fruticosa L.",NA,NA,NA,"MA","in gypsaceis siccis","01051977",NA,NA,NA,NA,NA,"1714",NA,NA,"17abcf75-2f1e-46dd-bf75-a5b21dd02655",NA,NA,NA,NA,NA,NA,NA,NA,NA,NA,NA,NA,NA,"7769858",NA,NA,NA,NA,NA,NA,"MA",NA,NA,NA,NA,NA,NA,"MA-410006-1","b3995c18-20fe-11e3-9e2e-000c29035824",NA,NA,NA,NA,NA,NA,NA,NA,NA,NA,NA,NA,NA,NA,NA,NA,NA,NA,NA
"1936158054","Herniaria fruticosa L.",41.995,-1.9147,"cdc,gass84,inmano","834c9918-f762-11e1-a439-00145eb45e9a","0363cbd4-f666-455e-8e86-0bbddcf51950","2a3f6a56-7591-4f05-8c4c-a1bb77aa4ea6","6c4a0bb0-2a4d-11d8-aa2d-b8a03c50a862","ES","EML","2026-04-18T01:37:27.366+00:00","2026-04-24T05:20:04.058+00:00",423,"PRESERVED_SPECIMEN",NA,"PRESENT",7769858,6,7707728,220,422,2518,3085796,7769858,7769858,"Herniaria fruticosa L.","Plantae","Tracheophyta","Caryophyllales","Caryophyllaceae","Herniaria","Herniaria fruticosa","Herniaria","fruticosa","SPECIES","ACCEPTED",NA,NA,NA,"EUROPE","Navarra",1977,6,5,"1977-06-05",156,156,NA,"2026-04-24T05:20:04.058+00:00","http://creativecommons.org/licenses/by-nc/4.0/legalcode",FALSE,"43c03a1c-20fe-11e3-9e2e-000c29035824","none","none",FALSE,"834c9918-f762-11e1-a439-00145eb45e9a",NA,"Fernández Casas, García Guardia & Muñoz Garmendia","none","WGS84","Magnoliopsida","ES","none","none","EUROPE","Spain","EUROPE","43c03a1c-20fe-11e3-9e2e-000c29035824","MA-01-00410444","0363cbd4-f666-455e-8e86-0bbddcf51950",NA,"MA","429","Inter Fitero et Baños de Fitero","1936158054","es","MA","43c03a1c-20fe-11e3-9e2e-000c29035824","Collection","Herniaria fruticosa L.",NA,NA,NA,"MA","in salsuginosis","05061977",NA,NA,NA,NA,"J. Pedrol","1797",NA,NA,"17abcf75-2f1e-46dd-bf75-a5b21dd02655",NA,NA,NA,NA,NA,NA,NA,NA,NA,NA,NA,NA,NA,"7769858",NA,NA,NA,NA,NA,NA,"MA",NA,NA,NA,NA,NA,NA,"MA-410444-1","b39ee790-20fe-11e3-9e2e-000c29035824",NA,NA,NA,NA,NA,NA,NA,NA,NA,NA,NA,NA,NA,NA,NA,NA,NA,NA,NA
"1936544508","Herniaria fruticosa L.",41.2361,-0.1853,"cdc,gass84,inmano","834c9918-f762-11e1-a439-00145eb45e9a","0363cbd4-f666-455e-8e86-0bbddcf51950","2a3f6a56-7591-4f05-8c4c-a1bb77aa4ea6","6c4a0bb0-2a4d-11d8-aa2d-b8a03c50a862","ES","EML","2026-04-18T01:37:27.366+00:00","2026-04-24T05:20:26.455+00:00",423,"PRESERVED_SPECIMEN",NA,"PRESENT",7769858,6,7707728,220,422,2518,3085796,7769858,7769858,"Herniaria fruticosa L.","Plantae","Tracheophyta","Caryophyllales","Caryophyllaceae","Herniaria","Herniaria fruticosa","Herniaria","fruticosa","SPECIES","ACCEPTED",NA,NA,NA,"EUROPE","Zaragoza",1977,8,21,"1977-08-21",233,233,NA,"2026-04-24T05:20:26.455+00:00","http://creativecommons.org/licenses/by-nc/4.0/legalcode",FALSE,"5339bb58-20fe-11e3-9e2e-000c29035824","none","none",FALSE,"834c9918-f762-11e1-a439-00145eb45e9a",NA,"C. Gómez Campo","none","WGS84","Magnoliopsida","ES","none","none","EUROPE","Spain","EUROPE","5339bb58-20fe-11e3-9e2e-000c29035824","MA-01-00620097","0363cbd4-f666-455e-8e86-0bbddcf51950",NA,"MA","429","Chiprana","1936544508","es","MA","5339bb58-20fe-11e3-9e2e-000c29035824","Collection","Herniaria fruticosa L.",NA,NA,NA,"MA","Habitat: terrenos yesosos","21081977",NA,NA,NA,NA,"C. Gmz. Campo",NA,NA,NA,"17abcf75-2f1e-46dd-bf75-a5b21dd02655",NA,NA,NA,NA,NA,NA,NA,NA,NA,NA,NA,NA,NA,"7769858",NA,NA,NA,NA,NA,NA,"MA",NA,NA,NA,NA,NA,NA,"MA-620097-1","c1796d39-20fe-11e3-9e2e-000c29035824",NA,NA,NA,NA,NA,NA,NA,NA,NA,NA,NA,NA,NA,NA,NA,NA,NA,NA,NA
"3033665180","Herniaria fruticosa L.",41.76,0.77,"cdc,gass84,mdativ,colmano,inmafu","834f1756-f762-11e1-a439-00145eb45e9a","cb202839-87c6-456a-821c-dc5b268a200f","2a3f6a56-7591-4f05-8c4c-a1bb77aa4ea6","6c4a0bb0-2a4d-11d8-aa2d-b8a03c50a862","ES","EML","2026-04-18T01:36:55.261+00:00","2026-04-23T23:49:04.255+00:00",326,"PRESERVED_SPECIMEN",NA,"PRESENT",7769858,6,7707728,220,422,2518,3085796,7769858,7769858,"Herniaria fruticosa L.","Plantae","Tracheophyta","Caryophyllales","Caryophyllaceae","Herniaria","Herniaria fruticosa","Herniaria","fruticosa","SPECIES","ACCEPTED",7071,300,0,"EUROPE","Lleida",1976,3,20,"1976-03-20",80,80,NA,"2026-04-23T23:49:04.255+00:00","http://creativecommons.org/licenses/by-nc/4.0/legalcode",FALSE,"BCN 124203","none","none",TRUE,NA,"Col·lecció de Cormòfits de l'herbari BCN","Llansana Colom, Ramón","none","WGS84","Magnoliopsida","ES","none","none","EUROPE","Spain","EUROPE","BCN 124203","124203",NA,NA,"BCN","350","Prop de Balaguer","3033665180",NA,"Corm","BCN 124203",NA,"Herniaria fruticosa L.","5db0342e-533f-461c-a97e-0ec9dc79a95c",NA,NA,"BCN-Cormophyta",NA,NA,NA,NA,NA,NA,NA,NA,NA,NA,NA,NA,NA,NA,NA,NA,NA,NA,NA,NA,"CRAI CeDocBiV - Universitat de Barcelona",NA,NA,NA,NA,NA,NA,NA,NA,NA,NA,"UB",NA,"Herniaria fruticosa L.","119835",NA,NA,NA,"ex BCC",NA,NA,NA,NA,NA,NA,NA,NA,NA,NA,NA,NA,NA,NA,NA,NA,NA,NA,NA,NA
"4529468392","Herniaria fruticosa L.",41.75529,0.774746,"cdc,cdround,cdpi,inmano","a4b7c71e-fc73-434e-a008-d63c222179d0","7b4f2f30-a456-11d9-8049-b8a03c50a862","2a3f6a56-7591-4f05-8c4c-a1bb77aa4ea6","6c4a0bb0-2a4d-11d8-aa2d-b8a03c50a862","ES","EML","2026-04-17T15:02:28.711+00:00","2026-04-24T02:24:27.230+00:00",415,"PRESERVED_SPECIMEN",NA,"PRESENT",7769858,6,7707728,220,422,2518,3085796,7769858,7769858,"Herniaria fruticosa L.","Plantae","Tracheophyta","Caryophyllales","Caryophyllaceae","Herniaria","Herniaria fruticosa","Herniaria","fruticosa","SPECIES","ACCEPTED",NA,NA,NA,"EUROPE",NA,1976,3,20,"1976-03-20",80,80,"2024-01-08T00:00:00.000+00:00","2026-04-24T02:24:27.230+00:00","http://creativecommons.org/licenses/by-nc/4.0/legalcode",FALSE,"BDBC-C.6833.0.69985.19100","none","none",TRUE,"doi:10.15470/fzwiiu","FloraCAT: Banco de datos de los cormófitos de Cataluña","Llansana Colom, RamÃ³n, BCN 124203, () 3","none","WGS84","Magnoliopsida","ES","none","none","EUROPE","Spain","EUROPE","BDBC-C.6833.0.69985.19100","BCN 124203",NA,NA,"BDBC","421","Prop de Balaguer. Lleida","4529468392","es","BDBC-Floracat","BDBC-C.6833.0.69985.19100","Dataset","Herniaria fruticosa L.",NA,NA,NA,NA,NA,NA,NA,NA,NA,"BDBC","Llansana Colom, RamÃ³n",NA,NA,NA,NA,NA,NA,NA,NA,NA,NA,NA,NA,"original","Generalitat de Catalunya","Catalonia","UTM","{""percentNN"":0.9779,""countNN"":354,""distanceNN"":0.09}","C001530","Herniaria fruticosa L.","C001530","BCN (2017). Plecs Herbari BCN. CEDOCBIV",NA,NA,NA,NA,NA,NA,NA,NA,NA,NA,NA,NA,NA,NA,"300",NA,NA,NA,NA,NA,NA,NA,NA,NA,NA,NA,NA,NA,NA,NA,NA
"1936013499","Herniaria fruticosa L.",43.1039,-9.2253,"cdc,gass84,txmathi,inmano","834c9918-f762-11e1-a439-00145eb45e9a","0363cbd4-f666-455e-8e86-0bbddcf51950","2a3f6a56-7591-4f05-8c4c-a1bb77aa4ea6","6c4a0bb0-2a4d-11d8-aa2d-b8a03c50a862","ES","EML","2026-04-18T01:37:27.366+00:00","2026-04-24T05:19:42.041+00:00",423,"PRESERVED_SPECIMEN",NA,"PRESENT",7769858,6,7707728,220,422,2518,3085796,7769858,7769858,"Herniaria fruticosa L.","Plantae","Tracheophyta","Caryophyllales","Caryophyllaceae","Herniaria","Herniaria fruticosa","Herniaria","fruticosa","SPECIES","ACCEPTED",NA,NA,NA,"EUROPE","Madrid",1976,6,29,"1976-06-29",181,181,NA,"2026-04-24T05:19:42.041+00:00","http://creativecommons.org/licenses/by-nc/4.0/legalcode",FALSE,"34c26115-20fe-11e3-9e2e-000c29035824","none","none",FALSE,"834c9918-f762-11e1-a439-00145eb45e9a",NA,"Rico & Sánchez","none","WGS84","Magnoliopsida","ES","none","none","EUROPE","Spain","EUROPE","34c26115-20fe-11e3-9e2e-000c29035824","MA-01-00208709","0363cbd4-f666-455e-8e86-0bbddcf51950",NA,"MA","429","Chinchón","1936013499","es","MA","34c26115-20fe-11e3-9e2e-000c29035824","Collection","Herniaria fruticosa L.",NA,NA,NA,"MA",NA,"29061976",NA,NA,NA,NA,"M. Nazeer Chaudhri",NA,NA,NA,"17abcf75-2f1e-46dd-bf75-a5b21dd02655","none",NA,NA,NA,NA,NA,NA,NA,NA,NA,NA,NA,NA,"7769858",NA,NA,NA,NA,NA,NA,"MA",NA,NA,NA,NA,NA,NA,"MA-208709-1","a473a9c2-20fe-11e3-9e2e-000c29035824",NA,NA,NA,NA,NA,NA,NA,NA,NA,NA,NA,NA,NA,NA,NA,NA,NA,NA,NA
"1936054923","Herniaria fruticosa L.",43.1039,-9.2253,"cdc,gass84,inmano","834c9918-f762-11e1-a439-00145eb45e9a","0363cbd4-f666-455e-8e86-0bbddcf51950","2a3f6a56-7591-4f05-8c4c-a1bb77aa4ea6","6c4a0bb0-2a4d-11d8-aa2d-b8a03c50a862","ES","EML","2026-04-18T01:37:27.366+00:00","2026-04-24T05:19:52.153+00:00",423,"PRESERVED_SPECIMEN",NA,"PRESENT",7769858,6,7707728,220,422,2518,3085796,7769858,7769858,"Herniaria fruticosa L.","Plantae","Tracheophyta","Caryophyllales","Caryophyllaceae","Herniaria","Herniaria fruticosa","Herniaria","fruticosa","SPECIES","ACCEPTED",NA,NA,NA,"EUROPE","Madrid",1976,6,29,"1976-06-29",181,181,NA,"2026-04-24T05:19:52.153+00:00","http://creativecommons.org/licenses/by-nc/4.0/legalcode",FALSE,"38fbcd19-20fe-11e3-9e2e-000c29035824","none","none",FALSE,"834c9918-f762-11e1-a439-00145eb45e9a",NA,"C. Rico & J. Sánchez","none","WGS84","Magnoliopsida","ES","none","none","EUROPE","Spain","EUROPE","38fbcd19-20fe-11e3-9e2e-000c29035824","MA-01-00271869","0363cbd4-f666-455e-8e86-0bbddcf51950",NA,"MA","429","Chinchón","1936054923","es","MA","38fbcd19-20fe-11e3-9e2e-000c29035824","Collection","Herniaria fruticosa L.",NA,NA,NA,"MA",NA,"29061976",NA,NA,NA,NA,NA,NA,NA,NA,"17abcf75-2f1e-46dd-bf75-a5b21dd02655","none",NA,NA,NA,NA,NA,NA,NA,NA,NA,NA,NA,NA,"7769858",NA,NA,NA,NA,NA,NA,"MA",NA,NA,NA,NA,NA,NA,"MA-271869-1","aac2d2c5-20fe-11e3-9e2e-000c29035824",NA,"Revisado para Flora Ibérica por M. Nazeer Chaudhri 10/1987 y devuelto sin anotación",NA,NA,NA,NA,NA,NA,NA,NA,NA,NA,NA,NA,NA,NA,NA,NA,NA
"1936073946","Herniaria fruticosa subsp. erecta (Willk.) Batt.",37.9279,-0.9532,"cdc,gass84,inmano","834c9918-f762-11e1-a439-00145eb45e9a","0363cbd4-f666-455e-8e86-0bbddcf51950","2a3f6a56-7591-4f05-8c4c-a1bb77aa4ea6","6c4a0bb0-2a4d-11d8-aa2d-b8a03c50a862","ES","EML","2026-04-18T01:37:27.366+00:00","2026-04-24T05:19:55.021+00:00",423,"PRESERVED_SPECIMEN",NA,"PRESENT",7922689,6,7707728,220,422,2518,3085796,7769858,7769858,"Herniaria fruticosa L.","Plantae","Tracheophyta","Caryophyllales","Caryophyllaceae","Herniaria","Herniaria fruticosa","Herniaria","fruticosa","SUBSPECIES","SYNONYM",NA,NA,NA,"EUROPE","Alicante",1973,7,20,"1973-07-20",201,201,NA,"2026-04-24T05:19:55.021+00:00","http://creativecommons.org/licenses/by-nc/4.0/legalcode",FALSE,"3b045ba6-20fe-11e3-9e2e-000c29035824","none","none",FALSE,"834c9918-f762-11e1-a439-00145eb45e9a",NA,"Antonio Segura Zubizarreta","none","WGS84","Magnoliopsida","ES","none","none","EUROPE","Spain","EUROPE","3b045ba6-20fe-11e3-9e2e-000c29035824","MA-01-00296997","0363cbd4-f666-455e-8e86-0bbddcf51950",NA,"MA","429","Torremendo","1936073946","es","MA","3b045ba6-20fe-11e3-9e2e-000c29035824","Collection","Herniaria fruticosa subsp. erecta (Willk.) Batt.",NA,NA,NA,"MA","yesoso","20071973",NA,NA,NA,NA,NA,"5232",NA,NA,"17abcf75-2f1e-46dd-bf75-a5b21dd02655",NA,NA,NA,NA,NA,NA,NA,NA,NA,NA,NA,NA,NA,"7922689",NA,NA,NA,NA,NA,NA,"MA",NA,NA,NA,NA,NA,NA,"MA-296997-1","ac7783eb-20fe-11e3-9e2e-000c29035824",NA,NA,NA,"erecta",NA,NA,NA,NA,NA,NA,NA,NA,NA,NA,NA,NA,NA,NA,NA
"3033662190","Herniaria fruticosa L.",41.49,-0.26,"cdc,gass84,mdativ,colmano,inmafu","834f1756-f762-11e1-a439-00145eb45e9a","cb202839-87c6-456a-821c-dc5b268a200f","2a3f6a56-7591-4f05-8c4c-a1bb77aa4ea6","6c4a0bb0-2a4d-11d8-aa2d-b8a03c50a862","ES","EML","2026-04-18T01:36:55.261+00:00","2026-04-23T23:49:05.315+00:00",326,"PRESERVED_SPECIMEN",NA,"PRESENT",7769858,6,7707728,220,422,2518,3085796,7769858,7769858,"Herniaria fruticosa L.","Plantae","Tracheophyta","Caryophyllales","Caryophyllaceae","Herniaria","Herniaria fruticosa","Herniaria","fruticosa","SPECIES","ACCEPTED",825,NA,NA,"EUROPE","Saragossa",1972,1,4,"1972-01-04",4,4,NA,"2026-04-23T23:49:05.315+00:00","http://creativecommons.org/licenses/by-nc/4.0/legalcode",FALSE,"BCN 124202","none","none",FALSE,NA,"Col·lecció de Cormòfits de l'herbari BCN","Farràs i Blas, Antoni","none","WGS84","Magnoliopsida","ES","none","none","EUROPE","Spain","EUROPE","BCN 124202","124202",NA,NA,"BCN","350","Monegros, hostal el Ciervo (Bujaraloz)","3033662190",NA,"Corm","BCN 124202",NA,"Herniaria fruticosa L.","5db0342e-533f-461c-a97e-0ec9dc79a95c",NA,NA,"BCN-Cormophyta","Brolles guixenques",NA,NA,NA,NA,NA,NA,NA,NA,NA,NA,NA,NA,NA,NA,NA,NA,NA,NA,NA,"CRAI CeDocBiV - Universitat de Barcelona",NA,NA,NA,NA,NA,NA,NA,NA,NA,NA,"UB",NA,"Herniaria fruticosa L.","119834",NA,NA,NA,"ex BCC",NA,NA,NA,NA,NA,NA,NA,NA,NA,NA,NA,NA,NA,NA,NA,NA,NA,NA,NA,NA
"4529588990","Herniaria fruticosa L.",42.316839,3.303378,"cdc,cdround,cdpi,inmano","a4b7c71e-fc73-434e-a008-d63c222179d0","7b4f2f30-a456-11d9-8049-b8a03c50a862","2a3f6a56-7591-4f05-8c4c-a1bb77aa4ea6","6c4a0bb0-2a4d-11d8-aa2d-b8a03c50a862","ES","EML","2026-04-17T15:02:28.711+00:00","2026-04-24T02:23:55.667+00:00",415,"PRESERVED_SPECIMEN",NA,"PRESENT",7769858,6,7707728,220,422,2518,3085796,7769858,7769858,"Herniaria fruticosa L.","Plantae","Tracheophyta","Caryophyllales","Caryophyllaceae","Herniaria","Herniaria fruticosa","Herniaria","fruticosa","SPECIES","ACCEPTED",NA,NA,NA,"EUROPE",NA,1972,7,10,"1972-07-10",192,192,"2024-01-08T00:00:00.000+00:00","2026-04-24T02:23:55.667+00:00","http://creativecommons.org/licenses/by-nc/4.0/legalcode",FALSE,"BDBC-C.2211.0.104577.31351","none","none",FALSE,"doi:10.15470/fzwiiu","FloraCAT: Banco de datos de los cormófitos de Cataluña","BC-Cadevall-818468, (HERBARI CADEVALL) 3 HERBARI CADEVALL","none","WGS84","Magnoliopsida","ES","none","none","EUROPE","Spain","EUROPE","BDBC-C.2211.0.104577.31351","BC-Cadevall-818468",NA,NA,"BDBC","421","CadaquÃ©s [In incultis regionis litorali in CadaquÃ©s]","4529588990","es","BDBC-Floracat","BDBC-C.2211.0.104577.31351","Dataset","Herniaria fruticosa L.",NA,NA,NA,NA,NA,NA,NA,NA,NA,"BDBC",NA,NA,NA,NA,NA,NA,NA,NA,NA,NA,NA,NA,NA,"original","Generalitat de Catalunya","Catalonia","UTM","{""percentNN"":0.9779,""countNN"":354,""distanceNN"":0.09}","C001530","Herniaria fruticosa L.","C001530","Institut BotÃ nic de Barcelona. (2018). Plecs Herbari BC. Institut BotÃ nic de Barcelona",NA,NA,NA,NA,NA,NA,NA,NA,NA,NA,NA,NA,NA,NA,NA,NA,NA,NA,NA,NA,NA,NA,NA,NA,NA,NA,NA,NA,NA,NA,NA
"4529590938","Herniaria fruticosa L.",42.316839,3.303378,"cdc,cdround,cdpi,inmano","a4b7c71e-fc73-434e-a008-d63c222179d0","7b4f2f30-a456-11d9-8049-b8a03c50a862","2a3f6a56-7591-4f05-8c4c-a1bb77aa4ea6","6c4a0bb0-2a4d-11d8-aa2d-b8a03c50a862","ES","EML","2026-04-17T15:02:28.711+00:00","2026-04-24T02:24:15.611+00:00",415,"PRESERVED_SPECIMEN",NA,"PRESENT",7769858,6,7707728,220,422,2518,3085796,7769858,7769858,"Herniaria fruticosa L.","Plantae","Tracheophyta","Caryophyllales","Caryophyllaceae","Herniaria","Herniaria fruticosa","Herniaria","fruticosa","SPECIES","ACCEPTED",NA,NA,NA,"EUROPE",NA,1972,7,10,"1972-07-10",192,192,"2024-01-08T00:00:00.000+00:00","2026-04-24T02:24:15.611+00:00","http://creativecommons.org/licenses/by-nc/4.0/legalcode",FALSE,"BDBC-C.2211.0.116840.34791","none","none",FALSE,"doi:10.15470/fzwiiu","FloraCAT: Banco de datos de los cormófitos de Cataluña","TrÃ©mols, F., BC-SBB-951620, (SOCIETAS BOTANICA BARCINONENSIS) 3 SOCIETAS BOTANICA BARCINONENSIS","none","WGS84","Magnoliopsida","ES","none","none","EUROPE","Spain","EUROPE","BDBC-C.2211.0.116840.34791","BC-SBB-951620",NA,NA,"BDBC","421","CadaquÃ©s []","4529590938","es","BDBC-Floracat","BDBC-C.2211.0.116840.34791","Dataset","Herniaria fruticosa L.",NA,NA,NA,NA,NA,NA,NA,NA,NA,"BDBC","TrÃ©mols, F.",NA,NA,NA,NA,NA,NA,NA,NA,NA,NA,NA,NA,"original","Generalitat de Catalunya","Catalonia","UTM","{""percentNN"":0.9779,""countNN"":354,""distanceNN"":0.09}","C001530","Herniaria fruticosa L.","C001530","Institut BotÃ nic de Barcelona. (2018). Plecs Herbari BC. Institut BotÃ nic de Barcelona",NA,NA,NA,NA,NA,NA,NA,NA,NA,NA,NA,NA,NA,NA,NA,NA,NA,NA,NA,NA,NA,NA,NA,NA,NA,NA,NA,NA,NA,NA,NA
"1936039842","Herniaria fruticosa L.",37.9682,-1.2139,"cdc,gass84,inmano","834c9918-f762-11e1-a439-00145eb45e9a","0363cbd4-f666-455e-8e86-0bbddcf51950","2a3f6a56-7591-4f05-8c4c-a1bb77aa4ea6","6c4a0bb0-2a4d-11d8-aa2d-b8a03c50a862","ES","EML","2026-04-18T01:37:27.366+00:00","2026-04-24T05:19:49.160+00:00",423,"PRESERVED_SPECIMEN",NA,"PRESENT",7769858,6,7707728,220,422,2518,3085796,7769858,7769858,"Herniaria fruticosa L.","Plantae","Tracheophyta","Caryophyllales","Caryophyllaceae","Herniaria","Herniaria fruticosa","Herniaria","fruticosa","SPECIES","ACCEPTED",NA,NA,NA,"EUROPE","Murcia",1972,11,11,"1972-11-11",316,316,NA,"2026-04-24T05:19:49.160+00:00","http://creativecommons.org/licenses/by-nc/4.0/legalcode",FALSE,"376d4f43-20fe-11e3-9e2e-000c29035824","none","none",FALSE,"834c9918-f762-11e1-a439-00145eb45e9a",NA,"F. D. Calonge, J. Gómez & E. Valdés-Bermejo","none","WGS84","Magnoliopsida","ES","none","none","EUROPE","Spain","EUROPE","376d4f43-20fe-11e3-9e2e-000c29035824","MA-01-00252720","0363cbd4-f666-455e-8e86-0bbddcf51950",NA,"MA","429","Alcantarilla","1936039842","es","MA","376d4f43-20fe-11e3-9e2e-000c29035824","Collection","Herniaria fruticosa L.",NA,NA,NA,"MA","yesos","11111972",NA,NA,NA,NA,"M. Nazeer Chaudhri",NA,NA,NA,"17abcf75-2f1e-46dd-bf75-a5b21dd02655",NA,NA,NA,NA,NA,NA,"1987-10-01T00:00:00",NA,NA,NA,NA,NA,NA,"7769858",NA,NA,NA,NA,NA,NA,"MA",NA,NA,NA,NA,NA,NA,"MA-252720-1","a9193a2d-20fe-11e3-9e2e-000c29035824",NA,NA,NA,NA,NA,NA,NA,NA,NA,NA,NA,NA,NA,NA,NA,NA,NA,NA,NA
"3033663195","Herniaria fruticosa L.",28.05,-16.71,"cdc,gass84,mdativ,colmano,inmafu","834f1756-f762-11e1-a439-00145eb45e9a","cb202839-87c6-456a-821c-dc5b268a200f","2a3f6a56-7591-4f05-8c4c-a1bb77aa4ea6","6c4a0bb0-2a4d-11d8-aa2d-b8a03c50a862","ES","EML","2026-04-18T01:36:55.261+00:00","2026-04-23T23:48:56.155+00:00",326,"PRESERVED_SPECIMEN",NA,"PRESENT",7769858,6,7707728,220,422,2518,3085796,7769858,7769858,"Herniaria fruticosa L.","Plantae","Tracheophyta","Caryophyllales","Caryophyllaceae","Herniaria","Herniaria fruticosa","Herniaria","fruticosa","SPECIES","ACCEPTED",7468,NA,NA,"AFRICA","Santa Cruz de Tenerife",1971,4,1,"1971-04-01",91,91,NA,"2026-04-23T23:48:56.155+00:00","http://creativecommons.org/licenses/by-nc/4.0/legalcode",FALSE,"BCN 124204","none","none",FALSE,NA,"Col·lecció de Cormòfits de l'herbari BCN","Folch Guillen, Ramon; Polo & Roure","none","WGS84","Magnoliopsida","ES","none","none","EUROPE","Spain","EUROPE","BCN 124204","124204",NA,NA,"BCN","350","Los Cristianos (Tenerife)","3033663195",NA,"Corm","BCN 124204",NA,"Herniaria fruticosa L.","5db0342e-533f-461c-a97e-0ec9dc79a95c",NA,NA,"BCN-Cormophyta",NA,NA,NA,NA,NA,NA,NA,NA,NA,NA,NA,NA,NA,NA,NA,NA,NA,NA,NA,NA,"CRAI CeDocBiV - Universitat de Barcelona",NA,NA,NA,NA,NA,NA,NA,NA,NA,NA,"UB",NA,"Herniaria fruticosa L.","119836",NA,NA,NA,"ex BCC",NA,NA,NA,NA,NA,NA,NA,NA,NA,NA,NA,NA,NA,NA,NA,NA,NA,NA,NA,NA
"3033665181","Herniaria fruticosa L.",37.8,-2.54,"cdc,gass84,mdativ,txmathi,colmano,inmafu","834f1756-f762-11e1-a439-00145eb45e9a","cb202839-87c6-456a-821c-dc5b268a200f","2a3f6a56-7591-4f05-8c4c-a1bb77aa4ea6","6c4a0bb0-2a4d-11d8-aa2d-b8a03c50a862","ES","EML","2026-04-18T01:36:55.261+00:00","2026-04-23T23:49:21.039+00:00",326,"PRESERVED_SPECIMEN",NA,"PRESENT",7769858,6,7707728,220,422,2518,3085796,7769858,7769858,"Herniaria fruticosa L.","Plantae","Tracheophyta","Caryophyllales","Caryophyllaceae","Herniaria","Herniaria fruticosa","Herniaria","fruticosa","SPECIES","ACCEPTED",7200,NA,NA,"EUROPE","Granada",1971,6,27,"1971-06-27",178,178,NA,"2026-04-23T23:49:21.039+00:00","http://creativecommons.org/licenses/by-nc/4.0/legalcode",FALSE,"BCN 124221","none","none",FALSE,NA,"Col·lecció de Cormòfits de l'herbari BCN","no consta","none","WGS84","Magnoliopsida","ES","none","none","EUROPE","Spain","EUROPE","BCN 124221","124221",NA,NA,"BCN","350","Cerca de Huescar","3033665181",NA,"Corm","BCN 124221",NA,"Herniaria fruticosa L.","5db0342e-533f-461c-a97e-0ec9dc79a95c",NA,NA,"BCN-Cormophyta","margas con yeso",NA,NA,NA,NA,NA,NA,NA,NA,NA,NA,NA,NA,NA,NA,NA,NA,NA,NA,NA,"CRAI CeDocBiV - Universitat de Barcelona",NA,NA,NA,NA,NA,NA,NA,NA,NA,NA,"UB",NA,"Herniaria fruticosa L. subsp. fruticosa","119853",NA,NA,NA,"ex BCF",NA,NA,NA,NA,NA,NA,NA,NA,NA,NA,NA,NA,NA,NA,NA,NA,NA,NA,NA,NA
"1936156771","Herniaria fruticosa subsp. erecta (Willk.) Batt.",37.9682,-1.2139,"cdc,gass84,inmano","834c9918-f762-11e1-a439-00145eb45e9a","0363cbd4-f666-455e-8e86-0bbddcf51950","2a3f6a56-7591-4f05-8c4c-a1bb77aa4ea6","6c4a0bb0-2a4d-11d8-aa2d-b8a03c50a862","ES","EML","2026-04-18T01:37:27.366+00:00","2026-04-24T05:20:03.229+00:00",423,"PRESERVED_SPECIMEN",NA,"PRESENT",7922689,6,7707728,220,422,2518,3085796,7769858,7769858,"Herniaria fruticosa L.","Plantae","Tracheophyta","Caryophyllales","Caryophyllaceae","Herniaria","Herniaria fruticosa","Herniaria","fruticosa","SUBSPECIES","SYNONYM",NA,NA,NA,"EUROPE","Murcia",1971,7,13,"1971-07-13",194,194,NA,"2026-04-24T05:20:03.229+00:00","http://creativecommons.org/licenses/by-nc/4.0/legalcode",FALSE,"43a3338b-20fe-11e3-9e2e-000c29035824","none","none",FALSE,"834c9918-f762-11e1-a439-00145eb45e9a",NA,"Javier Fernández Casas","none","WGS84","Magnoliopsida","ES","none","none","EUROPE","Spain","EUROPE","43a3338b-20fe-11e3-9e2e-000c29035824","MA-01-00408293","0363cbd4-f666-455e-8e86-0bbddcf51950",NA,"MA","429","Alcantarilla","1936156771","es","MA","43a3338b-20fe-11e3-9e2e-000c29035824","Collection","Herniaria fruticosa subsp. erecta (Willk.) Batt.",NA,NA,NA,"MA",NA,"13071971",NA,NA,NA,NA,"J. Fernández Casas",NA,NA,NA,"17abcf75-2f1e-46dd-bf75-a5b21dd02655",NA,NA,NA,NA,NA,NA,NA,NA,NA,NA,NA,NA,NA,"7922689",NA,NA,NA,NA,NA,NA,"MA",NA,NA,NA,NA,NA,NA,"MA-408293-1","b384d3de-20fe-11e3-9e2e-000c29035824",NA,NA,NA,"erecta",NA,NA,NA,NA,NA,NA,NA,NA,NA,NA,NA,NA,NA,NA,NA
"1936038019","Herniaria fruticosa L.",41.2746,-1.9267,"cdc,gass84,txmathi,inmano","834c9918-f762-11e1-a439-00145eb45e9a","0363cbd4-f666-455e-8e86-0bbddcf51950","2a3f6a56-7591-4f05-8c4c-a1bb77aa4ea6","6c4a0bb0-2a4d-11d8-aa2d-b8a03c50a862","ES","EML","2026-04-18T01:37:27.366+00:00","2026-04-24T05:19:49.174+00:00",423,"PRESERVED_SPECIMEN",NA,"PRESENT",7769858,6,7707728,220,422,2518,3085796,7769858,7769858,"Herniaria fruticosa L.","Plantae","Tracheophyta","Caryophyllales","Caryophyllaceae","Herniaria","Herniaria fruticosa","Herniaria","fruticosa","SPECIES","ACCEPTED",NA,NA,NA,"EUROPE","Zaragoza",1971,10,10,"1971-10-10",283,283,NA,"2026-04-24T05:19:49.174+00:00","http://creativecommons.org/licenses/by-nc/4.0/legalcode",FALSE,"375d9c9d-20fe-11e3-9e2e-000c29035824","none","none",FALSE,"834c9918-f762-11e1-a439-00145eb45e9a",NA,"J. Fernández Casas","none","WGS84","Magnoliopsida","ES","none","none","EUROPE","Spain","EUROPE","375d9c9d-20fe-11e3-9e2e-000c29035824","MA-01-00250729","0363cbd4-f666-455e-8e86-0bbddcf51950",NA,"MA","429","Alhama de Aragón","1936038019","es","MA","375d9c9d-20fe-11e3-9e2e-000c29035824","Collection","Herniaria fruticosa L.",NA,NA,NA,"MA","in gypsaceis siccis","10101971",NA,NA,NA,NA,"M. Nazeer Chaudhri",NA,NA,NA,"17abcf75-2f1e-46dd-bf75-a5b21dd02655",NA,NA,NA,NA,NA,NA,NA,NA,NA,NA,NA,NA,NA,"7769858",NA,NA,NA,NA,NA,NA,"MA",NA,NA,NA,NA,NA,NA,"MA-250729-1","a8bc3502-20fe-11e3-9e2e-000c29035824",NA,"Revisión para Flora Ibérica",NA,NA,NA,NA,NA,NA,NA,NA,NA,NA,NA,NA,NA,NA,NA,NA,NA
"1936038029","Herniaria fruticosa L.",41.2746,-1.9267,"cdc,gass84,txmathi,inmano","834c9918-f762-11e1-a439-00145eb45e9a","0363cbd4-f666-455e-8e86-0bbddcf51950","2a3f6a56-7591-4f05-8c4c-a1bb77aa4ea6","6c4a0bb0-2a4d-11d8-aa2d-b8a03c50a862","ES","EML","2026-04-18T01:37:27.366+00:00","2026-04-24T05:21:10.269+00:00",423,"PRESERVED_SPECIMEN",NA,"PRESENT",7769858,6,7707728,220,422,2518,3085796,7769858,7769858,"Herniaria fruticosa L.","Plantae","Tracheophyta","Caryophyllales","Caryophyllaceae","Herniaria","Herniaria fruticosa","Herniaria","fruticosa","SPECIES","ACCEPTED",NA,NA,NA,"EUROPE","Zaragoza",1971,10,10,"1971-10-10",283,283,NA,"2026-04-24T05:21:10.269+00:00","http://creativecommons.org/licenses/by-nc/4.0/legalcode",FALSE,"375d9eeb-20fe-11e3-9e2e-000c29035824","none","none",FALSE,"834c9918-f762-11e1-a439-00145eb45e9a",NA,"J. Fernández Casas","none","WGS84","Magnoliopsida","ES","none","none","EUROPE","Spain","EUROPE","375d9eeb-20fe-11e3-9e2e-000c29035824","MA-01-00250730","0363cbd4-f666-455e-8e86-0bbddcf51950",NA,"MA","429","Alhama de Aragón","1936038029","es","MA","375d9eeb-20fe-11e3-9e2e-000c29035824","Collection","Herniaria fruticosa L.",NA,NA,NA,"MA","in gypsaceis siccis","10101971",NA,NA,NA,NA,"M. Nazeer Chaudhri",NA,NA,NA,"17abcf75-2f1e-46dd-bf75-a5b21dd02655",NA,NA,NA,NA,NA,NA,NA,NA,NA,NA,NA,NA,NA,"7769858",NA,NA,NA,NA,NA,NA,"MA",NA,NA,NA,NA,NA,NA,"MA-250730-1","a8bc398a-20fe-11e3-9e2e-000c29035824",NA,"Revisión para Flora Ibérica",NA,NA,NA,NA,NA,NA,NA,NA,NA,NA,NA,NA,NA,NA,NA,NA,NA
"1936106212","Herniaria fruticosa L.",42.1712,-1.5606,"cdc,gass84,inmano","834c9918-f762-11e1-a439-00145eb45e9a","0363cbd4-f666-455e-8e86-0bbddcf51950","2a3f6a56-7591-4f05-8c4c-a1bb77aa4ea6","6c4a0bb0-2a4d-11d8-aa2d-b8a03c50a862","ES","EML","2026-04-18T01:37:27.366+00:00","2026-04-24T05:21:12.497+00:00",423,"PRESERVED_SPECIMEN",NA,"PRESENT",7769858,6,7707728,220,422,2518,3085796,7769858,7769858,"Herniaria fruticosa L.","Plantae","Tracheophyta","Caryophyllales","Caryophyllaceae","Herniaria","Herniaria fruticosa","Herniaria","fruticosa","SPECIES","ACCEPTED",NA,NA,NA,"EUROPE","Navarra",1970,5,25,"1970-05-25",145,145,NA,"2026-04-24T05:21:12.497+00:00","http://creativecommons.org/licenses/by-nc/4.0/legalcode",FALSE,"3dc97553-20fe-11e3-9e2e-000c29035824","none","none",FALSE,"834c9918-f762-11e1-a439-00145eb45e9a",NA,"P. Uribe, G. Morante & J. A. Alejandre","none","WGS84","Magnoliopsida","ES","none","none","EUROPE","Spain","EUROPE","3dc97553-20fe-11e3-9e2e-000c29035824","MA-01-00337095","0363cbd4-f666-455e-8e86-0bbddcf51950",NA,"MA","429","Arguedas: Badenas.Piezarey","1936106212","es","MA","3dc97553-20fe-11e3-9e2e-000c29035824","Collection","Herniaria fruticosa L.",NA,NA,NA,"MA","romerales muy abiertos sobre suelos descarnados de arcillas y yesos","25051970",NA,NA,NA,NA,NA,NA,NA,NA,"17abcf75-2f1e-46dd-bf75-a5b21dd02655",NA,NA,NA,NA,NA,NA,NA,NA,NA,NA,NA,NA,NA,"7769858",NA,NA,NA,NA,NA,NA,"MA",NA,NA,NA,NA,NA,NA,"MA-337095-1","af5fb2c4-20fe-11e3-9e2e-000c29035824",NA,NA,NA,NA,NA,NA,NA,NA,NA,NA,NA,NA,NA,NA,NA,NA,NA,NA,NA
"30870014","Herniaria fruticosa L.",40.19,-3.67,"cdc,gass84,osiic,colmafu,inmafu","8353c5bc-f762-11e1-a439-00145eb45e9a","857b3f90-230f-474d-9559-6f740efadbba","2a3f6a56-7591-4f05-8c4c-a1bb77aa4ea6","6c4a0bb0-2a4d-11d8-aa2d-b8a03c50a862","ES","EML","2026-04-18T01:37:26.992+00:00","2026-04-24T05:11:13.006+00:00",339,"PRESERVED_SPECIMEN",1,"PRESENT",7769858,6,7707728,220,422,2518,3085796,7769858,7769858,"Herniaria fruticosa L.","Plantae","Tracheophyta","Caryophyllales","Caryophyllaceae","Herniaria","Herniaria fruticosa","Herniaria","fruticosa","SPECIES","ACCEPTED",707,NA,NA,"EUROPE","Madrid",1970,10,15,"1970-10-15",288,288,"2017-09-12T09:30:31.000+00:00","2026-04-24T05:11:13.006+00:00","http://creativecommons.org/licenses/by/4.0/legalcode",FALSE,"E528A401-FE42-45D1-817F-00BC20C88371","none","none",FALSE,NA,"ardín Botánico de Córdoba: Herbarium COA","M. Benítez","none","WGS84","Magnoliopsida","ES","none","none","EUROPE","Spain","EUROPE","E528A401-FE42-45D1-817F-00BC20C88371","14551-1",NA,NA,"COA","345","Valdemoro","30870014","es","COA","E528A401-FE42-45D1-817F-00BC20C88371","PhysicalObject","Herniaria fruticosa L.","d9c5994e-45c4-4f46-8579-50f60f174d10","54dc0fad-9516-42b4-b1e7-b43d5b7281f1",NA,"COA",NA,"15/  X /1970",NA,NA,NA,NA,"J.A. Rosselló",NA,NA,NA,NA,NA,NA,NA,NA,NA,NA,NA,NA,NA,NA,NA,NA,NA,NA,NA,NA,NA,NA,NA,NA,NA,NA,NA,NA,NA,NA,NA,NA,NA,NA,NA,NA,NA,NA,NA,NA,NA,NA,NA,NA,4480.5625870895,NA,NA,NA,NA,NA,NA,NA
"667673080","Herniaria fruticosa L.",40.35528,-1.10861,"cdc,gass84","b5cdf794-8fa4-4a85-8b26-755d087bf531","2cd829bb-b713-433d-99cf-64bef11e5b3e","86c2834b-fcd6-418d-9b32-aca45110a0fe","2cd829bb-b713-433d-99cf-64bef11e5b3e","FR","EML","2026-04-17T19:49:17.100+00:00","2026-04-24T00:50:04.385+00:00",606,"PRESERVED_SPECIMEN",NA,"PRESENT",7769858,6,7707728,220,422,2518,3085796,7769858,7769858,"Herniaria fruticosa L.","Plantae","Tracheophyta","Caryophyllales","Caryophyllaceae","Herniaria","Herniaria fruticosa","Herniaria","fruticosa","SPECIES","ACCEPTED",NA,952,NA,"EUROPE",NA,1968,6,26,"1968-06-26",178,178,"2016-03-17T11:55:28.000+00:00","2026-04-24T00:50:04.385+00:00","http://creativecommons.org/licenses/by/4.0/legalcode",FALSE,"http://coldb.mnhn.fr/catalognumber/mnhn/p/p04926733","none","none",FALSE,NA,NA,"Terré, J.","none","WGS84","Magnoliopsida","ES","none","none","EUROPE","Spain","EUROPE","http://coldb.mnhn.fr/catalognumber/mnhn/p/p04926733","P04926733","http://grbio.org/institution/museum-national-dhistoire-naturelle",NA,"MNHN","640",NA,"667673080",NA,"P","http://coldb.mnhn.fr/catalognumber/mnhn/p/p04926733",NA,"Herniaria fruticosa L.","6a6ac6c5-1b8a-48db-91a2-f8661274ff80","bc3d39fd-a7d4-4763-b951-2bdeddd8a5d2","hb",NA,NA,NA,NA,NA,NA,NA,NA,NA,NA,NA,"17abcf75-2f1e-46dd-bf75-a5b21dd02655",NA,NA,NA,NA,NA,NA,NA,NA,NA,NA,NA,NA,NA,NA,NA,NA,NA,NA,NA,NA,NA,NA,NA,NA,NA,NA,NA,NA,NA,NA,NA,NA,NA,NA,NA,NA,NA,NA,NA,NA,NA,"sortie de la ville de Teruel, route qui va rejoindre la N III à Montalban",NA,NA,NA,NA,NA,NA
"694286766","Herniaria fruticosa L.",40.35528,-1.10861,"cdc,gass84","b5cdf794-8fa4-4a85-8b26-755d087bf531","2cd829bb-b713-433d-99cf-64bef11e5b3e","86c2834b-fcd6-418d-9b32-aca45110a0fe","2cd829bb-b713-433d-99cf-64bef11e5b3e","FR","EML","2026-04-17T19:49:17.100+00:00","2026-04-24T00:45:48.136+00:00",606,"PRESERVED_SPECIMEN",NA,"PRESENT",7769858,6,7707728,220,422,2518,3085796,7769858,7769858,"Herniaria fruticosa L.","Plantae","Tracheophyta","Caryophyllales","Caryophyllaceae","Herniaria","Herniaria fruticosa","Herniaria","fruticosa","SPECIES","ACCEPTED",NA,952,NA,"EUROPE",NA,1968,6,26,"1968-06-26",178,178,"2015-09-04T23:46:44.000+00:00","2026-04-24T00:45:48.136+00:00","http://creativecommons.org/licenses/by/4.0/legalcode",FALSE,"http://coldb.mnhn.fr/catalognumber/mnhn/p/p05295061","none","none",FALSE,NA,NA,"Terré, J.","none","WGS84","Magnoliopsida","ES","none","none","EUROPE","Spain","EUROPE","http://coldb.mnhn.fr/catalognumber/mnhn/p/p05295061","P05295061","http://grbio.org/institution/museum-national-dhistoire-naturelle",NA,"MNHN","640",NA,"694286766",NA,"P","http://coldb.mnhn.fr/catalognumber/mnhn/p/p05295061",NA,"Herniaria fruticosa L.","6a6ac6c5-1b8a-48db-91a2-f8661274ff80","bc3d39fd-a7d4-4763-b951-2bdeddd8a5d2","hb",NA,NA,NA,NA,NA,NA,NA,NA,NA,NA,NA,"17abcf75-2f1e-46dd-bf75-a5b21dd02655",NA,NA,NA,NA,NA,NA,NA,NA,NA,NA,NA,NA,NA,NA,NA,NA,NA,NA,NA,NA,NA,NA,NA,NA,NA,NA,NA,NA,NA,NA,NA,NA,NA,NA,NA,NA,NA,NA,NA,NA,NA,"sortie de la ville de Teruel, route qui va rejoindre la N III à Montalban",NA,NA,NA,NA,NA,NA
"4533999311","Herniaria fruticosa L.",40.35528,-1.10861,"cdc,gass84","b5cdf794-8fa4-4a85-8b26-755d087bf531","2cd829bb-b713-433d-99cf-64bef11e5b3e","86c2834b-fcd6-418d-9b32-aca45110a0fe","2cd829bb-b713-433d-99cf-64bef11e5b3e","FR","EML","2026-04-17T19:49:17.100+00:00","2026-04-24T00:42:55.844+00:00",606,"PRESERVED_SPECIMEN",NA,"PRESENT",7769858,6,7707728,220,422,2518,3085796,7769858,7769858,"Herniaria fruticosa L.","Plantae","Tracheophyta","Caryophyllales","Caryophyllaceae","Herniaria","Herniaria fruticosa","Herniaria","fruticosa","SPECIES","ACCEPTED",NA,952,NA,"EUROPE",NA,1968,6,26,"1968-06-26",178,178,"1996-03-19T15:15:29.000+00:00","2026-04-24T00:42:55.844+00:00","http://creativecommons.org/licenses/by/4.0/legalcode",FALSE,"http://coldb.mnhn.fr/catalognumber/mnhn/p/p04027114","none","none",FALSE,NA,NA,"Terré, J.","none","WGS84","Magnoliopsida","ES","none","none","EUROPE","Spain","EUROPE","http://coldb.mnhn.fr/catalognumber/mnhn/p/p04027114","P04027114","http://grbio.org/institution/museum-national-dhistoire-naturelle",NA,"MNHN","640",NA,"4533999311",NA,"P","http://coldb.mnhn.fr/catalognumber/mnhn/p/p04027114",NA,"Herniaria fruticosa L.","6a6ac6c5-1b8a-48db-91a2-f8661274ff80","bc3d39fd-a7d4-4763-b951-2bdeddd8a5d2","hb",NA,NA,NA,NA,NA,NA,NA,NA,NA,NA,NA,"17abcf75-2f1e-46dd-bf75-a5b21dd02655",NA,NA,NA,NA,NA,NA,NA,NA,NA,NA,NA,NA,NA,NA,NA,NA,NA,NA,NA,NA,NA,NA,NA,NA,NA,NA,NA,NA,NA,NA,NA,NA,NA,NA,NA,NA,NA,NA,NA,NA,NA,"sortie de la ville de Teruel, route qui va rejoindre la N III à Montalban",NA,NA,NA,NA,NA,NA
"1935999795","Herniaria fruticosa L.",40.1063,-3.7053,"cdc,gass84,txmathi,inmano","834c9918-f762-11e1-a439-00145eb45e9a","0363cbd4-f666-455e-8e86-0bbddcf51950","2a3f6a56-7591-4f05-8c4c-a1bb77aa4ea6","6c4a0bb0-2a4d-11d8-aa2d-b8a03c50a862","ES","EML","2026-04-18T01:37:27.366+00:00","2026-04-24T05:19:40.338+00:00",423,"PRESERVED_SPECIMEN",NA,"PRESENT",7769858,6,7707728,220,422,2518,3085796,7769858,7769858,"Herniaria fruticosa L.","Plantae","Tracheophyta","Caryophyllales","Caryophyllaceae","Herniaria","Herniaria fruticosa","Herniaria","fruticosa","SPECIES","ACCEPTED",NA,NA,NA,"EUROPE","Madrid",1968,7,23,"1968-07-23",205,205,NA,"2026-04-24T05:19:40.338+00:00","http://creativecommons.org/licenses/by-nc/4.0/legalcode",FALSE,"33728d7e-20fe-11e3-9e2e-000c29035824","none","none",FALSE,"834c9918-f762-11e1-a439-00145eb45e9a",NA,"Monasterio","none","WGS84","Magnoliopsida","ES","none","none","EUROPE","Spain","EUROPE","33728d7e-20fe-11e3-9e2e-000c29035824","MA-01-00188165","0363cbd4-f666-455e-8e86-0bbddcf51950",NA,"MA","429","Valdemoro","1935999795","es","MA","33728d7e-20fe-11e3-9e2e-000c29035824","Collection","Herniaria fruticosa L.",NA,NA,NA,"MA","cerros yesosos cerca del Saladar","23071968",NA,NA,NA,NA,"M. Nazeer Chaudhri",NA,NA,NA,"17abcf75-2f1e-46dd-bf75-a5b21dd02655",NA,NA,NA,NA,NA,NA,NA,NA,NA,NA,NA,NA,NA,"7769858",NA,NA,NA,NA,NA,NA,"MA",NA,NA,NA,NA,NA,NA,"MA-188165-1","a32560a0-20fe-11e3-9e2e-000c29035824",NA,NA,NA,NA,NA,NA,NA,NA,NA,NA,NA,NA,NA,NA,NA,NA,NA,NA,NA
"1851410771","Herniaria fruticosa L.",40.16,-2.71,"cdc,gass84,mdativ,txmathi,osiic,colmafu,inmafu","7b74be32-f762-11e1-a439-00145eb45e9a","730cd32c-627f-44a8-9d93-fcfb23ade969","2a3f6a56-7591-4f05-8c4c-a1bb77aa4ea6","6c4a0bb0-2a4d-11d8-aa2d-b8a03c50a862","ES","EML","2026-04-17T20:40:41.625+00:00","2026-04-29T14:09:19.082+00:00",434,"PRESERVED_SPECIMEN",1,"PRESENT",7769858,6,7707728,220,422,2518,3085796,7769858,7769858,"Herniaria fruticosa L.","Plantae","Tracheophyta","Caryophyllales","Caryophyllaceae","Herniaria","Herniaria fruticosa","Herniaria","fruticosa","SPECIES","ACCEPTED",7071,NA,NA,"EUROPE","Cuenca",1967,6,25,"1967-06-25",176,176,NA,"2026-04-29T14:09:19.082+00:00","http://creativecommons.org/licenses/by-nc/4.0/legalcode",FALSE,"F705C178-8253-4C95-984D-00A88997D106","none","none",FALSE,"doi:10.15470/j3rugb","Colección de plantas vasculares del Herbario Jaime Andrés Rodríguez. LEB","S.Rivas Goday, Borja, Izco & Ladero","none","WGS84","Magnoliopsida","ES","none","none","EUROPE","Spain","EUROPE","F705C178-8253-4C95-984D-00A88997D106","345-1",NA,NA,"LEB","440","Huete","1851410771","ES","LEB","F705C178-8253-4C95-984D-00A88997D106","PhysicalObject","Herniaria fruticosa L.","2af539a2-4f55-473c-9ad2-9ee7b20cb63a","1ba310c1-85e9-4c21-810b-09b5da025e80","Pliego","LEB","Cerros yesíferos","25-06-1967",NA,"in collection",NA,NA,NA,NA,NA,"subsp.",NA,NA,NA,NA,NA,NA,NA,NA,NA,NA,NA,NA,NA,NA,NA,NA,NA,NA,NA,NA,NA,NA,NA,NA,NA,NA,NA,NA,NA,NA,NA,NA,NA,NA,NA,NA,NA,NA,NA,NA,NA,NA,NA,NA,NA,NA,NA,NA,NA
"1936034921","Herniaria fruticosa L.",40.1079,-2.6493,"cdc,gass84,txmathi,inmano","834c9918-f762-11e1-a439-00145eb45e9a","0363cbd4-f666-455e-8e86-0bbddcf51950","2a3f6a56-7591-4f05-8c4c-a1bb77aa4ea6","6c4a0bb0-2a4d-11d8-aa2d-b8a03c50a862","ES","EML","2026-04-18T01:37:27.366+00:00","2026-04-24T05:21:10.743+00:00",423,"PRESERVED_SPECIMEN",NA,"PRESENT",7769858,6,7707728,220,422,2518,3085796,7769858,7769858,"Herniaria fruticosa L.","Plantae","Tracheophyta","Caryophyllales","Caryophyllaceae","Herniaria","Herniaria fruticosa","Herniaria","fruticosa","SPECIES","ACCEPTED",NA,NA,NA,"EUROPE","Cuenca",1967,6,25,"1967-06-25",176,176,NA,"2026-04-24T05:21:10.743+00:00","http://creativecommons.org/licenses/by-nc/4.0/legalcode",FALSE,"37190a68-20fe-11e3-9e2e-000c29035824","none","none",FALSE,"834c9918-f762-11e1-a439-00145eb45e9a",NA,"Rivas Goday, Borja, Izco & Ladero","none","WGS84","Magnoliopsida","ES","none","none","EUROPE","Spain","EUROPE","37190a68-20fe-11e3-9e2e-000c29035824","MA-01-00243309","0363cbd4-f666-455e-8e86-0bbddcf51950",NA,"MA","429","Huete","1936034921","es","MA","37190a68-20fe-11e3-9e2e-000c29035824","Collection","Herniaria fruticosa L.",NA,NA,NA,"MA","cerros yesíferos","25061967",NA,NA,NA,NA,NA,NA,NA,NA,"17abcf75-2f1e-46dd-bf75-a5b21dd02655",NA,NA,NA,NA,NA,NA,NA,NA,NA,NA,NA,NA,NA,"7769858",NA,NA,NA,NA,NA,NA,"MA",NA,NA,NA,NA,NA,NA,"MA-243309-1","a81bc851-20fe-11e3-9e2e-000c29035824",NA,"Identificación confirmada por M. N. Chaudhri para Flora Ibérica 10/1987",NA,NA,NA,NA,NA,NA,NA,NA,NA,NA,NA,NA,NA,NA,NA,NA,NA
"3033656200","Herniaria fruticosa subsp. erecta (Willk.) Batt.",37.99,-1.28,"cdc,gass84,mdativ,colmano,inmafu","834f1756-f762-11e1-a439-00145eb45e9a","cb202839-87c6-456a-821c-dc5b268a200f","2a3f6a56-7591-4f05-8c4c-a1bb77aa4ea6","6c4a0bb0-2a4d-11d8-aa2d-b8a03c50a862","ES","EML","2026-04-18T01:36:55.261+00:00","2026-04-23T23:48:40.322+00:00",326,"PRESERVED_SPECIMEN",NA,"PRESENT",7922689,6,7707728,220,422,2518,3085796,7769858,7769858,"Herniaria fruticosa L.","Plantae","Tracheophyta","Caryophyllales","Caryophyllaceae","Herniaria","Herniaria fruticosa","Herniaria","fruticosa","SUBSPECIES","SYNONYM",6307,NA,NA,"EUROPE","Múrcia",1965,4,14,"1965-04-14",104,104,NA,"2026-04-23T23:48:40.322+00:00","http://creativecommons.org/licenses/by-nc/4.0/legalcode",FALSE,"BCN 124206","none","none",FALSE,NA,"Col·lecció de Cormòfits de l'herbari BCN","Rivas Goday, Salvador & Bellot Rodríguez, Francisco","none","WGS84","Magnoliopsida","ES","none","none","EUROPE","Spain","EUROPE","BCN 124206","124206",NA,NA,"BCN","350","Alcantarilla: carretera de Mula (Murcia)","3033656200",NA,"Corm","BCN 124206",NA,"Herniaria fruticosa subsp. erecta (Willk.) Batt.","5db0342e-533f-461c-a97e-0ec9dc79a95c",NA,NA,"BCN-Cormophyta","Yeseras",NA,NA,NA,NA,NA,"Chaudhri, M. Nazeer",NA,NA,NA,NA,NA,NA,NA,NA,NA,NA,NA,NA,NA,"CRAI CeDocBiV - Universitat de Barcelona",NA,NA,NA,NA,NA,NA,NA,NA,NA,NA,"UB",NA,"Herniaria fruticosa L. subsp. erecta (Willk.) Batt.; Herniaria fruticosa L.","119838",NA,NA,NA,"ex BCF 31026",NA,NA,NA,NA,"erecta",NA,NA,NA,NA,NA,NA,NA,NA,NA,NA,NA,NA,NA,NA,NA
"1851347790","Herniaria fruticosa L.",41.76,0.89,"cdc,gass84,mdativ,osiic,colmafu,inmafu","7b74be32-f762-11e1-a439-00145eb45e9a","730cd32c-627f-44a8-9d93-fcfb23ade969","2a3f6a56-7591-4f05-8c4c-a1bb77aa4ea6","6c4a0bb0-2a4d-11d8-aa2d-b8a03c50a862","ES","EML","2026-04-17T20:40:41.625+00:00","2026-04-29T14:08:59.937+00:00",434,"PRESERVED_SPECIMEN",1,"PRESENT",7769858,6,7707728,220,422,2518,3085796,7769858,7769858,"Herniaria fruticosa L.","Plantae","Tracheophyta","Caryophyllales","Caryophyllaceae","Herniaria","Herniaria fruticosa","Herniaria","fruticosa","SPECIES","ACCEPTED",7071,300,0,"EUROPE","Lérida",1965,6,12,"1965-06-12",163,163,NA,"2026-04-29T14:08:59.937+00:00","http://creativecommons.org/licenses/by-nc/4.0/legalcode",FALSE,"4EC44326-436D-42FC-8744-5BFCB07F6EF0","none","none",FALSE,"doi:10.15470/j3rugb","Colección de plantas vasculares del Herbario Jaime Andrés Rodríguez. LEB","J.M.Ninot","none","WGS84","Magnoliopsida","ES","none","none","EUROPE","Spain","EUROPE","4EC44326-436D-42FC-8744-5BFCB07F6EF0","50689-1",NA,NA,"LEB","440","Balaguer","1851347790","ES","LEB","4EC44326-436D-42FC-8744-5BFCB07F6EF0","PhysicalObject","Herniaria fruticosa L.","2af539a2-4f55-473c-9ad2-9ee7b20cb63a","1ba310c1-85e9-4c21-810b-09b5da025e80","Pliego","LEB","Suelo yesoso. Gypsophylion","12-06-1965",NA,"in collection",NA,NA,NA,NA,NA,NA,NA,NA,NA,NA,NA,NA,NA,NA,NA,NA,NA,NA,NA,NA,NA,NA,NA,NA,NA,NA,NA,NA,NA,NA,NA,NA,NA,NA,NA,NA,NA,NA,NA,NA,NA,NA,NA,NA,NA,NA,NA,NA,NA,NA,NA,NA,NA,NA,NA
"3033658181","Herniaria fruticosa L.",41.86,0.88,"cdc,gass84,mdativ,colmano,inmafu","834f1756-f762-11e1-a439-00145eb45e9a","cb202839-87c6-456a-821c-dc5b268a200f","2a3f6a56-7591-4f05-8c4c-a1bb77aa4ea6","6c4a0bb0-2a4d-11d8-aa2d-b8a03c50a862","ES","EML","2026-04-18T01:36:55.261+00:00","2026-04-23T23:46:54.901+00:00",326,"PRESERVED_SPECIMEN",NA,"PRESENT",7769858,6,7707728,220,422,2518,3085796,7769858,7769858,"Herniaria fruticosa L.","Plantae","Tracheophyta","Caryophyllales","Caryophyllaceae","Herniaria","Herniaria fruticosa","Herniaria","fruticosa","SPECIES","ACCEPTED",7310,NA,NA,"EUROPE","Lleida",1964,6,NA,"1964-06",NA,NA,NA,"2026-04-23T23:46:54.901+00:00","http://creativecommons.org/licenses/by-nc/4.0/legalcode",FALSE,"BCN 124209","none","none",FALSE,NA,"Col·lecció de Cormòfits de l'herbari BCN","Losa España, Taurino Mariano o Losa Quintana, José María","none","WGS84","Magnoliopsida","ES","none","none","EUROPE","Spain","EUROPE","BCN 124209","124209",NA,NA,"BCN","350","Por la parte de Camarasa","3033658181",NA,"Corm","BCN 124209",NA,"Herniaria fruticosa L.","5db0342e-533f-461c-a97e-0ec9dc79a95c",NA,NA,"BCN-Cormophyta","colinas yesosas",NA,NA,NA,NA,NA,NA,NA,NA,NA,NA,NA,NA,NA,NA,NA,NA,NA,NA,NA,"CRAI CeDocBiV - Universitat de Barcelona",NA,NA,NA,NA,NA,NA,NA,NA,NA,NA,"UB",NA,"Herniaria fruticosa L. var. recurvifolia Willk.","119841",NA,NA,NA,"ex BCF",NA,NA,NA,NA,NA,NA,NA,NA,NA,NA,NA,NA,NA,NA,NA,NA,NA,NA,NA,NA
"30870253","Herniaria fruticosa L.",40.19,-3.67,"cdc,gass84,osiic,colmafu,inmafu","8353c5bc-f762-11e1-a439-00145eb45e9a","857b3f90-230f-474d-9559-6f740efadbba","2a3f6a56-7591-4f05-8c4c-a1bb77aa4ea6","6c4a0bb0-2a4d-11d8-aa2d-b8a03c50a862","ES","EML","2026-04-18T01:37:26.992+00:00","2026-04-24T05:12:12.014+00:00",339,"PRESERVED_SPECIMEN",1,"PRESENT",7769858,6,7707728,220,422,2518,3085796,7769858,7769858,"Herniaria fruticosa L.","Plantae","Tracheophyta","Caryophyllales","Caryophyllaceae","Herniaria","Herniaria fruticosa","Herniaria","fruticosa","SPECIES","ACCEPTED",707,NA,NA,"EUROPE","Madrid",1964,10,6,"1964-10-06",280,280,"2017-09-12T09:30:31.000+00:00","2026-04-24T05:12:12.014+00:00","http://creativecommons.org/licenses/by/4.0/legalcode",FALSE,"85F10E6F-2A1A-4F47-A0FF-418A2F7DDE1F","none","none",FALSE,NA,"ardín Botánico de Córdoba: Herbarium COA","M.D. Sánchez","none","WGS84","Magnoliopsida","ES","none","none","EUROPE","Spain","EUROPE","85F10E6F-2A1A-4F47-A0FF-418A2F7DDE1F","18756-1",NA,NA,"COA","345","Valdemoro","30870253","es","COA","85F10E6F-2A1A-4F47-A0FF-418A2F7DDE1F","PhysicalObject","Herniaria fruticosa L.","d9c5994e-45c4-4f46-8579-50f60f174d10","54dc0fad-9516-42b4-b1e7-b43d5b7281f1",NA,"COA",NA,"6/  X /1964",NA,NA,NA,NA,"M.D. Sánchez",NA,NA,NA,NA,NA,NA,NA,NA,NA,NA,NA,NA,NA,NA,NA,NA,NA,NA,NA,NA,NA,NA,NA,NA,NA,NA,NA,NA,NA,NA,NA,NA,NA,NA,NA,NA,NA,NA,NA,NA,NA,NA,NA,NA,4480.5625870895,NA,NA,NA,NA,NA,NA,NA
"1936073906","Herniaria fruticosa L.",41.906,-2.0368,"cdc,gass84,txmathi,inmano","834c9918-f762-11e1-a439-00145eb45e9a","0363cbd4-f666-455e-8e86-0bbddcf51950","2a3f6a56-7591-4f05-8c4c-a1bb77aa4ea6","6c4a0bb0-2a4d-11d8-aa2d-b8a03c50a862","ES","EML","2026-04-18T01:37:27.366+00:00","2026-04-24T05:19:54.931+00:00",423,"PRESERVED_SPECIMEN",NA,"PRESENT",7769858,6,7707728,220,422,2518,3085796,7769858,7769858,"Herniaria fruticosa L.","Plantae","Tracheophyta","Caryophyllales","Caryophyllaceae","Herniaria","Herniaria fruticosa","Herniaria","fruticosa","SPECIES","ACCEPTED",NA,NA,NA,"EUROPE","Soria",1962,7,10,"1962-07-10",191,191,NA,"2026-04-24T05:19:54.931+00:00","http://creativecommons.org/licenses/by-nc/4.0/legalcode",FALSE,"3b0899d1-20fe-11e3-9e2e-000c29035824","none","none",FALSE,"834c9918-f762-11e1-a439-00145eb45e9a",NA,"Antonio Segura Zubizarreta","none","WGS84","Magnoliopsida","ES","none","none","EUROPE","Spain","EUROPE","3b0899d1-20fe-11e3-9e2e-000c29035824","MA-01-00297208","0363cbd4-f666-455e-8e86-0bbddcf51950",NA,"MA","429","San Felices","1936073906","es","MA","3b0899d1-20fe-11e3-9e2e-000c29035824","Collection","Herniaria fruticosa L.",NA,NA,NA,"MA","calizo salino","10071962",NA,NA,NA,NA,NA,"3276",NA,NA,"17abcf75-2f1e-46dd-bf75-a5b21dd02655",NA,NA,NA,NA,NA,NA,NA,NA,NA,NA,NA,NA,NA,"7769858",NA,NA,NA,NA,NA,NA,"MA",NA,NA,NA,NA,NA,NA,"MA-297208-1","ac8ceff7-20fe-11e3-9e2e-000c29035824",NA,NA,NA,NA,NA,NA,NA,NA,NA,NA,NA,NA,NA,NA,NA,NA,NA,NA,NA
"1936038623","Herniaria fruticosa L.",40.3236,-3.5074,"cdc,gass84,inmano","834c9918-f762-11e1-a439-00145eb45e9a","0363cbd4-f666-455e-8e86-0bbddcf51950","2a3f6a56-7591-4f05-8c4c-a1bb77aa4ea6","6c4a0bb0-2a4d-11d8-aa2d-b8a03c50a862","ES","EML","2026-04-18T01:37:27.366+00:00","2026-04-24T05:19:49.520+00:00",423,"PRESERVED_SPECIMEN",NA,"PRESENT",7769858,6,7707728,220,422,2518,3085796,7769858,7769858,"Herniaria fruticosa L.","Plantae","Tracheophyta","Caryophyllales","Caryophyllaceae","Herniaria","Herniaria fruticosa","Herniaria","fruticosa","SPECIES","ACCEPTED",NA,NA,NA,"EUROPE","Madrid",1959,5,25,"1959-05-25",145,145,NA,"2026-04-24T05:19:49.520+00:00","http://creativecommons.org/licenses/by-nc/4.0/legalcode",FALSE,"376d9dee-20fe-11e3-9e2e-000c29035824","none","none",FALSE,"834c9918-f762-11e1-a439-00145eb45e9a",NA,"Antonio Rodríguez","none","WGS84","Magnoliopsida","ES","none","none","EUROPE","Spain","EUROPE","376d9dee-20fe-11e3-9e2e-000c29035824","MA-01-00252759","0363cbd4-f666-455e-8e86-0bbddcf51950",NA,"MA","429","Vaciamadrid","1936038623","es","MA","376d9dee-20fe-11e3-9e2e-000c29035824","Collection","Herniaria fruticosa L.",NA,NA,NA,"MA",NA,"25051959",NA,NA,NA,NA,"M. Nazeer Chaudhri",NA,NA,NA,"17abcf75-2f1e-46dd-bf75-a5b21dd02655",NA,NA,NA,NA,NA,NA,"1987-10-01T00:00:00",NA,NA,NA,NA,NA,NA,"7769858",NA,NA,NA,NA,NA,NA,"MA",NA,NA,NA,NA,NA,NA,"MA-252759-1","a919df4e-20fe-11e3-9e2e-000c29035824",NA,NA,NA,NA,NA,NA,NA,NA,NA,NA,NA,NA,NA,NA,NA,NA,NA,NA,NA
"1936039132","Herniaria fruticosa L.",40.3236,-3.5074,"cdc,gass84,inmano","834c9918-f762-11e1-a439-00145eb45e9a","0363cbd4-f666-455e-8e86-0bbddcf51950","2a3f6a56-7591-4f05-8c4c-a1bb77aa4ea6","6c4a0bb0-2a4d-11d8-aa2d-b8a03c50a862","ES","EML","2026-04-18T01:37:27.366+00:00","2026-04-24T05:19:49.146+00:00",423,"PRESERVED_SPECIMEN",NA,"PRESENT",7769858,6,7707728,220,422,2518,3085796,7769858,7769858,"Herniaria fruticosa L.","Plantae","Tracheophyta","Caryophyllales","Caryophyllaceae","Herniaria","Herniaria fruticosa","Herniaria","fruticosa","SPECIES","ACCEPTED",NA,NA,NA,"EUROPE","Madrid",1959,5,25,"1959-05-25",145,145,NA,"2026-04-24T05:19:49.146+00:00","http://creativecommons.org/licenses/by-nc/4.0/legalcode",FALSE,"376d9a33-20fe-11e3-9e2e-000c29035824","none","none",FALSE,"834c9918-f762-11e1-a439-00145eb45e9a",NA,"Antonio Rodríguez","none","WGS84","Magnoliopsida","ES","none","none","EUROPE","Spain","EUROPE","376d9a33-20fe-11e3-9e2e-000c29035824","MA-01-00252757","0363cbd4-f666-455e-8e86-0bbddcf51950",NA,"MA","429","Vaciamadrid","1936039132","es","MA","376d9a33-20fe-11e3-9e2e-000c29035824","Collection","Herniaria fruticosa L.",NA,NA,NA,"MA",NA,"25051959",NA,NA,NA,NA,"M. Nazeer Chaudhri",NA,NA,NA,"17abcf75-2f1e-46dd-bf75-a5b21dd02655",NA,NA,NA,NA,NA,NA,"1987-10-01T00:00:00",NA,NA,NA,NA,NA,NA,"7769858",NA,NA,NA,NA,NA,NA,"MA",NA,NA,NA,NA,NA,NA,"MA-252757-1","a919d06e-20fe-11e3-9e2e-000c29035824",NA,NA,NA,NA,NA,NA,NA,NA,NA,NA,NA,NA,NA,NA,NA,NA,NA,NA,NA
"1936039171","Herniaria fruticosa L.",40.1063,-3.7053,"cdc,gass84,inmano","834c9918-f762-11e1-a439-00145eb45e9a","0363cbd4-f666-455e-8e86-0bbddcf51950","2a3f6a56-7591-4f05-8c4c-a1bb77aa4ea6","6c4a0bb0-2a4d-11d8-aa2d-b8a03c50a862","ES","EML","2026-04-18T01:37:27.366+00:00","2026-04-24T05:19:49.069+00:00",423,"PRESERVED_SPECIMEN",NA,"PRESENT",7769858,6,7707728,220,422,2518,3085796,7769858,7769858,"Herniaria fruticosa L.","Plantae","Tracheophyta","Caryophyllales","Caryophyllaceae","Herniaria","Herniaria fruticosa","Herniaria","fruticosa","SPECIES","ACCEPTED",NA,NA,NA,"EUROPE","Madrid",1957,6,11,"1957-06-11",162,162,NA,"2026-04-24T05:19:49.069+00:00","http://creativecommons.org/licenses/by-nc/4.0/legalcode",FALSE,"376db426-20fe-11e3-9e2e-000c29035824","none","none",FALSE,"834c9918-f762-11e1-a439-00145eb45e9a",NA,"Emilio Guinea","none","WGS84","Magnoliopsida","ES","none","none","EUROPE","Spain","EUROPE","376db426-20fe-11e3-9e2e-000c29035824","MA-01-00252768","0363cbd4-f666-455e-8e86-0bbddcf51950",NA,"MA","429","Valdemoro","1936039171","es","MA","376db426-20fe-11e3-9e2e-000c29035824","Collection","Herniaria fruticosa L.",NA,NA,NA,"MA",NA,"11061957",NA,NA,NA,NA,"M. Nazeer Chaudhri",NA,NA,NA,"17abcf75-2f1e-46dd-bf75-a5b21dd02655",NA,NA,NA,NA,NA,NA,"1987-10-01T00:00:00",NA,NA,NA,NA,NA,NA,"7769858",NA,NA,NA,NA,NA,NA,"MA",NA,NA,NA,NA,NA,NA,"MA-252768-1","a91a30e3-20fe-11e3-9e2e-000c29035824",NA,NA,NA,NA,NA,NA,NA,NA,NA,NA,NA,NA,NA,NA,NA,NA,NA,NA,NA
"318113420","Herniaria fruticosa var. erecta Willk.",38.6,-0.88,"cdc,gass84,osiic,colmafu,inmafu","835852b2-f762-11e1-a439-00145eb45e9a","30b36805-4849-4abb-a39c-01b3a7fa3f2e","2a3f6a56-7591-4f05-8c4c-a1bb77aa4ea6","6c4a0bb0-2a4d-11d8-aa2d-b8a03c50a862","ES","EML","2026-04-18T01:37:27.890+00:00","2026-04-24T04:49:30.260+00:00",354,"PRESERVED_SPECIMEN",1,"PRESENT",7578391,6,7707728,220,422,2518,3085796,7769858,7769858,"Herniaria fruticosa L.","Plantae","Tracheophyta","Caryophyllales","Caryophyllaceae","Herniaria","Herniaria fruticosa","Herniaria","fruticosa","VARIETY","SYNONYM",7071,500,0,"EUROPE","Alicante",1957,8,21,"1957-08-21",233,233,"2016-09-29T10:40:54.000+00:00","2026-04-24T04:49:30.260+00:00","http://creativecommons.org/licenses/by/4.0/legalcode",FALSE,"DA9EBBBA-95A3-4BED-BE3B-0025D84BE770","none","none",TRUE,NA,NA,"A.Rigual","none","WGS84","Magnoliopsida","ES","none","none","EUROPE","Spain","EUROPE","DA9EBBBA-95A3-4BED-BE3B-0025D84BE770","20404-1",NA,NA,"ABH","360","Villena; Prados de Galeno","318113420",NA,"ABH","DA9EBBBA-95A3-4BED-BE3B-0025D84BE770",NA,"Herniaria fruticosa var. erecta Willk.","8aa53465-012a-4394-bc5a-5f99beee1ce7","189e886d-b24c-4f29-8ee3-3827e567e7df",NA,"ABH",NA,"21081957",NA,NA,NA,NA,"Rev.: L.Serra & M.B.Crespo",NA,NA,NA,NA,NA,NA,NA,NA,NA,NA,NA,NA,NA,NA,NA,NA,NA,NA,NA,NA,NA,NA,NA,NA,NA,NA,NA,NA,NA,NA,NA,NA,NA,NA,NA,NA,"erecta",NA,NA,NA,NA,NA,NA,NA,NA,NA,NA,NA,NA,NA,NA,NA
"1936008549","Herniaria fruticosa L.",41.3619,-1.6622,"cdc,gass84,inmano","834c9918-f762-11e1-a439-00145eb45e9a","0363cbd4-f666-455e-8e86-0bbddcf51950","2a3f6a56-7591-4f05-8c4c-a1bb77aa4ea6","6c4a0bb0-2a4d-11d8-aa2d-b8a03c50a862","ES","EML","2026-04-18T01:37:27.366+00:00","2026-04-24T05:19:41.073+00:00",423,"PRESERVED_SPECIMEN",NA,"PRESENT",7769858,6,7707728,220,422,2518,3085796,7769858,7769858,"Herniaria fruticosa L.","Plantae","Tracheophyta","Caryophyllales","Caryophyllaceae","Herniaria","Herniaria fruticosa","Herniaria","fruticosa","SPECIES","ACCEPTED",NA,NA,NA,"EUROPE","Zaragoza",1955,9,NA,"1955-09",NA,NA,NA,"2026-04-24T05:19:41.073+00:00","http://creativecommons.org/licenses/by-nc/4.0/legalcode",FALSE,"3437a01b-20fe-11e3-9e2e-000c29035824","none","none",FALSE,"834c9918-f762-11e1-a439-00145eb45e9a",NA,"[ilegible]","none","WGS84","Magnoliopsida","ES","none","none","EUROPE","Spain","EUROPE","3437a01b-20fe-11e3-9e2e-000c29035824","MA-01-00199783","0363cbd4-f666-455e-8e86-0bbddcf51950",NA,"MA","429","Calatayud","1936008549","es","MA","3437a01b-20fe-11e3-9e2e-000c29035824","Collection","Herniaria fruticosa L.",NA,NA,NA,"MA","marnis gypseus","00091955",NA,NA,NA,NA,NA,NA,NA,NA,"17abcf75-2f1e-46dd-bf75-a5b21dd02655",NA,NA,NA,NA,NA,NA,NA,NA,NA,NA,NA,NA,NA,"7769858",NA,NA,NA,NA,NA,NA,"MA",NA,NA,NA,NA,NA,NA,"MA-199783-1","a3e0e0ff-20fe-11e3-9e2e-000c29035824",NA,"Identificación confirmada para Flora Ibérica por M. Nazeer Chaudhri 10/1987",NA,NA,NA,NA,NA,NA,NA,NA,NA,NA,NA,NA,NA,NA,NA,NA,NA
"1936128725","Herniaria fruticosa var. erecta Willk.",38.2655,-0.6923,"cdc,gass84,inmano","834c9918-f762-11e1-a439-00145eb45e9a","0363cbd4-f666-455e-8e86-0bbddcf51950","2a3f6a56-7591-4f05-8c4c-a1bb77aa4ea6","6c4a0bb0-2a4d-11d8-aa2d-b8a03c50a862","ES","EML","2026-04-18T01:37:27.366+00:00","2026-04-24T05:20:00.549+00:00",423,"PRESERVED_SPECIMEN",NA,"PRESENT",7578391,6,7707728,220,422,2518,3085796,7769858,7769858,"Herniaria fruticosa L.","Plantae","Tracheophyta","Caryophyllales","Caryophyllaceae","Herniaria","Herniaria fruticosa","Herniaria","fruticosa","VARIETY","SYNONYM",NA,NA,NA,"EUROPE","Alicante",1953,5,2,"1953-05-02",122,122,NA,"2026-04-24T05:20:00.549+00:00","http://creativecommons.org/licenses/by-nc/4.0/legalcode",FALSE,"4080367e-20fe-11e3-9e2e-000c29035824","none","none",FALSE,"834c9918-f762-11e1-a439-00145eb45e9a",NA,"Abelardo Rigual Magallón","none","WGS84","Magnoliopsida","ES","none","none","EUROPE","Spain","EUROPE","4080367e-20fe-11e3-9e2e-000c29035824","MA-01-00368310","0363cbd4-f666-455e-8e86-0bbddcf51950",NA,"MA","429","Elche","1936128725","es","MA","4080367e-20fe-11e3-9e2e-000c29035824","Collection","Herniaria fruticosa var. erecta Willk.",NA,NA,NA,"MA","En Gypsophiletalia, yesos triásicos","02051953",NA,NA,NA,NA,NA,NA,NA,NA,"17abcf75-2f1e-46dd-bf75-a5b21dd02655",NA,NA,NA,NA,NA,NA,NA,NA,NA,NA,NA,NA,NA,"7578391",NA,NA,NA,NA,NA,NA,"MA",NA,NA,NA,NA,NA,NA,"MA-368310-1","b1875fe4-20fe-11e3-9e2e-000c29035824",NA,"=H. mauritanica Murb.",NA,"erecta",NA,NA,NA,NA,NA,NA,NA,NA,NA,NA,NA,NA,NA,NA,NA
"1935900100","Herniaria fruticosa var. erecta Willk.",38.2655,-0.6923,"cdc,gass84,inmano","834c9918-f762-11e1-a439-00145eb45e9a","0363cbd4-f666-455e-8e86-0bbddcf51950","2a3f6a56-7591-4f05-8c4c-a1bb77aa4ea6","6c4a0bb0-2a4d-11d8-aa2d-b8a03c50a862","ES","EML","2026-04-18T01:37:27.366+00:00","2026-04-24T05:19:24.223+00:00",423,"PRESERVED_SPECIMEN",NA,"PRESENT",7578391,6,7707728,220,422,2518,3085796,7769858,7769858,"Herniaria fruticosa L.","Plantae","Tracheophyta","Caryophyllales","Caryophyllaceae","Herniaria","Herniaria fruticosa","Herniaria","fruticosa","VARIETY","SYNONYM",NA,NA,NA,"EUROPE","Alicante",1947,6,9,"1947-06-09",160,160,NA,"2026-04-24T05:19:24.223+00:00","http://creativecommons.org/licenses/by-nc/4.0/legalcode",FALSE,"28936d73-20fe-11e3-9e2e-000c29035824","none","none",FALSE,"834c9918-f762-11e1-a439-00145eb45e9a",NA,"Carlos Vicioso Martínez","none","WGS84","Magnoliopsida","ES","none","none","EUROPE","Spain","EUROPE","28936d73-20fe-11e3-9e2e-000c29035824","MA-01-00037845","0363cbd4-f666-455e-8e86-0bbddcf51950",NA,"MA","429","Elche","1935900100","es","MA","28936d73-20fe-11e3-9e2e-000c29035824","Collection","Herniaria fruticosa var. erecta Willk.",NA,NA,NA,"MA","in aridis","09061947",NA,NA,NA,NA,"M. Nazeer Chaudhri",NA,NA,NA,"17abcf75-2f1e-46dd-bf75-a5b21dd02655",NA,NA,NA,NA,NA,NA,NA,NA,NA,NA,NA,NA,NA,"7578391",NA,NA,NA,NA,NA,NA,"MA",NA,NA,NA,NA,NA,NA,"MA-37845-1","9861374b-20fe-11e3-9e2e-000c29035824",NA,NA,NA,"erecta",NA,NA,NA,NA,NA,NA,NA,NA,NA,NA,NA,NA,NA,NA,NA
"3033729147","Herniaria fruticosa L.",37.74,-2.54,"cdc,gass84,mdativ,colmano,inmafu","834f1756-f762-11e1-a439-00145eb45e9a","cb202839-87c6-456a-821c-dc5b268a200f","2a3f6a56-7591-4f05-8c4c-a1bb77aa4ea6","6c4a0bb0-2a4d-11d8-aa2d-b8a03c50a862","ES","EML","2026-04-18T01:36:55.261+00:00","2026-04-23T23:49:38.530+00:00",326,"PRESERVED_SPECIMEN",NA,"PRESENT",7769858,6,7707728,220,422,2518,3085796,7769858,7769858,"Herniaria fruticosa L.","Plantae","Tracheophyta","Caryophyllales","Caryophyllaceae","Herniaria","Herniaria fruticosa","Herniaria","fruticosa","SPECIES","ACCEPTED",7361,NA,NA,"EUROPE","Granada",1946,6,12,"1946-06-12",163,163,NA,"2026-04-23T23:49:38.530+00:00","http://creativecommons.org/licenses/by-nc/4.0/legalcode",FALSE,"BCN 124216","none","none",FALSE,NA,"Col·lecció de Cormòfits de l'herbari BCN","Fernández Galiano, E. & Monasterio, A.","none","WGS84","Magnoliopsida","ES","none","none","EUROPE","Spain","EUROPE","BCN 124216","124216",NA,NA,"BCN","350","Huéscar, cerros de Galera","3033729147",NA,"Corm","BCN 124216",NA,"Herniaria fruticosa L.","5db0342e-533f-461c-a97e-0ec9dc79a95c",NA,NA,"BCN-Cormophyta","En terreno yesoso",NA,NA,NA,NA,NA,NA,NA,NA,NA,NA,NA,NA,NA,NA,NA,NA,NA,NA,NA,"CRAI CeDocBiV - Universitat de Barcelona",NA,NA,NA,NA,NA,NA,NA,NA,NA,NA,"UB",NA,"Herniaria fruticosa L.","119848",NA,NA,NA,"ex BCC",NA,NA,NA,NA,NA,NA,NA,NA,NA,NA,NA,NA,NA,NA,NA,NA,NA,NA,NA,NA
"3033731140","Herniaria fruticosa L.",37.74,-2.54,"cdc,gass84,mdativ,colmano,inmafu","834f1756-f762-11e1-a439-00145eb45e9a","cb202839-87c6-456a-821c-dc5b268a200f","2a3f6a56-7591-4f05-8c4c-a1bb77aa4ea6","6c4a0bb0-2a4d-11d8-aa2d-b8a03c50a862","ES","EML","2026-04-18T01:36:55.261+00:00","2026-04-23T23:48:15.375+00:00",326,"PRESERVED_SPECIMEN",NA,"PRESENT",7769858,6,7707728,220,422,2518,3085796,7769858,7769858,"Herniaria fruticosa L.","Plantae","Tracheophyta","Caryophyllales","Caryophyllaceae","Herniaria","Herniaria fruticosa","Herniaria","fruticosa","SPECIES","ACCEPTED",7361,NA,NA,"EUROPE","Granada",1946,6,12,"1946-06-12",163,163,NA,"2026-04-23T23:48:15.375+00:00","http://creativecommons.org/licenses/by-nc/4.0/legalcode",FALSE,"BCN 124215","none","none",FALSE,NA,"Col·lecció de Cormòfits de l'herbari BCN","Fernández Galiano, E. & Monasterio, A.","none","WGS84","Magnoliopsida","ES","none","none","EUROPE","Spain","EUROPE","BCN 124215","124215",NA,NA,"BCN","350","Huéscar, cerros de Galera","3033731140",NA,"Corm","BCN 124215",NA,"Herniaria fruticosa L.","5db0342e-533f-461c-a97e-0ec9dc79a95c",NA,NA,"BCN-Cormophyta","En terreno yesoso",NA,NA,NA,NA,NA,"Chaudhri, M. Nazeer",NA,NA,NA,NA,NA,NA,NA,NA,NA,NA,NA,NA,NA,"CRAI CeDocBiV - Universitat de Barcelona",NA,NA,NA,NA,NA,NA,NA,NA,NA,NA,"UB",NA,"Herniaria fruticosa L.; Herniaria fruticosa L.","119847",NA,NA,NA,"ex BCF 31030",NA,NA,NA,NA,NA,NA,NA,NA,NA,NA,NA,NA,NA,NA,NA,NA,NA,NA,NA,NA
"895299774","Herniaria fruticosa L.",38.42,-0.77,"cdc,gass84,colmafu,inmafu","834a4794-f762-11e1-a439-00145eb45e9a","8209258a-80e8-4094-aba2-a3febe5ed45b","2a3f6a56-7591-4f05-8c4c-a1bb77aa4ea6","6c4a0bb0-2a4d-11d8-aa2d-b8a03c50a862","ES","EML","2026-04-18T01:37:24.691+00:00","2026-04-24T10:27:21.078+00:00",375,"PRESERVED_SPECIMEN",NA,"PRESENT",7769858,6,7707728,220,422,2518,3085796,7769858,7769858,"Herniaria fruticosa L.","Plantae","Tracheophyta","Caryophyllales","Caryophyllaceae","Herniaria","Herniaria fruticosa","Herniaria","fruticosa","SPECIES","ACCEPTED",7071,NA,NA,"EUROPE","Alacant",1933,4,14,"1933-04-14",104,104,"2025-11-03T14:20:45.000+00:00","2026-04-24T10:27:21.078+00:00","http://creativecommons.org/licenses/by-nc/4.0/legalcode",FALSE,"D1656B57-591C-4792-9127-15FD93E5BED2","none","none",FALSE,NA,"Colección de plantas vasculares del herbario de la Universitat de València (VAL)","C. Pau & E. Moroder","none","WGS84","Magnoliopsida","ES","none","none","EUROPE","Spain","EUROPE","D1656B57-591C-4792-9127-15FD93E5BED2","152103-1","https://www.gbif.org/publisher/8209258a-80e8-4094-aba2-a3febe5ed45b",NA,"VAL","391","Novelda","895299774","es","VAL","D1656B57-591C-4792-9127-15FD93E5BED2","PhysicalObject","Herniaria fruticosa L.","c645b060-c130-45ee-97ab-b9fc94393523","6ceb64b5-0201-4a27-bcdb-8d62035e35d5","Pliego","VAL",NA,"14041933","Novelda (Vinalopó Mitjà)","in collection",NA,NA,"G. Mateo",NA,NA,NA,NA,NA,NA,NA,NA,NA,NA,"1989-01-01T00:00:00",NA,NA,NA,NA,NA,NA,NA,NA,NA,NA,"Herbari de l'antiga Facultat de Ciències",NA,NA,NA,NA,NA,NA,NA,NA,NA,NA,NA,NA,NA,NA,NA,NA,NA,NA,NA,NA,NA,NA,NA,NA,NA,NA,NA,NA,NA,NA
"895294125","Herniaria fruticosa L.",38.42,-0.77,"cdc,gass84,colmafu,inmafu","834a4794-f762-11e1-a439-00145eb45e9a","8209258a-80e8-4094-aba2-a3febe5ed45b","2a3f6a56-7591-4f05-8c4c-a1bb77aa4ea6","6c4a0bb0-2a4d-11d8-aa2d-b8a03c50a862","ES","EML","2026-04-18T01:37:24.691+00:00","2026-04-24T10:27:31.768+00:00",375,"PRESERVED_SPECIMEN",NA,"PRESENT",7769858,6,7707728,220,422,2518,3085796,7769858,7769858,"Herniaria fruticosa L.","Plantae","Tracheophyta","Caryophyllales","Caryophyllaceae","Herniaria","Herniaria fruticosa","Herniaria","fruticosa","SPECIES","ACCEPTED",7071,NA,NA,"EUROPE","Alacant",1933,5,23,"1933-05-23",143,143,"2025-11-03T14:20:45.000+00:00","2026-04-24T10:27:31.768+00:00","http://creativecommons.org/licenses/by-nc/4.0/legalcode",FALSE,"81E5C83B-AEF6-4491-BFC2-CFC684186D71","none","none",FALSE,NA,"Colección de plantas vasculares del herbario de la Universitat de València (VAL)","C. Pau & E. Moroder","none","WGS84","Magnoliopsida","ES","none","none","EUROPE","Spain","EUROPE","81E5C83B-AEF6-4491-BFC2-CFC684186D71","152100-1","https://www.gbif.org/publisher/8209258a-80e8-4094-aba2-a3febe5ed45b",NA,"VAL","391","Novelda","895294125","es","VAL","81E5C83B-AEF6-4491-BFC2-CFC684186D71","PhysicalObject","Herniaria fruticosa L.","c645b060-c130-45ee-97ab-b9fc94393523","6ceb64b5-0201-4a27-bcdb-8d62035e35d5","Pliego","VAL",NA,"23051933","Novelda (Vinalopó Mitjà)","in collection",NA,NA,"C. Pau",NA,NA,NA,NA,NA,NA,NA,NA,NA,NA,NA,NA,NA,NA,NA,NA,NA,NA,NA,NA,NA,"Herbari de l'antiga Facultat de Ciències",NA,NA,NA,NA,NA,NA,NA,NA,NA,NA,NA,NA,NA,NA,NA,NA,NA,NA,NA,NA,NA,NA,NA,NA,NA,NA,NA,NA,NA,NA
"1936039663","Herniaria fruticosa L.",38.3762,-0.8262,"cdc,gass84,inmano","834c9918-f762-11e1-a439-00145eb45e9a","0363cbd4-f666-455e-8e86-0bbddcf51950","2a3f6a56-7591-4f05-8c4c-a1bb77aa4ea6","6c4a0bb0-2a4d-11d8-aa2d-b8a03c50a862","ES","EML","2026-04-18T01:37:27.366+00:00","2026-04-24T05:21:11.103+00:00",423,"PRESERVED_SPECIMEN",NA,"PRESENT",7769858,6,7707728,220,422,2518,3085796,7769858,7769858,"Herniaria fruticosa L.","Plantae","Tracheophyta","Caryophyllales","Caryophyllaceae","Herniaria","Herniaria fruticosa","Herniaria","fruticosa","SPECIES","ACCEPTED",NA,NA,NA,"EUROPE","Alicante",1933,5,28,"1933-05-28",148,148,NA,"2026-04-24T05:21:11.103+00:00","http://creativecommons.org/licenses/by-nc/4.0/legalcode",FALSE,"376d7cd8-20fe-11e3-9e2e-000c29035824","none","none",FALSE,"834c9918-f762-11e1-a439-00145eb45e9a",NA,"Pau & al.","none","WGS84","Magnoliopsida","ES","none","none","EUROPE","Spain","EUROPE","376d7cd8-20fe-11e3-9e2e-000c29035824","MA-01-00252742","0363cbd4-f666-455e-8e86-0bbddcf51950",NA,"MA","429","Novelda","1936039663","es","MA","376d7cd8-20fe-11e3-9e2e-000c29035824","Collection","Herniaria fruticosa L.",NA,NA,NA,"MA",NA,"28051933",NA,NA,NA,NA,"M. Nazeer Chaudhri",NA,NA,NA,"17abcf75-2f1e-46dd-bf75-a5b21dd02655",NA,NA,NA,NA,NA,NA,"1987-10-01T00:00:00",NA,NA,NA,NA,NA,NA,"7769858",NA,NA,NA,NA,NA,NA,"MA",NA,NA,NA,NA,NA,NA,"MA-252742-1","a9198d68-20fe-11e3-9e2e-000c29035824",NA,NA,NA,NA,NA,NA,NA,NA,NA,NA,NA,NA,NA,NA,NA,NA,NA,NA,NA
"895294028","Herniaria fruticosa L.",38.51,-0.76,"cdc,gass84,colmafu,inmafu","834a4794-f762-11e1-a439-00145eb45e9a","8209258a-80e8-4094-aba2-a3febe5ed45b","2a3f6a56-7591-4f05-8c4c-a1bb77aa4ea6","6c4a0bb0-2a4d-11d8-aa2d-b8a03c50a862","ES","EML","2026-04-18T01:37:24.691+00:00","2026-04-24T10:27:24.532+00:00",375,"PRESERVED_SPECIMEN",NA,"PRESENT",7769858,6,7707728,220,422,2518,3085796,7769858,7769858,"Herniaria fruticosa L.","Plantae","Tracheophyta","Caryophyllales","Caryophyllaceae","Herniaria","Herniaria fruticosa","Herniaria","fruticosa","SPECIES","ACCEPTED",7071,NA,NA,"EUROPE","Alacant",1933,8,15,"1933-08-15",227,227,"2025-11-03T14:20:45.000+00:00","2026-04-24T10:27:24.532+00:00","http://creativecommons.org/licenses/by-nc/4.0/legalcode",FALSE,"DD162DFC-0234-4347-A920-02D717BE6681","none","none",FALSE,NA,"Colección de plantas vasculares del herbario de la Universitat de València (VAL)","E. Moroder","none","WGS84","Magnoliopsida","ES","none","none","EUROPE","Spain","EUROPE","DD162DFC-0234-4347-A920-02D717BE6681","152104-1","https://www.gbif.org/publisher/8209258a-80e8-4094-aba2-a3febe5ed45b",NA,"VAL","391","Elda","895294028","es","VAL","DD162DFC-0234-4347-A920-02D717BE6681","PhysicalObject","Herniaria fruticosa L.","c645b060-c130-45ee-97ab-b9fc94393523","6ceb64b5-0201-4a27-bcdb-8d62035e35d5","Pliego","VAL",NA,"15081933","Elda (Vinalopó Mitjà)","in collection",NA,NA,"C. Pau",NA,NA,NA,NA,NA,NA,NA,NA,NA,NA,NA,NA,NA,NA,NA,NA,NA,NA,NA,NA,NA,"Herbari de l'antiga Facultat de Ciències",NA,NA,NA,NA,NA,NA,NA,NA,NA,NA,NA,NA,NA,NA,NA,NA,NA,NA,NA,NA,NA,NA,NA,NA,NA,NA,NA,NA,NA,NA
"3033661164","Herniaria fruticosa L.",37.3,-1.85,"cdc,gass84,mdativ,colmano,inmafu","834f1756-f762-11e1-a439-00145eb45e9a","cb202839-87c6-456a-821c-dc5b268a200f","2a3f6a56-7591-4f05-8c4c-a1bb77aa4ea6","6c4a0bb0-2a4d-11d8-aa2d-b8a03c50a862","ES","EML","2026-04-18T01:36:55.261+00:00","2026-04-23T23:48:10.715+00:00",326,"PRESERVED_SPECIMEN",NA,"PRESENT",7769858,6,7707728,220,422,2518,3085796,7769858,7769858,"Herniaria fruticosa L.","Plantae","Tracheophyta","Caryophyllales","Caryophyllaceae","Herniaria","Herniaria fruticosa","Herniaria","fruticosa","SPECIES","ACCEPTED",425,NA,NA,"EUROPE","Almeria",1931,4,13,"1931-04-13",103,103,NA,"2026-04-23T23:48:10.715+00:00","http://creativecommons.org/licenses/by-nc/4.0/legalcode",FALSE,"BCN 124208","none","none",FALSE,NA,"Col·lecció de Cormòfits de l'herbari BCN","no consta","none","WGS84","Magnoliopsida","ES","none","none","EUROPE","Spain","EUROPE","BCN 124208","124208",NA,NA,"BCN","350","Cuevas, à las Tres Cabezas","3033661164",NA,"Corm","BCN 124208",NA,"Herniaria fruticosa L.","5db0342e-533f-461c-a97e-0ec9dc79a95c",NA,NA,"BCN-Cormophyta","coteaux",NA,NA,NA,NA,NA,"Chaudhri, M. Nazeer",NA,NA,NA,NA,NA,NA,NA,NA,NA,NA,NA,NA,NA,"CRAI CeDocBiV - Universitat de Barcelona",NA,NA,NA,NA,NA,NA,NA,NA,NA,NA,"UB",NA,"Herniaria mauritanica Murb.; Herniaria fruticosa L.","119840",NA,NA,NA,"ex BCF 31028",NA,NA,NA,NA,NA,NA,NA,NA,NA,NA,NA,NA,NA,NA,NA,NA,NA,NA,NA,NA
"3033660183","Herniaria fruticosa subsp. erecta (Willk.) Batt.",37.3,-1.9,"cdc,gass84,mdativ,colmano,inmafu","834f1756-f762-11e1-a439-00145eb45e9a","cb202839-87c6-456a-821c-dc5b268a200f","2a3f6a56-7591-4f05-8c4c-a1bb77aa4ea6","6c4a0bb0-2a4d-11d8-aa2d-b8a03c50a862","ES","EML","2026-04-18T01:36:55.261+00:00","2026-04-23T23:49:09.731+00:00",326,"PRESERVED_SPECIMEN",NA,"PRESENT",7922689,6,7707728,220,422,2518,3085796,7769858,7769858,"Herniaria fruticosa L.","Plantae","Tracheophyta","Caryophyllales","Caryophyllaceae","Herniaria","Herniaria fruticosa","Herniaria","fruticosa","SUBSPECIES","SYNONYM",1010,NA,NA,"EUROPE","Almeria",1930,7,30,"1930-07-30",211,211,NA,"2026-04-23T23:49:09.731+00:00","http://creativecommons.org/licenses/by-nc/4.0/legalcode",FALSE,"BCN 124207","none","none",FALSE,NA,"Col·lecció de Cormòfits de l'herbari BCN","no consta","none","WGS84","Magnoliopsida","ES","none","none","EUROPE","Spain","EUROPE","BCN 124207","124207",NA,NA,"BCN","350","Cuevas, a ""los Cocones""","3033660183",NA,"Corm","BCN 124207",NA,"Herniaria fruticosa subsp. erecta (Willk.) Batt.","5db0342e-533f-461c-a97e-0ec9dc79a95c",NA,NA,"BCN-Cormophyta","Coteaux magnésiens",NA,NA,NA,NA,NA,"no consta // Chaudhri, M. Nazeer",NA,NA,NA,NA,NA,NA,NA,NA,NA,NA,NA,NA,NA,"CRAI CeDocBiV - Universitat de Barcelona",NA,NA,NA,NA,NA,NA,NA,NA,NA,NA,"UB",NA,"Herniaria fruticosa L. var. erecta (Willk.) Batt.; Herniaria fontanesii J.Gay var. almeriensis ; Herniaria fruticosa L.","119839",NA,NA,NA,"ex BCF 31027",NA,NA,NA,NA,"erecta",NA,NA,NA,NA,NA,NA,NA,NA,NA,NA,NA,NA,NA,NA,NA
"3033733160","Herniaria fruticosa subsp. erecta (Willk.) Batt.",37.3,-1.9,"cdc,gass84,mdativ,colmano,inmafu","834f1756-f762-11e1-a439-00145eb45e9a","cb202839-87c6-456a-821c-dc5b268a200f","2a3f6a56-7591-4f05-8c4c-a1bb77aa4ea6","6c4a0bb0-2a4d-11d8-aa2d-b8a03c50a862","ES","EML","2026-04-18T01:36:55.261+00:00","2026-04-23T23:48:29.764+00:00",326,"PRESERVED_SPECIMEN",NA,"PRESENT",7922689,6,7707728,220,422,2518,3085796,7769858,7769858,"Herniaria fruticosa L.","Plantae","Tracheophyta","Caryophyllales","Caryophyllaceae","Herniaria","Herniaria fruticosa","Herniaria","fruticosa","SUBSPECIES","SYNONYM",1010,NA,NA,"EUROPE","Almeria",1930,7,30,"1930-07-30",211,211,NA,"2026-04-23T23:48:29.764+00:00","http://creativecommons.org/licenses/by-nc/4.0/legalcode",FALSE,"BCN 124218","none","none",FALSE,NA,"Col·lecció de Cormòfits de l'herbari BCN","no consta","none","WGS84","Magnoliopsida","ES","none","none","EUROPE","Spain","EUROPE","BCN 124218","124218",NA,NA,"BCN","350","Cuevas, a ""los Cocones""","3033733160",NA,"Corm","BCN 124218",NA,"Herniaria fruticosa subsp. erecta (Willk.) Batt.","5db0342e-533f-461c-a97e-0ec9dc79a95c",NA,NA,"BCN-Cormophyta","Coteaux magnésiens",NA,NA,NA,NA,NA,NA,NA,NA,NA,NA,NA,NA,NA,NA,NA,NA,NA,NA,NA,"CRAI CeDocBiV - Universitat de Barcelona",NA,NA,NA,NA,NA,NA,NA,NA,NA,NA,"UB",NA,"Herniaria fruticosa L. var. erecta (Willk.) Batt.","119850",NA,NA,NA,"ex BCC",NA,NA,NA,NA,"erecta",NA,NA,NA,NA,NA,NA,NA,NA,NA,NA,NA,NA,NA,NA,NA
"3033615093","Herniaria fruticosa subsp. erecta (Willk.) Batt.",35.23,-3.98,"cdc,gass84,mdativ,colmano,inmafu","834f1756-f762-11e1-a439-00145eb45e9a","cb202839-87c6-456a-821c-dc5b268a200f","2a3f6a56-7591-4f05-8c4c-a1bb77aa4ea6","6c4a0bb0-2a4d-11d8-aa2d-b8a03c50a862","ES","EML","2026-04-18T01:36:55.261+00:00","2026-04-23T23:49:21.572+00:00",326,"PRESERVED_SPECIMEN",NA,"PRESENT",7922689,6,7707728,220,422,2518,3085796,7769858,7769858,"Herniaria fruticosa L.","Plantae","Tracheophyta","Caryophyllales","Caryophyllaceae","Herniaria","Herniaria fruticosa","Herniaria","fruticosa","SUBSPECIES","SYNONYM",831,50,0,"AFRICA",NA,1927,5,11,"1927-05-11",131,131,NA,"2026-04-23T23:49:21.572+00:00","http://creativecommons.org/licenses/by-nc/4.0/legalcode",FALSE,"BCN 16057","none","none",FALSE,NA,"Col·lecció de Cormòfits de l'herbari BCN","no consta","none","WGS84","Magnoliopsida","MA","none","none","AFRICA","Morocco","EUROPE","BCN 16057","16057",NA,NA,"BCN","350","Marsa Saguira (Littore rhiphaeo)","3033615093",NA,"Corm","BCN 16057",NA,"Herniaria fruticosa subsp. erecta (Willk.) Batt.","5db0342e-533f-461c-a97e-0ec9dc79a95c",NA,NA,"BCN-Cormophyta","in arenosis",NA,NA,NA,NA,NA,NA,NA,NA,NA,NA,NA,NA,NA,NA,NA,NA,NA,NA,NA,"CRAI CeDocBiV - Universitat de Barcelona",NA,NA,NA,NA,NA,NA,NA,NA,NA,NA,"UB",NA,"Herniaria fruticosa L. subsp. erecta (Willk.) Batt.","16002",NA,NA,NA,"ex BCC",NA,NA,NA,NA,"erecta",NA,NA,NA,NA,NA,NA,NA,NA,NA,NA,NA,NA,NA,NA,NA
"1935972871","Herniaria fruticosa L.",40.3236,-3.5074,"cdc,gass84,txmathi,inmano","834c9918-f762-11e1-a439-00145eb45e9a","0363cbd4-f666-455e-8e86-0bbddcf51950","2a3f6a56-7591-4f05-8c4c-a1bb77aa4ea6","6c4a0bb0-2a4d-11d8-aa2d-b8a03c50a862","ES","EML","2026-04-18T01:37:27.366+00:00","2026-04-24T05:19:37.027+00:00",423,"PRESERVED_SPECIMEN",NA,"PRESENT",7769858,6,7707728,220,422,2518,3085796,7769858,7769858,"Herniaria fruticosa L.","Plantae","Tracheophyta","Caryophyllales","Caryophyllaceae","Herniaria","Herniaria fruticosa","Herniaria","fruticosa","SPECIES","ACCEPTED",NA,NA,NA,"EUROPE","Madrid",1925,5,NA,"1925-05",NA,NA,NA,"2026-04-24T05:19:37.027+00:00","http://creativecommons.org/licenses/by-nc/4.0/legalcode",FALSE,"2ff7f95d-20fe-11e3-9e2e-000c29035824","none","none",FALSE,"834c9918-f762-11e1-a439-00145eb45e9a",NA,"Angel Aterido","none","WGS84","Magnoliopsida","ES","none","none","EUROPE","Spain","EUROPE","2ff7f95d-20fe-11e3-9e2e-000c29035824","MA-01-00146240","0363cbd4-f666-455e-8e86-0bbddcf51950",NA,"MA","429","Vaciamadrid","1935972871","es","MA","2ff7f95d-20fe-11e3-9e2e-000c29035824","Collection","Herniaria fruticosa L.",NA,NA,NA,"MA",NA,"00051925",NA,NA,NA,NA,"M. Nazeer Chaudhri",NA,NA,NA,"17abcf75-2f1e-46dd-bf75-a5b21dd02655",NA,NA,NA,NA,NA,NA,NA,NA,NA,NA,NA,NA,NA,"7769858",NA,NA,NA,NA,NA,NA,"MA",NA,NA,NA,NA,NA,NA,"MA-146240-1","a0cf2c63-20fe-11e3-9e2e-000c29035824",NA,NA,NA,NA,NA,NA,NA,NA,NA,NA,NA,NA,NA,NA,NA,NA,NA,NA,NA
"30870971","Herniaria fruticosa L.",41.26,-0.12,"cdc,gass84,txmathi,osiic,colmafu,inmafu","8353c5bc-f762-11e1-a439-00145eb45e9a","857b3f90-230f-474d-9559-6f740efadbba","2a3f6a56-7591-4f05-8c4c-a1bb77aa4ea6","6c4a0bb0-2a4d-11d8-aa2d-b8a03c50a862","ES","EML","2026-04-18T01:37:26.992+00:00","2026-04-24T05:12:07.003+00:00",339,"PRESERVED_SPECIMEN",1,"PRESENT",7769858,6,7707728,220,422,2518,3085796,7769858,7769858,"Herniaria fruticosa L.","Plantae","Tracheophyta","Caryophyllales","Caryophyllaceae","Herniaria","Herniaria fruticosa","Herniaria","fruticosa","SPECIES","ACCEPTED",707,NA,NA,"EUROPE","Zaragoza",1925,10,9,"1925-10-09",282,282,"2017-09-12T09:30:32.000+00:00","2026-04-24T05:12:07.003+00:00","http://creativecommons.org/licenses/by/4.0/legalcode",FALSE,"D2155B68-DB33-40F9-867D-D06916ABFB6C","none","none",FALSE,NA,"ardín Botánico de Córdoba: Herbarium COA","E. Gros","none","WGS84","Magnoliopsida","ES","none","none","EUROPE","Spain","EUROPE","D2155B68-DB33-40F9-867D-D06916ABFB6C","33303-1",NA,NA,"COA","345","Chiprana","30870971","es","COA","D2155B68-DB33-40F9-867D-D06916ABFB6C","PhysicalObject","Herniaria fruticosa L.","d9c5994e-45c4-4f46-8579-50f60f174d10","54dc0fad-9516-42b4-b1e7-b43d5b7281f1",NA,"COA","prope las saladas","09/  X /1925",NA,NA,NA,NA,"E. Gros",NA,NA,"subsp.",NA,NA,NA,NA,NA,NA,NA,NA,NA,NA,NA,NA,NA,NA,NA,NA,NA,NA,NA,NA,NA,NA,NA,NA,NA,NA,NA,NA,NA,NA,NA,NA,NA,NA,NA,NA,NA,NA,NA,NA,NA,NA,NA,NA,NA,NA,NA,NA,NA
"30870976","Herniaria fruticosa L.",40.04,-3.55,"cdc,gass84,txmathi,osiic,colmafu,inmafu","8353c5bc-f762-11e1-a439-00145eb45e9a","857b3f90-230f-474d-9559-6f740efadbba","2a3f6a56-7591-4f05-8c4c-a1bb77aa4ea6","6c4a0bb0-2a4d-11d8-aa2d-b8a03c50a862","ES","EML","2026-04-18T01:37:26.992+00:00","2026-04-24T05:11:56.348+00:00",339,"PRESERVED_SPECIMEN",1,"PRESENT",7769858,6,7707728,220,422,2518,3085796,7769858,7769858,"Herniaria fruticosa L.","Plantae","Tracheophyta","Caryophyllales","Caryophyllaceae","Herniaria","Herniaria fruticosa","Herniaria","fruticosa","SPECIES","ACCEPTED",707,NA,NA,"EUROPE","Madrid",1924,6,17,"1924-06-17",169,169,"2017-09-12T09:30:32.000+00:00","2026-04-24T05:11:56.348+00:00","http://creativecommons.org/licenses/by/4.0/legalcode",FALSE,"3C902026-EA6C-4233-ACB6-944F13EE75D0","none","none",FALSE,NA,"ardín Botánico de Córdoba: Herbarium COA","P. Font i Quer & E. Gros","none","WGS84","Magnoliopsida","ES","none","none","EUROPE","Spain","EUROPE","3C902026-EA6C-4233-ACB6-944F13EE75D0","33305-1",NA,NA,"COA","345","Aranjuez, Mar Chico","30870976","es","COA","3C902026-EA6C-4233-ACB6-944F13EE75D0","PhysicalObject","Herniaria fruticosa L.","d9c5994e-45c4-4f46-8579-50f60f174d10","54dc0fad-9516-42b4-b1e7-b43d5b7281f1",NA,"COA",NA,"17/ VI /1924",NA,NA,NA,NA,"P. Font i Quer & E. Gros",NA,NA,"subsp.",NA,NA,NA,NA,NA,NA,NA,NA,NA,NA,NA,NA,NA,NA,NA,NA,NA,NA,NA,NA,NA,NA,NA,NA,NA,NA,NA,NA,NA,NA,NA,NA,NA,NA,NA,NA,NA,NA,NA,NA,NA,NA,NA,NA,NA,NA,NA,NA,NA
"1935899825","Herniaria fruticosa L.",40.0333,-3.59773,"cdc,gass84,txmathi,inmano","834c9918-f762-11e1-a439-00145eb45e9a","0363cbd4-f666-455e-8e86-0bbddcf51950","2a3f6a56-7591-4f05-8c4c-a1bb77aa4ea6","6c4a0bb0-2a4d-11d8-aa2d-b8a03c50a862","ES","EML","2026-04-18T01:37:27.366+00:00","2026-04-24T05:19:24.251+00:00",423,"PRESERVED_SPECIMEN",NA,"PRESENT",7769858,6,7707728,220,422,2518,3085796,7769858,7769858,"Herniaria fruticosa L.","Plantae","Tracheophyta","Caryophyllales","Caryophyllaceae","Herniaria","Herniaria fruticosa","Herniaria","fruticosa","SPECIES","ACCEPTED",NA,NA,NA,"EUROPE","Madrid",1919,5,25,"1919-05-25",145,145,NA,"2026-04-24T05:19:24.251+00:00","http://creativecommons.org/licenses/by-nc/4.0/legalcode",FALSE,"2892d66f-20fe-11e3-9e2e-000c29035824","none","none",FALSE,"834c9918-f762-11e1-a439-00145eb45e9a",NA,"Carlos Vicioso Martínez","none","WGS84","Magnoliopsida","ES","none","none","EUROPE","Spain","EUROPE","2892d66f-20fe-11e3-9e2e-000c29035824","MA-01-00037819","0363cbd4-f666-455e-8e86-0bbddcf51950",NA,"MA","429","Aranjuez","1935899825","es","MA","2892d66f-20fe-11e3-9e2e-000c29035824","Collection","Herniaria fruticosa L.",NA,NA,NA,"MA","in aridis gypsaceis","25051919",NA,NA,NA,NA,"M. Nazeer Chaudhri",NA,NA,NA,"17abcf75-2f1e-46dd-bf75-a5b21dd02655",NA,NA,NA,NA,NA,NA,NA,NA,NA,NA,NA,NA,NA,"7769858",NA,NA,NA,NA,NA,NA,"MA",NA,NA,NA,NA,NA,NA,"MA-37819-1","986094e0-20fe-11e3-9e2e-000c29035824",NA,NA,NA,NA,NA,NA,NA,NA,NA,NA,NA,NA,NA,NA,NA,NA,NA,NA,NA
"1935899842","Herniaria fruticosa L.",42.4481,-2.2717,"cdc,gass84,txmathi,inmano","834c9918-f762-11e1-a439-00145eb45e9a","0363cbd4-f666-455e-8e86-0bbddcf51950","2a3f6a56-7591-4f05-8c4c-a1bb77aa4ea6","6c4a0bb0-2a4d-11d8-aa2d-b8a03c50a862","ES","EML","2026-04-18T01:37:27.366+00:00","2026-04-24T05:19:24.253+00:00",423,"PRESERVED_SPECIMEN",NA,"PRESENT",7769858,6,7707728,220,422,2518,3085796,7769858,7769858,"Herniaria fruticosa L.","Plantae","Tracheophyta","Caryophyllales","Caryophyllaceae","Herniaria","Herniaria fruticosa","Herniaria","fruticosa","SPECIES","ACCEPTED",NA,NA,NA,"EUROPE","Navarra",1917,8,25,"1917-08-25",237,237,NA,"2026-04-24T05:19:24.253+00:00","http://creativecommons.org/licenses/by-nc/4.0/legalcode",FALSE,"28933ba2-20fe-11e3-9e2e-000c29035824","none","none",FALSE,"834c9918-f762-11e1-a439-00145eb45e9a",NA,"Hno. Elias","none","WGS84","Magnoliopsida","ES","none","none","EUROPE","Spain","EUROPE","28933ba2-20fe-11e3-9e2e-000c29035824","MA-01-00037837","0363cbd4-f666-455e-8e86-0bbddcf51950",NA,"MA","429","Mendavia","1935899842","es","MA","28933ba2-20fe-11e3-9e2e-000c29035824","Collection","Herniaria fruticosa L.",NA,NA,NA,"MA","terrain argilo-calcaire","25081917",NA,NA,NA,NA,"M. Nazeer Chaudhri","3262",NA,NA,"17abcf75-2f1e-46dd-bf75-a5b21dd02655",NA,NA,NA,NA,NA,NA,NA,NA,NA,NA,NA,NA,NA,"7769858",NA,NA,NA,NA,NA,NA,"MA",NA,NA,NA,NA,NA,NA,"MA-37837-1","986112c5-20fe-11e3-9e2e-000c29035824",NA,"Revisión para Flora Ibérica",NA,NA,NA,NA,NA,NA,NA,NA,NA,NA,NA,NA,NA,NA,NA,NA,NA
"1935900131","Herniaria fruticosa L.",42.4481,-2.2717,"cdc,gass84,txmathi,inmano","834c9918-f762-11e1-a439-00145eb45e9a","0363cbd4-f666-455e-8e86-0bbddcf51950","2a3f6a56-7591-4f05-8c4c-a1bb77aa4ea6","6c4a0bb0-2a4d-11d8-aa2d-b8a03c50a862","ES","EML","2026-04-18T01:37:27.366+00:00","2026-04-24T05:19:24.202+00:00",423,"PRESERVED_SPECIMEN",NA,"PRESENT",7769858,6,7707728,220,422,2518,3085796,7769858,7769858,"Herniaria fruticosa L.","Plantae","Tracheophyta","Caryophyllales","Caryophyllaceae","Herniaria","Herniaria fruticosa","Herniaria","fruticosa","SPECIES","ACCEPTED",NA,NA,NA,"EUROPE","Navarra",1917,8,25,"1917-08-25",237,237,NA,"2026-04-24T05:19:24.202+00:00","http://creativecommons.org/licenses/by-nc/4.0/legalcode",FALSE,"289336a1-20fe-11e3-9e2e-000c29035824","none","none",FALSE,"834c9918-f762-11e1-a439-00145eb45e9a",NA,"Hno. Elias","none","WGS84","Magnoliopsida","ES","none","none","EUROPE","Spain","EUROPE","289336a1-20fe-11e3-9e2e-000c29035824","MA-01-00037836","0363cbd4-f666-455e-8e86-0bbddcf51950",NA,"MA","429","Mendavia","1935900131","es","MA","289336a1-20fe-11e3-9e2e-000c29035824","Collection","Herniaria fruticosa L.",NA,NA,NA,"MA","terrain argilo-calcaire","25081917",NA,NA,NA,NA,"M. Nazeer Chaudhri","3262",NA,NA,"17abcf75-2f1e-46dd-bf75-a5b21dd02655",NA,NA,NA,NA,NA,NA,NA,NA,NA,NA,NA,NA,NA,"7769858",NA,NA,NA,NA,NA,NA,"MA",NA,NA,NA,NA,NA,NA,"MA-37836-1","98610cc5-20fe-11e3-9e2e-000c29035824",NA,"Revisión para Flora Ibérica",NA,NA,NA,NA,NA,NA,NA,NA,NA,NA,NA,NA,NA,NA,NA,NA,NA
"3033659200","Herniaria fruticosa L.",42.45,-2.19,"cdc,gass84,mdativ,colmano,inmafu","834f1756-f762-11e1-a439-00145eb45e9a","cb202839-87c6-456a-821c-dc5b268a200f","2a3f6a56-7591-4f05-8c4c-a1bb77aa4ea6","6c4a0bb0-2a4d-11d8-aa2d-b8a03c50a862","ES","EML","2026-04-18T01:36:55.261+00:00","2026-04-23T23:49:31.149+00:00",326,"PRESERVED_SPECIMEN",NA,"PRESENT",7769858,6,7707728,220,422,2518,3085796,7769858,7769858,"Herniaria fruticosa L.","Plantae","Tracheophyta","Caryophyllales","Caryophyllaceae","Herniaria","Herniaria fruticosa","Herniaria","fruticosa","SPECIES","ACCEPTED",7303,NA,NA,"EUROPE","La Rioja (Logroño)",1917,8,25,"1917-08-25",237,237,NA,"2026-04-23T23:49:31.149+00:00","http://creativecommons.org/licenses/by-nc/4.0/legalcode",FALSE,"BCN 124197","none","none",FALSE,NA,"Col·lecció de Cormòfits de l'herbari BCN","Elías (hermano)","none","WGS84","Magnoliopsida","ES","none","none","EUROPE","Spain","EUROPE","BCN 124197","124197",NA,NA,"BCN","350","Mendavia","3033659200",NA,"Corm","BCN 124197",NA,"Herniaria fruticosa L.","5db0342e-533f-461c-a97e-0ec9dc79a95c",NA,NA,"BCN-Cormophyta","Terrain argilo-calcaire, marges",NA,NA,NA,NA,NA,NA,NA,NA,NA,NA,NA,NA,NA,NA,NA,NA,NA,NA,NA,"CRAI CeDocBiV - Universitat de Barcelona",NA,NA,NA,NA,NA,NA,NA,NA,NA,NA,"UB",NA,"Herniaria fruticosa L. var. parcepilosa","119829",NA,NA,NA,"ex BCC",NA,NA,NA,NA,NA,NA,NA,NA,NA,NA,NA,NA,NA,NA,NA,NA,NA,NA,NA,NA
"6177142154","Herniaria fruticosa L.",40.5125,-1.58556,"cdc,colmano,inmafu","1e98cc26-065e-40ca-9c57-20fa0a2f4981","c1b1455b-18ec-4637-9e0f-18cb0524b7ed","f0e191c4-2ef2-4e3d-9768-34d58d14ba2d","58520c30-bafb-11d9-8e53-b8a03c50a862","IT","BIOCASE","2026-05-19T21:00:14.161+00:00","2026-05-19T21:02:42.574+00:00",304,"PRESERVED_SPECIMEN",NA,"PRESENT",7769858,6,7707728,220,422,2518,3085796,7769858,7769858,"Herniaria fruticosa L.","Plantae","Tracheophyta","Caryophyllales","Caryophyllaceae","Herniaria","Herniaria fruticosa","Herniaria","fruticosa","SPECIES","ACCEPTED",NA,NA,NA,"EUROPE",NA,1909,8,12,"1909-08-12",224,224,"2022-12-06T08:14:10.000+00:00","2026-05-19T21:02:42.574+00:00","http://creativecommons.org/licenses/by/4.0/legalcode",FALSE,"038106","none","none",FALSE,NA,NA,"Sennen,F. s.n. [1909-08-12]","none","WGS84","Magnoliopsida","ES",NA,"none","EUROPE","Spain","EUROPE","038106","038106",NA,NA,"PI","304","[label: Plantes d'Espagne] Aragon. Teruel, terrains gypseux","6177142154",NA,"Herbarium Horti Botanici Pisani (PI)","https://pi.jacq.org/PI038106",NA,"Herniaria fruticosa L.","f735b764-40d3-4a9d-b8df-e1934b3fc5ec",NA,NA,NA,NA,NA,NA,NA,NA,NA,"F. Sennen 1909-08-12","s.n.",NA,NA,NA,NA,"Aragón",NA,NA,"70421","Illecebraceae","1909-08-12T00:00:00",NA,NA,NA,NA,NA,NA,NA,NA,NA,NA,"PI-GUAD 378_5902",NA,NA,NA,NA,NA,NA,NA,NA,NA,NA,NA,NA,NA,NA,NA,NA,NA,NA,NA,NA,NA,NA,NA,NA,NA,NA,NA,NA,NA,NA
"1935900356","Herniaria fruticosa L.",41.3619,-1.6622,"cdc,gass84,inmano","834c9918-f762-11e1-a439-00145eb45e9a","0363cbd4-f666-455e-8e86-0bbddcf51950","2a3f6a56-7591-4f05-8c4c-a1bb77aa4ea6","6c4a0bb0-2a4d-11d8-aa2d-b8a03c50a862","ES","EML","2026-04-18T01:37:27.366+00:00","2026-04-24T05:19:24.232+00:00",423,"PRESERVED_SPECIMEN",NA,"PRESENT",7769858,6,7707728,220,422,2518,3085796,7769858,7769858,"Herniaria fruticosa L.","Plantae","Tracheophyta","Caryophyllales","Caryophyllaceae","Herniaria","Herniaria fruticosa","Herniaria","fruticosa","SPECIES","ACCEPTED",NA,NA,NA,"EUROPE","Zaragoza",1908,6,26,"1908-06-26",178,178,NA,"2026-04-24T05:19:24.232+00:00","http://creativecommons.org/licenses/by-nc/4.0/legalcode",FALSE,"28931124-20fe-11e3-9e2e-000c29035824","none","none",FALSE,"834c9918-f762-11e1-a439-00145eb45e9a",NA,"Benito Vicioso","none","WGS84","Magnoliopsida","ES","none","none","EUROPE","Spain","EUROPE","28931124-20fe-11e3-9e2e-000c29035824","MA-01-00037830","0363cbd4-f666-455e-8e86-0bbddcf51950",NA,"MA","429","Calatayud","1935900356","es","MA","28931124-20fe-11e3-9e2e-000c29035824","Collection","Herniaria fruticosa L.",NA,NA,NA,"MA","lieux argilo-gypseux","26061908",NA,NA,NA,NA,NA,NA,NA,NA,"17abcf75-2f1e-46dd-bf75-a5b21dd02655",NA,NA,NA,NA,NA,NA,NA,NA,NA,NA,NA,NA,NA,"7769858",NA,NA,NA,NA,NA,NA,"MA",NA,NA,NA,NA,NA,NA,"MA-37830-1","9860f4e9-20fe-11e3-9e2e-000c29035824",NA,"Identificación confirmada para Flora Ibérica por M. Nazeer Chaudhri 10/1987",NA,NA,NA,NA,NA,NA,NA,NA,NA,NA,NA,NA,NA,NA,NA,NA,NA
"6177142151","Herniaria fruticosa L.",41.35278,-1.6475,"cdc,colmano,inmafu","1e98cc26-065e-40ca-9c57-20fa0a2f4981","c1b1455b-18ec-4637-9e0f-18cb0524b7ed","f0e191c4-2ef2-4e3d-9768-34d58d14ba2d","58520c30-bafb-11d9-8e53-b8a03c50a862","IT","BIOCASE","2026-05-19T21:00:14.161+00:00","2026-05-19T21:02:42.363+00:00",304,"PRESERVED_SPECIMEN",NA,"PRESENT",7769858,6,7707728,220,422,2518,3085796,7769858,7769858,"Herniaria fruticosa L.","Plantae","Tracheophyta","Caryophyllales","Caryophyllaceae","Herniaria","Herniaria fruticosa","Herniaria","fruticosa","SPECIES","ACCEPTED",NA,NA,NA,"EUROPE",NA,1908,6,12,"1908-06-12",164,164,"2023-04-01T17:33:28.000+00:00","2026-05-19T21:02:42.363+00:00","http://creativecommons.org/licenses/by/4.0/legalcode",FALSE,"038107","none","none",FALSE,NA,NA,"Vicioso,B. s.n. [1908-06-12] Plantes d'Espagne - F. Sennen 679","none","WGS84","Magnoliopsida","ES",NA,"none","EUROPE","Spain","EUROPE","038107","038107",NA,NA,"PI","304","Aragon: Calatayud, lieux argilo-gypseux","6177142151",NA,"Herbarium Horti Botanici Pisani (PI)","https://pi.jacq.org/PI038107",NA,"Herniaria fruticosa L.","f735b764-40d3-4a9d-b8df-e1934b3fc5ec",NA,NA,NA,NA,NA,NA,NA,NA,NA,"B. Vicioso 1908-06-26","s.n.",NA,NA,NA,NA,"Aragón",NA,NA,"70421","Illecebraceae","1908-06-26T00:00:00",NA,NA,NA,NA,NA,NA,NA,NA,NA,NA,"PI-GUAD 378_5902",NA,NA,NA,NA,NA,NA,NA,NA,NA,NA,NA,NA,NA,NA,NA,NA,NA,NA,NA,NA,NA,NA,NA,NA,NA,NA,NA,NA,NA,NA
"1935900323","Herniaria fruticosa L.",41.3619,-1.6622,"cdc,gass84,txmathi,inmano","834c9918-f762-11e1-a439-00145eb45e9a","0363cbd4-f666-455e-8e86-0bbddcf51950","2a3f6a56-7591-4f05-8c4c-a1bb77aa4ea6","6c4a0bb0-2a4d-11d8-aa2d-b8a03c50a862","ES","EML","2026-04-18T01:37:27.366+00:00","2026-04-24T05:19:24.440+00:00",423,"PRESERVED_SPECIMEN",NA,"PRESENT",7769858,6,7707728,220,422,2518,3085796,7769858,7769858,"Herniaria fruticosa L.","Plantae","Tracheophyta","Caryophyllales","Caryophyllaceae","Herniaria","Herniaria fruticosa","Herniaria","fruticosa","SPECIES","ACCEPTED",NA,NA,NA,"EUROPE","Zaragoza",1907,7,2,"1907-07-02",183,183,NA,"2026-04-24T05:19:24.440+00:00","http://creativecommons.org/licenses/by-nc/4.0/legalcode",FALSE,"2893165b-20fe-11e3-9e2e-000c29035824","none","none",FALSE,"834c9918-f762-11e1-a439-00145eb45e9a",NA,"Benito Vicioso","none","WGS84","Magnoliopsida","ES","none","none","EUROPE","Spain","EUROPE","2893165b-20fe-11e3-9e2e-000c29035824","MA-01-00037831","0363cbd4-f666-455e-8e86-0bbddcf51950",NA,"MA","429","Calatayud","1935900323","es","MA","2893165b-20fe-11e3-9e2e-000c29035824","Collection","Herniaria fruticosa L.",NA,NA,NA,"MA","in aridis gypsaceis","02071907",NA,NA,NA,NA,"M. Nazeer Chaudhri",NA,NA,NA,"17abcf75-2f1e-46dd-bf75-a5b21dd02655",NA,NA,NA,NA,NA,NA,NA,NA,NA,NA,NA,NA,NA,"7769858",NA,NA,NA,NA,NA,NA,"MA",NA,NA,NA,NA,NA,NA,"MA-37831-1","9860f7f5-20fe-11e3-9e2e-000c29035824",NA,"Revisión para Flora Ibérica",NA,NA,NA,NA,NA,NA,NA,NA,NA,NA,NA,NA,NA,NA,NA,NA,NA
"4509675667","Herniaria fruticosa L.",42.2865,3.2733,"gass84,inmano","e0737b6f-8e8b-4ea5-aad4-b905a79a86ae","6f3ccc65-0a54-4e65-ae7e-13b92d618e7c","2a3f6a56-7591-4f05-8c4c-a1bb77aa4ea6","6c4a0bb0-2a4d-11d8-aa2d-b8a03c50a862","ES","EML","2026-04-21T18:58:05.990+00:00","2026-04-24T08:38:18.694+00:00",105,"PRESERVED_SPECIMEN",NA,"PRESENT",7769858,6,7707728,220,422,2518,3085796,7769858,7769858,"Herniaria fruticosa L.","Plantae","Tracheophyta","Caryophyllales","Caryophyllaceae","Herniaria","Herniaria fruticosa","Herniaria","fruticosa","SPECIES","ACCEPTED",1700,NA,NA,"EUROPE","Girona",1895,4,NA,"1895-04",NA,NA,"2022-01-20T00:00:00.000+00:00","2026-04-24T08:38:18.694+00:00","http://creativecommons.org/licenses/by-nc/4.0/legalcode",FALSE,"9C27781D-2F1D-44F2-B42E-01F72C295495","none","none",FALSE,"doi:10.15470/7mcva4","Institut Botànic de Barcelona (CSIC-CMCNB) – BC-Tremols","Trèmols Borrell, Frederic","none","WGS84","Magnoliopsida","ES","none","none","EUROPE","Spain","EUROPE","9C27781D-2F1D-44F2-B42E-01F72C295495","BC-Tremols-962726","6f3ccc65-0a54-4e65-ae7e-13b92d618e7c",NA,"BC","112","Cadaqués; Cadaqués","4509675667",NA,"BC-Tremols","9C27781D-2F1D-44F2-B42E-01F72C295495","Collection","Herniaria fruticosa L.",NA,NA,"Herbarium specimen",NA,NA,"00/04/1895",NA,"in collection",NA,NA,NA,NA,NA,NA,NA,NA,NA,NA,NA,NA,NA,NA,NA,NA,NA,NA,NA,NA,NA,NA,NA,NA,"Per revisar. Emmetzimada. Repetida",NA,NA,NA,NA,NA,NA,NA,NA,NA,NA,NA,NA,"Stored under name",NA,NA,NA,NA,NA,NA,NA,NA,NA,NA,NA,NA,NA,NA,NA,NA,NA
"2521353104","Herniaria fruticosa L.",40.976,-0.1403,"gass84,inmano","838475f4-f762-11e1-a439-00145eb45e9a","6f3ccc65-0a54-4e65-ae7e-13b92d618e7c","2a3f6a56-7591-4f05-8c4c-a1bb77aa4ea6","6c4a0bb0-2a4d-11d8-aa2d-b8a03c50a862","ES","EML","2026-05-14T18:31:27.870+00:00","2026-05-19T13:30:14.593+00:00",396,"PRESERVED_SPECIMEN",NA,"PRESENT",7769858,6,7707728,220,422,2518,3085796,7769858,7769858,"Herniaria fruticosa L.","Plantae","Tracheophyta","Caryophyllales","Caryophyllaceae","Herniaria","Herniaria fruticosa","Herniaria","fruticosa","SPECIES","ACCEPTED",500,NA,NA,"EUROPE","Teruel",1875,6,18,"1875-06-18",169,169,"2019-04-30T00:00:00.000+00:00","2026-05-19T13:30:14.593+00:00","http://creativecommons.org/licenses/by-nc/4.0/legalcode",FALSE,"6463EA4B-9139-43EE-B350-1CA91CBFE9BD","none","none",FALSE,NA,"Institut Botànic de Barcelona (CSIC-CMCNB) – BC","F. Loscos","none","WGS84","Magnoliopsida","ES","none","none","EUROPE","Spain","EUROPE","6463EA4B-9139-43EE-B350-1CA91CBFE9BD","BC-991472","6f3ccc65-0a54-4e65-ae7e-13b92d618e7c",NA,"BC","410","Castelseras; Castelserás","2521353104",NA,"BC","6463EA4B-9139-43EE-B350-1CA91CBFE9BD",NA,"Herniaria fruticosa L.",NA,NA,"Herbarium specimen","BC","ubique vulgaris","18/06/1875",NA,NA,NA,NA,NA,NA,NA,NA,NA,NA,NA,NA,NA,NA,NA,NA,NA,NA,NA,NA,NA,NA,NA,NA,NA,NA,"Ex Herbari de l'Institut Ausiàs March donat a l'Institut Botànic de Barcelona a l'any 2015. Número intern: 10.70",NA,NA,NA,NA,NA,NA,NA,NA,NA,NA,NA,"INSTITUTO ""AUSIAS MARCH"" BARCELONA","Last label",NA,NA,NA,NA,NA,NA,NA,NA,NA,NA,NA,NA,NA,NA,NA,NA,NA
"2521353389","Herniaria fruticosa L.",42.2057,3.2733,"gass84,mdativ,inmano","838475f4-f762-11e1-a439-00145eb45e9a","6f3ccc65-0a54-4e65-ae7e-13b92d618e7c","2a3f6a56-7591-4f05-8c4c-a1bb77aa4ea6","6c4a0bb0-2a4d-11d8-aa2d-b8a03c50a862","ES","EML","2026-05-14T18:31:27.870+00:00","2026-05-19T13:30:14.893+00:00",396,"PRESERVED_SPECIMEN",NA,"PRESENT",7769858,6,7707728,220,422,2518,3085796,7769858,7769858,"Herniaria fruticosa L.","Plantae","Tracheophyta","Caryophyllales","Caryophyllaceae","Herniaria","Herniaria fruticosa","Herniaria","fruticosa","SPECIES","ACCEPTED",1700,NA,NA,"EUROPE","Girona",1872,7,10,"1872-07-10",192,192,NA,"2026-05-19T13:30:14.893+00:00","http://creativecommons.org/licenses/by-nc/4.0/legalcode",FALSE,"64C771B7-300C-4B13-83D9-0066AD658DF4","none","none",TRUE,NA,"Institut Botànic de Barcelona (CSIC-CMCNB) – BC","F. Trèmols","none","WGS84","Magnoliopsida","ES","none","none","EUROPE","Spain","EUROPE","64C771B7-300C-4B13-83D9-0066AD658DF4","BC-991474","6f3ccc65-0a54-4e65-ae7e-13b92d618e7c",NA,"BC","410","Cadaqués; Cadaqués","2521353389",NA,"BC","64C771B7-300C-4B13-83D9-0066AD658DF4",NA,"Herniaria fruticosa L.",NA,NA,"Herbarium specimen","BC","in incultis Regionis littoralis","10/07/1872",NA,NA,NA,NA,NA,NA,NA,NA,NA,"none",NA,NA,NA,NA,NA,NA,NA,NA,NA,NA,NA,NA,NA,NA,NA,NA,"Ex Herbari de l'Institut Ausiàs March donat a l'Institut Botànic de Barcelona a l'any 2015. Número intern: 10.72",NA,NA,NA,NA,NA,NA,NA,NA,NA,NA,NA,"SOCIETAS BOTANICA BARCINONENSIS","Last label",NA,NA,NA,NA,NA,NA,NA,NA,NA,NA,NA,NA,NA,NA,NA,NA,NA
"5912053925","Herniaria fruticosa L.",42.2057,3.2733,"gass84,inmano","c797bccc-2636-46ca-ab34-8253ca5df095","6f3ccc65-0a54-4e65-ae7e-13b92d618e7c","2a3f6a56-7591-4f05-8c4c-a1bb77aa4ea6","6c4a0bb0-2a4d-11d8-aa2d-b8a03c50a862","ES","EML","2026-04-21T00:57:21.131+00:00","2026-04-24T08:58:36.419+00:00",1,"PRESERVED_SPECIMEN",NA,"PRESENT",7769858,6,7707728,220,422,2518,3085796,7769858,7769858,"Herniaria fruticosa L.","Plantae","Tracheophyta","Caryophyllales","Caryophyllaceae","Herniaria","Herniaria fruticosa","Herniaria","fruticosa","SPECIES","ACCEPTED",1700,NA,NA,"EUROPE","Girona",1872,7,10,"1872-07-10",192,192,"2024-07-23T00:00:00.000+00:00","2026-04-24T08:58:36.419+00:00","http://creativecommons.org/licenses/by-nc/4.0/legalcode",FALSE,"52EAF13D-0DC9-46B3-B317-044357AD51D1","none","none",TRUE,"doi:10.15470/jdgl4o","Institut Botànic de Barcelona (CSIC-CMCNB) – BC-Cadevall",NA,"none","WGS84","Magnoliopsida","ES","none","none","EUROPE","Spain","EUROPE","52EAF13D-0DC9-46B3-B317-044357AD51D1","BC-Cadevall-818468","6f3ccc65-0a54-4e65-ae7e-13b92d618e7c",NA,"BC","19","Cadaqués; Cadaqués","5912053925",NA,"BC-Cadevall","52EAF13D-0DC9-46B3-B317-044357AD51D1",NA,"Herniaria fruticosa L.",NA,NA,"Herbarium specimen",NA,NA,"10/07/1872",NA,NA,NA,NA,NA,NA,NA,NA,NA,"none",NA,NA,NA,NA,NA,NA,NA,NA,NA,NA,NA,NA,NA,NA,NA,NA,NA,NA,NA,NA,NA,NA,NA,NA,NA,NA,NA,NA,"Herbari Cadevall","Stored under name",NA,NA,NA,NA,NA,NA,NA,NA,NA,NA,NA,NA,NA,NA,NA,NA,NA
"5917200154","Herniaria fruticosa L.",42.2057,3.2733,"gass84,inmano","2edb95f5-36e5-43c0-8b5c-1fcd9c7d8edc","6f3ccc65-0a54-4e65-ae7e-13b92d618e7c","2a3f6a56-7591-4f05-8c4c-a1bb77aa4ea6","6c4a0bb0-2a4d-11d8-aa2d-b8a03c50a862","ES","EML","2026-04-21T00:57:20.810+00:00","2026-04-24T09:55:03.850+00:00",1,"PRESERVED_SPECIMEN",NA,"PRESENT",7769858,6,7707728,220,422,2518,3085796,7769858,7769858,"Herniaria fruticosa L.","Plantae","Tracheophyta","Caryophyllales","Caryophyllaceae","Herniaria","Herniaria fruticosa","Herniaria","fruticosa","SPECIES","ACCEPTED",1700,NA,NA,"EUROPE","Girona",1872,7,10,"1872-07-10",192,192,"2011-07-15T00:00:00.000+00:00","2026-04-24T09:55:03.850+00:00","http://creativecommons.org/licenses/by-nc/4.0/legalcode",FALSE,"56F8598D-1CA7-4152-BC11-15E8BA94A478","none","none",TRUE,"doi:10.15470/ujrizx","Institut Botànic de Barcelona (CSIC-CMCNB) – BC-SBB","Trémols, F.","none","WGS84","Magnoliopsida","ES","none","none","EUROPE","Spain","EUROPE","56F8598D-1CA7-4152-BC11-15E8BA94A478","BC-SBB-951620","6f3ccc65-0a54-4e65-ae7e-13b92d618e7c",NA,"BC","19","Cadaqués","5917200154",NA,"BC-SBB","56F8598D-1CA7-4152-BC11-15E8BA94A478",NA,"Herniaria fruticosa L.",NA,NA,"Herbarium specimen",NA,"Habitat in incultis.","10/07/1872",NA,NA,NA,NA,NA,NA,NA,NA,NA,"none",NA,NA,NA,NA,NA,NA,NA,NA,NA,NA,NA,NA,NA,NA,NA,NA,NA,NA,NA,NA,NA,NA,NA,NA,NA,NA,NA,NA,"Societas Botanica Barcinonensis","Stored under name",NA,NA,NA,NA,NA,NA,NA,NA,NA,NA,NA,NA,NA,NA,NA,NA,NA
"1935899924","Herniaria fruticosa L.",40.1063,-3.7053,"cdc,gass84,txmathi,inmano","834c9918-f762-11e1-a439-00145eb45e9a","0363cbd4-f666-455e-8e86-0bbddcf51950","2a3f6a56-7591-4f05-8c4c-a1bb77aa4ea6","6c4a0bb0-2a4d-11d8-aa2d-b8a03c50a862","ES","EML","2026-04-18T01:37:27.366+00:00","2026-04-24T05:19:24.210+00:00",423,"PRESERVED_SPECIMEN",NA,"PRESENT",7769858,6,7707728,220,422,2518,3085796,7769858,7769858,"Herniaria fruticosa L.","Plantae","Tracheophyta","Caryophyllales","Caryophyllaceae","Herniaria","Herniaria fruticosa","Herniaria","fruticosa","SPECIES","ACCEPTED",NA,NA,NA,"EUROPE","Madrid",1851,5,31,"1851-05-31",151,151,NA,"2026-04-24T05:19:24.210+00:00","http://creativecommons.org/licenses/by-nc/4.0/legalcode",FALSE,"2892e9fd-20fe-11e3-9e2e-000c29035824","none","none",FALSE,"834c9918-f762-11e1-a439-00145eb45e9a",NA,"J. Lange","none","WGS84","Magnoliopsida","ES","none","none","EUROPE","Spain","EUROPE","2892e9fd-20fe-11e3-9e2e-000c29035824","MA-01-00037823","0363cbd4-f666-455e-8e86-0bbddcf51950",NA,"MA","429","Ciempozuelos","1935899924","es","MA","2892e9fd-20fe-11e3-9e2e-000c29035824","Collection","Herniaria fruticosa L.",NA,NA,NA,"MA",NA,"31051851",NA,NA,NA,NA,"M. Nazeer Chaudhri",NA,NA,NA,"17abcf75-2f1e-46dd-bf75-a5b21dd02655",NA,NA,NA,NA,NA,NA,NA,NA,NA,NA,NA,NA,NA,"7769858",NA,NA,NA,NA,NA,NA,"MA",NA,NA,NA,NA,NA,NA,"MA-37823-1","9860d75a-20fe-11e3-9e2e-000c29035824",NA,NA,NA,NA,NA,NA,NA,NA,NA,NA,NA,NA,NA,NA,NA,NA,NA,NA,NA
"2598820952","Herniaria fruticosa L.",40.029496,-3.602955,"","a559e942-0fbe-4f09-93ca-28cf244ce2a0","d86a72a1-368c-42f3-ad96-9661523a716b","06d75b22-fc7a-42ff-a14f-65a25cd0f3ab","cdcc4ce1-7f6e-4ed2-b47c-eb451925b038","PT","EML","2026-04-22T20:45:23.248+00:00","2026-04-24T13:35:17.164+00:00",350,"PRESERVED_SPECIMEN",NA,"PRESENT",7769858,6,7707728,220,422,2518,3085796,7769858,7769858,"Herniaria fruticosa L.","Plantae","Tracheophyta","Caryophyllales","Caryophyllaceae","Herniaria","Herniaria fruticosa","Herniaria","fruticosa","SPECIES","ACCEPTED",2548,762,0,"EUROPE","Madrid",1851,11,14,"1851-11-14",318,318,"2024-11-14T09:48:43.000+00:00","2026-04-24T13:35:17.164+00:00","http://creativecommons.org/licenses/by/4.0/legalcode",FALSE,"6411a7cf-7f01-11ea-9a4d-d89ef3158707","none","none",FALSE,NA,"COI - Herbarium of the University of Coimbra","Lange, Johan","none","WGS84","Magnoliopsida","ES",NA,NA,"EUROPE","Spain","EUROPE","6411a7cf-7f01-11ea-9a4d-d89ef3158707","http://coicatalogue.uc.pt/specimen/COI00062266","43398bf6-d23a-44f6-8425-bf40bc368630",NA,"COI","365","Aranjuez","2598820952",NA,"COI","6411a7cf-7f01-11ea-9a4d-d89ef3158707","PhysicalObject","Herniaria fruticosa L.","43398bf6-d23a-44f6-8425-bf40bc368630","bcfb5b02-ff85-4974-bfe2-df70ed4df8e9","Sheet:1",NA,"Aranjuez.",NA,NA,NA,"flowering and fruiting",NA,"Lange, Johan","s.n.","s.n.",NA,"17abcf75-2f1e-46dd-bf75-a5b21dd02655",NA,"Madrid, Madrid (Comunidad), Spain","WIKIDATA","http://www.wikidata.org/entity/Q978477",NA,NA,NA,NA,NA,NA,NA,NA,NA,NA,NA,NA,"Herbarium of the University of Coimbra, Portugal (COI). Specimen COI00062266. http://coicatalogue.uc.pt/specimen/COI00062266","Bundle 114.; Joh. Lange, plantae ex Hispania 1851-52.; Characteristic handwriting by J. Lange is on the label.;",NA,NA,NA,NA,NA,NA,NA,NA,NA,NA,NA,NA,NA,"2500 ft",NA,NA,NA,NA,NA,NA,NA,NA,NA,NA,"http://coicatalogue.uc.pt/specimen/COI00062266","WIKIDATA","http://www.wikidata.org/entity/Q978477","http://creativecommons.org/licenses/by/4.0/",NA,NA
"137462299","Herniaria fruticosa L.",38.650002,-0.92,"cdc,cdround,gass84,rdativ,colmafu,inmafu","834b7330-f762-11e1-a439-00145eb45e9a","a6deb94a-2c40-47ec-a678-3d502cd42bc2","2a3f6a56-7591-4f05-8c4c-a1bb77aa4ea6","6c4a0bb0-2a4d-11d8-aa2d-b8a03c50a862","ES","EML","2026-04-18T01:36:55.249+00:00","2026-04-23T23:14:51.541+00:00",393,"PRESERVED_SPECIMEN",NA,"PRESENT",7769858,6,7707728,220,422,2518,3085796,7769858,7769858,"Herniaria fruticosa L.","Plantae","Tracheophyta","Caryophyllales","Caryophyllaceae","Herniaria","Herniaria fruticosa","Herniaria","fruticosa","SPECIES","ACCEPTED",NA,NA,NA,"EUROPE","A",NA,NA,NA,NA,NA,NA,"2013-02-04T08:53:31.000+00:00","2026-04-23T23:14:51.541+00:00","http://creativecommons.org/licenses/by-nc/4.0/legalcode",FALSE,"SALA:SALA:102247-1","none","none",FALSE,NA,NA,"L. Serra","none","WGS84","Magnoliopsida","ES","none","none","EUROPE","Spain","EUROPE","SALA:SALA:102247-1","102247-1",NA,NA,"SALA","399","Villena, Salero","137462299",NA,"SALA",NA,NA,"Herniaria fruticosa L.","ce9d7fc6-1fc3-4bd1-8e80-12568400a716","6fedaeb7-a4c9-4664-b4c7-eca34ed6fd54","herbarium specimen","SALA",NA,NA,NA,NA,NA,NA,NA,NA,NA,NA,NA,NA,NA,NA,NA,NA,NA,NA,NA,NA,NA,NA,NA,NA,NA,NA,NA,NA,NA,NA,NA,NA,NA,NA,NA,NA,NA,NA,NA,NA,NA,NA,NA,NA,NA,NA,NA,NA,NA,NA,NA,NA,NA,NA,NA,NA,NA,NA,NA
"137462349","Herniaria fruticosa L.",41.23,-1.81,"cdc,cdround,gass84,rdativ,colmafu,inmafu","834b7330-f762-11e1-a439-00145eb45e9a","a6deb94a-2c40-47ec-a678-3d502cd42bc2","2a3f6a56-7591-4f05-8c4c-a1bb77aa4ea6","6c4a0bb0-2a4d-11d8-aa2d-b8a03c50a862","ES","EML","2026-04-18T01:36:55.249+00:00","2026-04-23T23:12:51.691+00:00",393,"PRESERVED_SPECIMEN",NA,"PRESENT",7769858,6,7707728,220,422,2518,3085796,7769858,7769858,"Herniaria fruticosa L.","Plantae","Tracheophyta","Caryophyllales","Caryophyllaceae","Herniaria","Herniaria fruticosa","Herniaria","fruticosa","SPECIES","ACCEPTED",NA,NA,NA,"EUROPE","Z",NA,NA,NA,NA,NA,NA,"2013-02-04T08:53:31.000+00:00","2026-04-23T23:12:51.691+00:00","http://creativecommons.org/licenses/by-nc/4.0/legalcode",FALSE,"SALA:SALA:107694-1","none","none",FALSE,NA,NA,"M. Ladero, A. Amor & F. J. Glez. Iglesias","none","WGS84","Magnoliopsida","ES","none","none","EUROPE","Spain","EUROPE","SALA:SALA:107694-1","107694-1",NA,NA,"SALA","399","Nuévalos, Cerro Colorado","137462349",NA,"SALA",NA,NA,"Herniaria fruticosa L.","ce9d7fc6-1fc3-4bd1-8e80-12568400a716","6fedaeb7-a4c9-4664-b4c7-eca34ed6fd54","herbarium specimen","SALA",NA,NA,NA,NA,NA,NA,"M. Ladero & col.",NA,NA,NA,NA,NA,NA,NA,NA,NA,NA,NA,NA,NA,NA,NA,NA,NA,NA,NA,NA,NA,NA,NA,NA,NA,NA,NA,NA,NA,NA,NA,NA,NA,NA,NA,NA,NA,NA,NA,NA,NA,NA,NA,NA,NA,NA,NA,NA,NA,NA,NA,NA
"137462538","Herniaria fruticosa L.",42.330002,-2.39,"cdc,cdround,gass84,rdativ,txmathi,colmafu,inmafu","834b7330-f762-11e1-a439-00145eb45e9a","a6deb94a-2c40-47ec-a678-3d502cd42bc2","2a3f6a56-7591-4f05-8c4c-a1bb77aa4ea6","6c4a0bb0-2a4d-11d8-aa2d-b8a03c50a862","ES","EML","2026-04-18T01:36:55.249+00:00","2026-04-23T23:11:45.332+00:00",393,"PRESERVED_SPECIMEN",NA,"PRESENT",7769858,6,7707728,220,422,2518,3085796,7769858,7769858,"Herniaria fruticosa L.","Plantae","Tracheophyta","Caryophyllales","Caryophyllaceae","Herniaria","Herniaria fruticosa","Herniaria","fruticosa","SPECIES","ACCEPTED",NA,NA,NA,"EUROPE","Lo",NA,NA,NA,NA,NA,NA,"2013-02-04T08:53:31.000+00:00","2026-04-23T23:11:45.332+00:00","http://creativecommons.org/licenses/by-nc/4.0/legalcode",FALSE,"SALA:SALA:27647-1","none","none",FALSE,NA,NA,"F. Amich","none","WGS84","Magnoliopsida","ES","none","none","EUROPE","Spain","EUROPE","SALA:SALA:27647-1","27647-1",NA,NA,"SALA","399","Leza de Río Leza","137462538",NA,"SALA",NA,NA,"Herniaria fruticosa L.","ce9d7fc6-1fc3-4bd1-8e80-12568400a716","6fedaeb7-a4c9-4664-b4c7-eca34ed6fd54","herbarium specimen","SALA",NA,NA,NA,NA,NA,NA,"F. Amich",NA,NA,NA,NA,NA,NA,NA,NA,NA,NA,NA,NA,NA,NA,NA,NA,NA,NA,NA,NA,NA,NA,NA,NA,NA,NA,NA,NA,NA,NA,NA,NA,NA,NA,NA,NA,NA,NA,NA,NA,NA,NA,NA,NA,NA,NA,NA,NA,NA,NA,NA,NA
"137462653","Herniaria fruticosa L.",39.099998,-1.15,"cdc,cdround,gass84,rdativ,colmafu,inmafu","834b7330-f762-11e1-a439-00145eb45e9a","a6deb94a-2c40-47ec-a678-3d502cd42bc2","2a3f6a56-7591-4f05-8c4c-a1bb77aa4ea6","6c4a0bb0-2a4d-11d8-aa2d-b8a03c50a862","ES","EML","2026-04-18T01:36:55.249+00:00","2026-04-23T23:14:41.844+00:00",393,"PRESERVED_SPECIMEN",NA,"PRESENT",7769858,6,7707728,220,422,2518,3085796,7769858,7769858,"Herniaria fruticosa L.","Plantae","Tracheophyta","Caryophyllales","Caryophyllaceae","Herniaria","Herniaria fruticosa","Herniaria","fruticosa","SPECIES","ACCEPTED",NA,NA,NA,"EUROPE","V",NA,NA,NA,NA,NA,NA,"2013-02-04T08:53:31.000+00:00","2026-04-23T23:14:41.844+00:00","http://creativecommons.org/licenses/by-nc/4.0/legalcode",FALSE,"SALA:SALA:44246-1","none","none",FALSE,NA,NA,"R. Figuerola, J .B. Peris & G. Stübing","none","WGS84","Magnoliopsida","ES","none","none","EUROPE","Spain","EUROPE","SALA:SALA:44246-1","44246-1",NA,NA,"SALA","399","Jalance","137462653",NA,"SALA",NA,NA,"Herniaria fruticosa L.","ce9d7fc6-1fc3-4bd1-8e80-12568400a716","6fedaeb7-a4c9-4664-b4c7-eca34ed6fd54","herbarium specimen","SALA",NA,NA,NA,NA,NA,NA,"R. Figuerola & al.",NA,NA,NA,NA,NA,NA,NA,NA,NA,NA,NA,NA,NA,NA,NA,NA,NA,NA,NA,NA,NA,NA,NA,NA,NA,NA,NA,NA,NA,NA,NA,NA,NA,NA,NA,NA,NA,NA,NA,NA,NA,NA,NA,NA,NA,NA,NA,NA,NA,NA,NA,NA
"137462702","Herniaria fruticosa L.",41.709999,0.84,"cdc,cdround,gass84,rdativ,colmafu,inmafu","834b7330-f762-11e1-a439-00145eb45e9a","a6deb94a-2c40-47ec-a678-3d502cd42bc2","2a3f6a56-7591-4f05-8c4c-a1bb77aa4ea6","6c4a0bb0-2a4d-11d8-aa2d-b8a03c50a862","ES","EML","2026-04-18T01:36:55.249+00:00","2026-04-23T23:14:59.504+00:00",393,"PRESERVED_SPECIMEN",NA,"PRESENT",7769858,6,7707728,220,422,2518,3085796,7769858,7769858,"Herniaria fruticosa L.","Plantae","Tracheophyta","Caryophyllales","Caryophyllaceae","Herniaria","Herniaria fruticosa","Herniaria","fruticosa","SPECIES","ACCEPTED",NA,NA,NA,"EUROPE","L",NA,NA,NA,NA,NA,NA,"2013-02-04T08:53:31.000+00:00","2026-04-23T23:14:59.504+00:00","http://creativecommons.org/licenses/by-nc/4.0/legalcode",FALSE,"SALA:SALA:51242-1","none","none",FALSE,NA,NA,"J. M. Ninot","none","WGS84","Magnoliopsida","ES","none","none","EUROPE","Spain","EUROPE","SALA:SALA:51242-1","51242-1",NA,NA,"SALA","399","Hacia Balaguer","137462702",NA,"SALA",NA,NA,"Herniaria fruticosa L.","ce9d7fc6-1fc3-4bd1-8e80-12568400a716","6fedaeb7-a4c9-4664-b4c7-eca34ed6fd54","herbarium specimen","SALA",NA,NA,NA,NA,NA,NA,"J.M. Ninot",NA,NA,NA,NA,NA,NA,NA,NA,NA,NA,NA,NA,NA,NA,NA,NA,NA,NA,NA,NA,NA,NA,NA,NA,NA,NA,NA,NA,NA,NA,NA,NA,NA,NA,NA,NA,NA,NA,NA,NA,NA,NA,NA,NA,NA,NA,NA,NA,NA,NA,NA,NA
"137462782","Herniaria fruticosa L.",41.34,-1.71,"cdc,cdround,gass84,rdativ,colmafu,inmafu","834b7330-f762-11e1-a439-00145eb45e9a","a6deb94a-2c40-47ec-a678-3d502cd42bc2","2a3f6a56-7591-4f05-8c4c-a1bb77aa4ea6","6c4a0bb0-2a4d-11d8-aa2d-b8a03c50a862","ES","EML","2026-04-18T01:36:55.249+00:00","2026-04-23T23:14:44.138+00:00",393,"PRESERVED_SPECIMEN",NA,"PRESENT",7769858,6,7707728,220,422,2518,3085796,7769858,7769858,"Herniaria fruticosa L.","Plantae","Tracheophyta","Caryophyllales","Caryophyllaceae","Herniaria","Herniaria fruticosa","Herniaria","fruticosa","SPECIES","ACCEPTED",NA,NA,NA,"EUROPE","Z",NA,NA,NA,NA,NA,NA,"2013-02-04T08:53:31.000+00:00","2026-04-23T23:14:44.138+00:00","http://creativecommons.org/licenses/by-nc/4.0/legalcode",FALSE,"SALA:SALA:60122-1","none","none",FALSE,NA,NA,"A. Rubio","none","WGS84","Magnoliopsida","ES","none","none","EUROPE","Spain","EUROPE","SALA:SALA:60122-1","60122-1",NA,NA,"SALA","399","Calatayud-Ferrer","137462782",NA,"SALA",NA,NA,"Herniaria fruticosa L.","ce9d7fc6-1fc3-4bd1-8e80-12568400a716","6fedaeb7-a4c9-4664-b4c7-eca34ed6fd54","herbarium specimen","SALA",NA,NA,NA,NA,NA,NA,"A. Rubio",NA,NA,NA,NA,NA,NA,NA,NA,NA,NA,NA,NA,NA,NA,NA,NA,NA,NA,NA,NA,NA,NA,NA,NA,NA,NA,NA,NA,NA,NA,NA,NA,NA,NA,NA,NA,NA,NA,NA,NA,NA,NA,NA,NA,NA,NA,NA,NA,NA,NA,NA,NA
"137462837","Herniaria fruticosa subsp. erecta (Willk.) Batt.",37.040001,-2.39,"cdc,cdround,gass84,rdativ,colmafu,inmafu","834b7330-f762-11e1-a439-00145eb45e9a","a6deb94a-2c40-47ec-a678-3d502cd42bc2","2a3f6a56-7591-4f05-8c4c-a1bb77aa4ea6","6c4a0bb0-2a4d-11d8-aa2d-b8a03c50a862","ES","EML","2026-04-18T01:36:55.249+00:00","2026-04-23T23:13:22.117+00:00",393,"PRESERVED_SPECIMEN",NA,"PRESENT",7922689,6,7707728,220,422,2518,3085796,7769858,7769858,"Herniaria fruticosa L.","Plantae","Tracheophyta","Caryophyllales","Caryophyllaceae","Herniaria","Herniaria fruticosa","Herniaria","fruticosa","SUBSPECIES","SYNONYM",NA,NA,NA,"EUROPE","Al",NA,NA,NA,NA,NA,NA,"2013-02-04T08:53:31.000+00:00","2026-04-23T23:13:22.117+00:00","http://creativecommons.org/licenses/by-nc/4.0/legalcode",FALSE,"SALA:SALA:64072-1","none","none",FALSE,NA,NA,"M. Ladero & al.","none","WGS84","Magnoliopsida","ES","none","none","EUROPE","Spain","EUROPE","SALA:SALA:64072-1","64072-1",NA,NA,"SALA","399","Tabernas","137462837",NA,"SALA",NA,NA,"Herniaria fruticosa subsp. erecta (Willk.) Batt.","ce9d7fc6-1fc3-4bd1-8e80-12568400a716","6fedaeb7-a4c9-4664-b4c7-eca34ed6fd54","herbarium specimen","SALA",NA,NA,NA,NA,NA,NA,NA,NA,NA,NA,NA,NA,NA,NA,NA,NA,NA,NA,NA,NA,NA,NA,NA,NA,NA,NA,NA,NA,NA,NA,NA,NA,NA,NA,NA,NA,NA,NA,NA,NA,NA,NA,NA,"erecta",NA,NA,NA,NA,NA,NA,NA,NA,NA,NA,NA,NA,NA,NA,NA
"137463061","Herniaria fruticosa L.",42.060001,-2.77,"cdc,cdround,gass84,rdativ,colmafu,inmafu","834b7330-f762-11e1-a439-00145eb45e9a","a6deb94a-2c40-47ec-a678-3d502cd42bc2","2a3f6a56-7591-4f05-8c4c-a1bb77aa4ea6","6c4a0bb0-2a4d-11d8-aa2d-b8a03c50a862","ES","EML","2026-04-18T01:36:55.249+00:00","2026-04-23T23:08:40.215+00:00",393,"PRESERVED_SPECIMEN",NA,"PRESENT",7769858,6,7707728,220,422,2518,3085796,7769858,7769858,"Herniaria fruticosa L.","Plantae","Tracheophyta","Caryophyllales","Caryophyllaceae","Herniaria","Herniaria fruticosa","Herniaria","fruticosa","SPECIES","ACCEPTED",NA,NA,NA,"EUROPE","Na",NA,NA,NA,NA,NA,NA,"2013-02-04T08:53:31.000+00:00","2026-04-23T23:08:40.215+00:00","http://creativecommons.org/licenses/by-nc/4.0/legalcode",FALSE,"SALA:SALA:82232-1","none","none",FALSE,NA,NA,"M. Ladero, F. J. Glez. Iglesias & Santos","none","WGS84","Magnoliopsida","ES","none","none","EUROPE","Spain","EUROPE","SALA:SALA:82232-1","82232-1",NA,NA,"SALA","399","Fitero","137463061",NA,"SALA",NA,NA,"Herniaria fruticosa L.","ce9d7fc6-1fc3-4bd1-8e80-12568400a716","6fedaeb7-a4c9-4664-b4c7-eca34ed6fd54","herbarium specimen","SALA",NA,NA,NA,NA,NA,NA,NA,NA,NA,NA,NA,NA,NA,NA,NA,NA,NA,NA,NA,NA,NA,NA,NA,NA,NA,NA,NA,NA,NA,NA,NA,NA,NA,NA,NA,NA,NA,NA,NA,NA,NA,NA,NA,NA,NA,NA,NA,NA,NA,NA,NA,NA,NA,NA,NA,NA,NA,NA,NA
"137463103","Herniaria fruticosa L.",41.5,-0.16,"cdc,cdround,gass84,rdativ,colmafu,inmafu","834b7330-f762-11e1-a439-00145eb45e9a","a6deb94a-2c40-47ec-a678-3d502cd42bc2","2a3f6a56-7591-4f05-8c4c-a1bb77aa4ea6","6c4a0bb0-2a4d-11d8-aa2d-b8a03c50a862","ES","EML","2026-04-18T01:36:55.249+00:00","2026-04-23T23:10:47.874+00:00",393,"PRESERVED_SPECIMEN",NA,"PRESENT",7769858,6,7707728,220,422,2518,3085796,7769858,7769858,"Herniaria fruticosa L.","Plantae","Tracheophyta","Caryophyllales","Caryophyllaceae","Herniaria","Herniaria fruticosa","Herniaria","fruticosa","SPECIES","ACCEPTED",NA,NA,NA,"EUROPE","Z",NA,NA,NA,NA,NA,NA,"2013-02-04T08:53:31.000+00:00","2026-04-23T23:10:47.874+00:00","http://creativecommons.org/licenses/by-nc/4.0/legalcode",FALSE,"SALA:SALA:84033-1","none","none",FALSE,NA,NA,"M. Ladero, C. J. Valle & A. Amor","none","WGS84","Magnoliopsida","ES","none","none","EUROPE","Spain","EUROPE","SALA:SALA:84033-1","84033-1",NA,NA,"SALA","399","Bujaraloz","137463103",NA,"SALA",NA,NA,"Herniaria fruticosa L.","ce9d7fc6-1fc3-4bd1-8e80-12568400a716","6fedaeb7-a4c9-4664-b4c7-eca34ed6fd54","herbarium specimen","SALA",NA,NA,NA,NA,NA,NA,NA,NA,NA,NA,NA,NA,NA,NA,NA,NA,NA,NA,NA,NA,NA,NA,NA,NA,NA,NA,NA,NA,NA,NA,NA,NA,NA,NA,NA,NA,NA,NA,NA,NA,NA,NA,NA,NA,NA,NA,NA,NA,NA,NA,NA,NA,NA,NA,NA,NA,NA,NA,NA
"210725560","Herniaria fruticosa L.",41.25,-0.116667,"cdc,gass84,inmano","865df020-f762-11e1-a439-00145eb45e9a","a3c228d0-3110-11db-abb8-b8a03c50a862","60361c38-f762-11e1-a439-00145eb45e9a","a3c228d0-3110-11db-abb8-b8a03c50a862","ZZ","DWC_ARCHIVE","2026-05-21T20:11:00.696+00:00","2026-05-21T20:19:15.482+00:00",348,"PRESERVED_SPECIMEN",NA,"PRESENT",7769858,6,7707728,220,422,2518,3085796,7769858,7769858,"Herniaria fruticosa L.","Plantae","Tracheophyta","Caryophyllales","Caryophyllaceae","Herniaria","Herniaria fruticosa","Herniaria","fruticosa","SPECIES","ACCEPTED",NA,178,NA,"EUROPE",NA,NA,NA,NA,NA,NA,NA,NA,"2026-05-21T20:19:15.482+00:00","http://creativecommons.org/licenses/by/4.0/legalcode",FALSE,"210725560","none","none",FALSE,NA,NA,NA,"none","WGS84","Magnoliopsida","ES","none","none","EUROPE","Spain",NA,NA,"NC063401",NA,NA,"ESP003","348","Chiprana, province of Zaragoza","210725560",NA,"ESP",NA,NA,"Herniaria fruticosa L.",NA,NA,NA,NA,NA,NA,NA,NA,NA,NA,NA,NA,NA,NA,NA,NA,NA,NA,NA,NA,NA,NA,NA,NA,NA,NA,NA,NA,NA,NA,NA,NA,NA,NA,NA,NA,NA,NA,NA,"RESCUED",NA,"http://biocase.grinfo.net/pywrapper.cgi?dsa=EURISCO",NA,NA,NA,NA,NA,NA,NA,NA,NA,NA,NA,NA,NA,NA,NA,NA,NA,NA,NA,"0018050-180131172636756","EURISCO, The European Genetic Resources Search Catalogue"
"767250945","Herniaria fruticosa L.",42.338,-2.387,"cdc,gass84,rdativ,osiic,incomis,inmafu","d7c78847-d662-44c4-a550-5a812dbcc71b","2f390a80-56f3-11da-880b-b8a03c50a862","2a3f6a56-7591-4f05-8c4c-a1bb77aa4ea6","6c4a0bb0-2a4d-11d8-aa2d-b8a03c50a862","ES","EML","2026-04-17T19:28:39.449+00:00","2026-04-24T07:28:52.230+00:00",416,"PRESERVED_SPECIMEN",1,"PRESENT",7769858,6,7707728,220,422,2518,3085796,7769858,7769858,"Herniaria fruticosa L.","Plantae","Tracheophyta","Caryophyllales","Caryophyllaceae","Herniaria","Herniaria fruticosa","Herniaria","fruticosa","SPECIES","ACCEPTED",707,425,0,"EUROPE","Lo",NA,NA,NA,NA,NA,NA,"2010-08-05T13:13:05.000+00:00","2026-04-24T07:28:52.230+00:00","http://creativecommons.org/licenses/by/4.0/legalcode",FALSE,"PAMP:vascular:12255-1","none","none",FALSE,NA,NA,"F.Amich","none","WGS84","Magnoliopsida","ES","none","none","EUROPE","Spain","EUROPE","PAMP:vascular:12255-1","12255-1",NA,NA,"PAMP","422","Leza del río Leza","767250945","es","vascular","PAMP:vascular:12255-1",NA,"Herniaria fruticosa L.","cb850a57-5506-41a2-97b6-8906453d7c4e",NA,"Herbarium specimen",NA,NA,NA,NA,NA,NA,NA,"M. Imas, actualización nomenclatura ´ex oficio´",NA,NA,NA,"17abcf75-2f1e-46dd-bf75-a5b21dd02655",NA,NA,NA,NA,NA,NA,NA,NA,NA,NA,NA,NA,NA,NA,NA,NA,NA,"Yesos estrarificados, en comunidades de Helianthemetum squamati Br.-Bl & O.Bolós 1957",0,0,NA,NA,NA,NA,NA,NA,NA,NA,NA,NA,NA,NA,NA,NA,NA,NA,NA,NA,NA,NA,NA,NA,NA,NA,NA,NA,NA,NA
"767269204","Herniaria fruticosa subsp. erecta (Willk.) Batt.",37.981686,-1.242,"cdc,gass84,rdativ,osiic,incomis,inmafu","d7c78847-d662-44c4-a550-5a812dbcc71b","2f390a80-56f3-11da-880b-b8a03c50a862","2a3f6a56-7591-4f05-8c4c-a1bb77aa4ea6","6c4a0bb0-2a4d-11d8-aa2d-b8a03c50a862","ES","EML","2026-04-17T19:28:39.449+00:00","2026-04-24T07:29:16.803+00:00",416,"PRESERVED_SPECIMEN",1,"PRESENT",7922689,6,7707728,220,422,2518,3085796,7769858,7769858,"Herniaria fruticosa L.","Plantae","Tracheophyta","Caryophyllales","Caryophyllaceae","Herniaria","Herniaria fruticosa","Herniaria","fruticosa","SUBSPECIES","SYNONYM",1900,1,0,"EUROPE","Mu",NA,NA,NA,NA,NA,NA,"2009-06-01T13:38:35.000+00:00","2026-04-24T07:29:16.803+00:00","http://creativecommons.org/licenses/by/4.0/legalcode",FALSE,"PAMP:vascular:3109-1","none","none",FALSE,NA,NA,"S.Rivas Goday & F.Bellot","none","WGS84","Magnoliopsida","ES","none","none","EUROPE","Spain","EUROPE","PAMP:vascular:3109-1","3109-1",NA,NA,"PAMP","422","Alcantarilla; Alcantarilla, ctra. de Mula","767269204","es","vascular","PAMP:vascular:3109-1",NA,"Herniaria fruticosa subsp. erecta (Willk.) Batt.","cb850a57-5506-41a2-97b6-8906453d7c4e",NA,"Herbarium specimen",NA,NA,NA,NA,NA,NA,NA,NA,NA,NA,NA,"17abcf75-2f1e-46dd-bf75-a5b21dd02655",NA,NA,NA,NA,NA,NA,NA,NA,NA,NA,NA,NA,NA,NA,NA,NA,NA,"Yeseras",0,0,NA,NA,NA,NA,NA,NA,NA,NA,NA,NA,NA,NA,"erecta",NA,NA,NA,NA,NA,NA,NA,NA,NA,NA,NA,NA,NA,NA,NA
"767270196","Herniaria fruticosa L.",42.181977,-1.524415,"cdc,gass84,rdativ,txmathi,osiic,incomis,inmafu","d7c78847-d662-44c4-a550-5a812dbcc71b","2f390a80-56f3-11da-880b-b8a03c50a862","2a3f6a56-7591-4f05-8c4c-a1bb77aa4ea6","6c4a0bb0-2a4d-11d8-aa2d-b8a03c50a862","ES","EML","2026-04-17T19:28:39.449+00:00","2026-04-24T07:29:16.875+00:00",416,"PRESERVED_SPECIMEN",1,"PRESENT",7769858,6,7707728,220,422,2518,3085796,7769858,7769858,"Herniaria fruticosa L.","Plantae","Tracheophyta","Caryophyllales","Caryophyllaceae","Herniaria","Herniaria fruticosa","Herniaria","fruticosa","SPECIES","ACCEPTED",2000,1,0,"EUROPE","Na",NA,NA,NA,NA,NA,NA,"2011-05-11T00:00:00.000+00:00","2026-04-24T07:29:16.875+00:00","http://creativecommons.org/licenses/by/4.0/legalcode",FALSE,"PAMP:vascular:32745-1","none","none",FALSE,NA,NA,"C.Ursúa","none","WGS84","Magnoliopsida","ES","none","none","EUROPE","Spain","EUROPE","PAMP:vascular:32745-1","32745-1",NA,NA,"PAMP","422","La Blanca, Los Aguilares","767270196","es","vascular","PAMP:vascular:32745-1",NA,"Herniaria fruticosa L.","cb850a57-5506-41a2-97b6-8906453d7c4e",NA,"Herbarium specimen",NA,NA,NA,NA,NA,NA,NA,"C.Ursúa",NA,NA,NA,"17abcf75-2f1e-46dd-bf75-a5b21dd02655",NA,NA,NA,NA,NA,NA,NA,NA,NA,NA,NA,NA,NA,NA,NA,NA,NA,"matorral",0,0,NA,NA,NA,NA,NA,NA,NA,NA,NA,NA,NA,NA,NA,NA,NA,NA,NA,NA,NA,NA,NA,NA,NA,NA,NA,NA,NA,NA
"767270197","Herniaria fruticosa L.",42.211019,-1.467225,"cdc,gass84,rdativ,txmathi,osiic,incomis,inmafu","d7c78847-d662-44c4-a550-5a812dbcc71b","2f390a80-56f3-11da-880b-b8a03c50a862","2a3f6a56-7591-4f05-8c4c-a1bb77aa4ea6","6c4a0bb0-2a4d-11d8-aa2d-b8a03c50a862","ES","EML","2026-04-17T19:28:39.449+00:00","2026-04-24T07:29:02.291+00:00",416,"PRESERVED_SPECIMEN",1,"PRESENT",7769858,6,7707728,220,422,2518,3085796,7769858,7769858,"Herniaria fruticosa L.","Plantae","Tracheophyta","Caryophyllales","Caryophyllaceae","Herniaria","Herniaria fruticosa","Herniaria","fruticosa","SPECIES","ACCEPTED",4500,1,0,"EUROPE","Na",NA,NA,NA,NA,NA,NA,"2011-05-11T00:00:00.000+00:00","2026-04-24T07:29:02.291+00:00","http://creativecommons.org/licenses/by/4.0/legalcode",FALSE,"PAMP:vascular:32746-1","none","none",FALSE,NA,NA,"C.Ursúa","none","WGS84","Magnoliopsida","ES","none","none","EUROPE","Spain","EUROPE","PAMP:vascular:32746-1","32746-1",NA,NA,"PAMP","422","Bardenas Reales; Bardena Blanca, Polígono de Tiro","767270197","es","vascular","PAMP:vascular:32746-1",NA,"Herniaria fruticosa L.","cb850a57-5506-41a2-97b6-8906453d7c4e",NA,"Herbarium specimen",NA,NA,NA,NA,NA,NA,NA,"C.Ursúa",NA,NA,NA,"17abcf75-2f1e-46dd-bf75-a5b21dd02655",NA,NA,NA,NA,NA,NA,NA,NA,NA,NA,NA,NA,NA,NA,NA,NA,NA,"matorral con esparto",0,0,NA,NA,NA,NA,NA,NA,NA,NA,NA,NA,NA,NA,NA,NA,NA,NA,NA,NA,NA,NA,NA,NA,NA,NA,NA,NA,NA,NA
"767270198","Herniaria fruticosa L.",42.211019,-1.467225,"cdc,gass84,rdativ,txmathi,osiic,incomis,inmafu","d7c78847-d662-44c4-a550-5a812dbcc71b","2f390a80-56f3-11da-880b-b8a03c50a862","2a3f6a56-7591-4f05-8c4c-a1bb77aa4ea6","6c4a0bb0-2a4d-11d8-aa2d-b8a03c50a862","ES","EML","2026-04-17T19:28:39.449+00:00","2026-04-24T07:29:11.359+00:00",416,"PRESERVED_SPECIMEN",1,"PRESENT",7769858,6,7707728,220,422,2518,3085796,7769858,7769858,"Herniaria fruticosa L.","Plantae","Tracheophyta","Caryophyllales","Caryophyllaceae","Herniaria","Herniaria fruticosa","Herniaria","fruticosa","SPECIES","ACCEPTED",4500,1,0,"EUROPE","Na",NA,NA,NA,NA,NA,NA,"2011-05-11T00:00:00.000+00:00","2026-04-24T07:29:11.359+00:00","http://creativecommons.org/licenses/by/4.0/legalcode",FALSE,"PAMP:vascular:32747-1","none","none",FALSE,NA,NA,"C.Ursúa","none","WGS84","Magnoliopsida","ES","none","none","EUROPE","Spain","EUROPE","PAMP:vascular:32747-1","32747-1",NA,NA,"PAMP","422","Bardenas Reales; Bardena Blanca, Polígono de Tiro","767270198","es","vascular","PAMP:vascular:32747-1",NA,"Herniaria fruticosa L.","cb850a57-5506-41a2-97b6-8906453d7c4e",NA,"Herbarium specimen",NA,NA,NA,NA,NA,NA,NA,"C.Ursúa",NA,NA,NA,"17abcf75-2f1e-46dd-bf75-a5b21dd02655",NA,NA,NA,NA,NA,NA,NA,NA,NA,NA,NA,NA,NA,NA,NA,NA,NA,"espartal",0,0,NA,NA,NA,NA,NA,NA,NA,NA,NA,NA,NA,NA,NA,NA,NA,NA,NA,NA,NA,NA,NA,NA,NA,NA,NA,NA,NA,NA
"767270199","Herniaria fruticosa L.",42.183226,-1.497177,"cdc,gass84,rdativ,txmathi,osiic,incomis,inmafu","d7c78847-d662-44c4-a550-5a812dbcc71b","2f390a80-56f3-11da-880b-b8a03c50a862","2a3f6a56-7591-4f05-8c4c-a1bb77aa4ea6","6c4a0bb0-2a4d-11d8-aa2d-b8a03c50a862","ES","EML","2026-04-17T19:28:39.449+00:00","2026-04-24T07:28:51.812+00:00",416,"PRESERVED_SPECIMEN",1,"PRESENT",7769858,6,7707728,220,422,2518,3085796,7769858,7769858,"Herniaria fruticosa L.","Plantae","Tracheophyta","Caryophyllales","Caryophyllaceae","Herniaria","Herniaria fruticosa","Herniaria","fruticosa","SPECIES","ACCEPTED",11500,1,0,"EUROPE","Na",NA,NA,NA,NA,NA,NA,"2011-05-11T00:00:00.000+00:00","2026-04-24T07:28:51.812+00:00","http://creativecommons.org/licenses/by/4.0/legalcode",FALSE,"PAMP:vascular:32748-1","none","none",FALSE,NA,NA,"C.Ursúa","none","WGS84","Magnoliopsida","ES","none","none","EUROPE","Spain","EUROPE","PAMP:vascular:32748-1","32748-1",NA,NA,"PAMP","422","La Blanca","767270199","es","vascular","PAMP:vascular:32748-1",NA,"Herniaria fruticosa L.","cb850a57-5506-41a2-97b6-8906453d7c4e",NA,"Herbarium specimen",NA,NA,NA,NA,NA,NA,NA,"C.Ursúa",NA,NA,NA,"17abcf75-2f1e-46dd-bf75-a5b21dd02655",NA,NA,NA,NA,NA,NA,NA,NA,NA,NA,NA,NA,NA,NA,NA,NA,NA,NA,0,0,NA,NA,NA,NA,NA,NA,NA,NA,NA,NA,NA,NA,NA,NA,NA,NA,NA,NA,NA,NA,NA,NA,NA,NA,NA,NA,NA,NA
"767270200","Herniaria fruticosa L.",42.350474,-1.533203,"cdc,gass84,rdativ,txmathi,osiic,incomis,inmafu","d7c78847-d662-44c4-a550-5a812dbcc71b","2f390a80-56f3-11da-880b-b8a03c50a862","2a3f6a56-7591-4f05-8c4c-a1bb77aa4ea6","6c4a0bb0-2a4d-11d8-aa2d-b8a03c50a862","ES","EML","2026-04-17T19:28:39.449+00:00","2026-04-24T07:29:22.992+00:00",416,"PRESERVED_SPECIMEN",1,"PRESENT",7769858,6,7707728,220,422,2518,3085796,7769858,7769858,"Herniaria fruticosa L.","Plantae","Tracheophyta","Caryophyllales","Caryophyllaceae","Herniaria","Herniaria fruticosa","Herniaria","fruticosa","SPECIES","ACCEPTED",4660,1,0,"EUROPE","Na",NA,NA,NA,NA,NA,NA,"2011-05-11T00:00:00.000+00:00","2026-04-24T07:29:22.992+00:00","http://creativecommons.org/licenses/by/4.0/legalcode",FALSE,"PAMP:vascular:32749-1","none","none",FALSE,NA,NA,"C.Ursúa","none","WGS84","Magnoliopsida","ES","none","none","EUROPE","Spain","EUROPE","PAMP:vascular:32749-1","32749-1",NA,NA,"PAMP","422","Mélida; Mélida","767270200","es","vascular","PAMP:vascular:32749-1",NA,"Herniaria fruticosa L.","cb850a57-5506-41a2-97b6-8906453d7c4e",NA,"Herbarium specimen",NA,NA,NA,NA,NA,NA,NA,"C.Ursúa",NA,NA,NA,"17abcf75-2f1e-46dd-bf75-a5b21dd02655",NA,NA,NA,NA,NA,NA,NA,NA,NA,NA,NA,NA,NA,NA,NA,NA,NA,"matorral",0,0,NA,NA,NA,NA,NA,NA,NA,NA,NA,NA,NA,NA,NA,NA,NA,NA,NA,NA,NA,NA,NA,NA,NA,NA,NA,NA,NA,NA
"767270201","Herniaria fruticosa L.",42.215306,-1.593738,"cdc,gass84,rdativ,txmathi,osiic,incomis,inmafu","d7c78847-d662-44c4-a550-5a812dbcc71b","2f390a80-56f3-11da-880b-b8a03c50a862","2a3f6a56-7591-4f05-8c4c-a1bb77aa4ea6","6c4a0bb0-2a4d-11d8-aa2d-b8a03c50a862","ES","EML","2026-04-17T19:28:39.449+00:00","2026-04-24T07:29:22.127+00:00",416,"PRESERVED_SPECIMEN",1,"PRESENT",7769858,6,7707728,220,422,2518,3085796,7769858,7769858,"Herniaria fruticosa L.","Plantae","Tracheophyta","Caryophyllales","Caryophyllaceae","Herniaria","Herniaria fruticosa","Herniaria","fruticosa","SPECIES","ACCEPTED",6000,1,0,"EUROPE","Na",NA,NA,NA,NA,NA,NA,"2011-05-11T00:00:00.000+00:00","2026-04-24T07:29:22.127+00:00","http://creativecommons.org/licenses/by/4.0/legalcode",FALSE,"PAMP:vascular:32750-1","none","none",FALSE,NA,NA,"C.Ursúa","none","WGS84","Magnoliopsida","ES","none","none","EUROPE","Spain","EUROPE","PAMP:vascular:32750-1","32750-1",NA,NA,"PAMP","422","Sierra del Yugo","767270201","es","vascular","PAMP:vascular:32750-1",NA,"Herniaria fruticosa L.","cb850a57-5506-41a2-97b6-8906453d7c4e",NA,"Herbarium specimen",NA,NA,NA,NA,NA,NA,NA,"C.Ursúa",NA,NA,NA,"17abcf75-2f1e-46dd-bf75-a5b21dd02655",NA,NA,NA,NA,NA,NA,NA,NA,NA,NA,NA,NA,NA,NA,NA,NA,NA,"barranco erosionado",0,0,NA,NA,NA,NA,NA,NA,NA,NA,NA,NA,NA,NA,NA,NA,NA,NA,NA,NA,NA,NA,NA,NA,NA,NA,NA,NA,NA,NA
"767270203","Herniaria fruticosa L.",42.181977,-1.524415,"cdc,gass84,rdativ,txmathi,osiic,incomis,inmafu","d7c78847-d662-44c4-a550-5a812dbcc71b","2f390a80-56f3-11da-880b-b8a03c50a862","2a3f6a56-7591-4f05-8c4c-a1bb77aa4ea6","6c4a0bb0-2a4d-11d8-aa2d-b8a03c50a862","ES","EML","2026-04-17T19:28:39.449+00:00","2026-04-24T07:29:16.352+00:00",416,"PRESERVED_SPECIMEN",1,"PRESENT",7769858,6,7707728,220,422,2518,3085796,7769858,7769858,"Herniaria fruticosa L.","Plantae","Tracheophyta","Caryophyllales","Caryophyllaceae","Herniaria","Herniaria fruticosa","Herniaria","fruticosa","SPECIES","ACCEPTED",2000,1,0,"EUROPE","Na",NA,NA,NA,NA,NA,NA,"2011-05-11T00:00:00.000+00:00","2026-04-24T07:29:16.352+00:00","http://creativecommons.org/licenses/by/4.0/legalcode",FALSE,"PAMP:vascular:32751-1","none","none",FALSE,NA,NA,"C.Ursúa","none","WGS84","Magnoliopsida","ES","none","none","EUROPE","Spain","EUROPE","PAMP:vascular:32751-1","32751-1",NA,NA,"PAMP","422","Bardena Blanca, Los Aguilares","767270203","es","vascular","PAMP:vascular:32751-1",NA,"Herniaria fruticosa L.","cb850a57-5506-41a2-97b6-8906453d7c4e",NA,"Herbarium specimen",NA,NA,NA,NA,NA,NA,NA,"C.Ursúa",NA,NA,NA,"17abcf75-2f1e-46dd-bf75-a5b21dd02655",NA,NA,NA,NA,NA,NA,NA,NA,NA,NA,NA,NA,NA,NA,NA,NA,NA,NA,0,0,NA,NA,NA,NA,NA,NA,NA,NA,NA,NA,NA,NA,NA,NA,NA,NA,NA,NA,NA,NA,NA,NA,NA,NA,NA,NA,NA,NA
"767270204","Herniaria fruticosa L.",42.218349,-1.529069,"cdc,gass84,rdativ,txmathi,osiic,incomis,inmafu","d7c78847-d662-44c4-a550-5a812dbcc71b","2f390a80-56f3-11da-880b-b8a03c50a862","2a3f6a56-7591-4f05-8c4c-a1bb77aa4ea6","6c4a0bb0-2a4d-11d8-aa2d-b8a03c50a862","ES","EML","2026-04-17T19:28:39.449+00:00","2026-04-24T07:29:11.572+00:00",416,"PRESERVED_SPECIMEN",1,"PRESENT",7769858,6,7707728,220,422,2518,3085796,7769858,7769858,"Herniaria fruticosa L.","Plantae","Tracheophyta","Caryophyllales","Caryophyllaceae","Herniaria","Herniaria fruticosa","Herniaria","fruticosa","SPECIES","ACCEPTED",1500,1,0,"EUROPE","Na",NA,NA,NA,NA,NA,NA,"2011-05-11T00:00:00.000+00:00","2026-04-24T07:29:11.572+00:00","http://creativecommons.org/licenses/by/4.0/legalcode",FALSE,"PAMP:vascular:32752-1","none","none",FALSE,NA,NA,"C.Ursúa","none","WGS84","Magnoliopsida","ES","none","none","EUROPE","Spain","EUROPE","PAMP:vascular:32752-1","32752-1",NA,NA,"PAMP","422","Los Molares","767270204","es","vascular","PAMP:vascular:32752-1",NA,"Herniaria fruticosa L.","cb850a57-5506-41a2-97b6-8906453d7c4e",NA,"Herbarium specimen",NA,NA,NA,NA,NA,NA,NA,"C.Ursúa",NA,NA,NA,"17abcf75-2f1e-46dd-bf75-a5b21dd02655",NA,NA,NA,NA,NA,NA,NA,NA,NA,NA,NA,NA,NA,NA,NA,NA,NA,"matorral sobre Yeso",0,0,NA,NA,NA,NA,NA,NA,NA,NA,NA,NA,NA,NA,NA,NA,NA,NA,NA,NA,NA,NA,NA,NA,NA,NA,NA,NA,NA,NA
"767270205","Herniaria fruticosa L.",42.218349,-1.529069,"cdc,gass84,rdativ,txmathi,osiic,incomis,inmafu","d7c78847-d662-44c4-a550-5a812dbcc71b","2f390a80-56f3-11da-880b-b8a03c50a862","2a3f6a56-7591-4f05-8c4c-a1bb77aa4ea6","6c4a0bb0-2a4d-11d8-aa2d-b8a03c50a862","ES","EML","2026-04-17T19:28:39.449+00:00","2026-04-24T07:29:20.541+00:00",416,"PRESERVED_SPECIMEN",1,"PRESENT",7769858,6,7707728,220,422,2518,3085796,7769858,7769858,"Herniaria fruticosa L.","Plantae","Tracheophyta","Caryophyllales","Caryophyllaceae","Herniaria","Herniaria fruticosa","Herniaria","fruticosa","SPECIES","ACCEPTED",1500,1,0,"EUROPE","Na",NA,NA,NA,NA,NA,NA,"2011-05-11T00:00:00.000+00:00","2026-04-24T07:29:20.541+00:00","http://creativecommons.org/licenses/by/4.0/legalcode",FALSE,"PAMP:vascular:32753-1","none","none",FALSE,NA,NA,"C.Ursúa","none","WGS84","Magnoliopsida","ES","none","none","EUROPE","Spain","EUROPE","PAMP:vascular:32753-1","32753-1",NA,NA,"PAMP","422","Los Molares","767270205","es","vascular","PAMP:vascular:32753-1",NA,"Herniaria fruticosa L.","cb850a57-5506-41a2-97b6-8906453d7c4e",NA,"Herbarium specimen",NA,NA,NA,NA,NA,NA,NA,"C.Ursúa",NA,NA,NA,"17abcf75-2f1e-46dd-bf75-a5b21dd02655",NA,NA,NA,NA,NA,NA,NA,NA,NA,NA,NA,NA,NA,NA,NA,NA,NA,NA,0,0,NA,NA,NA,NA,NA,NA,NA,NA,NA,NA,NA,NA,NA,NA,NA,NA,NA,NA,NA,NA,NA,NA,NA,NA,NA,NA,NA,NA
"767270206","Herniaria fruticosa L.",42.211019,-1.467225,"cdc,gass84,rdativ,txmathi,osiic,incomis,inmafu","d7c78847-d662-44c4-a550-5a812dbcc71b","2f390a80-56f3-11da-880b-b8a03c50a862","2a3f6a56-7591-4f05-8c4c-a1bb77aa4ea6","6c4a0bb0-2a4d-11d8-aa2d-b8a03c50a862","ES","EML","2026-04-17T19:28:39.449+00:00","2026-04-24T07:29:08.626+00:00",416,"PRESERVED_SPECIMEN",1,"PRESENT",7769858,6,7707728,220,422,2518,3085796,7769858,7769858,"Herniaria fruticosa L.","Plantae","Tracheophyta","Caryophyllales","Caryophyllaceae","Herniaria","Herniaria fruticosa","Herniaria","fruticosa","SPECIES","ACCEPTED",4500,1,0,"EUROPE","Na",NA,NA,NA,NA,NA,NA,"2011-05-11T00:00:00.000+00:00","2026-04-24T07:29:08.626+00:00","http://creativecommons.org/licenses/by/4.0/legalcode",FALSE,"PAMP:vascular:32754-1","none","none",FALSE,NA,NA,"C.Ursúa","none","WGS84","Magnoliopsida","ES","none","none","EUROPE","Spain","EUROPE","PAMP:vascular:32754-1","32754-1",NA,NA,"PAMP","422","Bardenas Reales; Bardena Blanca, Polígono de Tiro","767270206","es","vascular","PAMP:vascular:32754-1",NA,"Herniaria fruticosa L.","cb850a57-5506-41a2-97b6-8906453d7c4e",NA,"Herbarium specimen",NA,NA,NA,NA,NA,NA,NA,"C.Ursúa",NA,NA,NA,"17abcf75-2f1e-46dd-bf75-a5b21dd02655",NA,NA,NA,NA,NA,NA,NA,NA,NA,NA,NA,NA,NA,NA,NA,NA,NA,"matorral",0,0,NA,NA,NA,NA,NA,NA,NA,NA,NA,NA,NA,NA,NA,NA,NA,NA,NA,NA,NA,NA,NA,NA,NA,NA,NA,NA,NA,NA
"767276559","Herniaria fruticosa L.",42.238445,-1.758623,"cdc,gass84,rdativ,osiic,incomis,inmafu","d7c78847-d662-44c4-a550-5a812dbcc71b","2f390a80-56f3-11da-880b-b8a03c50a862","2a3f6a56-7591-4f05-8c4c-a1bb77aa4ea6","6c4a0bb0-2a4d-11d8-aa2d-b8a03c50a862","ES","EML","2026-04-17T19:28:39.449+00:00","2026-04-24T07:29:15.476+00:00",416,"PRESERVED_SPECIMEN",1,"PRESENT",7769858,6,7707728,220,422,2518,3085796,7769858,7769858,"Herniaria fruticosa L.","Plantae","Tracheophyta","Caryophyllales","Caryophyllaceae","Herniaria","Herniaria fruticosa","Herniaria","fruticosa","SPECIES","ACCEPTED",4533,1,0,"EUROPE","Na",NA,NA,NA,NA,NA,NA,"2010-08-05T13:11:16.000+00:00","2026-04-24T07:29:15.476+00:00","http://creativecommons.org/licenses/by/4.0/legalcode",FALSE,"PAMP:vascular:9287-1","none","none",FALSE,NA,NA,"C.Ursúa","none","WGS84","Magnoliopsida","ES","none","none","EUROPE","Spain","EUROPE","PAMP:vascular:9287-1","9287-1",NA,NA,"PAMP","422","Milagro; Milagro","767276559","es","vascular","PAMP:vascular:9287-1",NA,"Herniaria fruticosa L.","cb850a57-5506-41a2-97b6-8906453d7c4e",NA,"Herbarium specimen",NA,NA,NA,NA,NA,NA,NA,"M. Imas, actualización nomenclatura ´ex oficio´",NA,NA,NA,"17abcf75-2f1e-46dd-bf75-a5b21dd02655",NA,NA,NA,NA,NA,NA,NA,NA,NA,NA,NA,NA,NA,NA,NA,NA,NA,"Monte-yesos",0,0,NA,NA,NA,NA,NA,NA,NA,NA,NA,NA,NA,NA,NA,NA,NA,NA,NA,NA,NA,NA,NA,NA,NA,NA,NA,NA,NA,NA
"767276560","Herniaria fruticosa L.",42.238445,-1.758623,"cdc,gass84,rdativ,osiic,incomis,inmafu","d7c78847-d662-44c4-a550-5a812dbcc71b","2f390a80-56f3-11da-880b-b8a03c50a862","2a3f6a56-7591-4f05-8c4c-a1bb77aa4ea6","6c4a0bb0-2a4d-11d8-aa2d-b8a03c50a862","ES","EML","2026-04-17T19:28:39.449+00:00","2026-04-24T07:28:55.927+00:00",416,"PRESERVED_SPECIMEN",1,"PRESENT",7769858,6,7707728,220,422,2518,3085796,7769858,7769858,"Herniaria fruticosa L.","Plantae","Tracheophyta","Caryophyllales","Caryophyllaceae","Herniaria","Herniaria fruticosa","Herniaria","fruticosa","SPECIES","ACCEPTED",4533,1,0,"EUROPE","Na",NA,NA,NA,NA,NA,NA,"2009-01-23T09:03:07.000+00:00","2026-04-24T07:28:55.927+00:00","http://creativecommons.org/licenses/by/4.0/legalcode",FALSE,"PAMP:vascular:9288-1","none","none",FALSE,NA,NA,"C.Ursúa","none","WGS84","Magnoliopsida","ES","none","none","EUROPE","Spain","EUROPE","PAMP:vascular:9288-1","9288-1",NA,NA,"PAMP","422","Milagro; Milagro","767276560","es","vascular","PAMP:vascular:9288-1",NA,"Herniaria fruticosa L.","cb850a57-5506-41a2-97b6-8906453d7c4e",NA,"Herbarium specimen",NA,NA,NA,NA,NA,NA,NA,"C.Ursúa",NA,NA,NA,"17abcf75-2f1e-46dd-bf75-a5b21dd02655",NA,NA,NA,NA,NA,NA,NA,NA,NA,NA,NA,NA,NA,NA,NA,NA,NA,"Monte",0,0,NA,NA,NA,NA,NA,NA,NA,NA,NA,NA,NA,NA,NA,NA,NA,NA,NA,NA,NA,NA,NA,NA,NA,NA,NA,NA,NA,NA
"767276561","Herniaria fruticosa L.",42.238445,-1.758623,"cdc,gass84,rdativ,osiic,incomis,inmafu","d7c78847-d662-44c4-a550-5a812dbcc71b","2f390a80-56f3-11da-880b-b8a03c50a862","2a3f6a56-7591-4f05-8c4c-a1bb77aa4ea6","6c4a0bb0-2a4d-11d8-aa2d-b8a03c50a862","ES","EML","2026-04-17T19:28:39.449+00:00","2026-04-24T07:28:53.189+00:00",416,"PRESERVED_SPECIMEN",1,"PRESENT",7769858,6,7707728,220,422,2518,3085796,7769858,7769858,"Herniaria fruticosa L.","Plantae","Tracheophyta","Caryophyllales","Caryophyllaceae","Herniaria","Herniaria fruticosa","Herniaria","fruticosa","SPECIES","ACCEPTED",4533,1,0,"EUROPE","Na",NA,NA,NA,NA,NA,NA,"2009-01-23T09:03:07.000+00:00","2026-04-24T07:28:53.189+00:00","http://creativecommons.org/licenses/by/4.0/legalcode",FALSE,"PAMP:vascular:9289-1","none","none",FALSE,NA,NA,"C.Ursúa","none","WGS84","Magnoliopsida","ES","none","none","EUROPE","Spain","EUROPE","PAMP:vascular:9289-1","9289-1",NA,NA,"PAMP","422","Milagro; Milagro","767276561","es","vascular","PAMP:vascular:9289-1",NA,"Herniaria fruticosa L.","cb850a57-5506-41a2-97b6-8906453d7c4e",NA,"Herbarium specimen",NA,NA,NA,NA,NA,NA,NA,"C.Ursúa",NA,NA,NA,"17abcf75-2f1e-46dd-bf75-a5b21dd02655",NA,NA,NA,NA,NA,NA,NA,NA,NA,NA,NA,NA,NA,NA,NA,NA,NA,"Monte-dehesa",0,0,NA,NA,NA,NA,NA,NA,NA,NA,NA,NA,NA,NA,NA,NA,NA,NA,NA,NA,NA,NA,NA,NA,NA,NA,NA,NA,NA,NA
"767277264","Herniaria fruticosa L.",42.329552,-1.735689,"cdc,gass84,rdativ,osiic,incomis,inmafu","d7c78847-d662-44c4-a550-5a812dbcc71b","2f390a80-56f3-11da-880b-b8a03c50a862","2a3f6a56-7591-4f05-8c4c-a1bb77aa4ea6","6c4a0bb0-2a4d-11d8-aa2d-b8a03c50a862","ES","EML","2026-04-17T19:28:39.449+00:00","2026-04-24T07:29:22.285+00:00",416,"PRESERVED_SPECIMEN",1,"PRESENT",7769858,6,7707728,220,422,2518,3085796,7769858,7769858,"Herniaria fruticosa L.","Plantae","Tracheophyta","Caryophyllales","Caryophyllaceae","Herniaria","Herniaria fruticosa","Herniaria","fruticosa","SPECIES","ACCEPTED",910,1,0,"EUROPE","Na",NA,NA,NA,NA,NA,NA,"2010-08-05T13:12:34.000+00:00","2026-04-24T07:29:22.285+00:00","http://creativecommons.org/licenses/by/4.0/legalcode",FALSE,"PAMP:vascular:9942-1","none","none",TRUE,NA,NA,"L.Garde","none","WGS84","Magnoliopsida","ES","none","none","EUROPE","Spain","EUROPE","PAMP:vascular:9942-1","9942-1",NA,NA,"PAMP","422","Marcilla; Marcilla","767277264","es","vascular","PAMP:vascular:9942-1",NA,"Herniaria fruticosa L.","cb850a57-5506-41a2-97b6-8906453d7c4e",NA,"Herbarium specimen",NA,NA,NA,NA,NA,NA,NA,"M. Imas, actualización nomenclatura ´ex oficio´",NA,NA,NA,"17abcf75-2f1e-46dd-bf75-a5b21dd02655",NA,NA,NA,NA,NA,NA,NA,NA,NA,NA,NA,NA,NA,NA,NA,NA,NA,"Terraza alta (Cerca pinar)",0,0,NA,NA,NA,NA,NA,NA,NA,NA,NA,NA,NA,NA,NA,NA,NA,NA,NA,NA,NA,NA,NA,NA,NA,NA,NA,NA,NA,NA
"767277265","Herniaria fruticosa L.",42.313507,-1.717373,"cdc,gass84,rdativ,osiic,incomis,inmafu","d7c78847-d662-44c4-a550-5a812dbcc71b","2f390a80-56f3-11da-880b-b8a03c50a862","2a3f6a56-7591-4f05-8c4c-a1bb77aa4ea6","6c4a0bb0-2a4d-11d8-aa2d-b8a03c50a862","ES","EML","2026-04-17T19:28:39.449+00:00","2026-04-24T07:29:21.443+00:00",416,"PRESERVED_SPECIMEN",1,"PRESENT",7769858,6,7707728,220,422,2518,3085796,7769858,7769858,"Herniaria fruticosa L.","Plantae","Tracheophyta","Caryophyllales","Caryophyllaceae","Herniaria","Herniaria fruticosa","Herniaria","fruticosa","SPECIES","ACCEPTED",1164,1,0,"EUROPE","Na",NA,NA,NA,NA,NA,NA,"2010-08-05T13:12:23.000+00:00","2026-04-24T07:29:21.443+00:00","http://creativecommons.org/licenses/by/4.0/legalcode",FALSE,"PAMP:vascular:9943-1","none","none",TRUE,NA,NA,"L.Garde","none","WGS84","Magnoliopsida","ES","none","none","EUROPE","Spain","EUROPE","PAMP:vascular:9943-1","9943-1",NA,NA,"PAMP","422","Marcilla; Marcilla, El Montico","767277265","es","vascular","PAMP:vascular:9943-1",NA,"Herniaria fruticosa L.","cb850a57-5506-41a2-97b6-8906453d7c4e",NA,"Herbarium specimen",NA,NA,NA,NA,NA,NA,NA,"M. Imas, actualización nomenclatura ´ex oficio´",NA,NA,NA,"17abcf75-2f1e-46dd-bf75-a5b21dd02655",NA,NA,NA,NA,NA,NA,NA,NA,NA,NA,NA,NA,NA,NA,NA,NA,NA,NA,0,0,NA,NA,NA,NA,NA,NA,NA,NA,NA,NA,NA,NA,NA,NA,NA,NA,NA,NA,NA,NA,NA,NA,NA,NA,NA,NA,NA,NA
"895352155","Herniaria fruticosa L.",38.650002,-0.93,"cdc,cdround,gass84,rdativ,colmafu,inmafu","834b7330-f762-11e1-a439-00145eb45e9a","a6deb94a-2c40-47ec-a678-3d502cd42bc2","2a3f6a56-7591-4f05-8c4c-a1bb77aa4ea6","6c4a0bb0-2a4d-11d8-aa2d-b8a03c50a862","ES","EML","2026-04-18T01:36:55.249+00:00","2026-04-23T23:11:39.889+00:00",393,"PRESERVED_SPECIMEN",NA,"PRESENT",7769858,6,7707728,220,422,2518,3085796,7769858,7769858,"Herniaria fruticosa L.","Plantae","Tracheophyta","Caryophyllales","Caryophyllaceae","Herniaria","Herniaria fruticosa","Herniaria","fruticosa","SPECIES","ACCEPTED",NA,NA,NA,"EUROPE","A",NA,NA,NA,NA,NA,NA,"2013-02-04T08:53:31.000+00:00","2026-04-23T23:11:39.889+00:00","http://creativecommons.org/licenses/by-nc/4.0/legalcode",FALSE,"SALA:SALA:137390-1","none","none",FALSE,NA,NA,"X. Giraldez & F.J. Hernández García","none","WGS84","Magnoliopsida","ES","none","none","EUROPE","Spain","EUROPE","SALA:SALA:137390-1","137390-1",NA,NA,"SALA","399","Villena (Alt Vinalopó), Los Cabezos","895352155",NA,"SALA",NA,NA,"Herniaria fruticosa L.","ce9d7fc6-1fc3-4bd1-8e80-12568400a716","6fedaeb7-a4c9-4664-b4c7-eca34ed6fd54","herbarium specimen","SALA",NA,NA,NA,NA,NA,NA,NA,"X102",NA,NA,NA,NA,NA,NA,NA,NA,NA,NA,NA,NA,NA,NA,NA,NA,NA,NA,NA,NA,NA,NA,NA,NA,NA,NA,NA,NA,NA,NA,NA,NA,NA,NA,NA,NA,NA,NA,NA,NA,NA,NA,NA,NA,NA,NA,NA,NA,NA,NA,NA
"1234473600","Herniaria fruticosa L.",37.75,-2.583333,"cdc,gass84,mdativ,rdativ,osiic,colmano,inmafu","8375dada-f762-11e1-a439-00145eb45e9a","520e3c81-7de2-4ef3-9b36-11f3bdad76a9","2a3f6a56-7591-4f05-8c4c-a1bb77aa4ea6","6c4a0bb0-2a4d-11d8-aa2d-b8a03c50a862","ES","EML","2026-04-18T01:37:28.535+00:00","2026-04-24T11:02:19.989+00:00",372,"PRESERVED_SPECIMEN",1,"PRESENT",7769858,6,7707728,220,422,2518,3085796,7769858,7769858,"Herniaria fruticosa L.","Plantae","Tracheophyta","Caryophyllales","Caryophyllaceae","Herniaria","Herniaria fruticosa","Herniaria","fruticosa","SPECIES","ACCEPTED",NA,850,0,"EUROPE",NA,NA,NA,NA,NA,NA,NA,NA,"2026-04-24T11:02:19.989+00:00","http://creativecommons.org/licenses/by-nc/4.0/legalcode",FALSE,"007D8C78-30FD-439D-8780-BB488178E3DD","none","none",FALSE,NA,NA,"P.F. Cannon, P.R. Crane, S.L. Jury & D.M. Moore","none","WGS84","Magnoliopsida","ES","none","none","EUROPE","Spain","EUROPE","007D8C78-30FD-439D-8780-BB488178E3DD","52497-1",NA,NA,"SEV","378","Huéscar, 7 Km SSW of town","1234473600",NA,"HerbarioSEV","007D8C78-30FD-439D-8780-BB488178E3DD",NA,"Herniaria fruticosa L.","ef985171-c61a-4a26-b9f6-82d15d6003d2",NA,NA,"SEV",NA,"02/07/1979",NA,NA,NA,NA,NA,NA,NA,NA,NA,NA,NA,NA,NA,NA,NA,NA,NA,NA,NA,"Granada",NA,NA,NA,NA,NA,NA,"Gypsaceous soils with large selenite crystals",NA,NA,NA,NA,NA,NA,NA,NA,NA,NA,NA,NA,NA,NA,NA,NA,NA,NA,NA,NA,NA,NA,NA,NA,NA,NA,NA,NA,NA,NA
"1434644782","Herniaria fruticosa L.",38.645,-0.891,"gass84,rdativ,osiic,colmano,inmafu","4f6d7736-ef4b-4115-a4e4-020b15c0bb28","8209258a-80e8-4094-aba2-a3febe5ed45b","2a3f6a56-7591-4f05-8c4c-a1bb77aa4ea6","6c4a0bb0-2a4d-11d8-aa2d-b8a03c50a862","ES","EML","2026-04-16T12:46:10.232+00:00","2026-04-24T09:31:55.936+00:00",406,"PRESERVED_SPECIMEN",1,"PRESENT",7769858,6,7707728,220,422,2518,3085796,7769858,7769858,"Herniaria fruticosa L.","Plantae","Tracheophyta","Caryophyllales","Caryophyllaceae","Herniaria","Herniaria fruticosa","Herniaria","fruticosa","SPECIES","ACCEPTED",707,550,0,"EUROPE","Alicante",NA,NA,NA,NA,NA,NA,"2016-09-07T08:25:07.000+00:00","2026-04-24T09:31:55.936+00:00","http://creativecommons.org/licenses/by-nc/4.0/legalcode",FALSE,"VAL:JBUV-BG:1156-1","none","none",FALSE,NA,NA,"J Riera, E Estrelles","none","WGS84","Magnoliopsida","ES","none","none","EUROPE","Spain","EUROPE","VAL:JBUV-BG:1156-1","1156-1",NA,NA,"VAL","412","Villena, Los Cabecicos","1434644782",NA,"JBUV-BG","VAL:JBUV-BG:1156-1",NA,"Herniaria fruticosa L.","c645b060-c130-45ee-97ab-b9fc94393523",NA,"Herbarium specimen",NA,NA,NA,NA,NA,NA,NA,NA,NA,NA,NA,NA,NA,NA,NA,NA,NA,NA,NA,NA,NA,NA,NA,NA,NA,NA,NA,NA,NA,"JBVAL-BG89B2000, ED50;",NA,NA,NA,NA,NA,NA,NA,NA,NA,NA,NA,NA,NA,NA,NA,NA,NA,NA,NA,NA,NA,NA,NA,NA,NA,NA,NA,NA,NA,NA
"1434645405","Herniaria fruticosa L.",38.645,-0.891,"gass84,rdativ,osiic,colmano,inmafu","4f6d7736-ef4b-4115-a4e4-020b15c0bb28","8209258a-80e8-4094-aba2-a3febe5ed45b","2a3f6a56-7591-4f05-8c4c-a1bb77aa4ea6","6c4a0bb0-2a4d-11d8-aa2d-b8a03c50a862","ES","EML","2026-04-16T12:46:10.232+00:00","2026-04-24T09:31:54.832+00:00",406,"PRESERVED_SPECIMEN",1,"PRESENT",7769858,6,7707728,220,422,2518,3085796,7769858,7769858,"Herniaria fruticosa L.","Plantae","Tracheophyta","Caryophyllales","Caryophyllaceae","Herniaria","Herniaria fruticosa","Herniaria","fruticosa","SPECIES","ACCEPTED",707,550,0,"EUROPE","Alicante",NA,NA,NA,NA,NA,NA,"2016-09-07T08:25:07.000+00:00","2026-04-24T09:31:54.832+00:00","http://creativecommons.org/licenses/by-nc/4.0/legalcode",FALSE,"VAL:JBUV-BG:1857-1","none","none",FALSE,NA,NA,"E Estrelles, J Pellicer","none","WGS84","Magnoliopsida","ES","none","none","EUROPE","Spain","EUROPE","VAL:JBUV-BG:1857-1","1857-1",NA,NA,"VAL","412","Villena, Los Cabecicos","1434645405",NA,"JBUV-BG","VAL:JBUV-BG:1857-1",NA,"Herniaria fruticosa L.","c645b060-c130-45ee-97ab-b9fc94393523",NA,"Herbarium specimen",NA,NA,NA,NA,NA,NA,NA,NA,NA,NA,NA,NA,NA,NA,NA,NA,NA,NA,NA,NA,NA,NA,NA,NA,NA,NA,NA,NA,NA,"JBVAL-BG53B2005, ED50;",NA,NA,NA,NA,NA,NA,NA,NA,NA,NA,NA,NA,NA,NA,NA,NA,NA,NA,NA,NA,NA,NA,NA,NA,NA,NA,NA,NA,NA,NA
"1434646442","Herniaria fruticosa L.",38.166127,-0.716737,"gass84,rdativ,osiic,colmano,inmafu","4f6d7736-ef4b-4115-a4e4-020b15c0bb28","8209258a-80e8-4094-aba2-a3febe5ed45b","2a3f6a56-7591-4f05-8c4c-a1bb77aa4ea6","6c4a0bb0-2a4d-11d8-aa2d-b8a03c50a862","ES","EML","2026-04-16T12:46:10.232+00:00","2026-04-24T09:31:51.942+00:00",406,"PRESERVED_SPECIMEN",1,"PRESENT",7769858,6,7707728,220,422,2518,3085796,7769858,7769858,"Herniaria fruticosa L.","Plantae","Tracheophyta","Caryophyllales","Caryophyllaceae","Herniaria","Herniaria fruticosa","Herniaria","fruticosa","SPECIES","ACCEPTED",1,5,0,"EUROPE","Alicante",NA,NA,NA,NA,NA,NA,"2016-09-07T08:24:56.000+00:00","2026-04-24T09:31:51.942+00:00","http://creativecommons.org/licenses/by-nc/4.0/legalcode",FALSE,"VAL:JBUV-BG:3731-1","none","none",FALSE,NA,NA,"P Soriano, A Olivares, E Estrelles","none","WGS84","Magnoliopsida","ES","none","none","EUROPE","Spain","EUROPE","VAL:JBUV-BG:3731-1","3731-1",NA,NA,"VAL","412","Elche, El Carrizal","1434646442",NA,"JBUV-BG","VAL:JBUV-BG:3731-1",NA,"Herniaria fruticosa L.","c645b060-c130-45ee-97ab-b9fc94393523",NA,"Herbarium specimen",NA,NA,NA,NA,NA,NA,NA,NA,NA,NA,NA,NA,NA,NA,NA,NA,NA,NA,NA,NA,NA,NA,NA,NA,NA,NA,NA,NA,NA,"JBVAL-BG49B2015, ETRS89;",NA,NA,NA,NA,NA,NA,NA,NA,NA,NA,NA,NA,NA,NA,NA,NA,NA,NA,NA,NA,NA,NA,NA,NA,NA,NA,NA,NA,NA,NA
"1712604635","Herniaria fruticosa L.",42.30835,-1.806135,"cdc,gass84,rdativ,txmathi,osiic,colmano,inmafu","c4ab57b5-b2f5-477f-b3fb-b42092074054","2f390a80-56f3-11da-880b-b8a03c50a862","2a3f6a56-7591-4f05-8c4c-a1bb77aa4ea6","6c4a0bb0-2a4d-11d8-aa2d-b8a03c50a862","ES","EML","2026-04-16T08:20:23.794+00:00","2026-04-24T09:27:01.875+00:00",399,"PRESERVED_SPECIMEN",1,"PRESENT",7769858,6,7707728,220,422,2518,3085796,7769858,7769858,"Herniaria fruticosa L.","Plantae","Tracheophyta","Caryophyllales","Caryophyllaceae","Herniaria","Herniaria fruticosa","Herniaria","fruticosa","SPECIES","ACCEPTED",2200,NA,NA,"EUROPE","Navarra",NA,NA,NA,NA,NA,NA,"2013-04-15T11:23:50.000+00:00","2026-04-24T09:27:01.875+00:00","http://creativecommons.org/licenses/by/4.0/legalcode",FALSE,"PAMP:TRACHEO-LG:37018-1","none","none",FALSE,"doi:10.15470/jxutdq",NA,"L. Garde","none","WGS84","Magnoliopsida","ES","none","none","EUROPE","Spain","EUROPE","PAMP:TRACHEO-LG:37018-1","37018-1",NA,NA,"PAMP","405","Funes; Altos de Funes","1712604635",NA,"TRACHEO-LG","PAMP:TRACHEO-LG:37018-1",NA,"Herniaria fruticosa L.","cb850a57-5506-41a2-97b6-8906453d7c4e",NA,"Herbarium specimen",NA,NA,NA,NA,NA,NA,NA,"L. Garde",NA,NA,NA,"17abcf75-2f1e-46dd-bf75-a5b21dd02655",NA,NA,NA,NA,NA,NA,NA,NA,NA,NA,NA,NA,NA,NA,NA,NA,NA,NA,NA,NA,NA,NA,NA,NA,NA,NA,NA,NA,NA,NA,NA,NA,NA,NA,NA,NA,NA,NA,NA,NA,NA,NA,NA,NA,NA,NA,NA,NA
"1712604641","Herniaria fruticosa L.",42.461263,-1.929349,"cdc,gass84,rdativ,txmathi,osiic,colmano,inmafu","c4ab57b5-b2f5-477f-b3fb-b42092074054","2f390a80-56f3-11da-880b-b8a03c50a862","2a3f6a56-7591-4f05-8c4c-a1bb77aa4ea6","6c4a0bb0-2a4d-11d8-aa2d-b8a03c50a862","ES","EML","2026-04-16T08:20:23.794+00:00","2026-04-24T09:27:06.472+00:00",399,"PRESERVED_SPECIMEN",1,"PRESENT",7769858,6,7707728,220,422,2518,3085796,7769858,7769858,"Herniaria fruticosa L.","Plantae","Tracheophyta","Caryophyllales","Caryophyllaceae","Herniaria","Herniaria fruticosa","Herniaria","fruticosa","SPECIES","ACCEPTED",4500,NA,NA,"EUROPE","Navarra",NA,NA,NA,NA,NA,NA,"2013-04-22T09:32:26.000+00:00","2026-04-24T09:27:06.472+00:00","http://creativecommons.org/licenses/by/4.0/legalcode",FALSE,"PAMP:TRACHEO-LG:37019-1","none","none",FALSE,"doi:10.15470/jxutdq",NA,"L. Garde","none","WGS84","Magnoliopsida","ES","none","none","EUROPE","Spain","EUROPE","PAMP:TRACHEO-LG:37019-1","37019-1",NA,NA,"PAMP","405","Lerín; Mondeyuso","1712604641",NA,"TRACHEO-LG","PAMP:TRACHEO-LG:37019-1",NA,"Herniaria fruticosa L.","cb850a57-5506-41a2-97b6-8906453d7c4e",NA,"Herbarium specimen",NA,NA,NA,NA,NA,NA,NA,"L. Garde",NA,NA,NA,"17abcf75-2f1e-46dd-bf75-a5b21dd02655",NA,NA,NA,NA,NA,NA,NA,NA,NA,NA,NA,NA,NA,NA,NA,NA,NA,NA,NA,NA,NA,NA,NA,NA,NA,NA,NA,NA,NA,NA,NA,NA,NA,NA,NA,NA,NA,NA,NA,NA,NA,NA,NA,NA,NA,NA,NA,NA
"1712604736","Herniaria fruticosa L.",42.291923,-1.804419,"cdc,gass84,rdativ,txmathi,osiic,colmano,inmafu","c4ab57b5-b2f5-477f-b3fb-b42092074054","2f390a80-56f3-11da-880b-b8a03c50a862","2a3f6a56-7591-4f05-8c4c-a1bb77aa4ea6","6c4a0bb0-2a4d-11d8-aa2d-b8a03c50a862","ES","EML","2026-04-16T08:20:23.794+00:00","2026-04-24T09:27:04.742+00:00",399,"PRESERVED_SPECIMEN",1,"PRESENT",7769858,6,7707728,220,422,2518,3085796,7769858,7769858,"Herniaria fruticosa L.","Plantae","Tracheophyta","Caryophyllales","Caryophyllaceae","Herniaria","Herniaria fruticosa","Herniaria","fruticosa","SPECIES","ACCEPTED",5700,NA,NA,"EUROPE","Navarra",NA,NA,NA,NA,NA,NA,"2013-04-25T10:02:58.000+00:00","2026-04-24T09:27:04.742+00:00","http://creativecommons.org/licenses/by/4.0/legalcode",FALSE,"PAMP:TRACHEO-LG:37016-1","none","none",FALSE,"doi:10.15470/jxutdq",NA,"L. Garde","none","WGS84","Magnoliopsida","ES","none","none","EUROPE","Spain","EUROPE","PAMP:TRACHEO-LG:37016-1","37016-1",NA,NA,"PAMP","405","Funes; Funes","1712604736",NA,"TRACHEO-LG","PAMP:TRACHEO-LG:37016-1",NA,"Herniaria fruticosa L.","cb850a57-5506-41a2-97b6-8906453d7c4e",NA,"Herbarium specimen",NA,NA,NA,NA,NA,NA,NA,"L. Garde",NA,NA,NA,"17abcf75-2f1e-46dd-bf75-a5b21dd02655",NA,NA,NA,NA,NA,NA,NA,NA,NA,NA,NA,NA,NA,NA,NA,NA,NA,NA,NA,NA,NA,NA,NA,NA,NA,NA,NA,NA,NA,NA,NA,NA,NA,NA,NA,NA,NA,NA,NA,NA,NA,NA,NA,NA,NA,NA,NA,NA
"1712607356","Herniaria fruticosa L.",42.313507,-1.717373,"cdc,gass84,rdativ,osiic,colmano,inmafu","c4ab57b5-b2f5-477f-b3fb-b42092074054","2f390a80-56f3-11da-880b-b8a03c50a862","2a3f6a56-7591-4f05-8c4c-a1bb77aa4ea6","6c4a0bb0-2a4d-11d8-aa2d-b8a03c50a862","ES","EML","2026-04-16T08:20:23.794+00:00","2026-04-24T09:27:04.648+00:00",399,"PRESERVED_SPECIMEN",1,"PRESENT",7769858,6,7707728,220,422,2518,3085796,7769858,7769858,"Herniaria fruticosa L.","Plantae","Tracheophyta","Caryophyllales","Caryophyllaceae","Herniaria","Herniaria fruticosa","Herniaria","fruticosa","SPECIES","ACCEPTED",1164,NA,NA,"EUROPE","Navarra",NA,NA,NA,NA,NA,NA,"2010-08-05T13:12:23.000+00:00","2026-04-24T09:27:04.648+00:00","http://creativecommons.org/licenses/by/4.0/legalcode",FALSE,"PAMP:TRACHEO-LG:9943-1","none","none",TRUE,"doi:10.15470/jxutdq",NA,"L. Garde","none","WGS84","Magnoliopsida","ES","none","none","EUROPE","Spain","EUROPE","PAMP:TRACHEO-LG:9943-1","9943-1",NA,NA,"PAMP","405","Marcilla; Marcilla, El Montico","1712607356",NA,"TRACHEO-LG","PAMP:TRACHEO-LG:9943-1",NA,"Herniaria fruticosa L.","cb850a57-5506-41a2-97b6-8906453d7c4e",NA,"Herbarium specimen",NA,NA,NA,NA,NA,NA,NA,"M. Imas, actualización nomenclatura ´ex oficio´",NA,NA,NA,"17abcf75-2f1e-46dd-bf75-a5b21dd02655",NA,NA,NA,NA,NA,NA,NA,NA,NA,NA,NA,NA,NA,NA,NA,NA,NA,NA,NA,NA,NA,NA,NA,NA,NA,NA,NA,NA,NA,NA,NA,NA,NA,NA,NA,NA,NA,NA,NA,NA,NA,NA,NA,NA,NA,NA,NA,NA
"1712607379","Herniaria fruticosa L.",42.329552,-1.735689,"cdc,gass84,rdativ,osiic,colmano,inmafu","c4ab57b5-b2f5-477f-b3fb-b42092074054","2f390a80-56f3-11da-880b-b8a03c50a862","2a3f6a56-7591-4f05-8c4c-a1bb77aa4ea6","6c4a0bb0-2a4d-11d8-aa2d-b8a03c50a862","ES","EML","2026-04-16T08:20:23.794+00:00","2026-04-24T09:27:04.111+00:00",399,"PRESERVED_SPECIMEN",1,"PRESENT",7769858,6,7707728,220,422,2518,3085796,7769858,7769858,"Herniaria fruticosa L.","Plantae","Tracheophyta","Caryophyllales","Caryophyllaceae","Herniaria","Herniaria fruticosa","Herniaria","fruticosa","SPECIES","ACCEPTED",910,NA,NA,"EUROPE","Navarra",NA,NA,NA,NA,NA,NA,"2010-08-05T13:12:34.000+00:00","2026-04-24T09:27:04.111+00:00","http://creativecommons.org/licenses/by/4.0/legalcode",FALSE,"PAMP:TRACHEO-LG:9942-1","none","none",TRUE,"doi:10.15470/jxutdq",NA,"L. Garde","none","WGS84","Magnoliopsida","ES","none","none","EUROPE","Spain","EUROPE","PAMP:TRACHEO-LG:9942-1","9942-1",NA,NA,"PAMP","405","Marcilla; Marcilla","1712607379",NA,"TRACHEO-LG","PAMP:TRACHEO-LG:9942-1",NA,"Herniaria fruticosa L.","cb850a57-5506-41a2-97b6-8906453d7c4e",NA,"Herbarium specimen",NA,"Terraza alta (Cerca pinar)",NA,NA,NA,NA,NA,"M. Imas, actualización nomenclatura ´ex oficio´",NA,NA,NA,"17abcf75-2f1e-46dd-bf75-a5b21dd02655",NA,NA,NA,NA,NA,NA,NA,NA,NA,NA,NA,NA,NA,NA,NA,NA,NA,NA,NA,NA,NA,NA,NA,NA,NA,NA,NA,NA,NA,NA,NA,NA,NA,NA,NA,NA,NA,NA,NA,NA,NA,NA,NA,NA,NA,NA,NA,NA
"1935899852","Herniaria fruticosa L.",40.1063,-3.7053,"cdc,gass84,txmathi,inmano","834c9918-f762-11e1-a439-00145eb45e9a","0363cbd4-f666-455e-8e86-0bbddcf51950","2a3f6a56-7591-4f05-8c4c-a1bb77aa4ea6","6c4a0bb0-2a4d-11d8-aa2d-b8a03c50a862","ES","EML","2026-04-18T01:37:27.366+00:00","2026-04-24T05:19:24.215+00:00",423,"PRESERVED_SPECIMEN",NA,"PRESENT",7769858,6,7707728,220,422,2518,3085796,7769858,7769858,"Herniaria fruticosa L.","Plantae","Tracheophyta","Caryophyllales","Caryophyllaceae","Herniaria","Herniaria fruticosa","Herniaria","fruticosa","SPECIES","ACCEPTED",NA,NA,NA,"EUROPE","Madrid",NA,NA,NA,NA,NA,NA,NA,"2026-04-24T05:19:24.215+00:00","http://creativecommons.org/licenses/by-nc/4.0/legalcode",FALSE,"2892f3cc-20fe-11e3-9e2e-000c29035824","none","none",FALSE,"834c9918-f762-11e1-a439-00145eb45e9a",NA,"Juan Isern Batlló y Carrera","none","WGS84","Magnoliopsida","ES","none","none","EUROPE","Spain","EUROPE","2892f3cc-20fe-11e3-9e2e-000c29035824","MA-01-00037825","0363cbd4-f666-455e-8e86-0bbddcf51950",NA,"MA","429","Valdemoro","1935899852","es","MA","2892f3cc-20fe-11e3-9e2e-000c29035824","Collection","Herniaria fruticosa L.",NA,NA,NA,"MA",NA,NA,NA,NA,NA,NA,"M. Nazeer Chaudhri",NA,NA,NA,"17abcf75-2f1e-46dd-bf75-a5b21dd02655",NA,NA,NA,NA,NA,NA,NA,NA,NA,NA,NA,NA,NA,"7769858",NA,NA,NA,NA,NA,NA,"MA",NA,NA,NA,NA,NA,NA,"MA-37825-1","9860e041-20fe-11e3-9e2e-000c29035824",NA,NA,NA,NA,NA,NA,NA,NA,NA,NA,NA,NA,NA,NA,NA,NA,NA,NA,NA
"1935899913","Herniaria fruticosa L.",40.0333,-3.59773,"cdc,gass84,txmathi,inmano","834c9918-f762-11e1-a439-00145eb45e9a","0363cbd4-f666-455e-8e86-0bbddcf51950","2a3f6a56-7591-4f05-8c4c-a1bb77aa4ea6","6c4a0bb0-2a4d-11d8-aa2d-b8a03c50a862","ES","EML","2026-04-18T01:37:27.366+00:00","2026-04-24T05:19:24.210+00:00",423,"PRESERVED_SPECIMEN",NA,"PRESENT",7769858,6,7707728,220,422,2518,3085796,7769858,7769858,"Herniaria fruticosa L.","Plantae","Tracheophyta","Caryophyllales","Caryophyllaceae","Herniaria","Herniaria fruticosa","Herniaria","fruticosa","SPECIES","ACCEPTED",NA,NA,NA,"EUROPE","Madrid",NA,NA,NA,NA,NA,NA,NA,"2026-04-24T05:19:24.210+00:00","http://creativecommons.org/licenses/by-nc/4.0/legalcode",FALSE,"2892db4c-20fe-11e3-9e2e-000c29035824","none","none",FALSE,"834c9918-f762-11e1-a439-00145eb45e9a",NA,"Antonio José Cavanilles Palop","none","WGS84","Magnoliopsida","ES","none","none","EUROPE","Spain","EUROPE","2892db4c-20fe-11e3-9e2e-000c29035824","MA-01-00037820","0363cbd4-f666-455e-8e86-0bbddcf51950",NA,"MA","429","Aranjuez","1935899913","es","MA","2892db4c-20fe-11e3-9e2e-000c29035824","Collection","Herniaria fruticosa L.",NA,NA,NA,"MA",NA,NA,NA,NA,NA,NA,"M. Nazeer Chaudhri",NA,NA,NA,"17abcf75-2f1e-46dd-bf75-a5b21dd02655",NA,NA,NA,NA,NA,NA,NA,NA,NA,NA,NA,NA,NA,"7769858",NA,NA,NA,NA,NA,NA,"MA",NA,NA,NA,NA,NA,NA,"MA-37820-1","9860a43e-20fe-11e3-9e2e-000c29035824",NA,NA,NA,NA,NA,NA,NA,NA,NA,NA,NA,NA,NA,NA,NA,NA,NA,NA,NA
"1935900253","Herniaria fruticosa L.",41.1,-4.5333,"cdc,gass84,txmathi,inmano","834c9918-f762-11e1-a439-00145eb45e9a","0363cbd4-f666-455e-8e86-0bbddcf51950","2a3f6a56-7591-4f05-8c4c-a1bb77aa4ea6","6c4a0bb0-2a4d-11d8-aa2d-b8a03c50a862","ES","EML","2026-04-18T01:37:27.366+00:00","2026-04-24T05:19:24.211+00:00",423,"PRESERVED_SPECIMEN",NA,"PRESENT",7769858,6,7707728,220,422,2518,3085796,7769858,7769858,"Herniaria fruticosa L.","Plantae","Tracheophyta","Caryophyllales","Caryophyllaceae","Herniaria","Herniaria fruticosa","Herniaria","fruticosa","SPECIES","ACCEPTED",NA,NA,NA,"EUROPE",NA,NA,NA,NA,NA,NA,NA,NA,"2026-04-24T05:19:24.211+00:00","http://creativecommons.org/licenses/by-nc/4.0/legalcode",FALSE,"289390a0-20fe-11e3-9e2e-000c29035824","none","none",FALSE,"834c9918-f762-11e1-a439-00145eb45e9a",NA,NA,"none","WGS84","Magnoliopsida","ES","none","none","EUROPE","Spain","EUROPE","289390a0-20fe-11e3-9e2e-000c29035824","MA-01-00037850","0363cbd4-f666-455e-8e86-0bbddcf51950",NA,"MA","429","[sin localidad]","1935900253","es","MA","289390a0-20fe-11e3-9e2e-000c29035824","Collection","Herniaria fruticosa L.",NA,NA,NA,"MA","in aridis, arrozales",NA,NA,NA,NA,NA,"M. Nazeer Chaudhri","299",NA,NA,"17abcf75-2f1e-46dd-bf75-a5b21dd02655",NA,NA,NA,NA,NA,NA,NA,NA,NA,NA,NA,NA,NA,"7769858",NA,NA,NA,NA,NA,NA,"MA",NA,NA,NA,NA,NA,NA,"MA-37850-1","98615455-20fe-11e3-9e2e-000c29035824",NA,"Revisión para Flora Ibérica",NA,NA,NA,NA,NA,NA,NA,NA,NA,NA,NA,NA,NA,NA,NA,NA,NA
"1935900330","Herniaria fruticosa L.",40.1063,-3.7053,"cdc,gass84,rdativ,txmathi,inmano","834c9918-f762-11e1-a439-00145eb45e9a","0363cbd4-f666-455e-8e86-0bbddcf51950","2a3f6a56-7591-4f05-8c4c-a1bb77aa4ea6","6c4a0bb0-2a4d-11d8-aa2d-b8a03c50a862","ES","EML","2026-04-18T01:37:27.366+00:00","2026-04-24T05:21:05.688+00:00",423,"PRESERVED_SPECIMEN",NA,"PRESENT",7769858,6,7707728,220,422,2518,3085796,7769858,7769858,"Herniaria fruticosa L.","Plantae","Tracheophyta","Caryophyllales","Caryophyllaceae","Herniaria","Herniaria fruticosa","Herniaria","fruticosa","SPECIES","ACCEPTED",NA,NA,NA,"EUROPE","Madrid",NA,NA,NA,NA,NA,NA,NA,"2026-04-24T05:21:05.688+00:00","http://creativecommons.org/licenses/by-nc/4.0/legalcode",FALSE,"2892f90c-20fe-11e3-9e2e-000c29035824","none","none",FALSE,"834c9918-f762-11e1-a439-00145eb45e9a",NA,"Carlos Pau Español","none","WGS84","Magnoliopsida","ES","none","none","EUROPE","Spain","EUROPE","2892f90c-20fe-11e3-9e2e-000c29035824","MA-01-00037826","0363cbd4-f666-455e-8e86-0bbddcf51950",NA,"MA","429","Ciempozuelos","1935900330","es","MA","2892f90c-20fe-11e3-9e2e-000c29035824","Collection","Herniaria fruticosa L.",NA,NA,NA,"MA",NA,"00050000",NA,NA,NA,NA,"M. Nazeer Chaudhri",NA,NA,NA,"17abcf75-2f1e-46dd-bf75-a5b21dd02655",NA,NA,NA,NA,NA,NA,NA,NA,NA,NA,NA,NA,NA,"7769858",NA,NA,NA,NA,NA,NA,"MA",NA,NA,NA,NA,NA,NA,"MA-37826-1","9860e4b4-20fe-11e3-9e2e-000c29035824",NA,NA,NA,NA,NA,NA,NA,NA,NA,NA,NA,NA,NA,NA,NA,NA,NA,NA,NA
"1935993668","Herniaria fruticosa L.",41.3619,-1.6622,"cdc,gass84,rdativ,inmano","834c9918-f762-11e1-a439-00145eb45e9a","0363cbd4-f666-455e-8e86-0bbddcf51950","2a3f6a56-7591-4f05-8c4c-a1bb77aa4ea6","6c4a0bb0-2a4d-11d8-aa2d-b8a03c50a862","ES","EML","2026-04-18T01:37:27.366+00:00","2026-04-24T05:19:39.046+00:00",423,"PRESERVED_SPECIMEN",NA,"PRESENT",7769858,6,7707728,220,422,2518,3085796,7769858,7769858,"Herniaria fruticosa L.","Plantae","Tracheophyta","Caryophyllales","Caryophyllaceae","Herniaria","Herniaria fruticosa","Herniaria","fruticosa","SPECIES","ACCEPTED",NA,NA,NA,"EUROPE","Zaragoza",NA,NA,NA,NA,NA,NA,NA,"2026-04-24T05:19:39.046+00:00","http://creativecommons.org/licenses/by-nc/4.0/legalcode",FALSE,"32d7f1a8-20fe-11e3-9e2e-000c29035824","none","none",FALSE,"834c9918-f762-11e1-a439-00145eb45e9a",NA,NA,"none","WGS84","Magnoliopsida","ES","none","none","EUROPE","Spain","EUROPE","32d7f1a8-20fe-11e3-9e2e-000c29035824","MA-01-00177347","0363cbd4-f666-455e-8e86-0bbddcf51950",NA,"MA","429","Calatayud","1935993668","es","MA","32d7f1a8-20fe-11e3-9e2e-000c29035824","Collection","Herniaria fruticosa L.",NA,NA,NA,"MA","in aridis gypsaceis","00070000",NA,NA,NA,NA,NA,NA,NA,NA,"17abcf75-2f1e-46dd-bf75-a5b21dd02655",NA,NA,NA,NA,NA,NA,NA,NA,NA,NA,NA,NA,NA,"7769858",NA,NA,NA,NA,NA,NA,"MA",NA,NA,NA,NA,NA,NA,"MA-177347-1","a29d19e3-20fe-11e3-9e2e-000c29035824",NA,"Identificación confirmada para Flora Ibérica por M. Nazeer Chaudhri 10/1987",NA,NA,NA,NA,NA,NA,NA,NA,NA,NA,NA,NA,NA,NA,NA,NA,NA
"1936278206","Herniaria fruticosa L.",41.5248,-0.6042,"cdc,gass84,inmano","834c9918-f762-11e1-a439-00145eb45e9a","0363cbd4-f666-455e-8e86-0bbddcf51950","2a3f6a56-7591-4f05-8c4c-a1bb77aa4ea6","6c4a0bb0-2a4d-11d8-aa2d-b8a03c50a862","ES","EML","2026-04-18T01:37:27.366+00:00","2026-04-24T05:20:43.337+00:00",423,"PRESERVED_SPECIMEN",NA,"PRESENT",7769858,6,7707728,220,422,2518,3085796,7769858,7769858,"Herniaria fruticosa L.","Plantae","Tracheophyta","Caryophyllales","Caryophyllaceae","Herniaria","Herniaria fruticosa","Herniaria","fruticosa","SPECIES","ACCEPTED",NA,NA,NA,"EUROPE","Zaragoza",NA,NA,NA,NA,NA,NA,NA,"2026-04-24T05:20:43.337+00:00","http://creativecommons.org/licenses/by-nc/4.0/legalcode",FALSE,"5d2eca34-4f76-4508-b18f-66fbf363aef0","none","none",FALSE,"834c9918-f762-11e1-a439-00145eb45e9a",NA,NA,"none","WGS84","Magnoliopsida","ES","none","none","EUROPE","Spain","EUROPE","5d2eca34-4f76-4508-b18f-66fbf363aef0","MA-01-00867617","0363cbd4-f666-455e-8e86-0bbddcf51950",NA,"MA","429","Osera","1936278206","es","MA","5d2eca34-4f76-4508-b18f-66fbf363aef0","Collection","Herniaria fruticosa L.",NA,NA,NA,"MA",NA,NA,NA,NA,NA,NA,NA,"13751",NA,NA,"17abcf75-2f1e-46dd-bf75-a5b21dd02655",NA,NA,NA,NA,NA,NA,NA,NA,NA,NA,NA,NA,NA,"7769858",NA,NA,NA,NA,NA,NA,"MA",NA,NA,NA,NA,NA,NA,NA,"276712cc-cd12-411c-90f6-04b9bc3a665c",NA,NA,NA,NA,NA,NA,NA,NA,NA,NA,NA,NA,NA,NA,NA,NA,NA,NA,NA
"1936291409","Herniaria fruticosa L.",40.014131,-3.603453,"cdc,cdround,gass84,inmano","834c9918-f762-11e1-a439-00145eb45e9a","0363cbd4-f666-455e-8e86-0bbddcf51950","2a3f6a56-7591-4f05-8c4c-a1bb77aa4ea6","6c4a0bb0-2a4d-11d8-aa2d-b8a03c50a862","ES","EML","2026-04-18T01:37:27.366+00:00","2026-04-24T05:19:10.352+00:00",423,"PRESERVED_SPECIMEN",NA,"PRESENT",7769858,6,7707728,220,422,2518,3085796,7769858,7769858,"Herniaria fruticosa L.","Plantae","Tracheophyta","Caryophyllales","Caryophyllaceae","Herniaria","Herniaria fruticosa","Herniaria","fruticosa","SPECIES","ACCEPTED",NA,560,NA,"EUROPE","Madrid",NA,NA,NA,NA,NA,NA,NA,"2026-04-24T05:19:10.352+00:00","http://creativecommons.org/licenses/by-nc/4.0/legalcode",FALSE,"11604412-867d-4811-8163-e2fb7ecabd5d","none","none",FALSE,"834c9918-f762-11e1-a439-00145eb45e9a",NA,"José González Granados","none","WGS84","Magnoliopsida","ES","none","none","EUROPE","Spain","EUROPE","11604412-867d-4811-8163-e2fb7ecabd5d","MA-01-00881812","0363cbd4-f666-455e-8e86-0bbddcf51950",NA,"MA","429","Aranjuez, El Regajal","1936291409","es","MA","11604412-867d-4811-8163-e2fb7ecabd5d","Collection","Herniaria fruticosa L.",NA,NA,NA,"MA","Margas yesíferas",NA,NA,NA,NA,NA,"José González Granados",NA,NA,NA,"17abcf75-2f1e-46dd-bf75-a5b21dd02655",NA,NA,NA,NA,NA,NA,NA,NA,NA,NA,NA,NA,NA,"7769858",NA,NA,NA,NA,NA,NA,"MA",NA,NA,NA,NA,NA,NA,NA,"3fe83a50-2bab-42fe-bdad-684d3346cd9f",NA,NA,NA,NA,NA,NA,NA,NA,NA,NA,NA,NA,NA,NA,NA,NA,NA,NA,NA
"1936301997","Herniaria fruticosa L.",37.610556,-0.744167,"cdc,cdround,gass84,inmano","834c9918-f762-11e1-a439-00145eb45e9a","0363cbd4-f666-455e-8e86-0bbddcf51950","2a3f6a56-7591-4f05-8c4c-a1bb77aa4ea6","6c4a0bb0-2a4d-11d8-aa2d-b8a03c50a862","ES","EML","2026-04-18T01:37:27.366+00:00","2026-04-24T05:20:54.480+00:00",423,"PRESERVED_SPECIMEN",NA,"PRESENT",7769858,6,7707728,220,422,2518,3085796,7769858,7769858,"Herniaria fruticosa L.","Plantae","Tracheophyta","Caryophyllales","Caryophyllaceae","Herniaria","Herniaria fruticosa","Herniaria","fruticosa","SPECIES","ACCEPTED",NA,80,NA,"EUROPE","Murcia",NA,NA,NA,NA,NA,NA,NA,"2026-04-24T05:20:54.480+00:00","http://creativecommons.org/licenses/by-nc/4.0/legalcode",FALSE,"7400f326-bf52-491f-a708-1d56706311c4","none","none",FALSE,"834c9918-f762-11e1-a439-00145eb45e9a",NA,NA,"none","WGS84","Magnoliopsida","ES","none","none","EUROPE","Spain","EUROPE","7400f326-bf52-491f-a708-1d56706311c4","MA-01-00892937","0363cbd4-f666-455e-8e86-0bbddcf51950",NA,"MA","429","Calblanque, Cerro de los Cuatro Tiros","1936301997","es","MA","7400f326-bf52-491f-a708-1d56706311c4","Collection","Herniaria fruticosa L.",NA,NA,NA,"MA","matorral de palmito y romero",NA,NA,NA,NA,NA,NA,"21312",NA,NA,"17abcf75-2f1e-46dd-bf75-a5b21dd02655",NA,NA,NA,NA,NA,NA,NA,NA,NA,NA,NA,NA,NA,"7769858",NA,NA,NA,NA,NA,NA,"MA",NA,NA,NA,NA,NA,NA,NA,"b7699a54-c3f4-4115-930a-bed11e83e33b",NA,NA,NA,NA,NA,NA,NA,NA,NA,NA,NA,NA,NA,NA,NA,NA,NA,NA,NA
"1936501632","Herniaria fruticosa L.",41.1,-4.5333,"cdc,gass84,inmano","834c9918-f762-11e1-a439-00145eb45e9a","0363cbd4-f666-455e-8e86-0bbddcf51950","2a3f6a56-7591-4f05-8c4c-a1bb77aa4ea6","6c4a0bb0-2a4d-11d8-aa2d-b8a03c50a862","ES","EML","2026-04-18T01:37:27.366+00:00","2026-04-24T05:20:19.838+00:00",423,"PRESERVED_SPECIMEN",NA,"PRESENT",7769858,6,7707728,220,422,2518,3085796,7769858,7769858,"Herniaria fruticosa L.","Plantae","Tracheophyta","Caryophyllales","Caryophyllaceae","Herniaria","Herniaria fruticosa","Herniaria","fruticosa","SPECIES","ACCEPTED",NA,NA,NA,"EUROPE",NA,NA,NA,NA,NA,NA,NA,NA,"2026-04-24T05:20:19.838+00:00","http://creativecommons.org/licenses/by-nc/4.0/legalcode",FALSE,"4f253acf-20fe-11e3-9e2e-000c29035824","none","none",FALSE,"834c9918-f762-11e1-a439-00145eb45e9a",NA,NA,"none","WGS84","Magnoliopsida","ES","none","none","EUROPE","Spain","EUROPE","4f253acf-20fe-11e3-9e2e-000c29035824","MA-01-00574708","0363cbd4-f666-455e-8e86-0bbddcf51950",NA,"MA","429","[sin localidad]","1936501632","es","MA","4f253acf-20fe-11e3-9e2e-000c29035824","Collection","Herniaria fruticosa L.",NA,NA,NA,"MA",NA,NA,NA,NA,NA,NA,NA,NA,NA,NA,"17abcf75-2f1e-46dd-bf75-a5b21dd02655",NA,NA,NA,NA,NA,NA,NA,NA,NA,NA,NA,NA,NA,"7769858",NA,NA,NA,NA,NA,NA,"MA",NA,NA,NA,NA,NA,NA,"MA-574708-1","bdff174e-20fe-11e3-9e2e-000c29035824",NA,NA,NA,NA,NA,NA,NA,NA,NA,NA,NA,NA,NA,NA,NA,NA,NA,NA,NA
"2005408909","Herniaria fruticosa L.",42.42,-1.8,"cdc,gass84,rdativ,osiic,colmano,inmafu","d4ee751a-0016-4335-9c3c-bca5a4ef6b36","2f390a80-56f3-11da-880b-b8a03c50a862","2a3f6a56-7591-4f05-8c4c-a1bb77aa4ea6","6c4a0bb0-2a4d-11d8-aa2d-b8a03c50a862","ES","EML","2026-04-23T06:37:22.170+00:00","2026-04-24T10:05:04.748+00:00",333,"PRESERVED_SPECIMEN",1,"PRESENT",7769858,6,7707728,220,422,2518,3085796,7769858,7769858,"Herniaria fruticosa L.","Plantae","Tracheophyta","Caryophyllales","Caryophyllaceae","Herniaria","Herniaria fruticosa","Herniaria","fruticosa","SPECIES","ACCEPTED",8700,NA,NA,"EUROPE","Navarra",NA,NA,NA,NA,NA,NA,"2014-01-20T13:17:05.000+00:00","2026-04-24T10:05:04.748+00:00","http://creativecommons.org/licenses/by/4.0/legalcode",FALSE,"PAMP:TRACHEO_FALCES_GI:44818-1","none","none",FALSE,NA,NA,"P. García Iribarren","none","WGS84","Magnoliopsida","ES","none","none","EUROPE","Spain","EUROPE","PAMP:TRACHEO_FALCES_GI:44818-1","44818-1",NA,NA,"PAMP","340","Falces; Falces","2005408909",NA,"TRACHEO-FALCES-GI","PAMP:TRACHEO_FALCES_GI:44818-1",NA,"Herniaria fruticosa L.","cb850a57-5506-41a2-97b6-8906453d7c4e",NA,"Herbarium specimen",NA,"sobre yesos",NA,NA,NA,NA,NA,"P. García Iribarren",NA,NA,NA,"17abcf75-2f1e-46dd-bf75-a5b21dd02655",NA,NA,NA,NA,NA,NA,NA,NA,NA,NA,NA,NA,NA,NA,NA,NA,NA,NA,NA,NA,NA,NA,NA,NA,NA,NA,NA,NA,NA,NA,NA,NA,NA,NA,NA,NA,NA,NA,NA,NA,NA,NA,NA,NA,NA,NA,NA,NA
"3033728182","Herniaria fruticosa L.",42.05,-1.9,"cdc,gass84,mdativ,rdativ,colmano,inmafu","834f1756-f762-11e1-a439-00145eb45e9a","cb202839-87c6-456a-821c-dc5b268a200f","2a3f6a56-7591-4f05-8c4c-a1bb77aa4ea6","6c4a0bb0-2a4d-11d8-aa2d-b8a03c50a862","ES","EML","2026-04-18T01:36:55.261+00:00","2026-04-23T23:48:52.545+00:00",326,"PRESERVED_SPECIMEN",NA,"PRESENT",7769858,6,7707728,220,422,2518,3085796,7769858,7769858,"Herniaria fruticosa L.","Plantae","Tracheophyta","Caryophyllales","Caryophyllaceae","Herniaria","Herniaria fruticosa","Herniaria","fruticosa","SPECIES","ACCEPTED",2160,NA,NA,"EUROPE","Navarra",NA,NA,NA,NA,NA,NA,NA,"2026-04-23T23:48:52.545+00:00","http://creativecommons.org/licenses/by-nc/4.0/legalcode",FALSE,"BCN 124210","none","none",FALSE,NA,"Col·lecció de Cormòfits de l'herbari BCN","no consta","none","WGS84","Magnoliopsida","ES","none","none","EUROPE","Spain","EUROPE","BCN 124210","124210",NA,NA,"BCN","350","Fitero, encima el balneario","3033728182",NA,"Corm","BCN 124210",NA,"Herniaria fruticosa L.","5db0342e-533f-461c-a97e-0ec9dc79a95c",NA,NA,"BCN-Cormophyta",NA,NA,NA,NA,NA,NA,"Chaudhri, M. Nazeer",NA,NA,NA,NA,NA,NA,NA,NA,NA,NA,NA,NA,NA,"CRAI CeDocBiV - Universitat de Barcelona",NA,NA,NA,NA,NA,NA,NA,NA,NA,NA,"UB",NA,"Herniaria fruticosa L. var. parcepilosa ; Herniaria fruticosa L.","119842",NA,NA,NA,"ex BCF 31029",NA,NA,NA,NA,NA,NA,NA,NA,NA,NA,NA,NA,NA,NA,NA,NA,NA,NA,NA,NA
